Read csv file.......
Training device information:
+--------------------+-------------------------+---------------------------------+
|   number of gpu    |    applied gpu index    |         applied gpu name        |
+--------------------+-------------------------+---------------------------------+
|         2          |            0            |     NVIDIA GeForce RTX 3090     |
+--------------------+-------------------------+---------------------------------+

Use data information file:/home/zhangxiaohan/constitution/baseline/data.csv
Loading data from path: /home/zhangxiaohan/constitution/data/face......
data information:
+----------------------+----------------+----------------+---------------+----------+
|  number of samples   |  train number  |  valid number  |  test number  | percent  |
+----------------------+----------------+----------------+---------------+----------+
|         738          |      590       |       73       |       75      |   0.8    |
+----------------------+----------------+----------------+---------------+----------+

Classes information:
+------------+------------+
|     0      |     1      |
+------------+------------+
|     0      |     1      |
+------------+------------+

Train information:
+--------------------+-----------------+-----------------+----------+---------------------+----------+----------+-----------------------------------------------------------------------+
|       theme        |      resize     |    batch size   |  epoch   |    learning rate    |  beta1   |  beta2   |                            directory of log                           |
+--------------------+-----------------+-----------------+----------+---------------------+----------+----------+-----------------------------------------------------------------------+
|    constitution    |    (224, 224)   |        16       |   300    |        0.0001       |   0.5    |  0.999   |            /home/zhangxiaohan/constitution/baseline/workdir           |
+--------------------+-----------------+-----------------+----------+---------------------+----------+----------+-----------------------------------------------------------------------+

Train begins......
Epoch loss:0.581125832892753

+--------------------+---------------------+--------------------+--------------------+
|      Accuracy      |      Precision      |       Recall       |         F1         |
+--------------------+---------------------+--------------------+--------------------+
| 0.4794520547945205 | 0.22987427284668793 | 0.4794520547945205 | 0.3107559614408929 |
+--------------------+---------------------+--------------------+--------------------+

Epoch loss:0.5307571340251613

+--------------------+---------------------+--------------------+--------------------+
|      Accuracy      |      Precision      |       Recall       |         F1         |
+--------------------+---------------------+--------------------+--------------------+
| 0.4794520547945205 | 0.22987427284668793 | 0.4794520547945205 | 0.3107559614408929 |
+--------------------+---------------------+--------------------+--------------------+

Epoch loss:0.4531729817390442

+-------------------+--------------------+-------------------+--------------------+
|      Accuracy     |     Precision      |       Recall      |         F1         |
+-------------------+--------------------+-------------------+--------------------+
| 0.589041095890411 | 0.7272450532724505 | 0.589041095890411 | 0.5278864970645792 |
+-------------------+--------------------+-------------------+--------------------+

Epoch loss:0.43160956131445394

+--------------------+--------------------+--------------------+--------------------+
|      Accuracy      |     Precision      |       Recall       |         F1         |
+--------------------+--------------------+--------------------+--------------------+
| 0.6712328767123288 | 0.7173345054086392 | 0.6712328767123288 | 0.6579802484867793 |
+--------------------+--------------------+--------------------+--------------------+

Epoch loss:0.4486272850552121

+--------------------+--------------------+--------------------+-------------------+
|      Accuracy      |     Precision      |       Recall       |         F1        |
+--------------------+--------------------+--------------------+-------------------+
| 0.6301369863013698 | 0.7067520023953888 | 0.6301369863013698 | 0.582602474762195 |
+--------------------+--------------------+--------------------+-------------------+

Epoch loss:0.38957403197481827

+--------------------+--------------------+--------------------+-------------------+
|      Accuracy      |     Precision      |       Recall       |         F1        |
+--------------------+--------------------+--------------------+-------------------+
| 0.5616438356164384 | 0.7620352250489236 | 0.5616438356164384 | 0.442014473016636 |
+--------------------+--------------------+--------------------+-------------------+

Epoch loss:0.40101878626926524

+--------------------+--------------------+--------------------+--------------------+
|      Accuracy      |     Precision      |       Recall       |         F1         |
+--------------------+--------------------+--------------------+--------------------+
| 0.7123287671232876 | 0.7469063926940639 | 0.7123287671232876 | 0.7051768718710458 |
+--------------------+--------------------+--------------------+--------------------+

Epoch loss:0.39713773413284403

+-------------------+--------------------+-------------------+--------------------+
|      Accuracy     |     Precision      |       Recall      |         F1         |
+-------------------+--------------------+-------------------+--------------------+
| 0.684931506849315 | 0.7482876712328768 | 0.684931506849315 | 0.6577491270480795 |
+-------------------+--------------------+-------------------+--------------------+

Epoch loss:0.3650943085148528

+--------------------+---------------------+--------------------+--------------------+
|      Accuracy      |      Precision      |       Recall       |         F1         |
+--------------------+---------------------+--------------------+--------------------+
| 0.4794520547945205 | 0.22987427284668793 | 0.4794520547945205 | 0.3107559614408929 |
+--------------------+---------------------+--------------------+--------------------+

Epoch loss:0.3928032561733916

+--------------------+---------------------+--------------------+--------------------+
|      Accuracy      |      Precision      |       Recall       |         F1         |
+--------------------+---------------------+--------------------+--------------------+
| 0.4794520547945205 | 0.22987427284668793 | 0.4794520547945205 | 0.3107559614408929 |
+--------------------+---------------------+--------------------+--------------------+

Epoch loss:0.31492429367593816

+--------------------+---------------------+--------------------+--------------------+
|      Accuracy      |      Precision      |       Recall       |         F1         |
+--------------------+---------------------+--------------------+--------------------+
| 0.5205479452054794 | 0.27097016325764683 | 0.5205479452054794 | 0.3564112057262742 |
+--------------------+---------------------+--------------------+--------------------+

Epoch loss:0.3562021630035864

+--------------------+---------------------+--------------------+--------------------+
|      Accuracy      |      Precision      |       Recall       |         F1         |
+--------------------+---------------------+--------------------+--------------------+
| 0.4794520547945205 | 0.22987427284668793 | 0.4794520547945205 | 0.3107559614408929 |
+--------------------+---------------------+--------------------+--------------------+

Epoch loss:0.2956021514696044

+--------------------+-------------------+--------------------+--------------------+
|      Accuracy      |     Precision     |       Recall       |         F1         |
+--------------------+-------------------+--------------------+--------------------+
| 0.6438356164383562 | 0.759660353577233 | 0.6438356164383562 | 0.6071116292626056 |
+--------------------+-------------------+--------------------+--------------------+

Epoch loss:0.2881489299439095

+--------------------+--------------------+--------------------+---------------------+
|      Accuracy      |     Precision      |       Recall       |          F1         |
+--------------------+--------------------+--------------------+---------------------+
| 0.4931506849315068 | 0.7536149162861491 | 0.4931506849315068 | 0.34035498918356427 |
+--------------------+--------------------+--------------------+---------------------+

Epoch loss:0.26353682859523875

+--------------------+--------------------+--------------------+--------------------+
|      Accuracy      |     Precision      |       Recall       |         F1         |
+--------------------+--------------------+--------------------+--------------------+
| 0.7534246575342466 | 0.8000652315720808 | 0.7534246575342466 | 0.7461334511710119 |
+--------------------+--------------------+--------------------+--------------------+

Epoch loss:0.2676586287247168

+--------------------+--------------------+--------------------+--------------------+
|      Accuracy      |     Precision      |       Recall       |         F1         |
+--------------------+--------------------+--------------------+--------------------+
| 0.7808219178082192 | 0.8057186344857578 | 0.7808219178082192 | 0.7779161477791615 |
+--------------------+--------------------+--------------------+--------------------+

Epoch loss:0.2525582703182826

+--------------------+--------------------+--------------------+--------------------+
|      Accuracy      |     Precision      |       Recall       |         F1         |
+--------------------+--------------------+--------------------+--------------------+
| 0.7397260273972602 | 0.7607399124033175 | 0.7397260273972602 | 0.7319173011590328 |
+--------------------+--------------------+--------------------+--------------------+

Epoch loss:0.2838288033129396

+--------------------+--------------------+--------------------+--------------------+
|      Accuracy      |     Precision      |       Recall       |         F1         |
+--------------------+--------------------+--------------------+--------------------+
| 0.8356164383561644 | 0.8389832291732424 | 0.8356164383561644 | 0.8347447073474471 |
+--------------------+--------------------+--------------------+--------------------+

Epoch loss:0.3096234774267351

+--------------------+--------------------+--------------------+--------------------+
|      Accuracy      |     Precision      |       Recall       |         F1         |
+--------------------+--------------------+--------------------+--------------------+
| 0.7397260273972602 | 0.8313039066463723 | 0.7397260273972602 | 0.7241290852188189 |
+--------------------+--------------------+--------------------+--------------------+

Epoch loss:0.261026837032389

+--------------------+--------------------+--------------------+---------------------+
|      Accuracy      |     Precision      |       Recall       |          F1         |
+--------------------+--------------------+--------------------+---------------------+
| 0.5205479452054794 | 0.7602739726027398 | 0.5205479452054794 | 0.39581245127519765 |
+--------------------+--------------------+--------------------+---------------------+

Epoch loss:0.22848111542092786

+--------------------+--------------------+--------------------+--------------------+
|      Accuracy      |     Precision      |       Recall       |         F1         |
+--------------------+--------------------+--------------------+--------------------+
| 0.8356164383561644 | 0.8513224361943837 | 0.8356164383561644 | 0.8328388359320749 |
+--------------------+--------------------+--------------------+--------------------+

Epoch loss:0.23030964798621228

+--------------------+--------------------+--------------------+--------------------+
|      Accuracy      |     Precision      |       Recall       |         F1         |
+--------------------+--------------------+--------------------+--------------------+
| 0.7808219178082192 | 0.8125550923168553 | 0.7808219178082192 | 0.7730922832481643 |
+--------------------+--------------------+--------------------+--------------------+

Epoch loss:0.2425014042371028

+--------------------+--------------------+--------------------+--------------------+
|      Accuracy      |     Precision      |       Recall       |         F1         |
+--------------------+--------------------+--------------------+--------------------+
| 0.6575342465753424 | 0.8002283105022832 | 0.6575342465753424 | 0.6186578452577858 |
+--------------------+--------------------+--------------------+--------------------+

Epoch loss:0.2372294653307747

+-------------------+--------------------+-------------------+--------------------+
|      Accuracy     |     Precision      |       Recall      |         F1         |
+-------------------+--------------------+-------------------+--------------------+
| 0.726027397260274 | 0.8205007085498346 | 0.726027397260274 | 0.6997716894977168 |
+-------------------+--------------------+-------------------+--------------------+

Epoch loss:0.1987000813556684

+--------------------+-------------------+--------------------+--------------------+
|      Accuracy      |     Precision     |       Recall       |         F1         |
+--------------------+-------------------+--------------------+--------------------+
| 0.6164383561643836 | 0.786910197869102 | 0.6164383561643836 | 0.5593607305936074 |
+--------------------+-------------------+--------------------+--------------------+

Epoch loss:0.1728625217502987

+-------------------+-------------------+-------------------+--------------------+
|      Accuracy     |     Precision     |       Recall      |         F1         |
+-------------------+-------------------+-------------------+--------------------+
| 0.863013698630137 | 0.880396179383672 | 0.863013698630137 | 0.8606990299433958 |
+-------------------+-------------------+-------------------+--------------------+

Epoch loss:0.20028946317128232

+--------------------+--------------------+--------------------+--------------------+
|      Accuracy      |     Precision      |       Recall       |         F1         |
+--------------------+--------------------+--------------------+--------------------+
| 0.7534246575342466 | 0.8165213781652139 | 0.7534246575342466 | 0.7434851863650844 |
+--------------------+--------------------+--------------------+--------------------+

Epoch loss:0.20365494196429043

+--------------------+--------------------+--------------------+--------------------+
|      Accuracy      |     Precision      |       Recall       |         F1         |
+--------------------+--------------------+--------------------+--------------------+
| 0.7945205479452054 | 0.8353112104119357 | 0.7945205479452054 | 0.7860956068792885 |
+--------------------+--------------------+--------------------+--------------------+

Epoch loss:0.18327499080348658

+-------------------+--------------------+-------------------+--------------------+
|      Accuracy     |     Precision      |       Recall      |         F1         |
+-------------------+--------------------+-------------------+--------------------+
| 0.821917808219178 | 0.8525417016121517 | 0.821917808219178 | 0.8165749955298645 |
+-------------------+--------------------+-------------------+--------------------+

Epoch loss:0.1882584418195325

+--------------------+--------------------+--------------------+--------------------+
|      Accuracy      |     Precision      |       Recall       |         F1         |
+--------------------+--------------------+--------------------+--------------------+
| 0.8356164383561644 | 0.8356164383561644 | 0.8356164383561644 | 0.8356164383561644 |
+--------------------+--------------------+--------------------+--------------------+

Epoch loss:0.15283209168528383

+--------------------+--------------------+--------------------+--------------------+
|      Accuracy      |     Precision      |       Recall       |         F1         |
+--------------------+--------------------+--------------------+--------------------+
| 0.9041095890410958 | 0.9043058740883075 | 0.9041095890410958 | 0.9040373959968958 |
+--------------------+--------------------+--------------------+--------------------+

Epoch loss:0.18834494892507792

+--------------------+-------------------+--------------------+-------------------+
|      Accuracy      |     Precision     |       Recall       |         F1        |
+--------------------+-------------------+--------------------+-------------------+
| 0.7808219178082192 | 0.831539465101109 | 0.7808219178082192 | 0.774340845485344 |
+--------------------+-------------------+--------------------+-------------------+

Epoch loss:0.17433070456860839

+--------------------+--------------------+--------------------+--------------------+
|      Accuracy      |     Precision      |       Recall       |         F1         |
+--------------------+--------------------+--------------------+--------------------+
| 0.8493150684931506 | 0.8552086651799936 | 0.8493150684931506 | 0.8481702636953778 |
+--------------------+--------------------+--------------------+--------------------+

Epoch loss:0.1943691123427974

+--------------------+--------------------+--------------------+--------------------+
|      Accuracy      |     Precision      |       Recall       |         F1         |
+--------------------+--------------------+--------------------+--------------------+
| 0.8082191780821918 | 0.8222486930050956 | 0.8082191780821918 | 0.8049786419207542 |
+--------------------+--------------------+--------------------+--------------------+

Epoch loss:0.1424373584874981

+--------------------+--------------------+--------------------+--------------------+
|      Accuracy      |     Precision      |       Recall       |         F1         |
+--------------------+--------------------+--------------------+--------------------+
| 0.8493150684931506 | 0.8853484216795713 | 0.8493150684931506 | 0.8467964979380505 |
+--------------------+--------------------+--------------------+--------------------+

Epoch loss:0.14469639469894605

+--------------------+--------------------+--------------------+--------------------+
|      Accuracy      |     Precision      |       Recall       |         F1         |
+--------------------+--------------------+--------------------+--------------------+
| 0.9178082191780822 | 0.9232215541643423 | 0.9178082191780822 | 0.9177465136369245 |
+--------------------+--------------------+--------------------+--------------------+

Epoch loss:0.13711907019889033

+--------------------+--------------------+--------------------+--------------------+
|      Accuracy      |     Precision      |       Recall       |         F1         |
+--------------------+--------------------+--------------------+--------------------+
| 0.8493150684931506 | 0.8616438356164384 | 0.8493150684931506 | 0.8472978672681594 |
+--------------------+--------------------+--------------------+--------------------+

Epoch loss:0.1358208515354105

+--------------------+--------------------+--------------------+--------------------+
|      Accuracy      |     Precision      |       Recall       |         F1         |
+--------------------+--------------------+--------------------+--------------------+
| 0.8493150684931506 | 0.8552086651799936 | 0.8493150684931506 | 0.8481702636953778 |
+--------------------+--------------------+--------------------+--------------------+

Epoch loss:0.1390976881407

+--------------------+-------------------+--------------------+--------------------+
|      Accuracy      |     Precision     |       Recall       |         F1         |
+--------------------+-------------------+--------------------+--------------------+
| 0.9041095890410958 | 0.906552789842967 | 0.9041095890410958 | 0.9037834928012961 |
+--------------------+-------------------+--------------------+--------------------+

Epoch loss:0.15561741905135884

+--------------------+--------------------+--------------------+--------------------+
|      Accuracy      |     Precision      |       Recall       |         F1         |
+--------------------+--------------------+--------------------+--------------------+
| 0.8904109589041096 | 0.8956176780511994 | 0.8904109589041096 | 0.8903286848492328 |
+--------------------+--------------------+--------------------+--------------------+

Epoch loss:0.1667425796087529

+--------------------+--------------------+--------------------+-------------------+
|      Accuracy      |     Precision      |       Recall       |         F1        |
+--------------------+--------------------+--------------------+-------------------+
| 0.7945205479452054 | 0.8153905612573539 | 0.7945205479452054 | 0.792424214975064 |
+--------------------+--------------------+--------------------+-------------------+

Epoch loss:0.12659333237270648

+--------------------+--------------------+--------------------+--------------------+
|      Accuracy      |     Precision      |       Recall       |         F1         |
+--------------------+--------------------+--------------------+--------------------+
| 0.9315068493150684 | 0.9319079353325929 | 0.9315068493150684 | 0.9315325744420863 |
+--------------------+--------------------+--------------------+--------------------+

Epoch loss:0.11997857146166466

+--------------------+--------------------+--------------------+--------------------+
|      Accuracy      |     Precision      |       Recall       |         F1         |
+--------------------+--------------------+--------------------+--------------------+
| 0.8493150684931506 | 0.8494080456207773 | 0.8493150684931506 | 0.8492016222808361 |
+--------------------+--------------------+--------------------+--------------------+

Epoch loss:0.15364320494385586

+--------------------+--------------------+--------------------+--------------------+
|      Accuracy      |     Precision      |       Recall       |         F1         |
+--------------------+--------------------+--------------------+--------------------+
| 0.8493150684931506 | 0.8708046543954443 | 0.8493150684931506 | 0.8461764045389097 |
+--------------------+--------------------+--------------------+--------------------+

Epoch loss:0.16625775240764423

+--------------------+-------------------+--------------------+--------------------+
|      Accuracy      |     Precision     |       Recall       |         F1         |
+--------------------+-------------------+--------------------+--------------------+
| 0.9041095890410958 | 0.907168606447626 | 0.9041095890410958 | 0.9041095890410958 |
+--------------------+-------------------+--------------------+--------------------+

Epoch loss:0.10751794500125421

+--------------------+-------------------+--------------------+--------------------+
|      Accuracy      |     Precision     |       Recall       |         F1         |
+--------------------+-------------------+--------------------+--------------------+
| 0.9041095890410958 | 0.907168606447626 | 0.9041095890410958 | 0.9041095890410958 |
+--------------------+-------------------+--------------------+--------------------+

Epoch loss:0.10937174812991272

+-------------------+--------------------+-------------------+--------------------+
|      Accuracy     |     Precision      |       Recall      |         F1         |
+-------------------+--------------------+-------------------+--------------------+
| 0.821917808219178 | 0.8556459973970396 | 0.821917808219178 | 0.8189413157449686 |
+-------------------+--------------------+-------------------+--------------------+

Epoch loss:0.11393268176077588

+-------------------+-------------------+-------------------+--------------------+
|      Accuracy     |     Precision     |       Recall      |         F1         |
+-------------------+-------------------+-------------------+--------------------+
| 0.863013698630137 | 0.880396179383672 | 0.863013698630137 | 0.8606990299433958 |
+-------------------+-------------------+-------------------+--------------------+

Epoch loss:0.1678602211429058

+-------------------+--------------------+-------------------+--------------------+
|      Accuracy     |     Precision      |       Recall      |         F1         |
+-------------------+--------------------+-------------------+--------------------+
| 0.726027397260274 | 0.8205007085498346 | 0.726027397260274 | 0.6997716894977168 |
+-------------------+--------------------+-------------------+--------------------+

Epoch loss:0.09947655963510074

+--------------------+--------------------+--------------------+--------------------+
|      Accuracy      |     Precision      |       Recall       |         F1         |
+--------------------+--------------------+--------------------+--------------------+
| 0.8356164383561644 | 0.8389832291732424 | 0.8356164383561644 | 0.8347447073474471 |
+--------------------+--------------------+--------------------+--------------------+

Epoch loss:0.10457809373258135

+--------------------+--------------------+--------------------+--------------------+
|      Accuracy      |     Precision      |       Recall       |         F1         |
+--------------------+--------------------+--------------------+--------------------+
| 0.8493150684931506 | 0.8853484216795713 | 0.8493150684931506 | 0.8467964979380505 |
+--------------------+--------------------+--------------------+--------------------+

Epoch loss:0.08817063806880568

+--------------------+--------------------+--------------------+--------------------+
|      Accuracy      |     Precision      |       Recall       |         F1         |
+--------------------+--------------------+--------------------+--------------------+
| 0.9178082191780822 | 0.9188875051888752 | 0.9178082191780822 | 0.9176532572987045 |
+--------------------+--------------------+--------------------+--------------------+

Epoch loss:0.12759227408379367

+--------------------+--------------------+--------------------+--------------------+
|      Accuracy      |     Precision      |       Recall       |         F1         |
+--------------------+--------------------+--------------------+--------------------+
| 0.6986301369863014 | 0.8091324200913241 | 0.6986301369863014 | 0.6633934395676079 |
+--------------------+--------------------+--------------------+--------------------+

Epoch loss:0.09685161510935507

+--------------------+-------------------+--------------------+--------------------+
|      Accuracy      |     Precision     |       Recall       |         F1         |
+--------------------+-------------------+--------------------+--------------------+
| 0.9041095890410958 | 0.906552789842967 | 0.9041095890410958 | 0.9037834928012961 |
+--------------------+-------------------+--------------------+--------------------+

Epoch loss:0.08263344008072808

+-------------------+--------------------+-------------------+-------------------+
|      Accuracy     |     Precision      |       Recall      |         F1        |
+-------------------+--------------------+-------------------+-------------------+
| 0.863013698630137 | 0.8644123575630425 | 0.863013698630137 | 0.863065119914435 |
+-------------------+--------------------+-------------------+-------------------+

Epoch loss:0.11723572715198168

+--------------------+--------------------+--------------------+--------------------+
|      Accuracy      |     Precision      |       Recall       |         F1         |
+--------------------+--------------------+--------------------+--------------------+
| 0.8767123287671232 | 0.8918839298865813 | 0.8767123287671232 | 0.8760625913693215 |
+--------------------+--------------------+--------------------+--------------------+

Epoch loss:0.09649173322611966

+--------------------+--------------------+--------------------+--------------------+
|      Accuracy      |     Precision      |       Recall       |         F1         |
+--------------------+--------------------+--------------------+--------------------+
| 0.9041095890410958 | 0.9113836678347668 | 0.9041095890410958 | 0.9033810768970586 |
+--------------------+--------------------+--------------------+--------------------+

Epoch loss:0.09155615067229027

+--------------------+--------------------+--------------------+--------------------+
|      Accuracy      |     Precision      |       Recall       |         F1         |
+--------------------+--------------------+--------------------+--------------------+
| 0.9315068493150684 | 0.9346585642187661 | 0.9315068493150684 | 0.9315068493150684 |
+--------------------+--------------------+--------------------+--------------------+

Epoch loss:0.07368188357685466

+--------------------+--------------------+--------------------+--------------------+
|      Accuracy      |     Precision      |       Recall       |         F1         |
+--------------------+--------------------+--------------------+--------------------+
| 0.7671232876712328 | 0.8432560590094836 | 0.7671232876712328 | 0.7563255753131096 |
+--------------------+--------------------+--------------------+--------------------+

Epoch loss:0.08832735742593335

+--------------------+--------------------+--------------------+--------------------+
|      Accuracy      |     Precision      |       Recall       |         F1         |
+--------------------+--------------------+--------------------+--------------------+
| 0.7671232876712328 | 0.7962411488319767 | 0.7671232876712328 | 0.7632309513588051 |
+--------------------+--------------------+--------------------+--------------------+

Epoch loss:0.13318528221429302

+--------------------+--------------------+--------------------+--------------------+
|      Accuracy      |     Precision      |       Recall       |         F1         |
+--------------------+--------------------+--------------------+--------------------+
| 0.8904109589041096 | 0.9006527246961825 | 0.8904109589041096 | 0.8892833277647846 |
+--------------------+--------------------+--------------------+--------------------+

Epoch loss:0.12425989145098405

+--------------------+--------------------+--------------------+--------------------+
|      Accuracy      |     Precision      |       Recall       |         F1         |
+--------------------+--------------------+--------------------+--------------------+
| 0.8904109589041096 | 0.8913449564134495 | 0.8904109589041096 | 0.8902043430649395 |
+--------------------+--------------------+--------------------+--------------------+

Epoch loss:0.09543990867048804

+--------------------+--------------------+--------------------+--------------------+
|      Accuracy      |     Precision      |       Recall       |         F1         |
+--------------------+--------------------+--------------------+--------------------+
| 0.8356164383561644 | 0.8615296803652968 | 0.8356164383561644 | 0.8314749920356801 |
+--------------------+--------------------+--------------------+--------------------+

Epoch loss:0.061772547572586885

+--------------------+--------------------+--------------------+--------------------+
|      Accuracy      |     Precision      |       Recall       |         F1         |
+--------------------+--------------------+--------------------+--------------------+
| 0.9178082191780822 | 0.9192480151384261 | 0.9178082191780822 | 0.9178390719486609 |
+--------------------+--------------------+--------------------+--------------------+

Epoch loss:0.1008298066602013

+--------------------+--------------------+--------------------+--------------------+
|      Accuracy      |     Precision      |       Recall       |         F1         |
+--------------------+--------------------+--------------------+--------------------+
| 0.8904109589041096 | 0.8913449564134495 | 0.8904109589041096 | 0.8902043430649395 |
+--------------------+--------------------+--------------------+--------------------+

Epoch loss:0.09803335946304975

+--------------------+--------------------+--------------------+--------------------+
|      Accuracy      |     Precision      |       Recall       |         F1         |
+--------------------+--------------------+--------------------+--------------------+
| 0.9315068493150684 | 0.9317547883220728 | 0.9315068493150684 | 0.9314552828549255 |
+--------------------+--------------------+--------------------+--------------------+

Epoch loss:0.10912022937161571

+--------------------+--------------------+--------------------+--------------------+
|      Accuracy      |     Precision      |       Recall       |         F1         |
+--------------------+--------------------+--------------------+--------------------+
| 0.9178082191780822 | 0.9188875051888752 | 0.9178082191780822 | 0.9176532572987045 |
+--------------------+--------------------+--------------------+--------------------+

Epoch loss:0.07622144044993596

+--------------------+--------------------+--------------------+-------------------+
|      Accuracy      |     Precision      |       Recall       |         F1        |
+--------------------+--------------------+--------------------+-------------------+
| 0.9452054794520548 | 0.9466658439261179 | 0.9452054794520548 | 0.945226047965774 |
+--------------------+--------------------+--------------------+-------------------+

Epoch loss:0.054591503469399304

+--------------------+--------------------+--------------------+--------------------+
|      Accuracy      |     Precision      |       Recall       |         F1         |
+--------------------+--------------------+--------------------+--------------------+
| 0.9178082191780822 | 0.9178082191780822 | 0.9178082191780822 | 0.9178082191780822 |
+--------------------+--------------------+--------------------+--------------------+

Epoch loss:0.08197304807883385

+--------------------+--------------------+--------------------+--------------------+
|      Accuracy      |     Precision      |       Recall       |         F1         |
+--------------------+--------------------+--------------------+--------------------+
| 0.8904109589041096 | 0.9006527246961825 | 0.8904109589041096 | 0.8892833277647846 |
+--------------------+--------------------+--------------------+--------------------+

Epoch loss:0.07660633168848723

+--------------------+--------------------+--------------------+--------------------+
|      Accuracy      |     Precision      |       Recall       |         F1         |
+--------------------+--------------------+--------------------+--------------------+
| 0.8767123287671232 | 0.8845475300954754 | 0.8767123287671232 | 0.8764808026239629 |
+--------------------+--------------------+--------------------+--------------------+

Epoch loss:0.06456294262347542

+-------------------+--------------------+-------------------+-------------------+
|      Accuracy     |     Precision      |       Recall      |         F1        |
+-------------------+--------------------+-------------------+-------------------+
| 0.958904109589041 | 0.9621485219899062 | 0.958904109589041 | 0.958904109589041 |
+-------------------+--------------------+-------------------+-------------------+

Epoch loss:0.07705935872493412

+-------------------+--------------------+-------------------+--------------------+
|      Accuracy     |     Precision      |       Recall      |         F1         |
+-------------------+--------------------+-------------------+--------------------+
| 0.958904109589041 | 0.9619111259605747 | 0.958904109589041 | 0.9587643540576984 |
+-------------------+--------------------+-------------------+--------------------+

Epoch loss:0.040483848373500025

+--------------------+--------------------+--------------------+--------------------+
|      Accuracy      |     Precision      |       Recall       |         F1         |
+--------------------+--------------------+--------------------+--------------------+
| 0.8767123287671232 | 0.8832961665073803 | 0.8767123287671232 | 0.8757756702962183 |
+--------------------+--------------------+--------------------+--------------------+

Epoch loss:0.08836861248887176

+--------------------+--------------------+--------------------+--------------------+
|      Accuracy      |     Precision      |       Recall       |         F1         |
+--------------------+--------------------+--------------------+--------------------+
| 0.7808219178082192 | 0.8495836690840719 | 0.7808219178082192 | 0.7719868323245195 |
+--------------------+--------------------+--------------------+--------------------+

Epoch loss:0.09930735538285729

+--------------------+--------------------+--------------------+--------------------+
|      Accuracy      |     Precision      |       Recall       |         F1         |
+--------------------+--------------------+--------------------+--------------------+
| 0.7945205479452054 | 0.8353112104119357 | 0.7945205479452054 | 0.7860956068792885 |
+--------------------+--------------------+--------------------+--------------------+

Epoch loss:0.07747325405000231

+--------------------+--------------------+--------------------+--------------------+
|      Accuracy      |     Precision      |       Recall       |         F1         |
+--------------------+--------------------+--------------------+--------------------+
| 0.8904109589041096 | 0.9018752088205815 | 0.8904109589041096 | 0.8900401689154392 |
+--------------------+--------------------+--------------------+--------------------+

Epoch loss:0.07840554058438519

+--------------------+-------------------+--------------------+--------------------+
|      Accuracy      |     Precision     |       Recall       |         F1         |
+--------------------+-------------------+--------------------+--------------------+
| 0.6438356164383562 | 0.795643386481024 | 0.6438356164383562 | 0.5994634703196347 |
+--------------------+-------------------+--------------------+--------------------+

Epoch loss:0.0833263307576999

+-------------------+-------------------+-------------------+--------------------+
|      Accuracy     |     Precision     |       Recall      |         F1         |
+-------------------+-------------------+-------------------+--------------------+
| 0.863013698630137 | 0.880396179383672 | 0.863013698630137 | 0.8606990299433958 |
+-------------------+-------------------+-------------------+--------------------+

Epoch loss:0.09418823310202365

+--------------------+--------------------+--------------------+--------------------+
|      Accuracy      |     Precision      |       Recall       |         F1         |
+--------------------+--------------------+--------------------+--------------------+
| 0.9178082191780822 | 0.9192480151384261 | 0.9178082191780822 | 0.9178390719486609 |
+--------------------+--------------------+--------------------+--------------------+

Epoch loss:0.060410726916145636

+--------------------+--------------------+--------------------+--------------------+
|      Accuracy      |     Precision      |       Recall       |         F1         |
+--------------------+--------------------+--------------------+--------------------+
| 0.8904109589041096 | 0.8904109589041096 | 0.8904109589041096 | 0.8904109589041096 |
+--------------------+--------------------+--------------------+--------------------+

Epoch loss:0.04554756427013844

+--------------------+--------------------+--------------------+--------------------+
|      Accuracy      |     Precision      |       Recall       |         F1         |
+--------------------+--------------------+--------------------+--------------------+
| 0.9452054794520548 | 0.9452054794520548 | 0.9452054794520548 | 0.9452054794520548 |
+--------------------+--------------------+--------------------+--------------------+

Epoch loss:0.057915966076826725

+--------------------+--------------------+--------------------+--------------------+
|      Accuracy      |     Precision      |       Recall       |         F1         |
+--------------------+--------------------+--------------------+--------------------+
| 0.9178082191780822 | 0.9188875051888752 | 0.9178082191780822 | 0.9176532572987045 |
+--------------------+--------------------+--------------------+--------------------+

Epoch loss:0.057464739764180046

+--------------------+--------------------+--------------------+--------------------+
|      Accuracy      |     Precision      |       Recall       |         F1         |
+--------------------+--------------------+--------------------+--------------------+
| 0.8904109589041096 | 0.9018752088205815 | 0.8904109589041096 | 0.8900401689154392 |
+--------------------+--------------------+--------------------+--------------------+

Epoch loss:0.06734774591176254

+--------------------+--------------------+--------------------+--------------------+
|      Accuracy      |     Precision      |       Recall       |         F1         |
+--------------------+--------------------+--------------------+--------------------+
| 0.9315068493150684 | 0.9319079353325929 | 0.9315068493150684 | 0.9315325744420863 |
+--------------------+--------------------+--------------------+--------------------+

Epoch loss:0.05276701947858217

+--------------------+--------------------+--------------------+--------------------+
|      Accuracy      |     Precision      |       Recall       |         F1         |
+--------------------+--------------------+--------------------+--------------------+
| 0.8356164383561644 | 0.8615296803652968 | 0.8356164383561644 | 0.8314749920356801 |
+--------------------+--------------------+--------------------+--------------------+

Epoch loss:0.1039134614819321

+--------------------+--------------------+--------------------+--------------------+
|      Accuracy      |     Precision      |       Recall       |         F1         |
+--------------------+--------------------+--------------------+--------------------+
| 0.9178082191780822 | 0.9225638112072051 | 0.9178082191780822 | 0.9173723536737235 |
+--------------------+--------------------+--------------------+--------------------+

Epoch loss:0.05143777854135732

+--------------------+--------------------+--------------------+-------------------+
|      Accuracy      |     Precision      |       Recall       |         F1        |
+--------------------+--------------------+--------------------+-------------------+
| 0.9452054794520548 | 0.9466658439261179 | 0.9452054794520548 | 0.945226047965774 |
+--------------------+--------------------+--------------------+-------------------+

Epoch loss:0.06508167272801763

+-------------------+--------------------+-------------------+--------------------+
|      Accuracy     |     Precision      |       Recall      |         F1         |
+-------------------+--------------------+-------------------+--------------------+
| 0.863013698630137 | 0.8822979717532123 | 0.863013698630137 | 0.8619806194342859 |
+-------------------+--------------------+-------------------+--------------------+

Epoch loss:0.0436378411126301

+--------------------+--------------------+--------------------+--------------------+
|      Accuracy      |     Precision      |       Recall       |         F1         |
+--------------------+--------------------+--------------------+--------------------+
| 0.9178082191780822 | 0.9188875051888752 | 0.9178082191780822 | 0.9176532572987045 |
+--------------------+--------------------+--------------------+--------------------+

Epoch loss:0.04715369346809599

+--------------------+-------------------+--------------------+--------------------+
|      Accuracy      |     Precision     |       Recall       |         F1         |
+--------------------+-------------------+--------------------+--------------------+
| 0.9452054794520548 | 0.950825430277485 | 0.9452054794520548 | 0.9451643424246162 |
+--------------------+-------------------+--------------------+--------------------+

Epoch loss:0.0737295323779108

+--------------------+--------------------+--------------------+--------------------+
|      Accuracy      |     Precision      |       Recall       |         F1         |
+--------------------+--------------------+--------------------+--------------------+
| 0.9315068493150684 | 0.9342319579017708 | 0.9315068493150684 | 0.9312739234294972 |
+--------------------+--------------------+--------------------+--------------------+

Epoch loss:0.026778707346336986

+--------------------+--------------------+--------------------+--------------------+
|      Accuracy      |     Precision      |       Recall       |         F1         |
+--------------------+--------------------+--------------------+--------------------+
| 0.9452054794520548 | 0.9464300539643006 | 0.9452054794520548 | 0.9451021715324696 |
+--------------------+--------------------+--------------------+--------------------+

Epoch loss:0.018614319718147494

+--------------------+--------------------+--------------------+--------------------+
|      Accuracy      |     Precision      |       Recall       |         F1         |
+--------------------+--------------------+--------------------+--------------------+
| 0.9041095890410958 | 0.9123080116230801 | 0.9041095890410958 | 0.9039295131519711 |
+--------------------+--------------------+--------------------+--------------------+

Epoch loss:0.09089050303053817

+-------------------+--------------------+-------------------+--------------------+
|      Accuracy     |     Precision      |       Recall      |         F1         |
+-------------------+--------------------+-------------------+--------------------+
| 0.863013698630137 | 0.8934550989345511 | 0.863013698630137 | 0.8611975923619759 |
+-------------------+--------------------+-------------------+--------------------+

Epoch loss:0.05129002112462822

+--------------------+--------------------+--------------------+--------------------+
|      Accuracy      |     Precision      |       Recall       |         F1         |
+--------------------+--------------------+--------------------+--------------------+
| 0.8493150684931506 | 0.8853484216795713 | 0.8493150684931506 | 0.8467964979380505 |
+--------------------+--------------------+--------------------+--------------------+

Epoch loss:0.023126854252532702

+--------------------+--------------------+--------------------+--------------------+
|      Accuracy      |     Precision      |       Recall       |         F1         |
+--------------------+--------------------+--------------------+--------------------+
| 0.9178082191780822 | 0.9178082191780822 | 0.9178082191780822 | 0.9178082191780822 |
+--------------------+--------------------+--------------------+--------------------+

Epoch loss:0.04039141398159798

+--------------------+-------------------+--------------------+--------------------+
|      Accuracy      |     Precision     |       Recall       |         F1         |
+--------------------+-------------------+--------------------+--------------------+
| 0.9041095890410958 | 0.906552789842967 | 0.9041095890410958 | 0.9037834928012961 |
+--------------------+-------------------+--------------------+--------------------+

Epoch loss:0.07332315025564025

+--------------------+--------------------+--------------------+--------------------+
|      Accuracy      |     Precision      |       Recall       |         F1         |
+--------------------+--------------------+--------------------+--------------------+
| 0.9452054794520548 | 0.9452054794520548 | 0.9452054794520548 | 0.9452054794520548 |
+--------------------+--------------------+--------------------+--------------------+

Epoch loss:0.02639630184824676

+--------------------+--------------------+--------------------+--------------------+
|      Accuracy      |     Precision      |       Recall       |         F1         |
+--------------------+--------------------+--------------------+--------------------+
| 0.9178082191780822 | 0.9232215541643423 | 0.9178082191780822 | 0.9177465136369245 |
+--------------------+--------------------+--------------------+--------------------+

Epoch loss:0.07584188746059718

+--------------------+--------------------+--------------------+--------------------+
|      Accuracy      |     Precision      |       Recall       |         F1         |
+--------------------+--------------------+--------------------+--------------------+
| 0.9315068493150684 | 0.9342319579017708 | 0.9315068493150684 | 0.9312739234294972 |
+--------------------+--------------------+--------------------+--------------------+

Epoch loss:0.040347938330661554

+--------------------+--------------------+--------------------+-------------------+
|      Accuracy      |     Precision      |       Recall       |         F1        |
+--------------------+--------------------+--------------------+-------------------+
| 0.9452054794520548 | 0.9466658439261179 | 0.9452054794520548 | 0.945226047965774 |
+--------------------+--------------------+--------------------+-------------------+

Epoch loss:0.04326299163969108

+--------------------+--------------------+--------------------+--------------------+
|      Accuracy      |     Precision      |       Recall       |         F1         |
+--------------------+--------------------+--------------------+--------------------+
| 0.9726027397260274 | 0.9740836727138096 | 0.9726027397260274 | 0.9726130239828871 |
+--------------------+--------------------+--------------------+--------------------+

Epoch loss:0.06665418263091359

+--------------------+--------------------+--------------------+--------------------+
|      Accuracy      |     Precision      |       Recall       |         F1         |
+--------------------+--------------------+--------------------+--------------------+
| 0.9452054794520548 | 0.9452054794520548 | 0.9452054794520548 | 0.9452054794520548 |
+--------------------+--------------------+--------------------+--------------------+

Epoch loss:0.029381764805957326

+-------------------+-------------------+-------------------+--------------------+
|      Accuracy     |     Precision     |       Recall      |         F1         |
+-------------------+-------------------+-------------------+--------------------+
| 0.958904109589041 | 0.959294911349706 | 0.958904109589041 | 0.9589195446652518 |
+-------------------+-------------------+-------------------+--------------------+

Epoch loss:0.03232590298298296

+-------------------+--------------------+-------------------+--------------------+
|      Accuracy     |     Precision      |       Recall      |         F1         |
+-------------------+--------------------+-------------------+--------------------+
| 0.958904109589041 | 0.9592037025558378 | 0.958904109589041 | 0.9588731697129552 |
+-------------------+--------------------+-------------------+--------------------+

Epoch loss:0.07988260034543035

+--------------------+--------------------+--------------------+--------------------+
|      Accuracy      |     Precision      |       Recall       |         F1         |
+--------------------+--------------------+--------------------+--------------------+
| 0.8904109589041096 | 0.9018752088205815 | 0.8904109589041096 | 0.8900401689154392 |
+--------------------+--------------------+--------------------+--------------------+

Epoch loss:0.04353900921772013

+--------------------+--------------------+--------------------+--------------------+
|      Accuracy      |     Precision      |       Recall       |         F1         |
+--------------------+--------------------+--------------------+--------------------+
| 0.9452054794520548 | 0.9452054794520548 | 0.9452054794520548 | 0.9452054794520548 |
+--------------------+--------------------+--------------------+--------------------+

Epoch loss:0.05927203647435227

+-------------------+--------------------+-------------------+--------------------+
|      Accuracy     |     Precision      |       Recall      |         F1         |
+-------------------+--------------------+-------------------+--------------------+
| 0.958904109589041 | 0.9592037025558378 | 0.958904109589041 | 0.9588731697129552 |
+-------------------+--------------------+-------------------+--------------------+

Epoch loss:0.022299728648913268

+-------------------+-------------------+-------------------+--------------------+
|      Accuracy     |     Precision     |       Recall      |         F1         |
+-------------------+-------------------+-------------------+--------------------+
| 0.958904109589041 | 0.959294911349706 | 0.958904109589041 | 0.9589195446652518 |
+-------------------+-------------------+-------------------+--------------------+

Epoch loss:0.039722174875645874

+-------------------+--------------------+-------------------+-------------------+
|      Accuracy     |     Precision      |       Recall      |         F1        |
+-------------------+--------------------+-------------------+-------------------+
| 0.958904109589041 | 0.9621485219899062 | 0.958904109589041 | 0.958904109589041 |
+-------------------+--------------------+-------------------+-------------------+

Epoch loss:0.025151087217132904

+--------------------+--------------------+--------------------+--------------------+
|      Accuracy      |     Precision      |       Recall       |         F1         |
+--------------------+--------------------+--------------------+--------------------+
| 0.8904109589041096 | 0.9107996177126474 | 0.8904109589041096 | 0.8895844955474287 |
+--------------------+--------------------+--------------------+--------------------+

Epoch loss:0.04152189484792674

+--------------------+--------------------+--------------------+--------------------+
|      Accuracy      |     Precision      |       Recall       |         F1         |
+--------------------+--------------------+--------------------+--------------------+
| 0.9452054794520548 | 0.9452054794520548 | 0.9452054794520548 | 0.9452054794520548 |
+--------------------+--------------------+--------------------+--------------------+

Epoch loss:0.055515627534397344

+-------------------+--------------------+-------------------+--------------------+
|      Accuracy     |     Precision      |       Recall      |         F1         |
+-------------------+--------------------+-------------------+--------------------+
| 0.958904109589041 | 0.9592037025558378 | 0.958904109589041 | 0.9588731697129552 |
+-------------------+--------------------+-------------------+--------------------+

Epoch loss:0.06948020359364769

+--------------------+--------------------+--------------------+--------------------+
|      Accuracy      |     Precision      |       Recall       |         F1         |
+--------------------+--------------------+--------------------+--------------------+
| 0.9178082191780822 | 0.9192480151384261 | 0.9178082191780822 | 0.9178390719486609 |
+--------------------+--------------------+--------------------+--------------------+

Epoch loss:0.041517184464405665

+--------------------+--------------------+--------------------+--------------------+
|      Accuracy      |     Precision      |       Recall       |         F1         |
+--------------------+--------------------+--------------------+--------------------+
| 0.9178082191780822 | 0.9192480151384261 | 0.9178082191780822 | 0.9178390719486609 |
+--------------------+--------------------+--------------------+--------------------+

Epoch loss:0.0247503451577162

+--------------------+--------------------+--------------------+--------------------+
|      Accuracy      |     Precision      |       Recall       |         F1         |
+--------------------+--------------------+--------------------+--------------------+
| 0.8767123287671232 | 0.8903348554033484 | 0.8767123287671232 | 0.8750618914012214 |
+--------------------+--------------------+--------------------+--------------------+

Epoch loss:0.07938925496833886

+--------------------+--------------------+--------------------+--------------------+
|      Accuracy      |     Precision      |       Recall       |         F1         |
+--------------------+--------------------+--------------------+--------------------+
| 0.8904109589041096 | 0.9018752088205815 | 0.8904109589041096 | 0.8900401689154392 |
+--------------------+--------------------+--------------------+--------------------+

Epoch loss:0.031863025660444494

+--------------------+--------------------+--------------------+--------------------+
|      Accuracy      |     Precision      |       Recall       |         F1         |
+--------------------+--------------------+--------------------+--------------------+
| 0.8904109589041096 | 0.9018752088205815 | 0.8904109589041096 | 0.8900401689154392 |
+--------------------+--------------------+--------------------+--------------------+

Epoch loss:0.04660035852789037

+--------------------+--------------------+--------------------+-------------------+
|      Accuracy      |     Precision      |       Recall       |         F1        |
+--------------------+--------------------+--------------------+-------------------+
| 0.9452054794520548 | 0.9466658439261179 | 0.9452054794520548 | 0.945226047965774 |
+--------------------+--------------------+--------------------+-------------------+

Epoch loss:0.027243336835318908

+--------------------+--------------------+--------------------+--------------------+
|      Accuracy      |     Precision      |       Recall       |         F1         |
+--------------------+--------------------+--------------------+--------------------+
| 0.9315068493150684 | 0.9317547883220728 | 0.9315068493150684 | 0.9314552828549255 |
+--------------------+--------------------+--------------------+--------------------+

Epoch loss:0.06009184926350261

+--------------------+--------------------+--------------------+-------------------+
|      Accuracy      |     Precision      |       Recall       |         F1        |
+--------------------+--------------------+--------------------+-------------------+
| 0.9452054794520548 | 0.9466658439261179 | 0.9452054794520548 | 0.945226047965774 |
+--------------------+--------------------+--------------------+-------------------+

Epoch loss:0.03290686493852951

+--------------------+--------------------+--------------------+--------------------+
|      Accuracy      |     Precision      |       Recall       |         F1         |
+--------------------+--------------------+--------------------+--------------------+
| 0.9178082191780822 | 0.9232215541643423 | 0.9178082191780822 | 0.9177465136369245 |
+--------------------+--------------------+--------------------+--------------------+

Epoch loss:0.06886116614343238

+--------------------+--------------------+--------------------+--------------------+
|      Accuracy      |     Precision      |       Recall       |         F1         |
+--------------------+--------------------+--------------------+--------------------+
| 0.9452054794520548 | 0.9464300539643006 | 0.9452054794520548 | 0.9451021715324696 |
+--------------------+--------------------+--------------------+--------------------+

Epoch loss:0.04253055457557034

+--------------------+--------------------+--------------------+--------------------+
|      Accuracy      |     Precision      |       Recall       |         F1         |
+--------------------+--------------------+--------------------+--------------------+
| 0.9178082191780822 | 0.9232215541643423 | 0.9178082191780822 | 0.9177465136369245 |
+--------------------+--------------------+--------------------+--------------------+

Epoch loss:0.04208525216402425

+--------------------+--------------------+--------------------+-------------------+
|      Accuracy      |     Precision      |       Recall       |         F1        |
+--------------------+--------------------+--------------------+-------------------+
| 0.9452054794520548 | 0.9466658439261179 | 0.9452054794520548 | 0.945226047965774 |
+--------------------+--------------------+--------------------+-------------------+

Epoch loss:0.024555109373658204

+--------------------+-------------------+--------------------+--------------------+
|      Accuracy      |     Precision     |       Recall       |         F1         |
+--------------------+-------------------+--------------------+--------------------+
| 0.9452054794520548 | 0.950825430277485 | 0.9452054794520548 | 0.9451643424246162 |
+--------------------+-------------------+--------------------+--------------------+

Epoch loss:0.039771017095935765

+-------------------+-------------------+-------------------+--------------------+
|      Accuracy     |     Precision     |       Recall      |         F1         |
+-------------------+-------------------+-------------------+--------------------+
| 0.958904109589041 | 0.959294911349706 | 0.958904109589041 | 0.9589195446652518 |
+-------------------+-------------------+-------------------+--------------------+

Epoch loss:0.014505205988752021

+--------------------+--------------------+--------------------+--------------------+
|      Accuracy      |     Precision      |       Recall       |         F1         |
+--------------------+--------------------+--------------------+--------------------+
| 0.9315068493150684 | 0.9319079353325929 | 0.9315068493150684 | 0.9315325744420863 |
+--------------------+--------------------+--------------------+--------------------+

Epoch loss:0.012711768795405668

+--------------------+--------------------+--------------------+--------------------+
|      Accuracy      |     Precision      |       Recall       |         F1         |
+--------------------+--------------------+--------------------+--------------------+
| 0.9315068493150684 | 0.9342319579017708 | 0.9315068493150684 | 0.9312739234294972 |
+--------------------+--------------------+--------------------+--------------------+

Epoch loss:0.01901361370380835

+--------------------+-------------------+--------------------+--------------------+
|      Accuracy      |     Precision     |       Recall       |         F1         |
+--------------------+-------------------+--------------------+--------------------+
| 0.9452054794520548 | 0.950825430277485 | 0.9452054794520548 | 0.9451643424246162 |
+--------------------+-------------------+--------------------+--------------------+

Epoch loss:0.04426161617899993

+--------------------+--------------------+--------------------+-------------------+
|      Accuracy      |     Precision      |       Recall       |         F1        |
+--------------------+--------------------+--------------------+-------------------+
| 0.9452054794520548 | 0.9466658439261179 | 0.9452054794520548 | 0.945226047965774 |
+--------------------+--------------------+--------------------+-------------------+

Epoch loss:0.035428555134776496

+--------------------+--------------------+--------------------+-------------------+
|      Accuracy      |     Precision      |       Recall       |         F1        |
+--------------------+--------------------+--------------------+-------------------+
| 0.9452054794520548 | 0.9466658439261179 | 0.9452054794520548 | 0.945226047965774 |
+--------------------+--------------------+--------------------+-------------------+

Epoch loss:0.03978434463792038

+--------------------+--------------------+--------------------+-------------------+
|      Accuracy      |     Precision      |       Recall       |         F1        |
+--------------------+--------------------+--------------------+-------------------+
| 0.9452054794520548 | 0.9466658439261179 | 0.9452054794520548 | 0.945226047965774 |
+--------------------+--------------------+--------------------+-------------------+

Epoch loss:0.01128457178329218

+--------------------+-------------------+--------------------+--------------------+
|      Accuracy      |     Precision     |       Recall       |         F1         |
+--------------------+-------------------+--------------------+--------------------+
| 0.9315068493150684 | 0.940068493150685 | 0.9315068493150684 | 0.9313782236799794 |
+--------------------+-------------------+--------------------+--------------------+

Epoch loss:0.009829503786225335

+--------------------+--------------------+--------------------+--------------------+
|      Accuracy      |     Precision      |       Recall       |         F1         |
+--------------------+--------------------+--------------------+--------------------+
| 0.9452054794520548 | 0.9452054794520548 | 0.9452054794520548 | 0.9452054794520548 |
+--------------------+--------------------+--------------------+--------------------+

Epoch loss:0.042181457576750625

+--------------------+--------------------+--------------------+--------------------+
|      Accuracy      |     Precision      |       Recall       |         F1         |
+--------------------+--------------------+--------------------+--------------------+
| 0.9452054794520548 | 0.9464300539643006 | 0.9452054794520548 | 0.9451021715324696 |
+--------------------+--------------------+--------------------+--------------------+

Epoch loss:0.03148086929824994

+-------------------+--------------------+-------------------+--------------------+
|      Accuracy     |     Precision      |       Recall      |         F1         |
+-------------------+--------------------+-------------------+--------------------+
| 0.958904109589041 | 0.9592037025558378 | 0.958904109589041 | 0.9588731697129552 |
+-------------------+--------------------+-------------------+--------------------+

Epoch loss:0.05261749130766389

+--------------------+--------------------+--------------------+--------------------+
|      Accuracy      |     Precision      |       Recall       |         F1         |
+--------------------+--------------------+--------------------+--------------------+
| 0.9315068493150684 | 0.9319079353325929 | 0.9315068493150684 | 0.9315325744420863 |
+--------------------+--------------------+--------------------+--------------------+

Epoch loss:0.04447695384646977

+--------------------+--------------------+--------------------+--------------------+
|      Accuracy      |     Precision      |       Recall       |         F1         |
+--------------------+--------------------+--------------------+--------------------+
| 0.9452054794520548 | 0.9452054794520548 | 0.9452054794520548 | 0.9452054794520548 |
+--------------------+--------------------+--------------------+--------------------+

Epoch loss:0.04177439754937188

+--------------------+--------------------+--------------------+--------------------+
|      Accuracy      |     Precision      |       Recall       |         F1         |
+--------------------+--------------------+--------------------+--------------------+
| 0.9178082191780822 | 0.9298362846642164 | 0.9178082191780822 | 0.9175301266865794 |
+--------------------+--------------------+--------------------+--------------------+

Epoch loss:0.03957395080859085

+--------------------+--------------------+--------------------+--------------------+
|      Accuracy      |     Precision      |       Recall       |         F1         |
+--------------------+--------------------+--------------------+--------------------+
| 0.9178082191780822 | 0.9188875051888752 | 0.9178082191780822 | 0.9176532572987045 |
+--------------------+--------------------+--------------------+--------------------+

Epoch loss:0.022556304760199337

+--------------------+--------------------+--------------------+--------------------+
|      Accuracy      |     Precision      |       Recall       |         F1         |
+--------------------+--------------------+--------------------+--------------------+
| 0.9315068493150684 | 0.9317547883220728 | 0.9315068493150684 | 0.9314552828549255 |
+--------------------+--------------------+--------------------+--------------------+

Epoch loss:0.016787510311882893

+--------------------+--------------------+--------------------+--------------------+
|      Accuracy      |     Precision      |       Recall       |         F1         |
+--------------------+--------------------+--------------------+--------------------+
| 0.9178082191780822 | 0.9192480151384261 | 0.9178082191780822 | 0.9178390719486609 |
+--------------------+--------------------+--------------------+--------------------+

Epoch loss:0.014826484024231446

+--------------------+--------------------+--------------------+--------------------+
|      Accuracy      |     Precision      |       Recall       |         F1         |
+--------------------+--------------------+--------------------+--------------------+
| 0.9315068493150684 | 0.9319079353325929 | 0.9315068493150684 | 0.9315325744420863 |
+--------------------+--------------------+--------------------+--------------------+

Epoch loss:0.026845324546752022

+--------------------+--------------------+--------------------+--------------------+
|      Accuracy      |     Precision      |       Recall       |         F1         |
+--------------------+--------------------+--------------------+--------------------+
| 0.9178082191780822 | 0.9232215541643423 | 0.9178082191780822 | 0.9177465136369245 |
+--------------------+--------------------+--------------------+--------------------+

Epoch loss:0.011635273567240322

+--------------------+--------------------+--------------------+--------------------+
|      Accuracy      |     Precision      |       Recall       |         F1         |
+--------------------+--------------------+--------------------+--------------------+
| 0.9315068493150684 | 0.9319079353325929 | 0.9315068493150684 | 0.9315325744420863 |
+--------------------+--------------------+--------------------+--------------------+

Epoch loss:0.022708565400448976

+--------------------+--------------------+--------------------+--------------------+
|      Accuracy      |     Precision      |       Recall       |         F1         |
+--------------------+--------------------+--------------------+--------------------+
| 0.9315068493150684 | 0.9342319579017708 | 0.9315068493150684 | 0.9312739234294972 |
+--------------------+--------------------+--------------------+--------------------+

Epoch loss:0.025150050335275558

+--------------------+-------------------+--------------------+--------------------+
|      Accuracy      |     Precision     |       Recall       |         F1         |
+--------------------+-------------------+--------------------+--------------------+
| 0.9452054794520548 | 0.950825430277485 | 0.9452054794520548 | 0.9451643424246162 |
+--------------------+-------------------+--------------------+--------------------+

Epoch loss:0.01776184681942193

+--------------------+--------------------+--------------------+--------------------+
|      Accuracy      |     Precision      |       Recall       |         F1         |
+--------------------+--------------------+--------------------+--------------------+
| 0.9178082191780822 | 0.9225638112072051 | 0.9178082191780822 | 0.9173723536737235 |
+--------------------+--------------------+--------------------+--------------------+

Epoch loss:0.014981670599236106

+--------------------+-------------------+--------------------+--------------------+
|      Accuracy      |     Precision     |       Recall       |         F1         |
+--------------------+-------------------+--------------------+--------------------+
| 0.9315068493150684 | 0.940068493150685 | 0.9315068493150684 | 0.9313782236799794 |
+--------------------+-------------------+--------------------+--------------------+

Epoch loss:0.027459657143345344

+--------------------+--------------------+--------------------+--------------------+
|      Accuracy      |     Precision      |       Recall       |         F1         |
+--------------------+--------------------+--------------------+--------------------+
| 0.9452054794520548 | 0.9452054794520548 | 0.9452054794520548 | 0.9452054794520548 |
+--------------------+--------------------+--------------------+--------------------+

Epoch loss:0.028328002567455136

+--------------------+--------------------+--------------------+--------------------+
|      Accuracy      |     Precision      |       Recall       |         F1         |
+--------------------+--------------------+--------------------+--------------------+
| 0.9178082191780822 | 0.9232215541643423 | 0.9178082191780822 | 0.9177465136369245 |
+--------------------+--------------------+--------------------+--------------------+

Epoch loss:0.012521252107917094

+--------------------+--------------------+--------------------+--------------------+
|      Accuracy      |     Precision      |       Recall       |         F1         |
+--------------------+--------------------+--------------------+--------------------+
| 0.9315068493150684 | 0.9342319579017708 | 0.9315068493150684 | 0.9312739234294972 |
+--------------------+--------------------+--------------------+--------------------+

Epoch loss:0.06256490068638512

+--------------------+--------------------+--------------------+--------------------+
|      Accuracy      |     Precision      |       Recall       |         F1         |
+--------------------+--------------------+--------------------+--------------------+
| 0.9041095890410958 | 0.9045209593154799 | 0.9041095890410958 | 0.9041456042189209 |
+--------------------+--------------------+--------------------+--------------------+

Epoch loss:0.011008574894287242

+--------------------+--------------------+--------------------+--------------------+
|      Accuracy      |     Precision      |       Recall       |         F1         |
+--------------------+--------------------+--------------------+--------------------+
| 0.9452054794520548 | 0.9464300539643006 | 0.9452054794520548 | 0.9451021715324696 |
+--------------------+--------------------+--------------------+--------------------+

Epoch loss:0.035797735021644315

+--------------------+--------------------+--------------------+--------------------+
|      Accuracy      |     Precision      |       Recall       |         F1         |
+--------------------+--------------------+--------------------+--------------------+
| 0.9726027397260274 | 0.9726027397260274 | 0.9726027397260274 | 0.9726027397260274 |
+--------------------+--------------------+--------------------+--------------------+

Epoch loss:0.01587268126659459

+--------------------+--------------------+--------------------+--------------------+
|      Accuracy      |     Precision      |       Recall       |         F1         |
+--------------------+--------------------+--------------------+--------------------+
| 0.9726027397260274 | 0.9726027397260274 | 0.9726027397260274 | 0.9726027397260274 |
+--------------------+--------------------+--------------------+--------------------+

Epoch loss:0.00940999150680307

+--------------------+-------------------+--------------------+--------------------+
|      Accuracy      |     Precision     |       Recall       |         F1         |
+--------------------+-------------------+--------------------+--------------------+
| 0.9041095890410958 | 0.907168606447626 | 0.9041095890410958 | 0.9041095890410958 |
+--------------------+-------------------+--------------------+--------------------+

Epoch loss:0.038685248615298255

+--------------------+--------------------+--------------------+-------------------+
|      Accuracy      |     Precision      |       Recall       |         F1        |
+--------------------+--------------------+--------------------+-------------------+
| 0.9452054794520548 | 0.9466658439261179 | 0.9452054794520548 | 0.945226047965774 |
+--------------------+--------------------+--------------------+-------------------+

Epoch loss:0.03841449366480545

+--------------------+--------------------+--------------------+-------------------+
|      Accuracy      |     Precision      |       Recall       |         F1        |
+--------------------+--------------------+--------------------+-------------------+
| 0.9452054794520548 | 0.9466658439261179 | 0.9452054794520548 | 0.945226047965774 |
+--------------------+--------------------+--------------------+-------------------+

Epoch loss:0.011067739314747492

+--------------------+--------------------+--------------------+--------------------+
|      Accuracy      |     Precision      |       Recall       |         F1         |
+--------------------+--------------------+--------------------+--------------------+
| 0.9178082191780822 | 0.9178082191780822 | 0.9178082191780822 | 0.9178082191780822 |
+--------------------+--------------------+--------------------+--------------------+

Epoch loss:0.044051954380339035

+--------------------+--------------------+--------------------+--------------------+
|      Accuracy      |     Precision      |       Recall       |         F1         |
+--------------------+--------------------+--------------------+--------------------+
| 0.9452054794520548 | 0.9452054794520548 | 0.9452054794520548 | 0.9452054794520548 |
+--------------------+--------------------+--------------------+--------------------+

Epoch loss:0.009924456574072486

+--------------------+--------------------+--------------------+--------------------+
|      Accuracy      |     Precision      |       Recall       |         F1         |
+--------------------+--------------------+--------------------+--------------------+
| 0.9178082191780822 | 0.9188875051888752 | 0.9178082191780822 | 0.9176532572987045 |
+--------------------+--------------------+--------------------+--------------------+

Epoch loss:0.019188947489526344

+--------------------+--------------------+--------------------+--------------------+
|      Accuracy      |     Precision      |       Recall       |         F1         |
+--------------------+--------------------+--------------------+--------------------+
| 0.9315068493150684 | 0.9342319579017708 | 0.9315068493150684 | 0.9312739234294972 |
+--------------------+--------------------+--------------------+--------------------+

Epoch loss:0.043154129386790384

+-------------------+-------------------+-------------------+--------------------+
|      Accuracy     |     Precision     |       Recall      |         F1         |
+-------------------+-------------------+-------------------+--------------------+
| 0.958904109589041 | 0.959294911349706 | 0.958904109589041 | 0.9589195446652518 |
+-------------------+-------------------+-------------------+--------------------+

Epoch loss:0.010065348259222989

+--------------------+-------------------+--------------------+--------------------+
|      Accuracy      |     Precision     |       Recall       |         F1         |
+--------------------+-------------------+--------------------+--------------------+
| 0.9315068493150684 | 0.940068493150685 | 0.9315068493150684 | 0.9313782236799794 |
+--------------------+-------------------+--------------------+--------------------+

Epoch loss:0.05478464151539601

+--------------------+--------------------+--------------------+--------------------+
|      Accuracy      |     Precision      |       Recall       |         F1         |
+--------------------+--------------------+--------------------+--------------------+
| 0.9041095890410958 | 0.9113836678347668 | 0.9041095890410958 | 0.9033810768970586 |
+--------------------+--------------------+--------------------+--------------------+

Epoch loss:0.03057500918256852

+--------------------+--------------------+--------------------+--------------------+
|      Accuracy      |     Precision      |       Recall       |         F1         |
+--------------------+--------------------+--------------------+--------------------+
| 0.9178082191780822 | 0.9192480151384261 | 0.9178082191780822 | 0.9178390719486609 |
+--------------------+--------------------+--------------------+--------------------+

Epoch loss:0.011497075335099385

+--------------------+--------------------+--------------------+--------------------+
|      Accuracy      |     Precision      |       Recall       |         F1         |
+--------------------+--------------------+--------------------+--------------------+
| 0.9178082191780822 | 0.9188875051888752 | 0.9178082191780822 | 0.9176532572987045 |
+--------------------+--------------------+--------------------+--------------------+

Epoch loss:0.06276842998312765

+--------------------+--------------------+--------------------+--------------------+
|      Accuracy      |     Precision      |       Recall       |         F1         |
+--------------------+--------------------+--------------------+--------------------+
| 0.9452054794520548 | 0.9464300539643006 | 0.9452054794520548 | 0.9451021715324696 |
+--------------------+--------------------+--------------------+--------------------+

Epoch loss:0.037711965463797

+-------------------+--------------------+-------------------+-------------------+
|      Accuracy     |     Precision      |       Recall      |         F1        |
+-------------------+--------------------+-------------------+-------------------+
| 0.958904109589041 | 0.9621485219899062 | 0.958904109589041 | 0.958904109589041 |
+-------------------+--------------------+-------------------+-------------------+

Epoch loss:0.05196752221705327

+--------------------+--------------------+--------------------+--------------------+
|      Accuracy      |     Precision      |       Recall       |         F1         |
+--------------------+--------------------+--------------------+--------------------+
| 0.9178082191780822 | 0.9178082191780822 | 0.9178082191780822 | 0.9178082191780822 |
+--------------------+--------------------+--------------------+--------------------+

Epoch loss:0.017758579544983614

+--------------------+--------------------+--------------------+-------------------+
|      Accuracy      |     Precision      |       Recall       |         F1        |
+--------------------+--------------------+--------------------+-------------------+
| 0.9452054794520548 | 0.9466658439261179 | 0.9452054794520548 | 0.945226047965774 |
+--------------------+--------------------+--------------------+-------------------+

Epoch loss:0.02420740541024131

+--------------------+--------------------+--------------------+--------------------+
|      Accuracy      |     Precision      |       Recall       |         F1         |
+--------------------+--------------------+--------------------+--------------------+
| 0.9452054794520548 | 0.9504240052185258 | 0.9452054794520548 | 0.9449149024491491 |
+--------------------+--------------------+--------------------+--------------------+

Epoch loss:0.003471791113897042

+--------------------+--------------------+--------------------+--------------------+
|      Accuracy      |     Precision      |       Recall       |         F1         |
+--------------------+--------------------+--------------------+--------------------+
| 0.9178082191780822 | 0.9225638112072051 | 0.9178082191780822 | 0.9173723536737235 |
+--------------------+--------------------+--------------------+--------------------+

Epoch loss:0.018955116391102696

+-------------------+--------------------+-------------------+--------------------+
|      Accuracy     |     Precision      |       Recall      |         F1         |
+-------------------+--------------------+-------------------+--------------------+
| 0.958904109589041 | 0.9592037025558378 | 0.958904109589041 | 0.9588731697129552 |
+-------------------+--------------------+-------------------+--------------------+

Epoch loss:0.03937431961909715

+--------------------+--------------------+--------------------+--------------------+
|      Accuracy      |     Precision      |       Recall       |         F1         |
+--------------------+--------------------+--------------------+--------------------+
| 0.9041095890410958 | 0.9043058740883075 | 0.9041095890410958 | 0.9040373959968958 |
+--------------------+--------------------+--------------------+--------------------+

Epoch loss:0.030438320955215842

+--------------------+--------------------+--------------------+--------------------+
|      Accuracy      |     Precision      |       Recall       |         F1         |
+--------------------+--------------------+--------------------+--------------------+
| 0.8904109589041096 | 0.9018752088205815 | 0.8904109589041096 | 0.8900401689154392 |
+--------------------+--------------------+--------------------+--------------------+

Epoch loss:0.06897048089345234

+-------------------+--------------------+-------------------+--------------------+
|      Accuracy     |     Precision      |       Recall      |         F1         |
+-------------------+--------------------+-------------------+--------------------+
| 0.958904109589041 | 0.9592037025558378 | 0.958904109589041 | 0.9588731697129552 |
+-------------------+--------------------+-------------------+--------------------+

Epoch loss:0.006038164928512715

+--------------------+--------------------+--------------------+--------------------+
|      Accuracy      |     Precision      |       Recall       |         F1         |
+--------------------+--------------------+--------------------+--------------------+
| 0.9178082191780822 | 0.9192480151384261 | 0.9178082191780822 | 0.9178390719486609 |
+--------------------+--------------------+--------------------+--------------------+

Epoch loss:0.012327546552094682

+--------------------+-------------------+--------------------+--------------------+
|      Accuracy      |     Precision     |       Recall       |         F1         |
+--------------------+-------------------+--------------------+--------------------+
| 0.9726027397260274 | 0.973972602739726 | 0.9726027397260274 | 0.9725510857662347 |
+--------------------+-------------------+--------------------+--------------------+

Epoch loss:0.04099695025189932

+--------------------+--------------------+--------------------+--------------------+
|      Accuracy      |     Precision      |       Recall       |         F1         |
+--------------------+--------------------+--------------------+--------------------+
| 0.8493150684931506 | 0.8730836947653198 | 0.8493150684931506 | 0.8477777576483803 |
+--------------------+--------------------+--------------------+--------------------+

Epoch loss:0.034774845138117995

+--------------------+--------------------+--------------------+--------------------+
|      Accuracy      |     Precision      |       Recall       |         F1         |
+--------------------+--------------------+--------------------+--------------------+
| 0.9452054794520548 | 0.9504240052185258 | 0.9452054794520548 | 0.9449149024491491 |
+--------------------+--------------------+--------------------+--------------------+

Epoch loss:0.01590549653353617

+--------------------+--------------------+--------------------+--------------------+
|      Accuracy      |     Precision      |       Recall       |         F1         |
+--------------------+--------------------+--------------------+--------------------+
| 0.9315068493150684 | 0.9317547883220728 | 0.9315068493150684 | 0.9314552828549255 |
+--------------------+--------------------+--------------------+--------------------+

Epoch loss:0.030694794619233943

+--------------------+--------------------+--------------------+--------------------+
|      Accuracy      |     Precision      |       Recall       |         F1         |
+--------------------+--------------------+--------------------+--------------------+
| 0.9452054794520548 | 0.9464300539643006 | 0.9452054794520548 | 0.9451021715324696 |
+--------------------+--------------------+--------------------+--------------------+

Epoch loss:0.023512141311495125

+--------------------+--------------------+--------------------+--------------------+
|      Accuracy      |     Precision      |       Recall       |         F1         |
+--------------------+--------------------+--------------------+--------------------+
| 0.9178082191780822 | 0.9178082191780822 | 0.9178082191780822 | 0.9178082191780822 |
+--------------------+--------------------+--------------------+--------------------+

Epoch loss:0.0019964366128850065

+--------------------+--------------------+--------------------+--------------------+
|      Accuracy      |     Precision      |       Recall       |         F1         |
+--------------------+--------------------+--------------------+--------------------+
| 0.9178082191780822 | 0.9232215541643423 | 0.9178082191780822 | 0.9177465136369245 |
+--------------------+--------------------+--------------------+--------------------+

Epoch loss:0.005861330259163514

+--------------------+--------------------+--------------------+--------------------+
|      Accuracy      |     Precision      |       Recall       |         F1         |
+--------------------+--------------------+--------------------+--------------------+
| 0.9315068493150684 | 0.9317547883220728 | 0.9315068493150684 | 0.9314552828549255 |
+--------------------+--------------------+--------------------+--------------------+

Epoch loss:0.03053539079076603

+--------------------+--------------------+--------------------+--------------------+
|      Accuracy      |     Precision      |       Recall       |         F1         |
+--------------------+--------------------+--------------------+--------------------+
| 0.9452054794520548 | 0.9452054794520548 | 0.9452054794520548 | 0.9452054794520548 |
+--------------------+--------------------+--------------------+--------------------+

Epoch loss:0.007736933766899948

+--------------------+--------------------+--------------------+--------------------+
|      Accuracy      |     Precision      |       Recall       |         F1         |
+--------------------+--------------------+--------------------+--------------------+
| 0.9315068493150684 | 0.9319079353325929 | 0.9315068493150684 | 0.9315325744420863 |
+--------------------+--------------------+--------------------+--------------------+

Epoch loss:0.00683634079866591

+--------------------+--------------------+--------------------+--------------------+
|      Accuracy      |     Precision      |       Recall       |         F1         |
+--------------------+--------------------+--------------------+--------------------+
| 0.9041095890410958 | 0.9200913242009133 | 0.9041095890410958 | 0.9036042377316945 |
+--------------------+--------------------+--------------------+--------------------+

Epoch loss:0.018420072217479745

+--------------------+--------------------+--------------------+--------------------+
|      Accuracy      |     Precision      |       Recall       |         F1         |
+--------------------+--------------------+--------------------+--------------------+
| 0.9452054794520548 | 0.9452054794520548 | 0.9452054794520548 | 0.9452054794520548 |
+--------------------+--------------------+--------------------+--------------------+

Epoch loss:0.009288253258229984

+--------------------+--------------------+--------------------+--------------------+
|      Accuracy      |     Precision      |       Recall       |         F1         |
+--------------------+--------------------+--------------------+--------------------+
| 0.9726027397260274 | 0.9740836727138096 | 0.9726027397260274 | 0.9726130239828871 |
+--------------------+--------------------+--------------------+--------------------+

Epoch loss:0.007094186712385967

+--------------------+--------------------+--------------------+--------------------+
|      Accuracy      |     Precision      |       Recall       |         F1         |
+--------------------+--------------------+--------------------+--------------------+
| 0.9452054794520548 | 0.9464300539643006 | 0.9452054794520548 | 0.9451021715324696 |
+--------------------+--------------------+--------------------+--------------------+

Epoch loss:0.002130663829599681

+--------------------+--------------------+--------------------+--------------------+
|      Accuracy      |     Precision      |       Recall       |         F1         |
+--------------------+--------------------+--------------------+--------------------+
| 0.9452054794520548 | 0.9452054794520548 | 0.9452054794520548 | 0.9452054794520548 |
+--------------------+--------------------+--------------------+--------------------+

Epoch loss:0.013434241586310356

+-------------------+-------------------+-------------------+--------------------+
|      Accuracy     |     Precision     |       Recall      |         F1         |
+-------------------+-------------------+-------------------+--------------------+
| 0.958904109589041 | 0.959294911349706 | 0.958904109589041 | 0.9589195446652518 |
+-------------------+-------------------+-------------------+--------------------+

Epoch loss:0.010427058409331594

+--------------------+--------------------+--------------------+-------------------+
|      Accuracy      |     Precision      |       Recall       |         F1        |
+--------------------+--------------------+--------------------+-------------------+
| 0.9452054794520548 | 0.9466658439261179 | 0.9452054794520548 | 0.945226047965774 |
+--------------------+--------------------+--------------------+-------------------+

Epoch loss:0.03136875535835729

+-------------------+--------------------+-------------------+--------------------+
|      Accuracy     |     Precision      |       Recall      |         F1         |
+-------------------+--------------------+-------------------+--------------------+
| 0.958904109589041 | 0.9592037025558378 | 0.958904109589041 | 0.9588731697129552 |
+-------------------+--------------------+-------------------+--------------------+

Epoch loss:0.04793912212773379

+--------------------+--------------------+--------------------+--------------------+
|      Accuracy      |     Precision      |       Recall       |         F1         |
+--------------------+--------------------+--------------------+--------------------+
| 0.9178082191780822 | 0.9192480151384261 | 0.9178082191780822 | 0.9178390719486609 |
+--------------------+--------------------+--------------------+--------------------+

Epoch loss:0.027940980178934274

+--------------------+-------------------+--------------------+--------------------+
|      Accuracy      |     Precision     |       Recall       |         F1         |
+--------------------+-------------------+--------------------+--------------------+
| 0.9452054794520548 | 0.950825430277485 | 0.9452054794520548 | 0.9451643424246162 |
+--------------------+-------------------+--------------------+--------------------+

Epoch loss:0.008837364470779228

+--------------------+-------------------+--------------------+--------------------+
|      Accuracy      |     Precision     |       Recall       |         F1         |
+--------------------+-------------------+--------------------+--------------------+
| 0.9041095890410958 | 0.907168606447626 | 0.9041095890410958 | 0.9041095890410958 |
+--------------------+-------------------+--------------------+--------------------+

Epoch loss:0.03597803286805712

+--------------------+--------------------+--------------------+--------------------+
|      Accuracy      |     Precision      |       Recall       |         F1         |
+--------------------+--------------------+--------------------+--------------------+
| 0.9726027397260274 | 0.9726027397260274 | 0.9726027397260274 | 0.9726027397260274 |
+--------------------+--------------------+--------------------+--------------------+

Epoch loss:0.007925087896267875

+-------------------+-------------------+-------------------+--------------------+
|      Accuracy     |     Precision     |       Recall      |         F1         |
+-------------------+-------------------+-------------------+--------------------+
| 0.958904109589041 | 0.959294911349706 | 0.958904109589041 | 0.9589195446652518 |
+-------------------+-------------------+-------------------+--------------------+

Epoch loss:0.018118199204978543

+-------------------+--------------------+-------------------+--------------------+
|      Accuracy     |     Precision      |       Recall      |         F1         |
+-------------------+--------------------+-------------------+--------------------+
| 0.958904109589041 | 0.9592037025558378 | 0.958904109589041 | 0.9588731697129552 |
+-------------------+--------------------+-------------------+--------------------+

Epoch loss:0.004754730924211922

+--------------------+--------------------+--------------------+--------------------+
|      Accuracy      |     Precision      |       Recall       |         F1         |
+--------------------+--------------------+--------------------+--------------------+
| 0.8904109589041096 | 0.8956176780511994 | 0.8904109589041096 | 0.8903286848492328 |
+--------------------+--------------------+--------------------+--------------------+

Epoch loss:0.00782540118044666

+-------------------+--------------------+-------------------+--------------------+
|      Accuracy     |     Precision      |       Recall      |         F1         |
+-------------------+--------------------+-------------------+--------------------+
| 0.958904109589041 | 0.9592037025558378 | 0.958904109589041 | 0.9588731697129552 |
+-------------------+--------------------+-------------------+--------------------+

Epoch loss:0.008645612038648472

+--------------------+--------------------+--------------------+--------------------+
|      Accuracy      |     Precision      |       Recall       |         F1         |
+--------------------+--------------------+--------------------+--------------------+
| 0.9178082191780822 | 0.9178082191780822 | 0.9178082191780822 | 0.9178082191780822 |
+--------------------+--------------------+--------------------+--------------------+

Epoch loss:0.003710370246005686

+--------------------+-------------------+--------------------+--------------------+
|      Accuracy      |     Precision     |       Recall       |         F1         |
+--------------------+-------------------+--------------------+--------------------+
| 0.9452054794520548 | 0.950825430277485 | 0.9452054794520548 | 0.9451643424246162 |
+--------------------+-------------------+--------------------+--------------------+

Epoch loss:0.015406774427338744

+--------------------+--------------------+--------------------+--------------------+
|      Accuracy      |     Precision      |       Recall       |         F1         |
+--------------------+--------------------+--------------------+--------------------+
| 0.9315068493150684 | 0.9346585642187661 | 0.9315068493150684 | 0.9315068493150684 |
+--------------------+--------------------+--------------------+--------------------+

Epoch loss:0.00911543954196143

+--------------------+--------------------+--------------------+--------------------+
|      Accuracy      |     Precision      |       Recall       |         F1         |
+--------------------+--------------------+--------------------+--------------------+
| 0.9726027397260274 | 0.9726027397260274 | 0.9726027397260274 | 0.9726027397260274 |
+--------------------+--------------------+--------------------+--------------------+

Epoch loss:0.006451180186380737

+--------------------+--------------------+--------------------+--------------------+
|      Accuracy      |     Precision      |       Recall       |         F1         |
+--------------------+--------------------+--------------------+--------------------+
| 0.9178082191780822 | 0.9298362846642164 | 0.9178082191780822 | 0.9175301266865794 |
+--------------------+--------------------+--------------------+--------------------+

Epoch loss:0.010116171985831812

+--------------------+--------------------+--------------------+--------------------+
|      Accuracy      |     Precision      |       Recall       |         F1         |
+--------------------+--------------------+--------------------+--------------------+
| 0.9452054794520548 | 0.9452054794520548 | 0.9452054794520548 | 0.9452054794520548 |
+--------------------+--------------------+--------------------+--------------------+

Epoch loss:0.011226597551975373

+--------------------+--------------------+--------------------+--------------------+
|      Accuracy      |     Precision      |       Recall       |         F1         |
+--------------------+--------------------+--------------------+--------------------+
| 0.9041095890410958 | 0.9045209593154799 | 0.9041095890410958 | 0.9041456042189209 |
+--------------------+--------------------+--------------------+--------------------+

Epoch loss:0.00017215268375835824

+--------------------+--------------------+--------------------+--------------------+
|      Accuracy      |     Precision      |       Recall       |         F1         |
+--------------------+--------------------+--------------------+--------------------+
| 0.9452054794520548 | 0.9452054794520548 | 0.9452054794520548 | 0.9452054794520548 |
+--------------------+--------------------+--------------------+--------------------+

Epoch loss:0.0034184201264189805

+-------------------+--------------------+-------------------+--------------------+
|      Accuracy     |     Precision      |       Recall      |         F1         |
+-------------------+--------------------+-------------------+--------------------+
| 0.958904109589041 | 0.9592037025558378 | 0.958904109589041 | 0.9588731697129552 |
+-------------------+--------------------+-------------------+--------------------+

Epoch loss:0.011209187194826895

+-------------------+-------------------+-------------------+--------------------+
|      Accuracy     |     Precision     |       Recall      |         F1         |
+-------------------+-------------------+-------------------+--------------------+
| 0.958904109589041 | 0.959294911349706 | 0.958904109589041 | 0.9589195446652518 |
+-------------------+-------------------+-------------------+--------------------+

Epoch loss:0.0060168351410311805

+-------------------+--------------------+-------------------+--------------------+
|      Accuracy     |     Precision      |       Recall      |         F1         |
+-------------------+--------------------+-------------------+--------------------+
| 0.958904109589041 | 0.9592037025558378 | 0.958904109589041 | 0.9588731697129552 |
+-------------------+--------------------+-------------------+--------------------+

Epoch loss:0.008263774993390548

+--------------------+--------------------+--------------------+--------------------+
|      Accuracy      |     Precision      |       Recall       |         F1         |
+--------------------+--------------------+--------------------+--------------------+
| 0.9452054794520548 | 0.9464300539643006 | 0.9452054794520548 | 0.9451021715324696 |
+--------------------+--------------------+--------------------+--------------------+

Epoch loss:0.0647712698926822

+--------------------+--------------------+--------------------+--------------------+
|      Accuracy      |     Precision      |       Recall       |         F1         |
+--------------------+--------------------+--------------------+--------------------+
| 0.9178082191780822 | 0.9188875051888752 | 0.9178082191780822 | 0.9176532572987045 |
+--------------------+--------------------+--------------------+--------------------+

Epoch loss:0.0557197732879341

+--------------------+--------------------+--------------------+--------------------+
|      Accuracy      |     Precision      |       Recall       |         F1         |
+--------------------+--------------------+--------------------+--------------------+
| 0.9041095890410958 | 0.9123080116230801 | 0.9041095890410958 | 0.9039295131519711 |
+--------------------+--------------------+--------------------+--------------------+

Epoch loss:0.00011912069115242167

+-------------------+-------------------+-------------------+--------------------+
|      Accuracy     |     Precision     |       Recall      |         F1         |
+-------------------+-------------------+-------------------+--------------------+
| 0.958904109589041 | 0.959294911349706 | 0.958904109589041 | 0.9589195446652518 |
+-------------------+-------------------+-------------------+--------------------+

Epoch loss:0.02509120752906854

+--------------------+--------------------+--------------------+--------------------+
|      Accuracy      |     Precision      |       Recall       |         F1         |
+--------------------+--------------------+--------------------+--------------------+
| 0.9452054794520548 | 0.9452054794520548 | 0.9452054794520548 | 0.9452054794520548 |
+--------------------+--------------------+--------------------+--------------------+

Epoch loss:0.01012193909913805

+--------------------+--------------------+--------------------+--------------------+
|      Accuracy      |     Precision      |       Recall       |         F1         |
+--------------------+--------------------+--------------------+--------------------+
| 0.8904109589041096 | 0.8913449564134495 | 0.8904109589041096 | 0.8902043430649395 |
+--------------------+--------------------+--------------------+--------------------+

Epoch loss:0.01628084494167641

+-------------------+-------------------+-------------------+--------------------+
|      Accuracy     |     Precision     |       Recall      |         F1         |
+-------------------+-------------------+-------------------+--------------------+
| 0.958904109589041 | 0.959294911349706 | 0.958904109589041 | 0.9589195446652518 |
+-------------------+-------------------+-------------------+--------------------+

Epoch loss:0.0027062957951788204

+--------------------+--------------------+--------------------+--------------------+
|      Accuracy      |     Precision      |       Recall       |         F1         |
+--------------------+--------------------+--------------------+--------------------+
| 0.9315068493150684 | 0.9342319579017708 | 0.9315068493150684 | 0.9312739234294972 |
+--------------------+--------------------+--------------------+--------------------+

Epoch loss:0.01442969965238574

+--------------------+--------------------+--------------------+--------------------+
|      Accuracy      |     Precision      |       Recall       |         F1         |
+--------------------+--------------------+--------------------+--------------------+
| 0.9041095890410958 | 0.9045209593154799 | 0.9041095890410958 | 0.9041456042189209 |
+--------------------+--------------------+--------------------+--------------------+

Epoch loss:0.008684257761159844

+--------------------+--------------------+--------------------+--------------------+
|      Accuracy      |     Precision      |       Recall       |         F1         |
+--------------------+--------------------+--------------------+--------------------+
| 0.9452054794520548 | 0.9464300539643006 | 0.9452054794520548 | 0.9451021715324696 |
+--------------------+--------------------+--------------------+--------------------+

Epoch loss:0.019688980737208598

+--------------------+--------------------+--------------------+--------------------+
|      Accuracy      |     Precision      |       Recall       |         F1         |
+--------------------+--------------------+--------------------+--------------------+
| 0.9178082191780822 | 0.9188875051888752 | 0.9178082191780822 | 0.9176532572987045 |
+--------------------+--------------------+--------------------+--------------------+

Epoch loss:0.007787078225211558

+--------------------+--------------------+--------------------+--------------------+
|      Accuracy      |     Precision      |       Recall       |         F1         |
+--------------------+--------------------+--------------------+--------------------+
| 0.9315068493150684 | 0.9319079353325929 | 0.9315068493150684 | 0.9315325744420863 |
+--------------------+--------------------+--------------------+--------------------+

Epoch loss:0.00438241782615394

+--------------------+--------------------+--------------------+--------------------+
|      Accuracy      |     Precision      |       Recall       |         F1         |
+--------------------+--------------------+--------------------+--------------------+
| 0.9315068493150684 | 0.9342319579017708 | 0.9315068493150684 | 0.9312739234294972 |
+--------------------+--------------------+--------------------+--------------------+

Epoch loss:0.001267117952820991

+--------------------+--------------------+--------------------+--------------------+
|      Accuracy      |     Precision      |       Recall       |         F1         |
+--------------------+--------------------+--------------------+--------------------+
| 0.9726027397260274 | 0.9726027397260274 | 0.9726027397260274 | 0.9726027397260274 |
+--------------------+--------------------+--------------------+--------------------+

Epoch loss:0.004605963933538059

+--------------------+--------------------+--------------------+--------------------+
|      Accuracy      |     Precision      |       Recall       |         F1         |
+--------------------+--------------------+--------------------+--------------------+
| 0.9452054794520548 | 0.9464300539643006 | 0.9452054794520548 | 0.9451021715324696 |
+--------------------+--------------------+--------------------+--------------------+

Epoch loss:0.0036090682786842415

+--------------------+--------------------+--------------------+-------------------+
|      Accuracy      |     Precision      |       Recall       |         F1        |
+--------------------+--------------------+--------------------+-------------------+
| 0.9452054794520548 | 0.9466658439261179 | 0.9452054794520548 | 0.945226047965774 |
+--------------------+--------------------+--------------------+-------------------+

Epoch loss:0.0029795880355382555

+-------------------+-------------------+-------------------+--------------------+
|      Accuracy     |     Precision     |       Recall      |         F1         |
+-------------------+-------------------+-------------------+--------------------+
| 0.958904109589041 | 0.959294911349706 | 0.958904109589041 | 0.9589195446652518 |
+-------------------+-------------------+-------------------+--------------------+

Epoch loss:0.050889635359701826

+-------------------+-------------------+-------------------+--------------------+
|      Accuracy     |     Precision     |       Recall      |         F1         |
+-------------------+-------------------+-------------------+--------------------+
| 0.958904109589041 | 0.959294911349706 | 0.958904109589041 | 0.9589195446652518 |
+-------------------+-------------------+-------------------+--------------------+

Epoch loss:0.008062604049599692

+--------------------+--------------------+--------------------+--------------------+
|      Accuracy      |     Precision      |       Recall       |         F1         |
+--------------------+--------------------+--------------------+--------------------+
| 0.9863013698630136 | 0.9866818873668188 | 0.9863013698630136 | 0.9863065148884173 |
+--------------------+--------------------+--------------------+--------------------+

Epoch loss:0.027024574046981335

+--------------------+--------------------+--------------------+--------------------+
|      Accuracy      |     Precision      |       Recall       |         F1         |
+--------------------+--------------------+--------------------+--------------------+
| 0.9315068493150684 | 0.9342319579017708 | 0.9315068493150684 | 0.9312739234294972 |
+--------------------+--------------------+--------------------+--------------------+

Epoch loss:0.017315856358980298

+--------------------+--------------------+--------------------+--------------------+
|      Accuracy      |     Precision      |       Recall       |         F1         |
+--------------------+--------------------+--------------------+--------------------+
| 0.9726027397260274 | 0.9740836727138096 | 0.9726027397260274 | 0.9726130239828871 |
+--------------------+--------------------+--------------------+--------------------+

Epoch loss:0.062296301106974095

+--------------------+--------------------+--------------------+--------------------+
|      Accuracy      |     Precision      |       Recall       |         F1         |
+--------------------+--------------------+--------------------+--------------------+
| 0.9863013698630136 | 0.9866818873668188 | 0.9863013698630136 | 0.9863065148884173 |
+--------------------+--------------------+--------------------+--------------------+

Epoch loss:0.012221848737405444

+--------------------+--------------------+--------------------+-------------------+
|      Accuracy      |     Precision      |       Recall       |         F1        |
+--------------------+--------------------+--------------------+-------------------+
| 0.9452054794520548 | 0.9466658439261179 | 0.9452054794520548 | 0.945226047965774 |
+--------------------+--------------------+--------------------+-------------------+

Epoch loss:0.009938034792840203

+--------------------+-------------------+--------------------+--------------------+
|      Accuracy      |     Precision     |       Recall       |         F1         |
+--------------------+-------------------+--------------------+--------------------+
| 0.9452054794520548 | 0.950825430277485 | 0.9452054794520548 | 0.9451643424246162 |
+--------------------+-------------------+--------------------+--------------------+

Epoch loss:0.009079242831392704

+--------------------+--------------------+--------------------+--------------------+
|      Accuracy      |     Precision      |       Recall       |         F1         |
+--------------------+--------------------+--------------------+--------------------+
| 0.9452054794520548 | 0.9464300539643006 | 0.9452054794520548 | 0.9451021715324696 |
+--------------------+--------------------+--------------------+--------------------+

Epoch loss:0.03290402125290943

+--------------------+--------------------+--------------------+--------------------+
|      Accuracy      |     Precision      |       Recall       |         F1         |
+--------------------+--------------------+--------------------+--------------------+
| 0.9726027397260274 | 0.9726027397260274 | 0.9726027397260274 | 0.9726027397260274 |
+--------------------+--------------------+--------------------+--------------------+

Epoch loss:0.011592379102788637

+--------------------+--------------------+--------------------+-------------------+
|      Accuracy      |     Precision      |       Recall       |         F1        |
+--------------------+--------------------+--------------------+-------------------+
| 0.9452054794520548 | 0.9466658439261179 | 0.9452054794520548 | 0.945226047965774 |
+--------------------+--------------------+--------------------+-------------------+

Epoch loss:0.00781136634797853

+--------------------+--------------------+--------------------+--------------------+
|      Accuracy      |     Precision      |       Recall       |         F1         |
+--------------------+--------------------+--------------------+--------------------+
| 0.9452054794520548 | 0.9464300539643006 | 0.9452054794520548 | 0.9451021715324696 |
+--------------------+--------------------+--------------------+--------------------+

Epoch loss:0.006253270640304178

+--------------------+--------------------+--------------------+--------------------+
|      Accuracy      |     Precision      |       Recall       |         F1         |
+--------------------+--------------------+--------------------+--------------------+
| 0.9726027397260274 | 0.9726027397260274 | 0.9726027397260274 | 0.9726027397260274 |
+--------------------+--------------------+--------------------+--------------------+

Epoch loss:0.023030991081736465

+--------------------+--------------------+--------------------+--------------------+
|      Accuracy      |     Precision      |       Recall       |         F1         |
+--------------------+--------------------+--------------------+--------------------+
| 0.9178082191780822 | 0.9188875051888752 | 0.9178082191780822 | 0.9176532572987045 |
+--------------------+--------------------+--------------------+--------------------+

Epoch loss:0.049835040211878255

+-------------------+--------------------+-------------------+-------------------+
|      Accuracy     |     Precision      |       Recall      |         F1        |
+-------------------+--------------------+-------------------+-------------------+
| 0.958904109589041 | 0.9621485219899062 | 0.958904109589041 | 0.958904109589041 |
+-------------------+--------------------+-------------------+-------------------+

Epoch loss:0.0031069151748394056

+--------------------+--------------------+--------------------+-------------------+
|      Accuracy      |     Precision      |       Recall       |         F1        |
+--------------------+--------------------+--------------------+-------------------+
| 0.9452054794520548 | 0.9466658439261179 | 0.9452054794520548 | 0.945226047965774 |
+--------------------+--------------------+--------------------+-------------------+

Epoch loss:0.017620390744863955

+--------------------+--------------------+--------------------+--------------------+
|      Accuracy      |     Precision      |       Recall       |         F1         |
+--------------------+--------------------+--------------------+--------------------+
| 0.9452054794520548 | 0.9464300539643006 | 0.9452054794520548 | 0.9451021715324696 |
+--------------------+--------------------+--------------------+--------------------+

Epoch loss:0.012264051613258128

+-------------------+--------------------+-------------------+--------------------+
|      Accuracy     |     Precision      |       Recall      |         F1         |
+-------------------+--------------------+-------------------+--------------------+
| 0.958904109589041 | 0.9592037025558378 | 0.958904109589041 | 0.9588731697129552 |
+-------------------+--------------------+-------------------+--------------------+

Epoch loss:0.016600994644932154

+--------------------+--------------------+--------------------+--------------------+
|      Accuracy      |     Precision      |       Recall       |         F1         |
+--------------------+--------------------+--------------------+--------------------+
| 0.9315068493150684 | 0.9317547883220728 | 0.9315068493150684 | 0.9314552828549255 |
+--------------------+--------------------+--------------------+--------------------+

Epoch loss:0.0029735263164564598

+--------------------+--------------------+--------------------+--------------------+
|      Accuracy      |     Precision      |       Recall       |         F1         |
+--------------------+--------------------+--------------------+--------------------+
| 0.9178082191780822 | 0.9225638112072051 | 0.9178082191780822 | 0.9173723536737235 |
+--------------------+--------------------+--------------------+--------------------+

Epoch loss:0.015314046954360906

+-------------------+--------------------+-------------------+--------------------+
|      Accuracy     |     Precision      |       Recall      |         F1         |
+-------------------+--------------------+-------------------+--------------------+
| 0.958904109589041 | 0.9592037025558378 | 0.958904109589041 | 0.9588731697129552 |
+-------------------+--------------------+-------------------+--------------------+

Epoch loss:0.001463948911645762

+--------------------+--------------------+--------------------+--------------------+
|      Accuracy      |     Precision      |       Recall       |         F1         |
+--------------------+--------------------+--------------------+--------------------+
| 0.9178082191780822 | 0.9178082191780822 | 0.9178082191780822 | 0.9178082191780822 |
+--------------------+--------------------+--------------------+--------------------+

Epoch loss:0.009941971384532405

+--------------------+--------------------+--------------------+--------------------+
|      Accuracy      |     Precision      |       Recall       |         F1         |
+--------------------+--------------------+--------------------+--------------------+
| 0.9041095890410958 | 0.9113836678347668 | 0.9041095890410958 | 0.9033810768970586 |
+--------------------+--------------------+--------------------+--------------------+

Epoch loss:0.005475723973099463

+--------------------+--------------------+--------------------+--------------------+
|      Accuracy      |     Precision      |       Recall       |         F1         |
+--------------------+--------------------+--------------------+--------------------+
| 0.9726027397260274 | 0.9726027397260274 | 0.9726027397260274 | 0.9726027397260274 |
+--------------------+--------------------+--------------------+--------------------+

Epoch loss:0.00577631700255604

+--------------------+--------------------+--------------------+--------------------+
|      Accuracy      |     Precision      |       Recall       |         F1         |
+--------------------+--------------------+--------------------+--------------------+
| 0.9452054794520548 | 0.9464300539643006 | 0.9452054794520548 | 0.9451021715324696 |
+--------------------+--------------------+--------------------+--------------------+

Epoch loss:0.02834270975950617

+--------------------+--------------------+--------------------+--------------------+
|      Accuracy      |     Precision      |       Recall       |         F1         |
+--------------------+--------------------+--------------------+--------------------+
| 0.9726027397260274 | 0.9740836727138096 | 0.9726027397260274 | 0.9726130239828871 |
+--------------------+--------------------+--------------------+--------------------+

Epoch loss:0.008351869609558865

+--------------------+--------------------+--------------------+--------------------+
|      Accuracy      |     Precision      |       Recall       |         F1         |
+--------------------+--------------------+--------------------+--------------------+
| 0.8904109589041096 | 0.9006527246961825 | 0.8904109589041096 | 0.8892833277647846 |
+--------------------+--------------------+--------------------+--------------------+

Epoch loss:0.040782925854788765

+--------------------+--------------------+--------------------+--------------------+
|      Accuracy      |     Precision      |       Recall       |         F1         |
+--------------------+--------------------+--------------------+--------------------+
| 0.9726027397260274 | 0.9740836727138096 | 0.9726027397260274 | 0.9726130239828871 |
+--------------------+--------------------+--------------------+--------------------+

Epoch loss:3.602594384488922e-05

+--------------------+--------------------+--------------------+--------------------+
|      Accuracy      |     Precision      |       Recall       |         F1         |
+--------------------+--------------------+--------------------+--------------------+
| 0.9315068493150684 | 0.9346585642187661 | 0.9315068493150684 | 0.9315068493150684 |
+--------------------+--------------------+--------------------+--------------------+

Epoch loss:0.02475579240701765

+-------------------+--------------------+-------------------+-------------------+
|      Accuracy     |     Precision      |       Recall      |         F1        |
+-------------------+--------------------+-------------------+-------------------+
| 0.958904109589041 | 0.9621485219899062 | 0.958904109589041 | 0.958904109589041 |
+-------------------+--------------------+-------------------+-------------------+

Epoch loss:0.0006923762241743838

+--------------------+--------------------+--------------------+--------------------+
|      Accuracy      |     Precision      |       Recall       |         F1         |
+--------------------+--------------------+--------------------+--------------------+
| 0.9726027397260274 | 0.9740836727138096 | 0.9726027397260274 | 0.9726130239828871 |
+--------------------+--------------------+--------------------+--------------------+

Epoch loss:0.0005501102501870843

+-------------------+--------------------+-------------------+--------------------+
|      Accuracy     |     Precision      |       Recall      |         F1         |
+-------------------+--------------------+-------------------+--------------------+
| 0.958904109589041 | 0.9592037025558378 | 0.958904109589041 | 0.9588731697129552 |
+-------------------+--------------------+-------------------+--------------------+

Epoch loss:0.006825657479112928

+-------------------+-------------------+-------------------+--------------------+
|      Accuracy     |     Precision     |       Recall      |         F1         |
+-------------------+-------------------+-------------------+--------------------+
| 0.958904109589041 | 0.959294911349706 | 0.958904109589041 | 0.9589195446652518 |
+-------------------+-------------------+-------------------+--------------------+

Epoch loss:0.0074302084027877534

+--------------------+--------------------+--------------------+--------------------+
|      Accuracy      |     Precision      |       Recall       |         F1         |
+--------------------+--------------------+--------------------+--------------------+
| 0.9452054794520548 | 0.9464300539643006 | 0.9452054794520548 | 0.9451021715324696 |
+--------------------+--------------------+--------------------+--------------------+

Epoch loss:2.4366619976569472e-05

+-------------------+--------------------+-------------------+-------------------+
|      Accuracy     |     Precision      |       Recall      |         F1        |
+-------------------+--------------------+-------------------+-------------------+
| 0.958904109589041 | 0.9621485219899062 | 0.958904109589041 | 0.958904109589041 |
+-------------------+--------------------+-------------------+-------------------+

Epoch loss:0.012121776205633318

+-------------------+--------------------+-------------------+-------------------+
|      Accuracy     |     Precision      |       Recall      |         F1        |
+-------------------+--------------------+-------------------+-------------------+
| 0.958904109589041 | 0.9621485219899062 | 0.958904109589041 | 0.958904109589041 |
+-------------------+--------------------+-------------------+-------------------+

Epoch loss:0.0006936455992397203

+--------------------+--------------------+--------------------+--------------------+
|      Accuracy      |     Precision      |       Recall       |         F1         |
+--------------------+--------------------+--------------------+--------------------+
| 0.9452054794520548 | 0.9452054794520548 | 0.9452054794520548 | 0.9452054794520548 |
+--------------------+--------------------+--------------------+--------------------+

Epoch loss:0.007126500526821301

+-------------------+--------------------+-------------------+--------------------+
|      Accuracy     |     Precision      |       Recall      |         F1         |
+-------------------+--------------------+-------------------+--------------------+
| 0.958904109589041 | 0.9592037025558378 | 0.958904109589041 | 0.9588731697129552 |
+-------------------+--------------------+-------------------+--------------------+

Epoch loss:0.010806835498851062

+--------------------+--------------------+--------------------+--------------------+
|      Accuracy      |     Precision      |       Recall       |         F1         |
+--------------------+--------------------+--------------------+--------------------+
| 0.8904109589041096 | 0.9107996177126474 | 0.8904109589041096 | 0.8895844955474287 |
+--------------------+--------------------+--------------------+--------------------+

Epoch loss:0.004905281623211067

+--------------------+--------------------+--------------------+--------------------+
|      Accuracy      |     Precision      |       Recall       |         F1         |
+--------------------+--------------------+--------------------+--------------------+
| 0.9315068493150684 | 0.9342319579017708 | 0.9315068493150684 | 0.9312739234294972 |
+--------------------+--------------------+--------------------+--------------------+

Epoch loss:0.002960473055349759

+--------------------+--------------------+--------------------+--------------------+
|      Accuracy      |     Precision      |       Recall       |         F1         |
+--------------------+--------------------+--------------------+--------------------+
| 0.9726027397260274 | 0.9726027397260274 | 0.9726027397260274 | 0.9726027397260274 |
+--------------------+--------------------+--------------------+--------------------+

Epoch loss:0.03647688175865802

+-------------------+--------------------+-------------------+--------------------+
|      Accuracy     |     Precision      |       Recall      |         F1         |
+-------------------+--------------------+-------------------+--------------------+
| 0.958904109589041 | 0.9592037025558378 | 0.958904109589041 | 0.9588731697129552 |
+-------------------+--------------------+-------------------+--------------------+

Epoch loss:0.0029048150816144845

+-------------------+--------------------+-------------------+--------------------+
|      Accuracy     |     Precision      |       Recall      |         F1         |
+-------------------+--------------------+-------------------+--------------------+
| 0.958904109589041 | 0.9592037025558378 | 0.958904109589041 | 0.9588731697129552 |
+-------------------+--------------------+-------------------+--------------------+

Epoch loss:7.657725691681475e-05

+--------------------+--------------------+--------------------+--------------------+
|      Accuracy      |     Precision      |       Recall       |         F1         |
+--------------------+--------------------+--------------------+--------------------+
| 0.9863013698630136 | 0.9866818873668188 | 0.9863013698630136 | 0.9863065148884173 |
+--------------------+--------------------+--------------------+--------------------+

Epoch loss:0.023138251462690468

+--------------------+--------------------+--------------------+--------------------+
|      Accuracy      |     Precision      |       Recall       |         F1         |
+--------------------+--------------------+--------------------+--------------------+
| 0.9452054794520548 | 0.9452054794520548 | 0.9452054794520548 | 0.9452054794520548 |
+--------------------+--------------------+--------------------+--------------------+

Epoch loss:0.02423071571028645

+--------------------+--------------------+--------------------+--------------------+
|      Accuracy      |     Precision      |       Recall       |         F1         |
+--------------------+--------------------+--------------------+--------------------+
| 0.9726027397260274 | 0.9726027397260274 | 0.9726027397260274 | 0.9726027397260274 |
+--------------------+--------------------+--------------------+--------------------+

Epoch loss:0.003169451490775488

+-------------------+--------------------+-------------------+-------------------+
|      Accuracy     |     Precision      |       Recall      |         F1        |
+-------------------+--------------------+-------------------+-------------------+
| 0.958904109589041 | 0.9621485219899062 | 0.958904109589041 | 0.958904109589041 |
+-------------------+--------------------+-------------------+-------------------+

Epoch loss:0.035642742344553446

+-------------------+--------------------+-------------------+--------------------+
|      Accuracy     |     Precision      |       Recall      |         F1         |
+-------------------+--------------------+-------------------+--------------------+
| 0.958904109589041 | 0.9592037025558378 | 0.958904109589041 | 0.9588731697129552 |
+-------------------+--------------------+-------------------+--------------------+

Epoch loss:0.001067929247554773

+--------------------+-------------------+--------------------+--------------------+
|      Accuracy      |     Precision     |       Recall       |         F1         |
+--------------------+-------------------+--------------------+--------------------+
| 0.9315068493150684 | 0.940068493150685 | 0.9315068493150684 | 0.9313782236799794 |
+--------------------+-------------------+--------------------+--------------------+

Epoch loss:0.004499865655697305

+-------------------+-------------------+-------------------+--------------------+
|      Accuracy     |     Precision     |       Recall      |         F1         |
+-------------------+-------------------+-------------------+--------------------+
| 0.958904109589041 | 0.959294911349706 | 0.958904109589041 | 0.9589195446652518 |
+-------------------+-------------------+-------------------+--------------------+

Epoch loss:0.0019217720616844895

+--------------------+--------------------+--------------------+--------------------+
|      Accuracy      |     Precision      |       Recall       |         F1         |
+--------------------+--------------------+--------------------+--------------------+
| 0.9726027397260274 | 0.9726027397260274 | 0.9726027397260274 | 0.9726027397260274 |
+--------------------+--------------------+--------------------+--------------------+

Epoch loss:0.011628989873083246

+--------------------+--------------------+--------------------+--------------------+
|      Accuracy      |     Precision      |       Recall       |         F1         |
+--------------------+--------------------+--------------------+--------------------+
| 0.9452054794520548 | 0.9464300539643006 | 0.9452054794520548 | 0.9451021715324696 |
+--------------------+--------------------+--------------------+--------------------+

Epoch loss:0.006935193271638475

+--------------------+--------------------+--------------------+-------------------+
|      Accuracy      |     Precision      |       Recall       |         F1        |
+--------------------+--------------------+--------------------+-------------------+
| 0.9452054794520548 | 0.9466658439261179 | 0.9452054794520548 | 0.945226047965774 |
+--------------------+--------------------+--------------------+-------------------+

Epoch loss:0.0007867676103657165

+--------------------+--------------------+--------------------+--------------------+
|      Accuracy      |     Precision      |       Recall       |         F1         |
+--------------------+--------------------+--------------------+--------------------+
| 0.9315068493150684 | 0.9319079353325929 | 0.9315068493150684 | 0.9315325744420863 |
+--------------------+--------------------+--------------------+--------------------+

Epoch loss:0.002138535760178705

+-------------------+-------------------+-------------------+--------------------+
|      Accuracy     |     Precision     |       Recall      |         F1         |
+-------------------+-------------------+-------------------+--------------------+
| 0.958904109589041 | 0.959294911349706 | 0.958904109589041 | 0.9589195446652518 |
+-------------------+-------------------+-------------------+--------------------+

Epoch loss:0.03207975709354927

+--------------------+--------------------+--------------------+--------------------+
|      Accuracy      |     Precision      |       Recall       |         F1         |
+--------------------+--------------------+--------------------+--------------------+
| 0.9315068493150684 | 0.9346585642187661 | 0.9315068493150684 | 0.9315068493150684 |
+--------------------+--------------------+--------------------+--------------------+

Epoch loss:0.025029080358522963

+--------------------+--------------------+--------------------+-------------------+
|      Accuracy      |     Precision      |       Recall       |         F1        |
+--------------------+--------------------+--------------------+-------------------+
| 0.9452054794520548 | 0.9466658439261179 | 0.9452054794520548 | 0.945226047965774 |
+--------------------+--------------------+--------------------+-------------------+

Epoch loss:0.01902429156385004

+--------------------+--------------------+--------------------+-------------------+
|      Accuracy      |     Precision      |       Recall       |         F1        |
+--------------------+--------------------+--------------------+-------------------+
| 0.9452054794520548 | 0.9466658439261179 | 0.9452054794520548 | 0.945226047965774 |
+--------------------+--------------------+--------------------+-------------------+

Epoch loss:0.023400184652796203

+--------------------+-------------------+--------------------+--------------------+
|      Accuracy      |     Precision     |       Recall       |         F1         |
+--------------------+-------------------+--------------------+--------------------+
| 0.9041095890410958 | 0.906552789842967 | 0.9041095890410958 | 0.9037834928012961 |
+--------------------+-------------------+--------------------+--------------------+

Epoch loss:7.190617949899221e-05

+--------------------+-------------------+--------------------+--------------------+
|      Accuracy      |     Precision     |       Recall       |         F1         |
+--------------------+-------------------+--------------------+--------------------+
| 0.9452054794520548 | 0.950825430277485 | 0.9452054794520548 | 0.9451643424246162 |
+--------------------+-------------------+--------------------+--------------------+

Epoch loss:0.02072770262506661

+--------------------+-------------------+--------------------+--------------------+
|      Accuracy      |     Precision     |       Recall       |         F1         |
+--------------------+-------------------+--------------------+--------------------+
| 0.9452054794520548 | 0.950825430277485 | 0.9452054794520548 | 0.9451643424246162 |
+--------------------+-------------------+--------------------+--------------------+

Epoch loss:0.004926718157176493

+--------------------+--------------------+--------------------+--------------------+
|      Accuracy      |     Precision      |       Recall       |         F1         |
+--------------------+--------------------+--------------------+--------------------+
| 0.9726027397260274 | 0.9740836727138096 | 0.9726027397260274 | 0.9726130239828871 |
+--------------------+--------------------+--------------------+--------------------+

Epoch loss:0.0005881752483352278

+--------------------+--------------------+--------------------+--------------------+
|      Accuracy      |     Precision      |       Recall       |         F1         |
+--------------------+--------------------+--------------------+--------------------+
| 0.9178082191780822 | 0.9178082191780822 | 0.9178082191780822 | 0.9178082191780822 |
+--------------------+--------------------+--------------------+--------------------+

Epoch loss:0.039974527557011134

+-------------------+-------------------+-------------------+--------------------+
|      Accuracy     |     Precision     |       Recall      |         F1         |
+-------------------+-------------------+-------------------+--------------------+
| 0.958904109589041 | 0.959294911349706 | 0.958904109589041 | 0.9589195446652518 |
+-------------------+-------------------+-------------------+--------------------+

Epoch loss:0.008600440324011223

+--------------------+--------------------+--------------------+--------------------+
|      Accuracy      |     Precision      |       Recall       |         F1         |
+--------------------+--------------------+--------------------+--------------------+
| 0.9315068493150684 | 0.9319079353325929 | 0.9315068493150684 | 0.9315325744420863 |
+--------------------+--------------------+--------------------+--------------------+

Epoch loss:0.0026111962044205812

+--------------------+--------------------+--------------------+--------------------+
|      Accuracy      |     Precision      |       Recall       |         F1         |
+--------------------+--------------------+--------------------+--------------------+
| 0.9863013698630136 | 0.9866818873668188 | 0.9863013698630136 | 0.9863065148884173 |
+--------------------+--------------------+--------------------+--------------------+

optimizer:
Adam (
Parameter Group 0
    amsgrad: False
    betas: (0.5, 0.5)
    capturable: False
    decoupled_weight_decay: False
    differentiable: False
    eps: 1e-08
    foreach: None
    fused: None
    lr: 0.0001
    maximize: False
    weight_decay: 0
)
model:
ResNet(
  (conv1): Conv2d(3, 64, kernel_size=(7, 7), stride=(2, 2), padding=(3, 3), bias=False)
  (bn1): BatchNorm2d(64, eps=1e-05, momentum=0.1, affine=True, track_running_stats=True)
  (relu): ReLU(inplace=True)
  (maxpool): MaxPool2d(kernel_size=3, stride=2, padding=1, dilation=1, ceil_mode=False)
  (layer1): Sequential(
    (0): Bottleneck(
      (conv1): Conv2d(64, 64, kernel_size=(1, 1), stride=(1, 1), bias=False)
      (bn1): BatchNorm2d(64, eps=1e-05, momentum=0.1, affine=True, track_running_stats=True)
      (conv2): Conv2d(64, 64, kernel_size=(3, 3), stride=(1, 1), padding=(1, 1), bias=False)
      (bn2): BatchNorm2d(64, eps=1e-05, momentum=0.1, affine=True, track_running_stats=True)
      (conv3): Conv2d(64, 256, kernel_size=(1, 1), stride=(1, 1), bias=False)
      (bn3): BatchNorm2d(256, eps=1e-05, momentum=0.1, affine=True, track_running_stats=True)
      (relu): ReLU(inplace=True)
      (downsample): Sequential(
        (0): Conv2d(64, 256, kernel_size=(1, 1), stride=(1, 1), bias=False)
        (1): BatchNorm2d(256, eps=1e-05, momentum=0.1, affine=True, track_running_stats=True)
      )
    )
    (1): Bottleneck(
      (conv1): Conv2d(256, 64, kernel_size=(1, 1), stride=(1, 1), bias=False)
      (bn1): BatchNorm2d(64, eps=1e-05, momentum=0.1, affine=True, track_running_stats=True)
      (conv2): Conv2d(64, 64, kernel_size=(3, 3), stride=(1, 1), padding=(1, 1), bias=False)
      (bn2): BatchNorm2d(64, eps=1e-05, momentum=0.1, affine=True, track_running_stats=True)
      (conv3): Conv2d(64, 256, kernel_size=(1, 1), stride=(1, 1), bias=False)
      (bn3): BatchNorm2d(256, eps=1e-05, momentum=0.1, affine=True, track_running_stats=True)
      (relu): ReLU(inplace=True)
    )
    (2): Bottleneck(
      (conv1): Conv2d(256, 64, kernel_size=(1, 1), stride=(1, 1), bias=False)
      (bn1): BatchNorm2d(64, eps=1e-05, momentum=0.1, affine=True, track_running_stats=True)
      (conv2): Conv2d(64, 64, kernel_size=(3, 3), stride=(1, 1), padding=(1, 1), bias=False)
      (bn2): BatchNorm2d(64, eps=1e-05, momentum=0.1, affine=True, track_running_stats=True)
      (conv3): Conv2d(64, 256, kernel_size=(1, 1), stride=(1, 1), bias=False)
      (bn3): BatchNorm2d(256, eps=1e-05, momentum=0.1, affine=True, track_running_stats=True)
      (relu): ReLU(inplace=True)
    )
  )
  (layer2): Sequential(
    (0): Bottleneck(
      (conv1): Conv2d(256, 128, kernel_size=(1, 1), stride=(1, 1), bias=False)
      (bn1): BatchNorm2d(128, eps=1e-05, momentum=0.1, affine=True, track_running_stats=True)
      (conv2): Conv2d(128, 128, kernel_size=(3, 3), stride=(2, 2), padding=(1, 1), bias=False)
      (bn2): BatchNorm2d(128, eps=1e-05, momentum=0.1, affine=True, track_running_stats=True)
      (conv3): Conv2d(128, 512, kernel_size=(1, 1), stride=(1, 1), bias=False)
      (bn3): BatchNorm2d(512, eps=1e-05, momentum=0.1, affine=True, track_running_stats=True)
      (relu): ReLU(inplace=True)
      (downsample): Sequential(
        (0): Conv2d(256, 512, kernel_size=(1, 1), stride=(2, 2), bias=False)
        (1): BatchNorm2d(512, eps=1e-05, momentum=0.1, affine=True, track_running_stats=True)
      )
    )
    (1): Bottleneck(
      (conv1): Conv2d(512, 128, kernel_size=(1, 1), stride=(1, 1), bias=False)
      (bn1): BatchNorm2d(128, eps=1e-05, momentum=0.1, affine=True, track_running_stats=True)
      (conv2): Conv2d(128, 128, kernel_size=(3, 3), stride=(1, 1), padding=(1, 1), bias=False)
      (bn2): BatchNorm2d(128, eps=1e-05, momentum=0.1, affine=True, track_running_stats=True)
      (conv3): Conv2d(128, 512, kernel_size=(1, 1), stride=(1, 1), bias=False)
      (bn3): BatchNorm2d(512, eps=1e-05, momentum=0.1, affine=True, track_running_stats=True)
      (relu): ReLU(inplace=True)
    )
    (2): Bottleneck(
      (conv1): Conv2d(512, 128, kernel_size=(1, 1), stride=(1, 1), bias=False)
      (bn1): BatchNorm2d(128, eps=1e-05, momentum=0.1, affine=True, track_running_stats=True)
      (conv2): Conv2d(128, 128, kernel_size=(3, 3), stride=(1, 1), padding=(1, 1), bias=False)
      (bn2): BatchNorm2d(128, eps=1e-05, momentum=0.1, affine=True, track_running_stats=True)
      (conv3): Conv2d(128, 512, kernel_size=(1, 1), stride=(1, 1), bias=False)
      (bn3): BatchNorm2d(512, eps=1e-05, momentum=0.1, affine=True, track_running_stats=True)
      (relu): ReLU(inplace=True)
    )
    (3): Bottleneck(
      (conv1): Conv2d(512, 128, kernel_size=(1, 1), stride=(1, 1), bias=False)
      (bn1): BatchNorm2d(128, eps=1e-05, momentum=0.1, affine=True, track_running_stats=True)
      (conv2): Conv2d(128, 128, kernel_size=(3, 3), stride=(1, 1), padding=(1, 1), bias=False)
      (bn2): BatchNorm2d(128, eps=1e-05, momentum=0.1, affine=True, track_running_stats=True)
      (conv3): Conv2d(128, 512, kernel_size=(1, 1), stride=(1, 1), bias=False)
      (bn3): BatchNorm2d(512, eps=1e-05, momentum=0.1, affine=True, track_running_stats=True)
      (relu): ReLU(inplace=True)
    )
  )
  (layer3): Sequential(
    (0): Bottleneck(
      (conv1): Conv2d(512, 256, kernel_size=(1, 1), stride=(1, 1), bias=False)
      (bn1): BatchNorm2d(256, eps=1e-05, momentum=0.1, affine=True, track_running_stats=True)
      (conv2): Conv2d(256, 256, kernel_size=(3, 3), stride=(2, 2), padding=(1, 1), bias=False)
      (bn2): BatchNorm2d(256, eps=1e-05, momentum=0.1, affine=True, track_running_stats=True)
      (conv3): Conv2d(256, 1024, kernel_size=(1, 1), stride=(1, 1), bias=False)
      (bn3): BatchNorm2d(1024, eps=1e-05, momentum=0.1, affine=True, track_running_stats=True)
      (relu): ReLU(inplace=True)
      (downsample): Sequential(
        (0): Conv2d(512, 1024, kernel_size=(1, 1), stride=(2, 2), bias=False)
        (1): BatchNorm2d(1024, eps=1e-05, momentum=0.1, affine=True, track_running_stats=True)
      )
    )
    (1): Bottleneck(
      (conv1): Conv2d(1024, 256, kernel_size=(1, 1), stride=(1, 1), bias=False)
      (bn1): BatchNorm2d(256, eps=1e-05, momentum=0.1, affine=True, track_running_stats=True)
      (conv2): Conv2d(256, 256, kernel_size=(3, 3), stride=(1, 1), padding=(1, 1), bias=False)
      (bn2): BatchNorm2d(256, eps=1e-05, momentum=0.1, affine=True, track_running_stats=True)
      (conv3): Conv2d(256, 1024, kernel_size=(1, 1), stride=(1, 1), bias=False)
      (bn3): BatchNorm2d(1024, eps=1e-05, momentum=0.1, affine=True, track_running_stats=True)
      (relu): ReLU(inplace=True)
    )
    (2): Bottleneck(
      (conv1): Conv2d(1024, 256, kernel_size=(1, 1), stride=(1, 1), bias=False)
      (bn1): BatchNorm2d(256, eps=1e-05, momentum=0.1, affine=True, track_running_stats=True)
      (conv2): Conv2d(256, 256, kernel_size=(3, 3), stride=(1, 1), padding=(1, 1), bias=False)
      (bn2): BatchNorm2d(256, eps=1e-05, momentum=0.1, affine=True, track_running_stats=True)
      (conv3): Conv2d(256, 1024, kernel_size=(1, 1), stride=(1, 1), bias=False)
      (bn3): BatchNorm2d(1024, eps=1e-05, momentum=0.1, affine=True, track_running_stats=True)
      (relu): ReLU(inplace=True)
    )
    (3): Bottleneck(
      (conv1): Conv2d(1024, 256, kernel_size=(1, 1), stride=(1, 1), bias=False)
      (bn1): BatchNorm2d(256, eps=1e-05, momentum=0.1, affine=True, track_running_stats=True)
      (conv2): Conv2d(256, 256, kernel_size=(3, 3), stride=(1, 1), padding=(1, 1), bias=False)
      (bn2): BatchNorm2d(256, eps=1e-05, momentum=0.1, affine=True, track_running_stats=True)
      (conv3): Conv2d(256, 1024, kernel_size=(1, 1), stride=(1, 1), bias=False)
      (bn3): BatchNorm2d(1024, eps=1e-05, momentum=0.1, affine=True, track_running_stats=True)
      (relu): ReLU(inplace=True)
    )
    (4): Bottleneck(
      (conv1): Conv2d(1024, 256, kernel_size=(1, 1), stride=(1, 1), bias=False)
      (bn1): BatchNorm2d(256, eps=1e-05, momentum=0.1, affine=True, track_running_stats=True)
      (conv2): Conv2d(256, 256, kernel_size=(3, 3), stride=(1, 1), padding=(1, 1), bias=False)
      (bn2): BatchNorm2d(256, eps=1e-05, momentum=0.1, affine=True, track_running_stats=True)
      (conv3): Conv2d(256, 1024, kernel_size=(1, 1), stride=(1, 1), bias=False)
      (bn3): BatchNorm2d(1024, eps=1e-05, momentum=0.1, affine=True, track_running_stats=True)
      (relu): ReLU(inplace=True)
    )
    (5): Bottleneck(
      (conv1): Conv2d(1024, 256, kernel_size=(1, 1), stride=(1, 1), bias=False)
      (bn1): BatchNorm2d(256, eps=1e-05, momentum=0.1, affine=True, track_running_stats=True)
      (conv2): Conv2d(256, 256, kernel_size=(3, 3), stride=(1, 1), padding=(1, 1), bias=False)
      (bn2): BatchNorm2d(256, eps=1e-05, momentum=0.1, affine=True, track_running_stats=True)
      (conv3): Conv2d(256, 1024, kernel_size=(1, 1), stride=(1, 1), bias=False)
      (bn3): BatchNorm2d(1024, eps=1e-05, momentum=0.1, affine=True, track_running_stats=True)
      (relu): ReLU(inplace=True)
    )
  )
  (layer4): Sequential(
    (0): Bottleneck(
      (conv1): Conv2d(1024, 512, kernel_size=(1, 1), stride=(1, 1), bias=False)
      (bn1): BatchNorm2d(512, eps=1e-05, momentum=0.1, affine=True, track_running_stats=True)
      (conv2): Conv2d(512, 512, kernel_size=(3, 3), stride=(2, 2), padding=(1, 1), bias=False)
      (bn2): BatchNorm2d(512, eps=1e-05, momentum=0.1, affine=True, track_running_stats=True)
      (conv3): Conv2d(512, 2048, kernel_size=(1, 1), stride=(1, 1), bias=False)
      (bn3): BatchNorm2d(2048, eps=1e-05, momentum=0.1, affine=True, track_running_stats=True)
      (relu): ReLU(inplace=True)
      (downsample): Sequential(
        (0): Conv2d(1024, 2048, kernel_size=(1, 1), stride=(2, 2), bias=False)
        (1): BatchNorm2d(2048, eps=1e-05, momentum=0.1, affine=True, track_running_stats=True)
      )
    )
    (1): Bottleneck(
      (conv1): Conv2d(2048, 512, kernel_size=(1, 1), stride=(1, 1), bias=False)
      (bn1): BatchNorm2d(512, eps=1e-05, momentum=0.1, affine=True, track_running_stats=True)
      (conv2): Conv2d(512, 512, kernel_size=(3, 3), stride=(1, 1), padding=(1, 1), bias=False)
      (bn2): BatchNorm2d(512, eps=1e-05, momentum=0.1, affine=True, track_running_stats=True)
      (conv3): Conv2d(512, 2048, kernel_size=(1, 1), stride=(1, 1), bias=False)
      (bn3): BatchNorm2d(2048, eps=1e-05, momentum=0.1, affine=True, track_running_stats=True)
      (relu): ReLU(inplace=True)
    )
    (2): Bottleneck(
      (conv1): Conv2d(2048, 512, kernel_size=(1, 1), stride=(1, 1), bias=False)
      (bn1): BatchNorm2d(512, eps=1e-05, momentum=0.1, affine=True, track_running_stats=True)
      (conv2): Conv2d(512, 512, kernel_size=(3, 3), stride=(1, 1), padding=(1, 1), bias=False)
      (bn2): BatchNorm2d(512, eps=1e-05, momentum=0.1, affine=True, track_running_stats=True)
      (conv3): Conv2d(512, 2048, kernel_size=(1, 1), stride=(1, 1), bias=False)
      (bn3): BatchNorm2d(2048, eps=1e-05, momentum=0.1, affine=True, track_running_stats=True)
      (relu): ReLU(inplace=True)
    )
  )
  (avgpool): AdaptiveAvgPool2d(output_size=(1, 1))
  (fc): Linear(in_features=2048, out_features=2, bias=True)
)

