Read csv file.......
Training device information:
+--------------------+-------------------------+---------------------------------+
|   number of gpu    |    applied gpu index    |         applied gpu name        |
+--------------------+-------------------------+---------------------------------+
|         2          |            0            |     NVIDIA GeForce RTX 3090     |
+--------------------+-------------------------+---------------------------------+

Use data information file:/home/zhangxiaohan/constitution/baseline/data.csv
Loading data from path: /home/zhangxiaohan/constitution/data/face......
data information:
+----------------------+----------------+----------------+---------------+----------+
|  number of samples   |  train number  |  valid number  |  test number  | percent  |
+----------------------+----------------+----------------+---------------+----------+
|         738          |      590       |       73       |       75      |   0.8    |
+----------------------+----------------+----------------+---------------+----------+

Classes information:
+------------+------------+
|     0      |     1      |
+------------+------------+
|     0      |     1      |
+------------+------------+

Train information:
+--------------------+-----------------+-----------------+----------+---------------------+----------+----------+-----------------------------------------------------------------------+
|       theme        |      resize     |    batch size   |  epoch   |    learning rate    |  beta1   |  beta2   |                            directory of log                           |
+--------------------+-----------------+-----------------+----------+---------------------+----------+----------+-----------------------------------------------------------------------+
|    constitution    |    (224, 224)   |        16       |   300    |        0.0001       |   0.5    |  0.999   |            /home/zhangxiaohan/constitution/baseline/workdir           |
+--------------------+-----------------+-----------------+----------+---------------------+----------+----------+-----------------------------------------------------------------------+

Train begins......
Epoch loss:0.6765486130843291

+--------------------+---------------------+--------------------+--------------------+
|      Accuracy      |      Precision      |       Recall       |         F1         |
+--------------------+---------------------+--------------------+--------------------+
| 0.4794520547945205 | 0.22987427284668793 | 0.4794520547945205 | 0.3107559614408929 |
+--------------------+---------------------+--------------------+--------------------+

Epoch loss:0.6708940138687959

+--------------------+---------------------+--------------------+--------------------+
|      Accuracy      |      Precision      |       Recall       |         F1         |
+--------------------+---------------------+--------------------+--------------------+
| 0.4794520547945205 | 0.22987427284668793 | 0.4794520547945205 | 0.3107559614408929 |
+--------------------+---------------------+--------------------+--------------------+

Epoch loss:0.6727242743646776

+--------------------+---------------------+--------------------+--------------------+
|      Accuracy      |      Precision      |       Recall       |         F1         |
+--------------------+---------------------+--------------------+--------------------+
| 0.4794520547945205 | 0.22987427284668793 | 0.4794520547945205 | 0.3107559614408929 |
+--------------------+---------------------+--------------------+--------------------+

Epoch loss:0.671116745149767

+--------------------+---------------------+--------------------+--------------------+
|      Accuracy      |      Precision      |       Recall       |         F1         |
+--------------------+---------------------+--------------------+--------------------+
| 0.4794520547945205 | 0.22987427284668793 | 0.4794520547945205 | 0.3107559614408929 |
+--------------------+---------------------+--------------------+--------------------+

Epoch loss:0.6710957047101613

+--------------------+---------------------+--------------------+--------------------+
|      Accuracy      |      Precision      |       Recall       |         F1         |
+--------------------+---------------------+--------------------+--------------------+
| 0.4794520547945205 | 0.22987427284668793 | 0.4794520547945205 | 0.3107559614408929 |
+--------------------+---------------------+--------------------+--------------------+

Epoch loss:0.6715629680736644

+--------------------+---------------------+--------------------+--------------------+
|      Accuracy      |      Precision      |       Recall       |         F1         |
+--------------------+---------------------+--------------------+--------------------+
| 0.4794520547945205 | 0.22987427284668793 | 0.4794520547945205 | 0.3107559614408929 |
+--------------------+---------------------+--------------------+--------------------+

Epoch loss:0.6703260766493307

+--------------------+---------------------+--------------------+--------------------+
|      Accuracy      |      Precision      |       Recall       |         F1         |
+--------------------+---------------------+--------------------+--------------------+
| 0.4794520547945205 | 0.22987427284668793 | 0.4794520547945205 | 0.3107559614408929 |
+--------------------+---------------------+--------------------+--------------------+

Epoch loss:0.6685350778940562

+--------------------+---------------------+--------------------+--------------------+
|      Accuracy      |      Precision      |       Recall       |         F1         |
+--------------------+---------------------+--------------------+--------------------+
| 0.4794520547945205 | 0.22987427284668793 | 0.4794520547945205 | 0.3107559614408929 |
+--------------------+---------------------+--------------------+--------------------+

Epoch loss:0.6710261493115812

+--------------------+---------------------+--------------------+--------------------+
|      Accuracy      |      Precision      |       Recall       |         F1         |
+--------------------+---------------------+--------------------+--------------------+
| 0.4794520547945205 | 0.22987427284668793 | 0.4794520547945205 | 0.3107559614408929 |
+--------------------+---------------------+--------------------+--------------------+

Epoch loss:0.6735324988494048

+--------------------+---------------------+--------------------+--------------------+
|      Accuracy      |      Precision      |       Recall       |         F1         |
+--------------------+---------------------+--------------------+--------------------+
| 0.4794520547945205 | 0.22987427284668793 | 0.4794520547945205 | 0.3107559614408929 |
+--------------------+---------------------+--------------------+--------------------+

Epoch loss:0.6712624285672162

+--------------------+---------------------+--------------------+--------------------+
|      Accuracy      |      Precision      |       Recall       |         F1         |
+--------------------+---------------------+--------------------+--------------------+
| 0.4794520547945205 | 0.22987427284668793 | 0.4794520547945205 | 0.3107559614408929 |
+--------------------+---------------------+--------------------+--------------------+

Epoch loss:0.6680943385974781

+--------------------+---------------------+--------------------+--------------------+
|      Accuracy      |      Precision      |       Recall       |         F1         |
+--------------------+---------------------+--------------------+--------------------+
| 0.4794520547945205 | 0.22987427284668793 | 0.4794520547945205 | 0.3107559614408929 |
+--------------------+---------------------+--------------------+--------------------+

Epoch loss:0.6685211674587147

+--------------------+---------------------+--------------------+--------------------+
|      Accuracy      |      Precision      |       Recall       |         F1         |
+--------------------+---------------------+--------------------+--------------------+
| 0.4794520547945205 | 0.22987427284668793 | 0.4794520547945205 | 0.3107559614408929 |
+--------------------+---------------------+--------------------+--------------------+

Epoch loss:0.6691321650066892

+--------------------+---------------------+--------------------+--------------------+
|      Accuracy      |      Precision      |       Recall       |         F1         |
+--------------------+---------------------+--------------------+--------------------+
| 0.4794520547945205 | 0.22987427284668793 | 0.4794520547945205 | 0.3107559614408929 |
+--------------------+---------------------+--------------------+--------------------+

Epoch loss:0.6700122179211797

+--------------------+---------------------+--------------------+--------------------+
|      Accuracy      |      Precision      |       Recall       |         F1         |
+--------------------+---------------------+--------------------+--------------------+
| 0.4794520547945205 | 0.22987427284668793 | 0.4794520547945205 | 0.3107559614408929 |
+--------------------+---------------------+--------------------+--------------------+

Epoch loss:0.6711943681175644

+--------------------+---------------------+--------------------+--------------------+
|      Accuracy      |      Precision      |       Recall       |         F1         |
+--------------------+---------------------+--------------------+--------------------+
| 0.4794520547945205 | 0.22987427284668793 | 0.4794520547945205 | 0.3107559614408929 |
+--------------------+---------------------+--------------------+--------------------+

Epoch loss:0.6710210506980484

+--------------------+---------------------+--------------------+--------------------+
|      Accuracy      |      Precision      |       Recall       |         F1         |
+--------------------+---------------------+--------------------+--------------------+
| 0.4794520547945205 | 0.22987427284668793 | 0.4794520547945205 | 0.3107559614408929 |
+--------------------+---------------------+--------------------+--------------------+

Epoch loss:0.6680657154804951

+--------------------+---------------------+--------------------+--------------------+
|      Accuracy      |      Precision      |       Recall       |         F1         |
+--------------------+---------------------+--------------------+--------------------+
| 0.4794520547945205 | 0.22987427284668793 | 0.4794520547945205 | 0.3107559614408929 |
+--------------------+---------------------+--------------------+--------------------+

Epoch loss:0.6714222978901219

+--------------------+---------------------+--------------------+--------------------+
|      Accuracy      |      Precision      |       Recall       |         F1         |
+--------------------+---------------------+--------------------+--------------------+
| 0.4794520547945205 | 0.22987427284668793 | 0.4794520547945205 | 0.3107559614408929 |
+--------------------+---------------------+--------------------+--------------------+

Epoch loss:0.6704912233997036

+--------------------+---------------------+--------------------+--------------------+
|      Accuracy      |      Precision      |       Recall       |         F1         |
+--------------------+---------------------+--------------------+--------------------+
| 0.4794520547945205 | 0.22987427284668793 | 0.4794520547945205 | 0.3107559614408929 |
+--------------------+---------------------+--------------------+--------------------+

Epoch loss:0.6697877500508282

+--------------------+---------------------+--------------------+--------------------+
|      Accuracy      |      Precision      |       Recall       |         F1         |
+--------------------+---------------------+--------------------+--------------------+
| 0.4794520547945205 | 0.22987427284668793 | 0.4794520547945205 | 0.3107559614408929 |
+--------------------+---------------------+--------------------+--------------------+

Epoch loss:0.6690152271373851

+--------------------+---------------------+--------------------+--------------------+
|      Accuracy      |      Precision      |       Recall       |         F1         |
+--------------------+---------------------+--------------------+--------------------+
| 0.4794520547945205 | 0.22987427284668793 | 0.4794520547945205 | 0.3107559614408929 |
+--------------------+---------------------+--------------------+--------------------+

Epoch loss:0.6695937675398749

+--------------------+---------------------+--------------------+--------------------+
|      Accuracy      |      Precision      |       Recall       |         F1         |
+--------------------+---------------------+--------------------+--------------------+
| 0.4794520547945205 | 0.22987427284668793 | 0.4794520547945205 | 0.3107559614408929 |
+--------------------+---------------------+--------------------+--------------------+

Epoch loss:0.669807712774019

+--------------------+---------------------+--------------------+--------------------+
|      Accuracy      |      Precision      |       Recall       |         F1         |
+--------------------+---------------------+--------------------+--------------------+
| 0.4794520547945205 | 0.22987427284668793 | 0.4794520547945205 | 0.3107559614408929 |
+--------------------+---------------------+--------------------+--------------------+

Epoch loss:0.6707076736398645

+--------------------+---------------------+--------------------+--------------------+
|      Accuracy      |      Precision      |       Recall       |         F1         |
+--------------------+---------------------+--------------------+--------------------+
| 0.4794520547945205 | 0.22987427284668793 | 0.4794520547945205 | 0.3107559614408929 |
+--------------------+---------------------+--------------------+--------------------+

Epoch loss:0.6714640807461094

+--------------------+---------------------+--------------------+--------------------+
|      Accuracy      |      Precision      |       Recall       |         F1         |
+--------------------+---------------------+--------------------+--------------------+
| 0.4794520547945205 | 0.22987427284668793 | 0.4794520547945205 | 0.3107559614408929 |
+--------------------+---------------------+--------------------+--------------------+

Epoch loss:0.6710819118731731

+--------------------+---------------------+--------------------+--------------------+
|      Accuracy      |      Precision      |       Recall       |         F1         |
+--------------------+---------------------+--------------------+--------------------+
| 0.4794520547945205 | 0.22987427284668793 | 0.4794520547945205 | 0.3107559614408929 |
+--------------------+---------------------+--------------------+--------------------+

Epoch loss:0.6697505229228252

+--------------------+---------------------+--------------------+--------------------+
|      Accuracy      |      Precision      |       Recall       |         F1         |
+--------------------+---------------------+--------------------+--------------------+
| 0.4794520547945205 | 0.22987427284668793 | 0.4794520547945205 | 0.3107559614408929 |
+--------------------+---------------------+--------------------+--------------------+

Epoch loss:0.6740214228630066

+--------------------+---------------------+--------------------+--------------------+
|      Accuracy      |      Precision      |       Recall       |         F1         |
+--------------------+---------------------+--------------------+--------------------+
| 0.4794520547945205 | 0.22987427284668793 | 0.4794520547945205 | 0.3107559614408929 |
+--------------------+---------------------+--------------------+--------------------+

Epoch loss:0.6706265452745799

+--------------------+---------------------+--------------------+--------------------+
|      Accuracy      |      Precision      |       Recall       |         F1         |
+--------------------+---------------------+--------------------+--------------------+
| 0.4794520547945205 | 0.22987427284668793 | 0.4794520547945205 | 0.3107559614408929 |
+--------------------+---------------------+--------------------+--------------------+

Epoch loss:0.6702563714336705

+--------------------+---------------------+--------------------+--------------------+
|      Accuracy      |      Precision      |       Recall       |         F1         |
+--------------------+---------------------+--------------------+--------------------+
| 0.4794520547945205 | 0.22987427284668793 | 0.4794520547945205 | 0.3107559614408929 |
+--------------------+---------------------+--------------------+--------------------+

Epoch loss:0.6681171687873634

+--------------------+---------------------+--------------------+--------------------+
|      Accuracy      |      Precision      |       Recall       |         F1         |
+--------------------+---------------------+--------------------+--------------------+
| 0.4794520547945205 | 0.22987427284668793 | 0.4794520547945205 | 0.3107559614408929 |
+--------------------+---------------------+--------------------+--------------------+

Epoch loss:0.6729673630482441

+--------------------+---------------------+--------------------+--------------------+
|      Accuracy      |      Precision      |       Recall       |         F1         |
+--------------------+---------------------+--------------------+--------------------+
| 0.4794520547945205 | 0.22987427284668793 | 0.4794520547945205 | 0.3107559614408929 |
+--------------------+---------------------+--------------------+--------------------+

Epoch loss:0.6688034759985434

+--------------------+---------------------+--------------------+--------------------+
|      Accuracy      |      Precision      |       Recall       |         F1         |
+--------------------+---------------------+--------------------+--------------------+
| 0.4794520547945205 | 0.22987427284668793 | 0.4794520547945205 | 0.3107559614408929 |
+--------------------+---------------------+--------------------+--------------------+

Epoch loss:0.668300398298212

+--------------------+---------------------+--------------------+--------------------+
|      Accuracy      |      Precision      |       Recall       |         F1         |
+--------------------+---------------------+--------------------+--------------------+
| 0.4794520547945205 | 0.22987427284668793 | 0.4794520547945205 | 0.3107559614408929 |
+--------------------+---------------------+--------------------+--------------------+

Epoch loss:0.6696646277968948

+--------------------+---------------------+--------------------+--------------------+
|      Accuracy      |      Precision      |       Recall       |         F1         |
+--------------------+---------------------+--------------------+--------------------+
| 0.4794520547945205 | 0.22987427284668793 | 0.4794520547945205 | 0.3107559614408929 |
+--------------------+---------------------+--------------------+--------------------+

Epoch loss:0.6686398966892345

+--------------------+---------------------+--------------------+--------------------+
|      Accuracy      |      Precision      |       Recall       |         F1         |
+--------------------+---------------------+--------------------+--------------------+
| 0.4794520547945205 | 0.22987427284668793 | 0.4794520547945205 | 0.3107559614408929 |
+--------------------+---------------------+--------------------+--------------------+

Epoch loss:0.6686218252053132

+--------------------+---------------------+--------------------+--------------------+
|      Accuracy      |      Precision      |       Recall       |         F1         |
+--------------------+---------------------+--------------------+--------------------+
| 0.4794520547945205 | 0.22987427284668793 | 0.4794520547945205 | 0.3107559614408929 |
+--------------------+---------------------+--------------------+--------------------+

Epoch loss:0.6689414704168165

+--------------------+---------------------+--------------------+--------------------+
|      Accuracy      |      Precision      |       Recall       |         F1         |
+--------------------+---------------------+--------------------+--------------------+
| 0.4794520547945205 | 0.22987427284668793 | 0.4794520547945205 | 0.3107559614408929 |
+--------------------+---------------------+--------------------+--------------------+

Epoch loss:0.6697633717511151

+--------------------+---------------------+--------------------+--------------------+
|      Accuracy      |      Precision      |       Recall       |         F1         |
+--------------------+---------------------+--------------------+--------------------+
| 0.4794520547945205 | 0.22987427284668793 | 0.4794520547945205 | 0.3107559614408929 |
+--------------------+---------------------+--------------------+--------------------+

Epoch loss:0.6676693188177573

+--------------------+---------------------+--------------------+--------------------+
|      Accuracy      |      Precision      |       Recall       |         F1         |
+--------------------+---------------------+--------------------+--------------------+
| 0.4794520547945205 | 0.22987427284668793 | 0.4794520547945205 | 0.3107559614408929 |
+--------------------+---------------------+--------------------+--------------------+

Epoch loss:0.6702822559588665

+--------------------+---------------------+--------------------+--------------------+
|      Accuracy      |      Precision      |       Recall       |         F1         |
+--------------------+---------------------+--------------------+--------------------+
| 0.4794520547945205 | 0.22987427284668793 | 0.4794520547945205 | 0.3107559614408929 |
+--------------------+---------------------+--------------------+--------------------+

Epoch loss:0.6671754588951936

+--------------------+---------------------+--------------------+--------------------+
|      Accuracy      |      Precision      |       Recall       |         F1         |
+--------------------+---------------------+--------------------+--------------------+
| 0.4794520547945205 | 0.22987427284668793 | 0.4794520547945205 | 0.3107559614408929 |
+--------------------+---------------------+--------------------+--------------------+

Epoch loss:0.6693144472869667

+--------------------+---------------------+--------------------+--------------------+
|      Accuracy      |      Precision      |       Recall       |         F1         |
+--------------------+---------------------+--------------------+--------------------+
| 0.4794520547945205 | 0.22987427284668793 | 0.4794520547945205 | 0.3107559614408929 |
+--------------------+---------------------+--------------------+--------------------+

Epoch loss:0.6670117635984678

+--------------------+---------------------+--------------------+--------------------+
|      Accuracy      |      Precision      |       Recall       |         F1         |
+--------------------+---------------------+--------------------+--------------------+
| 0.4794520547945205 | 0.22987427284668793 | 0.4794520547945205 | 0.3107559614408929 |
+--------------------+---------------------+--------------------+--------------------+

Epoch loss:0.6687608135713113

+--------------------+---------------------+--------------------+--------------------+
|      Accuracy      |      Precision      |       Recall       |         F1         |
+--------------------+---------------------+--------------------+--------------------+
| 0.4794520547945205 | 0.22987427284668793 | 0.4794520547945205 | 0.3107559614408929 |
+--------------------+---------------------+--------------------+--------------------+

Epoch loss:0.67004817240947

+--------------------+---------------------+--------------------+--------------------+
|      Accuracy      |      Precision      |       Recall       |         F1         |
+--------------------+---------------------+--------------------+--------------------+
| 0.4794520547945205 | 0.22987427284668793 | 0.4794520547945205 | 0.3107559614408929 |
+--------------------+---------------------+--------------------+--------------------+

Epoch loss:0.6681909770578951

+--------------------+---------------------+--------------------+--------------------+
|      Accuracy      |      Precision      |       Recall       |         F1         |
+--------------------+---------------------+--------------------+--------------------+
| 0.4794520547945205 | 0.22987427284668793 | 0.4794520547945205 | 0.3107559614408929 |
+--------------------+---------------------+--------------------+--------------------+

Epoch loss:0.671322413392969

+--------------------+---------------------+--------------------+--------------------+
|      Accuracy      |      Precision      |       Recall       |         F1         |
+--------------------+---------------------+--------------------+--------------------+
| 0.4794520547945205 | 0.22987427284668793 | 0.4794520547945205 | 0.3107559614408929 |
+--------------------+---------------------+--------------------+--------------------+

Epoch loss:0.6688586876199052

+--------------------+---------------------+--------------------+--------------------+
|      Accuracy      |      Precision      |       Recall       |         F1         |
+--------------------+---------------------+--------------------+--------------------+
| 0.4794520547945205 | 0.22987427284668793 | 0.4794520547945205 | 0.3107559614408929 |
+--------------------+---------------------+--------------------+--------------------+

Epoch loss:0.6696304856119929

+--------------------+---------------------+--------------------+--------------------+
|      Accuracy      |      Precision      |       Recall       |         F1         |
+--------------------+---------------------+--------------------+--------------------+
| 0.4794520547945205 | 0.22987427284668793 | 0.4794520547945205 | 0.3107559614408929 |
+--------------------+---------------------+--------------------+--------------------+

Epoch loss:0.6703905753187231

+--------------------+---------------------+--------------------+--------------------+
|      Accuracy      |      Precision      |       Recall       |         F1         |
+--------------------+---------------------+--------------------+--------------------+
| 0.4794520547945205 | 0.22987427284668793 | 0.4794520547945205 | 0.3107559614408929 |
+--------------------+---------------------+--------------------+--------------------+

Epoch loss:0.6686439562488247

+--------------------+---------------------+--------------------+--------------------+
|      Accuracy      |      Precision      |       Recall       |         F1         |
+--------------------+---------------------+--------------------+--------------------+
| 0.4794520547945205 | 0.22987427284668793 | 0.4794520547945205 | 0.3107559614408929 |
+--------------------+---------------------+--------------------+--------------------+

Epoch loss:0.670849308774278

+--------------------+---------------------+--------------------+--------------------+
|      Accuracy      |      Precision      |       Recall       |         F1         |
+--------------------+---------------------+--------------------+--------------------+
| 0.4794520547945205 | 0.22987427284668793 | 0.4794520547945205 | 0.3107559614408929 |
+--------------------+---------------------+--------------------+--------------------+

Epoch loss:0.6678097264186756

+--------------------+---------------------+--------------------+--------------------+
|      Accuracy      |      Precision      |       Recall       |         F1         |
+--------------------+---------------------+--------------------+--------------------+
| 0.4794520547945205 | 0.22987427284668793 | 0.4794520547945205 | 0.3107559614408929 |
+--------------------+---------------------+--------------------+--------------------+

Epoch loss:0.6698153212263778

+--------------------+---------------------+--------------------+--------------------+
|      Accuracy      |      Precision      |       Recall       |         F1         |
+--------------------+---------------------+--------------------+--------------------+
| 0.4794520547945205 | 0.22987427284668793 | 0.4794520547945205 | 0.3107559614408929 |
+--------------------+---------------------+--------------------+--------------------+

Epoch loss:0.669382235488376

+--------------------+---------------------+--------------------+--------------------+
|      Accuracy      |      Precision      |       Recall       |         F1         |
+--------------------+---------------------+--------------------+--------------------+
| 0.4794520547945205 | 0.22987427284668793 | 0.4794520547945205 | 0.3107559614408929 |
+--------------------+---------------------+--------------------+--------------------+

Epoch loss:0.6707722721873103

+--------------------+---------------------+--------------------+--------------------+
|      Accuracy      |      Precision      |       Recall       |         F1         |
+--------------------+---------------------+--------------------+--------------------+
| 0.4794520547945205 | 0.22987427284668793 | 0.4794520547945205 | 0.3107559614408929 |
+--------------------+---------------------+--------------------+--------------------+

Epoch loss:0.667836023343576

+--------------------+---------------------+--------------------+--------------------+
|      Accuracy      |      Precision      |       Recall       |         F1         |
+--------------------+---------------------+--------------------+--------------------+
| 0.4794520547945205 | 0.22987427284668793 | 0.4794520547945205 | 0.3107559614408929 |
+--------------------+---------------------+--------------------+--------------------+

Epoch loss:0.6676108982111957

+--------------------+---------------------+--------------------+--------------------+
|      Accuracy      |      Precision      |       Recall       |         F1         |
+--------------------+---------------------+--------------------+--------------------+
| 0.4794520547945205 | 0.22987427284668793 | 0.4794520547945205 | 0.3107559614408929 |
+--------------------+---------------------+--------------------+--------------------+

Epoch loss:0.6673905881675514

+--------------------+---------------------+--------------------+--------------------+
|      Accuracy      |      Precision      |       Recall       |         F1         |
+--------------------+---------------------+--------------------+--------------------+
| 0.4794520547945205 | 0.22987427284668793 | 0.4794520547945205 | 0.3107559614408929 |
+--------------------+---------------------+--------------------+--------------------+

Epoch loss:0.6670069871722041

+--------------------+---------------------+--------------------+--------------------+
|      Accuracy      |      Precision      |       Recall       |         F1         |
+--------------------+---------------------+--------------------+--------------------+
| 0.4794520547945205 | 0.22987427284668793 | 0.4794520547945205 | 0.3107559614408929 |
+--------------------+---------------------+--------------------+--------------------+

Epoch loss:0.67005758752694

+--------------------+---------------------+--------------------+--------------------+
|      Accuracy      |      Precision      |       Recall       |         F1         |
+--------------------+---------------------+--------------------+--------------------+
| 0.4794520547945205 | 0.22987427284668793 | 0.4794520547945205 | 0.3107559614408929 |
+--------------------+---------------------+--------------------+--------------------+

Epoch loss:0.6688337245502988

+--------------------+---------------------+--------------------+--------------------+
|      Accuracy      |      Precision      |       Recall       |         F1         |
+--------------------+---------------------+--------------------+--------------------+
| 0.4794520547945205 | 0.22987427284668793 | 0.4794520547945205 | 0.3107559614408929 |
+--------------------+---------------------+--------------------+--------------------+

Epoch loss:0.6705979801513053

+--------------------+---------------------+--------------------+--------------------+
|      Accuracy      |      Precision      |       Recall       |         F1         |
+--------------------+---------------------+--------------------+--------------------+
| 0.4794520547945205 | 0.22987427284668793 | 0.4794520547945205 | 0.3107559614408929 |
+--------------------+---------------------+--------------------+--------------------+

Epoch loss:0.6671621461172361

+--------------------+---------------------+--------------------+--------------------+
|      Accuracy      |      Precision      |       Recall       |         F1         |
+--------------------+---------------------+--------------------+--------------------+
| 0.4794520547945205 | 0.22987427284668793 | 0.4794520547945205 | 0.3107559614408929 |
+--------------------+---------------------+--------------------+--------------------+

Epoch loss:0.6697226376146883

+--------------------+---------------------+--------------------+--------------------+
|      Accuracy      |      Precision      |       Recall       |         F1         |
+--------------------+---------------------+--------------------+--------------------+
| 0.4794520547945205 | 0.22987427284668793 | 0.4794520547945205 | 0.3107559614408929 |
+--------------------+---------------------+--------------------+--------------------+

Epoch loss:0.669561593919187

+--------------------+---------------------+--------------------+--------------------+
|      Accuracy      |      Precision      |       Recall       |         F1         |
+--------------------+---------------------+--------------------+--------------------+
| 0.4794520547945205 | 0.22987427284668793 | 0.4794520547945205 | 0.3107559614408929 |
+--------------------+---------------------+--------------------+--------------------+

Epoch loss:0.667247343707729

+--------------------+---------------------+--------------------+--------------------+
|      Accuracy      |      Precision      |       Recall       |         F1         |
+--------------------+---------------------+--------------------+--------------------+
| 0.4794520547945205 | 0.22987427284668793 | 0.4794520547945205 | 0.3107559614408929 |
+--------------------+---------------------+--------------------+--------------------+

Epoch loss:0.6713434860513017

+--------------------+---------------------+--------------------+--------------------+
|      Accuracy      |      Precision      |       Recall       |         F1         |
+--------------------+---------------------+--------------------+--------------------+
| 0.4794520547945205 | 0.22987427284668793 | 0.4794520547945205 | 0.3107559614408929 |
+--------------------+---------------------+--------------------+--------------------+

Epoch loss:0.6677167770024892

+--------------------+---------------------+--------------------+--------------------+
|      Accuracy      |      Precision      |       Recall       |         F1         |
+--------------------+---------------------+--------------------+--------------------+
| 0.4794520547945205 | 0.22987427284668793 | 0.4794520547945205 | 0.3107559614408929 |
+--------------------+---------------------+--------------------+--------------------+

Epoch loss:0.6689217026169235

+--------------------+---------------------+--------------------+--------------------+
|      Accuracy      |      Precision      |       Recall       |         F1         |
+--------------------+---------------------+--------------------+--------------------+
| 0.4794520547945205 | 0.22987427284668793 | 0.4794520547945205 | 0.3107559614408929 |
+--------------------+---------------------+--------------------+--------------------+

Epoch loss:0.6686121160919601

+--------------------+---------------------+--------------------+--------------------+
|      Accuracy      |      Precision      |       Recall       |         F1         |
+--------------------+---------------------+--------------------+--------------------+
| 0.4794520547945205 | 0.22987427284668793 | 0.4794520547945205 | 0.3107559614408929 |
+--------------------+---------------------+--------------------+--------------------+

Epoch loss:0.6712860336174836

+--------------------+---------------------+--------------------+--------------------+
|      Accuracy      |      Precision      |       Recall       |         F1         |
+--------------------+---------------------+--------------------+--------------------+
| 0.4794520547945205 | 0.22987427284668793 | 0.4794520547945205 | 0.3107559614408929 |
+--------------------+---------------------+--------------------+--------------------+

Epoch loss:0.6715692346160477

+--------------------+---------------------+--------------------+--------------------+
|      Accuracy      |      Precision      |       Recall       |         F1         |
+--------------------+---------------------+--------------------+--------------------+
| 0.4794520547945205 | 0.22987427284668793 | 0.4794520547945205 | 0.3107559614408929 |
+--------------------+---------------------+--------------------+--------------------+

Epoch loss:0.6693826438607396

+--------------------+---------------------+--------------------+--------------------+
|      Accuracy      |      Precision      |       Recall       |         F1         |
+--------------------+---------------------+--------------------+--------------------+
| 0.4794520547945205 | 0.22987427284668793 | 0.4794520547945205 | 0.3107559614408929 |
+--------------------+---------------------+--------------------+--------------------+

Epoch loss:0.6709809271064965

+--------------------+---------------------+--------------------+--------------------+
|      Accuracy      |      Precision      |       Recall       |         F1         |
+--------------------+---------------------+--------------------+--------------------+
| 0.4794520547945205 | 0.22987427284668793 | 0.4794520547945205 | 0.3107559614408929 |
+--------------------+---------------------+--------------------+--------------------+

Epoch loss:0.6685949708964374

+--------------------+---------------------+--------------------+--------------------+
|      Accuracy      |      Precision      |       Recall       |         F1         |
+--------------------+---------------------+--------------------+--------------------+
| 0.4794520547945205 | 0.22987427284668793 | 0.4794520547945205 | 0.3107559614408929 |
+--------------------+---------------------+--------------------+--------------------+

Epoch loss:0.6694109568724761

+--------------------+---------------------+--------------------+--------------------+
|      Accuracy      |      Precision      |       Recall       |         F1         |
+--------------------+---------------------+--------------------+--------------------+
| 0.4794520547945205 | 0.22987427284668793 | 0.4794520547945205 | 0.3107559614408929 |
+--------------------+---------------------+--------------------+--------------------+

Epoch loss:0.670055044663919

+--------------------+---------------------+--------------------+--------------------+
|      Accuracy      |      Precision      |       Recall       |         F1         |
+--------------------+---------------------+--------------------+--------------------+
| 0.4794520547945205 | 0.22987427284668793 | 0.4794520547945205 | 0.3107559614408929 |
+--------------------+---------------------+--------------------+--------------------+

Epoch loss:0.6681993571487633

+--------------------+---------------------+--------------------+--------------------+
|      Accuracy      |      Precision      |       Recall       |         F1         |
+--------------------+---------------------+--------------------+--------------------+
| 0.4794520547945205 | 0.22987427284668793 | 0.4794520547945205 | 0.3107559614408929 |
+--------------------+---------------------+--------------------+--------------------+

Epoch loss:0.669772744178772

+--------------------+---------------------+--------------------+--------------------+
|      Accuracy      |      Precision      |       Recall       |         F1         |
+--------------------+---------------------+--------------------+--------------------+
| 0.4794520547945205 | 0.22987427284668793 | 0.4794520547945205 | 0.3107559614408929 |
+--------------------+---------------------+--------------------+--------------------+

Epoch loss:0.6693100945369618

+--------------------+---------------------+--------------------+--------------------+
|      Accuracy      |      Precision      |       Recall       |         F1         |
+--------------------+---------------------+--------------------+--------------------+
| 0.4794520547945205 | 0.22987427284668793 | 0.4794520547945205 | 0.3107559614408929 |
+--------------------+---------------------+--------------------+--------------------+

Epoch loss:0.669193040680241

+--------------------+---------------------+--------------------+--------------------+
|      Accuracy      |      Precision      |       Recall       |         F1         |
+--------------------+---------------------+--------------------+--------------------+
| 0.4794520547945205 | 0.22987427284668793 | 0.4794520547945205 | 0.3107559614408929 |
+--------------------+---------------------+--------------------+--------------------+

Epoch loss:0.6694932322244387

+--------------------+---------------------+--------------------+--------------------+
|      Accuracy      |      Precision      |       Recall       |         F1         |
+--------------------+---------------------+--------------------+--------------------+
| 0.4794520547945205 | 0.22987427284668793 | 0.4794520547945205 | 0.3107559614408929 |
+--------------------+---------------------+--------------------+--------------------+

Epoch loss:0.6700928098446614

+--------------------+---------------------+--------------------+--------------------+
|      Accuracy      |      Precision      |       Recall       |         F1         |
+--------------------+---------------------+--------------------+--------------------+
| 0.4794520547945205 | 0.22987427284668793 | 0.4794520547945205 | 0.3107559614408929 |
+--------------------+---------------------+--------------------+--------------------+

Epoch loss:0.6682238321046572

+--------------------+---------------------+--------------------+--------------------+
|      Accuracy      |      Precision      |       Recall       |         F1         |
+--------------------+---------------------+--------------------+--------------------+
| 0.4794520547945205 | 0.22987427284668793 | 0.4794520547945205 | 0.3107559614408929 |
+--------------------+---------------------+--------------------+--------------------+

Epoch loss:0.6693302989006042

+--------------------+---------------------+--------------------+--------------------+
|      Accuracy      |      Precision      |       Recall       |         F1         |
+--------------------+---------------------+--------------------+--------------------+
| 0.4794520547945205 | 0.22987427284668793 | 0.4794520547945205 | 0.3107559614408929 |
+--------------------+---------------------+--------------------+--------------------+

Epoch loss:0.6710587369429099

+--------------------+---------------------+--------------------+--------------------+
|      Accuracy      |      Precision      |       Recall       |         F1         |
+--------------------+---------------------+--------------------+--------------------+
| 0.4794520547945205 | 0.22987427284668793 | 0.4794520547945205 | 0.3107559614408929 |
+--------------------+---------------------+--------------------+--------------------+

Epoch loss:0.667632599134703

+--------------------+---------------------+--------------------+--------------------+
|      Accuracy      |      Precision      |       Recall       |         F1         |
+--------------------+---------------------+--------------------+--------------------+
| 0.4794520547945205 | 0.22987427284668793 | 0.4794520547945205 | 0.3107559614408929 |
+--------------------+---------------------+--------------------+--------------------+

Epoch loss:0.669237914923075

+--------------------+---------------------+--------------------+--------------------+
|      Accuracy      |      Precision      |       Recall       |         F1         |
+--------------------+---------------------+--------------------+--------------------+
| 0.4794520547945205 | 0.22987427284668793 | 0.4794520547945205 | 0.3107559614408929 |
+--------------------+---------------------+--------------------+--------------------+

Epoch loss:0.6675037580567438

+--------------------+---------------------+--------------------+--------------------+
|      Accuracy      |      Precision      |       Recall       |         F1         |
+--------------------+---------------------+--------------------+--------------------+
| 0.4794520547945205 | 0.22987427284668793 | 0.4794520547945205 | 0.3107559614408929 |
+--------------------+---------------------+--------------------+--------------------+

Epoch loss:0.6687828833992416

+--------------------+---------------------+--------------------+--------------------+
|      Accuracy      |      Precision      |       Recall       |         F1         |
+--------------------+---------------------+--------------------+--------------------+
| 0.4794520547945205 | 0.22987427284668793 | 0.4794520547945205 | 0.3107559614408929 |
+--------------------+---------------------+--------------------+--------------------+

Epoch loss:0.6683948684383083

+--------------------+---------------------+--------------------+--------------------+
|      Accuracy      |      Precision      |       Recall       |         F1         |
+--------------------+---------------------+--------------------+--------------------+
| 0.4794520547945205 | 0.22987427284668793 | 0.4794520547945205 | 0.3107559614408929 |
+--------------------+---------------------+--------------------+--------------------+

Epoch loss:0.6681221981306333

+--------------------+---------------------+--------------------+--------------------+
|      Accuracy      |      Precision      |       Recall       |         F1         |
+--------------------+---------------------+--------------------+--------------------+
| 0.4794520547945205 | 0.22987427284668793 | 0.4794520547945205 | 0.3107559614408929 |
+--------------------+---------------------+--------------------+--------------------+

Epoch loss:0.6687267036051363

+--------------------+---------------------+--------------------+--------------------+
|      Accuracy      |      Precision      |       Recall       |         F1         |
+--------------------+---------------------+--------------------+--------------------+
| 0.4794520547945205 | 0.22987427284668793 | 0.4794520547945205 | 0.3107559614408929 |
+--------------------+---------------------+--------------------+--------------------+

Epoch loss:0.6691665343336157

+--------------------+---------------------+--------------------+--------------------+
|      Accuracy      |      Precision      |       Recall       |         F1         |
+--------------------+---------------------+--------------------+--------------------+
| 0.4794520547945205 | 0.22987427284668793 | 0.4794520547945205 | 0.3107559614408929 |
+--------------------+---------------------+--------------------+--------------------+

Epoch loss:0.6690343747267852

+--------------------+---------------------+--------------------+--------------------+
|      Accuracy      |      Precision      |       Recall       |         F1         |
+--------------------+---------------------+--------------------+--------------------+
| 0.4794520547945205 | 0.22987427284668793 | 0.4794520547945205 | 0.3107559614408929 |
+--------------------+---------------------+--------------------+--------------------+

Epoch loss:0.6704708144471452

+--------------------+---------------------+--------------------+--------------------+
|      Accuracy      |      Precision      |       Recall       |         F1         |
+--------------------+---------------------+--------------------+--------------------+
| 0.4794520547945205 | 0.22987427284668793 | 0.4794520547945205 | 0.3107559614408929 |
+--------------------+---------------------+--------------------+--------------------+

Epoch loss:0.6680808711696316

+--------------------+---------------------+--------------------+--------------------+
|      Accuracy      |      Precision      |       Recall       |         F1         |
+--------------------+---------------------+--------------------+--------------------+
| 0.4794520547945205 | 0.22987427284668793 | 0.4794520547945205 | 0.3107559614408929 |
+--------------------+---------------------+--------------------+--------------------+

Epoch loss:0.6699860289290145

+--------------------+---------------------+--------------------+--------------------+
|      Accuracy      |      Precision      |       Recall       |         F1         |
+--------------------+---------------------+--------------------+--------------------+
| 0.4794520547945205 | 0.22987427284668793 | 0.4794520547945205 | 0.3107559614408929 |
+--------------------+---------------------+--------------------+--------------------+

Epoch loss:0.6700045095907675

+--------------------+---------------------+--------------------+--------------------+
|      Accuracy      |      Precision      |       Recall       |         F1         |
+--------------------+---------------------+--------------------+--------------------+
| 0.4794520547945205 | 0.22987427284668793 | 0.4794520547945205 | 0.3107559614408929 |
+--------------------+---------------------+--------------------+--------------------+

Epoch loss:0.6690938537185257

+--------------------+---------------------+--------------------+--------------------+
|      Accuracy      |      Precision      |       Recall       |         F1         |
+--------------------+---------------------+--------------------+--------------------+
| 0.4794520547945205 | 0.22987427284668793 | 0.4794520547945205 | 0.3107559614408929 |
+--------------------+---------------------+--------------------+--------------------+

Epoch loss:0.6675824281331655

+--------------------+---------------------+--------------------+--------------------+
|      Accuracy      |      Precision      |       Recall       |         F1         |
+--------------------+---------------------+--------------------+--------------------+
| 0.4794520547945205 | 0.22987427284668793 | 0.4794520547945205 | 0.3107559614408929 |
+--------------------+---------------------+--------------------+--------------------+

Epoch loss:0.6689839862488411

+--------------------+---------------------+--------------------+--------------------+
|      Accuracy      |      Precision      |       Recall       |         F1         |
+--------------------+---------------------+--------------------+--------------------+
| 0.4794520547945205 | 0.22987427284668793 | 0.4794520547945205 | 0.3107559614408929 |
+--------------------+---------------------+--------------------+--------------------+

Epoch loss:0.6697685025833748

+--------------------+---------------------+--------------------+--------------------+
|      Accuracy      |      Precision      |       Recall       |         F1         |
+--------------------+---------------------+--------------------+--------------------+
| 0.4794520547945205 | 0.22987427284668793 | 0.4794520547945205 | 0.3107559614408929 |
+--------------------+---------------------+--------------------+--------------------+

Epoch loss:0.6686749361656807

+--------------------+---------------------+--------------------+--------------------+
|      Accuracy      |      Precision      |       Recall       |         F1         |
+--------------------+---------------------+--------------------+--------------------+
| 0.4794520547945205 | 0.22987427284668793 | 0.4794520547945205 | 0.3107559614408929 |
+--------------------+---------------------+--------------------+--------------------+

Epoch loss:0.6674663714460425

+--------------------+---------------------+--------------------+--------------------+
|      Accuracy      |      Precision      |       Recall       |         F1         |
+--------------------+---------------------+--------------------+--------------------+
| 0.4794520547945205 | 0.22987427284668793 | 0.4794520547945205 | 0.3107559614408929 |
+--------------------+---------------------+--------------------+--------------------+

Epoch loss:0.669137403771684

+--------------------+---------------------+--------------------+--------------------+
|      Accuracy      |      Precision      |       Recall       |         F1         |
+--------------------+---------------------+--------------------+--------------------+
| 0.4794520547945205 | 0.22987427284668793 | 0.4794520547945205 | 0.3107559614408929 |
+--------------------+---------------------+--------------------+--------------------+

Epoch loss:0.6688323955278139

+--------------------+---------------------+--------------------+--------------------+
|      Accuracy      |      Precision      |       Recall       |         F1         |
+--------------------+---------------------+--------------------+--------------------+
| 0.4794520547945205 | 0.22987427284668793 | 0.4794520547945205 | 0.3107559614408929 |
+--------------------+---------------------+--------------------+--------------------+

Epoch loss:0.6687051573315183

+--------------------+---------------------+--------------------+--------------------+
|      Accuracy      |      Precision      |       Recall       |         F1         |
+--------------------+---------------------+--------------------+--------------------+
| 0.4794520547945205 | 0.22987427284668793 | 0.4794520547945205 | 0.3107559614408929 |
+--------------------+---------------------+--------------------+--------------------+

Epoch loss:0.6689814731881425

+--------------------+---------------------+--------------------+--------------------+
|      Accuracy      |      Precision      |       Recall       |         F1         |
+--------------------+---------------------+--------------------+--------------------+
| 0.4794520547945205 | 0.22987427284668793 | 0.4794520547945205 | 0.3107559614408929 |
+--------------------+---------------------+--------------------+--------------------+

Epoch loss:0.6668627213787388

+--------------------+---------------------+--------------------+--------------------+
|      Accuracy      |      Precision      |       Recall       |         F1         |
+--------------------+---------------------+--------------------+--------------------+
| 0.4794520547945205 | 0.22987427284668793 | 0.4794520547945205 | 0.3107559614408929 |
+--------------------+---------------------+--------------------+--------------------+

Epoch loss:0.6689638898179338

+--------------------+---------------------+--------------------+--------------------+
|      Accuracy      |      Precision      |       Recall       |         F1         |
+--------------------+---------------------+--------------------+--------------------+
| 0.4794520547945205 | 0.22987427284668793 | 0.4794520547945205 | 0.3107559614408929 |
+--------------------+---------------------+--------------------+--------------------+

Epoch loss:0.6691732970443932

+--------------------+---------------------+--------------------+--------------------+
|      Accuracy      |      Precision      |       Recall       |         F1         |
+--------------------+---------------------+--------------------+--------------------+
| 0.4794520547945205 | 0.22987427284668793 | 0.4794520547945205 | 0.3107559614408929 |
+--------------------+---------------------+--------------------+--------------------+

Epoch loss:0.6683792504104408

+--------------------+---------------------+--------------------+--------------------+
|      Accuracy      |      Precision      |       Recall       |         F1         |
+--------------------+---------------------+--------------------+--------------------+
| 0.4794520547945205 | 0.22987427284668793 | 0.4794520547945205 | 0.3107559614408929 |
+--------------------+---------------------+--------------------+--------------------+

Epoch loss:0.6690214485735506

+--------------------+---------------------+--------------------+--------------------+
|      Accuracy      |      Precision      |       Recall       |         F1         |
+--------------------+---------------------+--------------------+--------------------+
| 0.4794520547945205 | 0.22987427284668793 | 0.4794520547945205 | 0.3107559614408929 |
+--------------------+---------------------+--------------------+--------------------+

Epoch loss:0.6697850920058586

+--------------------+---------------------+--------------------+--------------------+
|      Accuracy      |      Precision      |       Recall       |         F1         |
+--------------------+---------------------+--------------------+--------------------+
| 0.4794520547945205 | 0.22987427284668793 | 0.4794520547945205 | 0.3107559614408929 |
+--------------------+---------------------+--------------------+--------------------+

Epoch loss:0.6680785562541034

+--------------------+---------------------+--------------------+--------------------+
|      Accuracy      |      Precision      |       Recall       |         F1         |
+--------------------+---------------------+--------------------+--------------------+
| 0.4794520547945205 | 0.22987427284668793 | 0.4794520547945205 | 0.3107559614408929 |
+--------------------+---------------------+--------------------+--------------------+

Epoch loss:0.6684104075302949

+--------------------+---------------------+--------------------+--------------------+
|      Accuracy      |      Precision      |       Recall       |         F1         |
+--------------------+---------------------+--------------------+--------------------+
| 0.4794520547945205 | 0.22987427284668793 | 0.4794520547945205 | 0.3107559614408929 |
+--------------------+---------------------+--------------------+--------------------+

Epoch loss:0.6679554323892336

+--------------------+---------------------+--------------------+--------------------+
|      Accuracy      |      Precision      |       Recall       |         F1         |
+--------------------+---------------------+--------------------+--------------------+
| 0.4794520547945205 | 0.22987427284668793 | 0.4794520547945205 | 0.3107559614408929 |
+--------------------+---------------------+--------------------+--------------------+

Epoch loss:0.6693918318361849

+--------------------+---------------------+--------------------+--------------------+
|      Accuracy      |      Precision      |       Recall       |         F1         |
+--------------------+---------------------+--------------------+--------------------+
| 0.4794520547945205 | 0.22987427284668793 | 0.4794520547945205 | 0.3107559614408929 |
+--------------------+---------------------+--------------------+--------------------+

Epoch loss:0.668725577560631

+--------------------+---------------------+--------------------+--------------------+
|      Accuracy      |      Precision      |       Recall       |         F1         |
+--------------------+---------------------+--------------------+--------------------+
| 0.4794520547945205 | 0.22987427284668793 | 0.4794520547945205 | 0.3107559614408929 |
+--------------------+---------------------+--------------------+--------------------+

Epoch loss:0.6690884425833419

+--------------------+---------------------+--------------------+--------------------+
|      Accuracy      |      Precision      |       Recall       |         F1         |
+--------------------+---------------------+--------------------+--------------------+
| 0.4794520547945205 | 0.22987427284668793 | 0.4794520547945205 | 0.3107559614408929 |
+--------------------+---------------------+--------------------+--------------------+

Epoch loss:0.6703928322405428

+--------------------+---------------------+--------------------+--------------------+
|      Accuracy      |      Precision      |       Recall       |         F1         |
+--------------------+---------------------+--------------------+--------------------+
| 0.4794520547945205 | 0.22987427284668793 | 0.4794520547945205 | 0.3107559614408929 |
+--------------------+---------------------+--------------------+--------------------+

Epoch loss:0.6684944758544097

+--------------------+---------------------+--------------------+--------------------+
|      Accuracy      |      Precision      |       Recall       |         F1         |
+--------------------+---------------------+--------------------+--------------------+
| 0.4794520547945205 | 0.22987427284668793 | 0.4794520547945205 | 0.3107559614408929 |
+--------------------+---------------------+--------------------+--------------------+

Epoch loss:0.6686999250102688

+--------------------+---------------------+--------------------+--------------------+
|      Accuracy      |      Precision      |       Recall       |         F1         |
+--------------------+---------------------+--------------------+--------------------+
| 0.4794520547945205 | 0.22987427284668793 | 0.4794520547945205 | 0.3107559614408929 |
+--------------------+---------------------+--------------------+--------------------+

Epoch loss:0.6679512052922636

+--------------------+---------------------+--------------------+--------------------+
|      Accuracy      |      Precision      |       Recall       |         F1         |
+--------------------+---------------------+--------------------+--------------------+
| 0.4794520547945205 | 0.22987427284668793 | 0.4794520547945205 | 0.3107559614408929 |
+--------------------+---------------------+--------------------+--------------------+

Epoch loss:0.6694549402675113

+--------------------+---------------------+--------------------+--------------------+
|      Accuracy      |      Precision      |       Recall       |         F1         |
+--------------------+---------------------+--------------------+--------------------+
| 0.4794520547945205 | 0.22987427284668793 | 0.4794520547945205 | 0.3107559614408929 |
+--------------------+---------------------+--------------------+--------------------+

Epoch loss:0.6685469102215122

+--------------------+---------------------+--------------------+--------------------+
|      Accuracy      |      Precision      |       Recall       |         F1         |
+--------------------+---------------------+--------------------+--------------------+
| 0.4794520547945205 | 0.22987427284668793 | 0.4794520547945205 | 0.3107559614408929 |
+--------------------+---------------------+--------------------+--------------------+

Epoch loss:0.670426956705145

+--------------------+---------------------+--------------------+--------------------+
|      Accuracy      |      Precision      |       Recall       |         F1         |
+--------------------+---------------------+--------------------+--------------------+
| 0.4794520547945205 | 0.22987427284668793 | 0.4794520547945205 | 0.3107559614408929 |
+--------------------+---------------------+--------------------+--------------------+

Epoch loss:0.6689456056904148

+--------------------+---------------------+--------------------+--------------------+
|      Accuracy      |      Precision      |       Recall       |         F1         |
+--------------------+---------------------+--------------------+--------------------+
| 0.4794520547945205 | 0.22987427284668793 | 0.4794520547945205 | 0.3107559614408929 |
+--------------------+---------------------+--------------------+--------------------+

Epoch loss:0.6684721225016826

+--------------------+---------------------+--------------------+--------------------+
|      Accuracy      |      Precision      |       Recall       |         F1         |
+--------------------+---------------------+--------------------+--------------------+
| 0.4794520547945205 | 0.22987427284668793 | 0.4794520547945205 | 0.3107559614408929 |
+--------------------+---------------------+--------------------+--------------------+

Epoch loss:0.6692326761580802

+--------------------+---------------------+--------------------+--------------------+
|      Accuracy      |      Precision      |       Recall       |         F1         |
+--------------------+---------------------+--------------------+--------------------+
| 0.4794520547945205 | 0.22987427284668793 | 0.4794520547945205 | 0.3107559614408929 |
+--------------------+---------------------+--------------------+--------------------+

Epoch loss:0.6691544329797899

+--------------------+---------------------+--------------------+--------------------+
|      Accuracy      |      Precision      |       Recall       |         F1         |
+--------------------+---------------------+--------------------+--------------------+
| 0.4794520547945205 | 0.22987427284668793 | 0.4794520547945205 | 0.3107559614408929 |
+--------------------+---------------------+--------------------+--------------------+

Epoch loss:0.6693432041116663

+--------------------+---------------------+--------------------+--------------------+
|      Accuracy      |      Precision      |       Recall       |         F1         |
+--------------------+---------------------+--------------------+--------------------+
| 0.4794520547945205 | 0.22987427284668793 | 0.4794520547945205 | 0.3107559614408929 |
+--------------------+---------------------+--------------------+--------------------+

Epoch loss:0.6682776985941706

+--------------------+---------------------+--------------------+--------------------+
|      Accuracy      |      Precision      |       Recall       |         F1         |
+--------------------+---------------------+--------------------+--------------------+
| 0.4794520547945205 | 0.22987427284668793 | 0.4794520547945205 | 0.3107559614408929 |
+--------------------+---------------------+--------------------+--------------------+

Epoch loss:0.66918809993847

+--------------------+---------------------+--------------------+--------------------+
|      Accuracy      |      Precision      |       Recall       |         F1         |
+--------------------+---------------------+--------------------+--------------------+
| 0.4794520547945205 | 0.22987427284668793 | 0.4794520547945205 | 0.3107559614408929 |
+--------------------+---------------------+--------------------+--------------------+

Epoch loss:0.6684272047635671

+--------------------+---------------------+--------------------+--------------------+
|      Accuracy      |      Precision      |       Recall       |         F1         |
+--------------------+---------------------+--------------------+--------------------+
| 0.4794520547945205 | 0.22987427284668793 | 0.4794520547945205 | 0.3107559614408929 |
+--------------------+---------------------+--------------------+--------------------+

Epoch loss:0.6700596809387207

+--------------------+---------------------+--------------------+--------------------+
|      Accuracy      |      Precision      |       Recall       |         F1         |
+--------------------+---------------------+--------------------+--------------------+
| 0.4794520547945205 | 0.22987427284668793 | 0.4794520547945205 | 0.3107559614408929 |
+--------------------+---------------------+--------------------+--------------------+

Epoch loss:0.6696384678015838

+--------------------+---------------------+--------------------+--------------------+
|      Accuracy      |      Precision      |       Recall       |         F1         |
+--------------------+---------------------+--------------------+--------------------+
| 0.4794520547945205 | 0.22987427284668793 | 0.4794520547945205 | 0.3107559614408929 |
+--------------------+---------------------+--------------------+--------------------+

Epoch loss:0.6687006467097515

+--------------------+---------------------+--------------------+--------------------+
|      Accuracy      |      Precision      |       Recall       |         F1         |
+--------------------+---------------------+--------------------+--------------------+
| 0.4794520547945205 | 0.22987427284668793 | 0.4794520547945205 | 0.3107559614408929 |
+--------------------+---------------------+--------------------+--------------------+

Epoch loss:0.6683171439815212

+--------------------+---------------------+--------------------+--------------------+
|      Accuracy      |      Precision      |       Recall       |         F1         |
+--------------------+---------------------+--------------------+--------------------+
| 0.4794520547945205 | 0.22987427284668793 | 0.4794520547945205 | 0.3107559614408929 |
+--------------------+---------------------+--------------------+--------------------+

Epoch loss:0.6686247410000982

+--------------------+---------------------+--------------------+--------------------+
|      Accuracy      |      Precision      |       Recall       |         F1         |
+--------------------+---------------------+--------------------+--------------------+
| 0.4794520547945205 | 0.22987427284668793 | 0.4794520547945205 | 0.3107559614408929 |
+--------------------+---------------------+--------------------+--------------------+

Epoch loss:0.6687858281908808

+--------------------+---------------------+--------------------+--------------------+
|      Accuracy      |      Precision      |       Recall       |         F1         |
+--------------------+---------------------+--------------------+--------------------+
| 0.4794520547945205 | 0.22987427284668793 | 0.4794520547945205 | 0.3107559614408929 |
+--------------------+---------------------+--------------------+--------------------+

Epoch loss:0.6684209672180382

+--------------------+---------------------+--------------------+--------------------+
|      Accuracy      |      Precision      |       Recall       |         F1         |
+--------------------+---------------------+--------------------+--------------------+
| 0.4794520547945205 | 0.22987427284668793 | 0.4794520547945205 | 0.3107559614408929 |
+--------------------+---------------------+--------------------+--------------------+

Epoch loss:0.6680043774682123

+--------------------+---------------------+--------------------+--------------------+
|      Accuracy      |      Precision      |       Recall       |         F1         |
+--------------------+---------------------+--------------------+--------------------+
| 0.4794520547945205 | 0.22987427284668793 | 0.4794520547945205 | 0.3107559614408929 |
+--------------------+---------------------+--------------------+--------------------+

Epoch loss:0.668019128812326

+--------------------+---------------------+--------------------+--------------------+
|      Accuracy      |      Precision      |       Recall       |         F1         |
+--------------------+---------------------+--------------------+--------------------+
| 0.4794520547945205 | 0.22987427284668793 | 0.4794520547945205 | 0.3107559614408929 |
+--------------------+---------------------+--------------------+--------------------+

Epoch loss:0.6681258227374103

+--------------------+---------------------+--------------------+--------------------+
|      Accuracy      |      Precision      |       Recall       |         F1         |
+--------------------+---------------------+--------------------+--------------------+
| 0.4794520547945205 | 0.22987427284668793 | 0.4794520547945205 | 0.3107559614408929 |
+--------------------+---------------------+--------------------+--------------------+

Epoch loss:0.6683330390904401

+--------------------+---------------------+--------------------+--------------------+
|      Accuracy      |      Precision      |       Recall       |         F1         |
+--------------------+---------------------+--------------------+--------------------+
| 0.4794520547945205 | 0.22987427284668793 | 0.4794520547945205 | 0.3107559614408929 |
+--------------------+---------------------+--------------------+--------------------+

Epoch loss:0.6682478849952286

+--------------------+---------------------+--------------------+--------------------+
|      Accuracy      |      Precision      |       Recall       |         F1         |
+--------------------+---------------------+--------------------+--------------------+
| 0.4794520547945205 | 0.22987427284668793 | 0.4794520547945205 | 0.3107559614408929 |
+--------------------+---------------------+--------------------+--------------------+

Epoch loss:0.6691134008201393

+--------------------+---------------------+--------------------+--------------------+
|      Accuracy      |      Precision      |       Recall       |         F1         |
+--------------------+---------------------+--------------------+--------------------+
| 0.4794520547945205 | 0.22987427284668793 | 0.4794520547945205 | 0.3107559614408929 |
+--------------------+---------------------+--------------------+--------------------+

Epoch loss:0.6681167757188952

+--------------------+---------------------+--------------------+--------------------+
|      Accuracy      |      Precision      |       Recall       |         F1         |
+--------------------+---------------------+--------------------+--------------------+
| 0.4794520547945205 | 0.22987427284668793 | 0.4794520547945205 | 0.3107559614408929 |
+--------------------+---------------------+--------------------+--------------------+

Epoch loss:0.6688371397353507

+--------------------+---------------------+--------------------+--------------------+
|      Accuracy      |      Precision      |       Recall       |         F1         |
+--------------------+---------------------+--------------------+--------------------+
| 0.4794520547945205 | 0.22987427284668793 | 0.4794520547945205 | 0.3107559614408929 |
+--------------------+---------------------+--------------------+--------------------+

Epoch loss:0.6683499007611662

+--------------------+---------------------+--------------------+--------------------+
|      Accuracy      |      Precision      |       Recall       |         F1         |
+--------------------+---------------------+--------------------+--------------------+
| 0.4794520547945205 | 0.22987427284668793 | 0.4794520547945205 | 0.3107559614408929 |
+--------------------+---------------------+--------------------+--------------------+

Epoch loss:0.6681858397818901

+--------------------+---------------------+--------------------+--------------------+
|      Accuracy      |      Precision      |       Recall       |         F1         |
+--------------------+---------------------+--------------------+--------------------+
| 0.4794520547945205 | 0.22987427284668793 | 0.4794520547945205 | 0.3107559614408929 |
+--------------------+---------------------+--------------------+--------------------+

Epoch loss:0.6691366450206654

+--------------------+---------------------+--------------------+--------------------+
|      Accuracy      |      Precision      |       Recall       |         F1         |
+--------------------+---------------------+--------------------+--------------------+
| 0.4794520547945205 | 0.22987427284668793 | 0.4794520547945205 | 0.3107559614408929 |
+--------------------+---------------------+--------------------+--------------------+

Epoch loss:0.6683684684134819

+--------------------+---------------------+--------------------+--------------------+
|      Accuracy      |      Precision      |       Recall       |         F1         |
+--------------------+---------------------+--------------------+--------------------+
| 0.4794520547945205 | 0.22987427284668793 | 0.4794520547945205 | 0.3107559614408929 |
+--------------------+---------------------+--------------------+--------------------+

Epoch loss:0.668155723326915

+--------------------+---------------------+--------------------+--------------------+
|      Accuracy      |      Precision      |       Recall       |         F1         |
+--------------------+---------------------+--------------------+--------------------+
| 0.4794520547945205 | 0.22987427284668793 | 0.4794520547945205 | 0.3107559614408929 |
+--------------------+---------------------+--------------------+--------------------+

Epoch loss:0.6682342033128481

+--------------------+---------------------+--------------------+--------------------+
|      Accuracy      |      Precision      |       Recall       |         F1         |
+--------------------+---------------------+--------------------+--------------------+
| 0.4794520547945205 | 0.22987427284668793 | 0.4794520547945205 | 0.3107559614408929 |
+--------------------+---------------------+--------------------+--------------------+

Epoch loss:0.6690809291762274

+--------------------+---------------------+--------------------+--------------------+
|      Accuracy      |      Precision      |       Recall       |         F1         |
+--------------------+---------------------+--------------------+--------------------+
| 0.4794520547945205 | 0.22987427284668793 | 0.4794520547945205 | 0.3107559614408929 |
+--------------------+---------------------+--------------------+--------------------+

Epoch loss:0.6682321380924534

+--------------------+---------------------+--------------------+--------------------+
|      Accuracy      |      Precision      |       Recall       |         F1         |
+--------------------+---------------------+--------------------+--------------------+
| 0.4794520547945205 | 0.22987427284668793 | 0.4794520547945205 | 0.3107559614408929 |
+--------------------+---------------------+--------------------+--------------------+

Epoch loss:0.6690233961955921

+--------------------+---------------------+--------------------+--------------------+
|      Accuracy      |      Precision      |       Recall       |         F1         |
+--------------------+---------------------+--------------------+--------------------+
| 0.4794520547945205 | 0.22987427284668793 | 0.4794520547945205 | 0.3107559614408929 |
+--------------------+---------------------+--------------------+--------------------+

Epoch loss:0.6681337807629559

+--------------------+---------------------+--------------------+--------------------+
|      Accuracy      |      Precision      |       Recall       |         F1         |
+--------------------+---------------------+--------------------+--------------------+
| 0.4794520547945205 | 0.22987427284668793 | 0.4794520547945205 | 0.3107559614408929 |
+--------------------+---------------------+--------------------+--------------------+

Epoch loss:0.6690793166289458

+--------------------+---------------------+--------------------+--------------------+
|      Accuracy      |      Precision      |       Recall       |         F1         |
+--------------------+---------------------+--------------------+--------------------+
| 0.4794520547945205 | 0.22987427284668793 | 0.4794520547945205 | 0.3107559614408929 |
+--------------------+---------------------+--------------------+--------------------+

Epoch loss:0.6695951899966678

+--------------------+---------------------+--------------------+--------------------+
|      Accuracy      |      Precision      |       Recall       |         F1         |
+--------------------+---------------------+--------------------+--------------------+
| 0.4794520547945205 | 0.22987427284668793 | 0.4794520547945205 | 0.3107559614408929 |
+--------------------+---------------------+--------------------+--------------------+

Epoch loss:0.6683835290573739

+--------------------+---------------------+--------------------+--------------------+
|      Accuracy      |      Precision      |       Recall       |         F1         |
+--------------------+---------------------+--------------------+--------------------+
| 0.4794520547945205 | 0.22987427284668793 | 0.4794520547945205 | 0.3107559614408929 |
+--------------------+---------------------+--------------------+--------------------+

Epoch loss:0.6692013933851912

+--------------------+---------------------+--------------------+--------------------+
|      Accuracy      |      Precision      |       Recall       |         F1         |
+--------------------+---------------------+--------------------+--------------------+
| 0.4794520547945205 | 0.22987427284668793 | 0.4794520547945205 | 0.3107559614408929 |
+--------------------+---------------------+--------------------+--------------------+

Epoch loss:0.6679044752507597

+--------------------+---------------------+--------------------+--------------------+
|      Accuracy      |      Precision      |       Recall       |         F1         |
+--------------------+---------------------+--------------------+--------------------+
| 0.4794520547945205 | 0.22987427284668793 | 0.4794520547945205 | 0.3107559614408929 |
+--------------------+---------------------+--------------------+--------------------+

Epoch loss:0.6688382271173838

+--------------------+---------------------+--------------------+--------------------+
|      Accuracy      |      Precision      |       Recall       |         F1         |
+--------------------+---------------------+--------------------+--------------------+
| 0.4794520547945205 | 0.22987427284668793 | 0.4794520547945205 | 0.3107559614408929 |
+--------------------+---------------------+--------------------+--------------------+

Epoch loss:0.667784734352215

+--------------------+---------------------+--------------------+--------------------+
|      Accuracy      |      Precision      |       Recall       |         F1         |
+--------------------+---------------------+--------------------+--------------------+
| 0.4794520547945205 | 0.22987427284668793 | 0.4794520547945205 | 0.3107559614408929 |
+--------------------+---------------------+--------------------+--------------------+

Epoch loss:0.6687488765329928

+--------------------+---------------------+--------------------+--------------------+
|      Accuracy      |      Precision      |       Recall       |         F1         |
+--------------------+---------------------+--------------------+--------------------+
| 0.4794520547945205 | 0.22987427284668793 | 0.4794520547945205 | 0.3107559614408929 |
+--------------------+---------------------+--------------------+--------------------+

Epoch loss:0.6687335678049036

+--------------------+---------------------+--------------------+--------------------+
|      Accuracy      |      Precision      |       Recall       |         F1         |
+--------------------+---------------------+--------------------+--------------------+
| 0.4794520547945205 | 0.22987427284668793 | 0.4794520547945205 | 0.3107559614408929 |
+--------------------+---------------------+--------------------+--------------------+

Epoch loss:0.6682747618572132

+--------------------+---------------------+--------------------+--------------------+
|      Accuracy      |      Precision      |       Recall       |         F1         |
+--------------------+---------------------+--------------------+--------------------+
| 0.4794520547945205 | 0.22987427284668793 | 0.4794520547945205 | 0.3107559614408929 |
+--------------------+---------------------+--------------------+--------------------+

Epoch loss:0.6676583386756278

+--------------------+---------------------+--------------------+--------------------+
|      Accuracy      |      Precision      |       Recall       |         F1         |
+--------------------+---------------------+--------------------+--------------------+
| 0.4794520547945205 | 0.22987427284668793 | 0.4794520547945205 | 0.3107559614408929 |
+--------------------+---------------------+--------------------+--------------------+

Epoch loss:0.6689761345450943

+--------------------+---------------------+--------------------+--------------------+
|      Accuracy      |      Precision      |       Recall       |         F1         |
+--------------------+---------------------+--------------------+--------------------+
| 0.4794520547945205 | 0.22987427284668793 | 0.4794520547945205 | 0.3107559614408929 |
+--------------------+---------------------+--------------------+--------------------+

Epoch loss:0.6688010966455614

+--------------------+---------------------+--------------------+--------------------+
|      Accuracy      |      Precision      |       Recall       |         F1         |
+--------------------+---------------------+--------------------+--------------------+
| 0.4794520547945205 | 0.22987427284668793 | 0.4794520547945205 | 0.3107559614408929 |
+--------------------+---------------------+--------------------+--------------------+

Epoch loss:0.6700163209760511

+--------------------+---------------------+--------------------+--------------------+
|      Accuracy      |      Precision      |       Recall       |         F1         |
+--------------------+---------------------+--------------------+--------------------+
| 0.4794520547945205 | 0.22987427284668793 | 0.4794520547945205 | 0.3107559614408929 |
+--------------------+---------------------+--------------------+--------------------+

Epoch loss:0.6687686604422491

+--------------------+---------------------+--------------------+--------------------+
|      Accuracy      |      Precision      |       Recall       |         F1         |
+--------------------+---------------------+--------------------+--------------------+
| 0.4794520547945205 | 0.22987427284668793 | 0.4794520547945205 | 0.3107559614408929 |
+--------------------+---------------------+--------------------+--------------------+

Epoch loss:0.6669730479652817

+--------------------+---------------------+--------------------+--------------------+
|      Accuracy      |      Precision      |       Recall       |         F1         |
+--------------------+---------------------+--------------------+--------------------+
| 0.4794520547945205 | 0.22987427284668793 | 0.4794520547945205 | 0.3107559614408929 |
+--------------------+---------------------+--------------------+--------------------+

Epoch loss:0.6685350295659658

+--------------------+---------------------+--------------------+--------------------+
|      Accuracy      |      Precision      |       Recall       |         F1         |
+--------------------+---------------------+--------------------+--------------------+
| 0.4794520547945205 | 0.22987427284668793 | 0.4794520547945205 | 0.3107559614408929 |
+--------------------+---------------------+--------------------+--------------------+

Epoch loss:0.6692197677251455

+--------------------+---------------------+--------------------+--------------------+
|      Accuracy      |      Precision      |       Recall       |         F1         |
+--------------------+---------------------+--------------------+--------------------+
| 0.4794520547945205 | 0.22987427284668793 | 0.4794520547945205 | 0.3107559614408929 |
+--------------------+---------------------+--------------------+--------------------+

Epoch loss:0.6679833096426886

+--------------------+---------------------+--------------------+--------------------+
|      Accuracy      |      Precision      |       Recall       |         F1         |
+--------------------+---------------------+--------------------+--------------------+
| 0.4794520547945205 | 0.22987427284668793 | 0.4794520547945205 | 0.3107559614408929 |
+--------------------+---------------------+--------------------+--------------------+

Epoch loss:0.6693825045147458

+--------------------+---------------------+--------------------+--------------------+
|      Accuracy      |      Precision      |       Recall       |         F1         |
+--------------------+---------------------+--------------------+--------------------+
| 0.4794520547945205 | 0.22987427284668793 | 0.4794520547945205 | 0.3107559614408929 |
+--------------------+---------------------+--------------------+--------------------+

Epoch loss:0.6686426433357032

+--------------------+---------------------+--------------------+--------------------+
|      Accuracy      |      Precision      |       Recall       |         F1         |
+--------------------+---------------------+--------------------+--------------------+
| 0.4794520547945205 | 0.22987427284668793 | 0.4794520547945205 | 0.3107559614408929 |
+--------------------+---------------------+--------------------+--------------------+

Epoch loss:0.6679855150145453

+--------------------+---------------------+--------------------+--------------------+
|      Accuracy      |      Precision      |       Recall       |         F1         |
+--------------------+---------------------+--------------------+--------------------+
| 0.4794520547945205 | 0.22987427284668793 | 0.4794520547945205 | 0.3107559614408929 |
+--------------------+---------------------+--------------------+--------------------+

Epoch loss:0.6682247616149284

+--------------------+---------------------+--------------------+--------------------+
|      Accuracy      |      Precision      |       Recall       |         F1         |
+--------------------+---------------------+--------------------+--------------------+
| 0.4794520547945205 | 0.22987427284668793 | 0.4794520547945205 | 0.3107559614408929 |
+--------------------+---------------------+--------------------+--------------------+

Epoch loss:0.668411765549634

+--------------------+---------------------+--------------------+--------------------+
|      Accuracy      |      Precision      |       Recall       |         F1         |
+--------------------+---------------------+--------------------+--------------------+
| 0.4794520547945205 | 0.22987427284668793 | 0.4794520547945205 | 0.3107559614408929 |
+--------------------+---------------------+--------------------+--------------------+

Epoch loss:0.6682291014774425

+--------------------+---------------------+--------------------+--------------------+
|      Accuracy      |      Precision      |       Recall       |         F1         |
+--------------------+---------------------+--------------------+--------------------+
| 0.4794520547945205 | 0.22987427284668793 | 0.4794520547945205 | 0.3107559614408929 |
+--------------------+---------------------+--------------------+--------------------+

Epoch loss:0.6690339832692533

+--------------------+---------------------+--------------------+--------------------+
|      Accuracy      |      Precision      |       Recall       |         F1         |
+--------------------+---------------------+--------------------+--------------------+
| 0.4794520547945205 | 0.22987427284668793 | 0.4794520547945205 | 0.3107559614408929 |
+--------------------+---------------------+--------------------+--------------------+

Epoch loss:0.6698670612799155

+--------------------+---------------------+--------------------+--------------------+
|      Accuracy      |      Precision      |       Recall       |         F1         |
+--------------------+---------------------+--------------------+--------------------+
| 0.4794520547945205 | 0.22987427284668793 | 0.4794520547945205 | 0.3107559614408929 |
+--------------------+---------------------+--------------------+--------------------+

Epoch loss:0.6689724503336726

+--------------------+---------------------+--------------------+--------------------+
|      Accuracy      |      Precision      |       Recall       |         F1         |
+--------------------+---------------------+--------------------+--------------------+
| 0.4794520547945205 | 0.22987427284668793 | 0.4794520547945205 | 0.3107559614408929 |
+--------------------+---------------------+--------------------+--------------------+

Epoch loss:0.6682764340091396

+--------------------+---------------------+--------------------+--------------------+
|      Accuracy      |      Precision      |       Recall       |         F1         |
+--------------------+---------------------+--------------------+--------------------+
| 0.4794520547945205 | 0.22987427284668793 | 0.4794520547945205 | 0.3107559614408929 |
+--------------------+---------------------+--------------------+--------------------+

Epoch loss:0.6689015755782256

+--------------------+---------------------+--------------------+--------------------+
|      Accuracy      |      Precision      |       Recall       |         F1         |
+--------------------+---------------------+--------------------+--------------------+
| 0.4794520547945205 | 0.22987427284668793 | 0.4794520547945205 | 0.3107559614408929 |
+--------------------+---------------------+--------------------+--------------------+

Epoch loss:0.667613643246728

+--------------------+---------------------+--------------------+--------------------+
|      Accuracy      |      Precision      |       Recall       |         F1         |
+--------------------+---------------------+--------------------+--------------------+
| 0.4794520547945205 | 0.22987427284668793 | 0.4794520547945205 | 0.3107559614408929 |
+--------------------+---------------------+--------------------+--------------------+

Epoch loss:0.6681479666684125

+--------------------+---------------------+--------------------+--------------------+
|      Accuracy      |      Precision      |       Recall       |         F1         |
+--------------------+---------------------+--------------------+--------------------+
| 0.4794520547945205 | 0.22987427284668793 | 0.4794520547945205 | 0.3107559614408929 |
+--------------------+---------------------+--------------------+--------------------+

Epoch loss:0.6692173078253463

+--------------------+---------------------+--------------------+--------------------+
|      Accuracy      |      Precision      |       Recall       |         F1         |
+--------------------+---------------------+--------------------+--------------------+
| 0.4794520547945205 | 0.22987427284668793 | 0.4794520547945205 | 0.3107559614408929 |
+--------------------+---------------------+--------------------+--------------------+

Epoch loss:0.6684849616643544

+--------------------+---------------------+--------------------+--------------------+
|      Accuracy      |      Precision      |       Recall       |         F1         |
+--------------------+---------------------+--------------------+--------------------+
| 0.4794520547945205 | 0.22987427284668793 | 0.4794520547945205 | 0.3107559614408929 |
+--------------------+---------------------+--------------------+--------------------+

Epoch loss:0.668529566880819

+--------------------+---------------------+--------------------+--------------------+
|      Accuracy      |      Precision      |       Recall       |         F1         |
+--------------------+---------------------+--------------------+--------------------+
| 0.4794520547945205 | 0.22987427284668793 | 0.4794520547945205 | 0.3107559614408929 |
+--------------------+---------------------+--------------------+--------------------+

Epoch loss:0.6690149130047979

+--------------------+---------------------+--------------------+--------------------+
|      Accuracy      |      Precision      |       Recall       |         F1         |
+--------------------+---------------------+--------------------+--------------------+
| 0.4794520547945205 | 0.22987427284668793 | 0.4794520547945205 | 0.3107559614408929 |
+--------------------+---------------------+--------------------+--------------------+

Epoch loss:0.6678157593752887

+--------------------+---------------------+--------------------+--------------------+
|      Accuracy      |      Precision      |       Recall       |         F1         |
+--------------------+---------------------+--------------------+--------------------+
| 0.4794520547945205 | 0.22987427284668793 | 0.4794520547945205 | 0.3107559614408929 |
+--------------------+---------------------+--------------------+--------------------+

Epoch loss:0.6687208832921209

+--------------------+---------------------+--------------------+--------------------+
|      Accuracy      |      Precision      |       Recall       |         F1         |
+--------------------+---------------------+--------------------+--------------------+
| 0.4794520547945205 | 0.22987427284668793 | 0.4794520547945205 | 0.3107559614408929 |
+--------------------+---------------------+--------------------+--------------------+

Epoch loss:0.6684678631859857

+--------------------+---------------------+--------------------+--------------------+
|      Accuracy      |      Precision      |       Recall       |         F1         |
+--------------------+---------------------+--------------------+--------------------+
| 0.4794520547945205 | 0.22987427284668793 | 0.4794520547945205 | 0.3107559614408929 |
+--------------------+---------------------+--------------------+--------------------+

Epoch loss:0.6685426509058153

+--------------------+---------------------+--------------------+--------------------+
|      Accuracy      |      Precision      |       Recall       |         F1         |
+--------------------+---------------------+--------------------+--------------------+
| 0.4794520547945205 | 0.22987427284668793 | 0.4794520547945205 | 0.3107559614408929 |
+--------------------+---------------------+--------------------+--------------------+

Epoch loss:0.6696084238387443

+--------------------+---------------------+--------------------+--------------------+
|      Accuracy      |      Precision      |       Recall       |         F1         |
+--------------------+---------------------+--------------------+--------------------+
| 0.4794520547945205 | 0.22987427284668793 | 0.4794520547945205 | 0.3107559614408929 |
+--------------------+---------------------+--------------------+--------------------+

Epoch loss:0.6689750584396156

+--------------------+---------------------+--------------------+--------------------+
|      Accuracy      |      Precision      |       Recall       |         F1         |
+--------------------+---------------------+--------------------+--------------------+
| 0.4794520547945205 | 0.22987427284668793 | 0.4794520547945205 | 0.3107559614408929 |
+--------------------+---------------------+--------------------+--------------------+

Epoch loss:0.6680826109808844

+--------------------+---------------------+--------------------+--------------------+
|      Accuracy      |      Precision      |       Recall       |         F1         |
+--------------------+---------------------+--------------------+--------------------+
| 0.4794520547945205 | 0.22987427284668793 | 0.4794520547945205 | 0.3107559614408929 |
+--------------------+---------------------+--------------------+--------------------+

Epoch loss:0.6686875771831822

+--------------------+---------------------+--------------------+--------------------+
|      Accuracy      |      Precision      |       Recall       |         F1         |
+--------------------+---------------------+--------------------+--------------------+
| 0.4794520547945205 | 0.22987427284668793 | 0.4794520547945205 | 0.3107559614408929 |
+--------------------+---------------------+--------------------+--------------------+

Epoch loss:0.6703358727532465

+--------------------+---------------------+--------------------+--------------------+
|      Accuracy      |      Precision      |       Recall       |         F1         |
+--------------------+---------------------+--------------------+--------------------+
| 0.4794520547945205 | 0.22987427284668793 | 0.4794520547945205 | 0.3107559614408929 |
+--------------------+---------------------+--------------------+--------------------+

Epoch loss:0.6684569313719466

+--------------------+---------------------+--------------------+--------------------+
|      Accuracy      |      Precision      |       Recall       |         F1         |
+--------------------+---------------------+--------------------+--------------------+
| 0.4794520547945205 | 0.22987427284668793 | 0.4794520547945205 | 0.3107559614408929 |
+--------------------+---------------------+--------------------+--------------------+

Epoch loss:0.669103517725661

+--------------------+---------------------+--------------------+--------------------+
|      Accuracy      |      Precision      |       Recall       |         F1         |
+--------------------+---------------------+--------------------+--------------------+
| 0.4794520547945205 | 0.22987427284668793 | 0.4794520547945205 | 0.3107559614408929 |
+--------------------+---------------------+--------------------+--------------------+

Epoch loss:0.6684147248397002

+--------------------+---------------------+--------------------+--------------------+
|      Accuracy      |      Precision      |       Recall       |         F1         |
+--------------------+---------------------+--------------------+--------------------+
| 0.4794520547945205 | 0.22987427284668793 | 0.4794520547945205 | 0.3107559614408929 |
+--------------------+---------------------+--------------------+--------------------+

Epoch loss:0.6683641108306678

+--------------------+---------------------+--------------------+--------------------+
|      Accuracy      |      Precision      |       Recall       |         F1         |
+--------------------+---------------------+--------------------+--------------------+
| 0.4794520547945205 | 0.22987427284668793 | 0.4794520547945205 | 0.3107559614408929 |
+--------------------+---------------------+--------------------+--------------------+

Epoch loss:0.6680735542967513

+--------------------+---------------------+--------------------+--------------------+
|      Accuracy      |      Precision      |       Recall       |         F1         |
+--------------------+---------------------+--------------------+--------------------+
| 0.4794520547945205 | 0.22987427284668793 | 0.4794520547945205 | 0.3107559614408929 |
+--------------------+---------------------+--------------------+--------------------+

Epoch loss:0.6685629470928295

+--------------------+---------------------+--------------------+--------------------+
|      Accuracy      |      Precision      |       Recall       |         F1         |
+--------------------+---------------------+--------------------+--------------------+
| 0.4794520547945205 | 0.22987427284668793 | 0.4794520547945205 | 0.3107559614408929 |
+--------------------+---------------------+--------------------+--------------------+

Epoch loss:0.668898255438418

+--------------------+---------------------+--------------------+--------------------+
|      Accuracy      |      Precision      |       Recall       |         F1         |
+--------------------+---------------------+--------------------+--------------------+
| 0.4794520547945205 | 0.22987427284668793 | 0.4794520547945205 | 0.3107559614408929 |
+--------------------+---------------------+--------------------+--------------------+

Epoch loss:0.6680607344653156

+--------------------+---------------------+--------------------+--------------------+
|      Accuracy      |      Precision      |       Recall       |         F1         |
+--------------------+---------------------+--------------------+--------------------+
| 0.4794520547945205 | 0.22987427284668793 | 0.4794520547945205 | 0.3107559614408929 |
+--------------------+---------------------+--------------------+--------------------+

Epoch loss:0.6683007672026351

+--------------------+---------------------+--------------------+--------------------+
|      Accuracy      |      Precision      |       Recall       |         F1         |
+--------------------+---------------------+--------------------+--------------------+
| 0.4794520547945205 | 0.22987427284668793 | 0.4794520547945205 | 0.3107559614408929 |
+--------------------+---------------------+--------------------+--------------------+

Epoch loss:0.6685804563599664

+--------------------+---------------------+--------------------+--------------------+
|      Accuracy      |      Precision      |       Recall       |         F1         |
+--------------------+---------------------+--------------------+--------------------+
| 0.4794520547945205 | 0.22987427284668793 | 0.4794520547945205 | 0.3107559614408929 |
+--------------------+---------------------+--------------------+--------------------+

Epoch loss:0.6675181517729888

+--------------------+---------------------+--------------------+--------------------+
|      Accuracy      |      Precision      |       Recall       |         F1         |
+--------------------+---------------------+--------------------+--------------------+
| 0.4794520547945205 | 0.22987427284668793 | 0.4794520547945205 | 0.3107559614408929 |
+--------------------+---------------------+--------------------+--------------------+

Epoch loss:0.6692633773829486

+--------------------+---------------------+--------------------+--------------------+
|      Accuracy      |      Precision      |       Recall       |         F1         |
+--------------------+---------------------+--------------------+--------------------+
| 0.4794520547945205 | 0.22987427284668793 | 0.4794520547945205 | 0.3107559614408929 |
+--------------------+---------------------+--------------------+--------------------+

Epoch loss:0.6681568509823567

+--------------------+---------------------+--------------------+--------------------+
|      Accuracy      |      Precision      |       Recall       |         F1         |
+--------------------+---------------------+--------------------+--------------------+
| 0.4794520547945205 | 0.22987427284668793 | 0.4794520547945205 | 0.3107559614408929 |
+--------------------+---------------------+--------------------+--------------------+

Epoch loss:0.6694613614597836

+--------------------+---------------------+--------------------+--------------------+
|      Accuracy      |      Precision      |       Recall       |         F1         |
+--------------------+---------------------+--------------------+--------------------+
| 0.4794520547945205 | 0.22987427284668793 | 0.4794520547945205 | 0.3107559614408929 |
+--------------------+---------------------+--------------------+--------------------+

Epoch loss:0.6693655252456665

+--------------------+---------------------+--------------------+--------------------+
|      Accuracy      |      Precision      |       Recall       |         F1         |
+--------------------+---------------------+--------------------+--------------------+
| 0.4794520547945205 | 0.22987427284668793 | 0.4794520547945205 | 0.3107559614408929 |
+--------------------+---------------------+--------------------+--------------------+

Epoch loss:0.6680226712613493

+--------------------+---------------------+--------------------+--------------------+
|      Accuracy      |      Precision      |       Recall       |         F1         |
+--------------------+---------------------+--------------------+--------------------+
| 0.4794520547945205 | 0.22987427284668793 | 0.4794520547945205 | 0.3107559614408929 |
+--------------------+---------------------+--------------------+--------------------+

Epoch loss:0.6678074759406012

+--------------------+---------------------+--------------------+--------------------+
|      Accuracy      |      Precision      |       Recall       |         F1         |
+--------------------+---------------------+--------------------+--------------------+
| 0.4794520547945205 | 0.22987427284668793 | 0.4794520547945205 | 0.3107559614408929 |
+--------------------+---------------------+--------------------+--------------------+

Epoch loss:0.6689013887096096

+--------------------+---------------------+--------------------+--------------------+
|      Accuracy      |      Precision      |       Recall       |         F1         |
+--------------------+---------------------+--------------------+--------------------+
| 0.4794520547945205 | 0.22987427284668793 | 0.4794520547945205 | 0.3107559614408929 |
+--------------------+---------------------+--------------------+--------------------+

Epoch loss:0.6685294218965478

+--------------------+---------------------+--------------------+--------------------+
|      Accuracy      |      Precision      |       Recall       |         F1         |
+--------------------+---------------------+--------------------+--------------------+
| 0.4794520547945205 | 0.22987427284668793 | 0.4794520547945205 | 0.3107559614408929 |
+--------------------+---------------------+--------------------+--------------------+

Epoch loss:0.6676013276383683

+--------------------+---------------------+--------------------+--------------------+
|      Accuracy      |      Precision      |       Recall       |         F1         |
+--------------------+---------------------+--------------------+--------------------+
| 0.4794520547945205 | 0.22987427284668793 | 0.4794520547945205 | 0.3107559614408929 |
+--------------------+---------------------+--------------------+--------------------+

Epoch loss:0.6688527303773004

+--------------------+---------------------+--------------------+--------------------+
|      Accuracy      |      Precision      |       Recall       |         F1         |
+--------------------+---------------------+--------------------+--------------------+
| 0.4794520547945205 | 0.22987427284668793 | 0.4794520547945205 | 0.3107559614408929 |
+--------------------+---------------------+--------------------+--------------------+

Epoch loss:0.6681507664757806

+--------------------+---------------------+--------------------+--------------------+
|      Accuracy      |      Precision      |       Recall       |         F1         |
+--------------------+---------------------+--------------------+--------------------+
| 0.4794520547945205 | 0.22987427284668793 | 0.4794520547945205 | 0.3107559614408929 |
+--------------------+---------------------+--------------------+--------------------+

Epoch loss:0.6677125273524104

+--------------------+---------------------+--------------------+--------------------+
|      Accuracy      |      Precision      |       Recall       |         F1         |
+--------------------+---------------------+--------------------+--------------------+
| 0.4794520547945205 | 0.22987427284668793 | 0.4794520547945205 | 0.3107559614408929 |
+--------------------+---------------------+--------------------+--------------------+

Epoch loss:0.6671824938542134

+--------------------+---------------------+--------------------+--------------------+
|      Accuracy      |      Precision      |       Recall       |         F1         |
+--------------------+---------------------+--------------------+--------------------+
| 0.4794520547945205 | 0.22987427284668793 | 0.4794520547945205 | 0.3107559614408929 |
+--------------------+---------------------+--------------------+--------------------+

Epoch loss:0.6678998985806027

+--------------------+---------------------+--------------------+--------------------+
|      Accuracy      |      Precision      |       Recall       |         F1         |
+--------------------+---------------------+--------------------+--------------------+
| 0.4794520547945205 | 0.22987427284668793 | 0.4794520547945205 | 0.3107559614408929 |
+--------------------+---------------------+--------------------+--------------------+

Epoch loss:0.6688609944807516

+--------------------+---------------------+--------------------+--------------------+
|      Accuracy      |      Precision      |       Recall       |         F1         |
+--------------------+---------------------+--------------------+--------------------+
| 0.4794520547945205 | 0.22987427284668793 | 0.4794520547945205 | 0.3107559614408929 |
+--------------------+---------------------+--------------------+--------------------+

Epoch loss:0.6682476514094585

+--------------------+---------------------+--------------------+--------------------+
|      Accuracy      |      Precision      |       Recall       |         F1         |
+--------------------+---------------------+--------------------+--------------------+
| 0.4794520547945205 | 0.22987427284668793 | 0.4794520547945205 | 0.3107559614408929 |
+--------------------+---------------------+--------------------+--------------------+

Epoch loss:0.6685244392704319

+--------------------+---------------------+--------------------+--------------------+
|      Accuracy      |      Precision      |       Recall       |         F1         |
+--------------------+---------------------+--------------------+--------------------+
| 0.4794520547945205 | 0.22987427284668793 | 0.4794520547945205 | 0.3107559614408929 |
+--------------------+---------------------+--------------------+--------------------+

Epoch loss:0.6689958234091062

+--------------------+---------------------+--------------------+--------------------+
|      Accuracy      |      Precision      |       Recall       |         F1         |
+--------------------+---------------------+--------------------+--------------------+
| 0.4794520547945205 | 0.22987427284668793 | 0.4794520547945205 | 0.3107559614408929 |
+--------------------+---------------------+--------------------+--------------------+

Epoch loss:0.6684457643612011

+--------------------+---------------------+--------------------+--------------------+
|      Accuracy      |      Precision      |       Recall       |         F1         |
+--------------------+---------------------+--------------------+--------------------+
| 0.4794520547945205 | 0.22987427284668793 | 0.4794520547945205 | 0.3107559614408929 |
+--------------------+---------------------+--------------------+--------------------+

Epoch loss:0.6675336183728399

+--------------------+---------------------+--------------------+--------------------+
|      Accuracy      |      Precision      |       Recall       |         F1         |
+--------------------+---------------------+--------------------+--------------------+
| 0.4794520547945205 | 0.22987427284668793 | 0.4794520547945205 | 0.3107559614408929 |
+--------------------+---------------------+--------------------+--------------------+

Epoch loss:0.668925264397183

+--------------------+---------------------+--------------------+--------------------+
|      Accuracy      |      Precision      |       Recall       |         F1         |
+--------------------+---------------------+--------------------+--------------------+
| 0.4794520547945205 | 0.22987427284668793 | 0.4794520547945205 | 0.3107559614408929 |
+--------------------+---------------------+--------------------+--------------------+

Epoch loss:0.6686077875060004

+--------------------+---------------------+--------------------+--------------------+
|      Accuracy      |      Precision      |       Recall       |         F1         |
+--------------------+---------------------+--------------------+--------------------+
| 0.4794520547945205 | 0.22987427284668793 | 0.4794520547945205 | 0.3107559614408929 |
+--------------------+---------------------+--------------------+--------------------+

Epoch loss:0.667691941196854

+--------------------+---------------------+--------------------+--------------------+
|      Accuracy      |      Precision      |       Recall       |         F1         |
+--------------------+---------------------+--------------------+--------------------+
| 0.4794520547945205 | 0.22987427284668793 | 0.4794520547945205 | 0.3107559614408929 |
+--------------------+---------------------+--------------------+--------------------+

Epoch loss:0.669233267371719

+--------------------+---------------------+--------------------+--------------------+
|      Accuracy      |      Precision      |       Recall       |         F1         |
+--------------------+---------------------+--------------------+--------------------+
| 0.4794520547945205 | 0.22987427284668793 | 0.4794520547945205 | 0.3107559614408929 |
+--------------------+---------------------+--------------------+--------------------+

Epoch loss:0.6677101399447467

+--------------------+---------------------+--------------------+--------------------+
|      Accuracy      |      Precision      |       Recall       |         F1         |
+--------------------+---------------------+--------------------+--------------------+
| 0.4794520547945205 | 0.22987427284668793 | 0.4794520547945205 | 0.3107559614408929 |
+--------------------+---------------------+--------------------+--------------------+

Epoch loss:0.6686234232541677

+--------------------+---------------------+--------------------+--------------------+
|      Accuracy      |      Precision      |       Recall       |         F1         |
+--------------------+---------------------+--------------------+--------------------+
| 0.4794520547945205 | 0.22987427284668793 | 0.4794520547945205 | 0.3107559614408929 |
+--------------------+---------------------+--------------------+--------------------+

Epoch loss:0.66809711907361

+--------------------+---------------------+--------------------+--------------------+
|      Accuracy      |      Precision      |       Recall       |         F1         |
+--------------------+---------------------+--------------------+--------------------+
| 0.4794520547945205 | 0.22987427284668793 | 0.4794520547945205 | 0.3107559614408929 |
+--------------------+---------------------+--------------------+--------------------+

Epoch loss:0.6682143630208196

+--------------------+---------------------+--------------------+--------------------+
|      Accuracy      |      Precision      |       Recall       |         F1         |
+--------------------+---------------------+--------------------+--------------------+
| 0.4794520547945205 | 0.22987427284668793 | 0.4794520547945205 | 0.3107559614408929 |
+--------------------+---------------------+--------------------+--------------------+

Epoch loss:0.6677472357814377

+--------------------+---------------------+--------------------+--------------------+
|      Accuracy      |      Precision      |       Recall       |         F1         |
+--------------------+---------------------+--------------------+--------------------+
| 0.4794520547945205 | 0.22987427284668793 | 0.4794520547945205 | 0.3107559614408929 |
+--------------------+---------------------+--------------------+--------------------+

Epoch loss:0.6690201839885196

+--------------------+---------------------+--------------------+--------------------+
|      Accuracy      |      Precision      |       Recall       |         F1         |
+--------------------+---------------------+--------------------+--------------------+
| 0.4794520547945205 | 0.22987427284668793 | 0.4794520547945205 | 0.3107559614408929 |
+--------------------+---------------------+--------------------+--------------------+

Epoch loss:0.6690843395284705

+--------------------+---------------------+--------------------+--------------------+
|      Accuracy      |      Precision      |       Recall       |         F1         |
+--------------------+---------------------+--------------------+--------------------+
| 0.4794520547945205 | 0.22987427284668793 | 0.4794520547945205 | 0.3107559614408929 |
+--------------------+---------------------+--------------------+--------------------+

Epoch loss:0.6686451773385744

+--------------------+---------------------+--------------------+--------------------+
|      Accuracy      |      Precision      |       Recall       |         F1         |
+--------------------+---------------------+--------------------+--------------------+
| 0.4794520547945205 | 0.22987427284668793 | 0.4794520547945205 | 0.3107559614408929 |
+--------------------+---------------------+--------------------+--------------------+

Epoch loss:0.6685840857995523

+--------------------+---------------------+--------------------+--------------------+
|      Accuracy      |      Precision      |       Recall       |         F1         |
+--------------------+---------------------+--------------------+--------------------+
| 0.4794520547945205 | 0.22987427284668793 | 0.4794520547945205 | 0.3107559614408929 |
+--------------------+---------------------+--------------------+--------------------+

Epoch loss:0.6690798675691759

+--------------------+---------------------+--------------------+--------------------+
|      Accuracy      |      Precision      |       Recall       |         F1         |
+--------------------+---------------------+--------------------+--------------------+
| 0.4794520547945205 | 0.22987427284668793 | 0.4794520547945205 | 0.3107559614408929 |
+--------------------+---------------------+--------------------+--------------------+

Epoch loss:0.6689061313062101

+--------------------+---------------------+--------------------+--------------------+
|      Accuracy      |      Precision      |       Recall       |         F1         |
+--------------------+---------------------+--------------------+--------------------+
| 0.4794520547945205 | 0.22987427284668793 | 0.4794520547945205 | 0.3107559614408929 |
+--------------------+---------------------+--------------------+--------------------+

Epoch loss:0.6692880553168219

+--------------------+---------------------+--------------------+--------------------+
|      Accuracy      |      Precision      |       Recall       |         F1         |
+--------------------+---------------------+--------------------+--------------------+
| 0.4794520547945205 | 0.22987427284668793 | 0.4794520547945205 | 0.3107559614408929 |
+--------------------+---------------------+--------------------+--------------------+

Epoch loss:0.6681825921342179

+--------------------+---------------------+--------------------+--------------------+
|      Accuracy      |      Precision      |       Recall       |         F1         |
+--------------------+---------------------+--------------------+--------------------+
| 0.4794520547945205 | 0.22987427284668793 | 0.4794520547945205 | 0.3107559614408929 |
+--------------------+---------------------+--------------------+--------------------+

Epoch loss:0.6697999899451798

+--------------------+---------------------+--------------------+--------------------+
|      Accuracy      |      Precision      |       Recall       |         F1         |
+--------------------+---------------------+--------------------+--------------------+
| 0.4794520547945205 | 0.22987427284668793 | 0.4794520547945205 | 0.3107559614408929 |
+--------------------+---------------------+--------------------+--------------------+

Epoch loss:0.6691764077624759

+--------------------+---------------------+--------------------+--------------------+
|      Accuracy      |      Precision      |       Recall       |         F1         |
+--------------------+---------------------+--------------------+--------------------+
| 0.4794520547945205 | 0.22987427284668793 | 0.4794520547945205 | 0.3107559614408929 |
+--------------------+---------------------+--------------------+--------------------+

Epoch loss:0.6683126285269454

+--------------------+---------------------+--------------------+--------------------+
|      Accuracy      |      Precision      |       Recall       |         F1         |
+--------------------+---------------------+--------------------+--------------------+
| 0.4794520547945205 | 0.22987427284668793 | 0.4794520547945205 | 0.3107559614408929 |
+--------------------+---------------------+--------------------+--------------------+

Epoch loss:0.6680134857023085

+--------------------+---------------------+--------------------+--------------------+
|      Accuracy      |      Precision      |       Recall       |         F1         |
+--------------------+---------------------+--------------------+--------------------+
| 0.4794520547945205 | 0.22987427284668793 | 0.4794520547945205 | 0.3107559614408929 |
+--------------------+---------------------+--------------------+--------------------+

Epoch loss:0.6685175799034737

+--------------------+---------------------+--------------------+--------------------+
|      Accuracy      |      Precision      |       Recall       |         F1         |
+--------------------+---------------------+--------------------+--------------------+
| 0.4794520547945205 | 0.22987427284668793 | 0.4794520547945205 | 0.3107559614408929 |
+--------------------+---------------------+--------------------+--------------------+

Epoch loss:0.6686332483549375

+--------------------+---------------------+--------------------+--------------------+
|      Accuracy      |      Precision      |       Recall       |         F1         |
+--------------------+---------------------+--------------------+--------------------+
| 0.4794520547945205 | 0.22987427284668793 | 0.4794520547945205 | 0.3107559614408929 |
+--------------------+---------------------+--------------------+--------------------+

Epoch loss:0.6699587461110708

+--------------------+---------------------+--------------------+--------------------+
|      Accuracy      |      Precision      |       Recall       |         F1         |
+--------------------+---------------------+--------------------+--------------------+
| 0.4794520547945205 | 0.22987427284668793 | 0.4794520547945205 | 0.3107559614408929 |
+--------------------+---------------------+--------------------+--------------------+

Epoch loss:0.6680428611265646

+--------------------+---------------------+--------------------+--------------------+
|      Accuracy      |      Precision      |       Recall       |         F1         |
+--------------------+---------------------+--------------------+--------------------+
| 0.4794520547945205 | 0.22987427284668793 | 0.4794520547945205 | 0.3107559614408929 |
+--------------------+---------------------+--------------------+--------------------+

Epoch loss:0.6687082664386647

+--------------------+---------------------+--------------------+--------------------+
|      Accuracy      |      Precision      |       Recall       |         F1         |
+--------------------+---------------------+--------------------+--------------------+
| 0.4794520547945205 | 0.22987427284668793 | 0.4794520547945205 | 0.3107559614408929 |
+--------------------+---------------------+--------------------+--------------------+

Epoch loss:0.667642462897945

+--------------------+---------------------+--------------------+--------------------+
|      Accuracy      |      Precision      |       Recall       |         F1         |
+--------------------+---------------------+--------------------+--------------------+
| 0.4794520547945205 | 0.22987427284668793 | 0.4794520547945205 | 0.3107559614408929 |
+--------------------+---------------------+--------------------+--------------------+

Epoch loss:0.6683512185070966

+--------------------+---------------------+--------------------+--------------------+
|      Accuracy      |      Precision      |       Recall       |         F1         |
+--------------------+---------------------+--------------------+--------------------+
| 0.4794520547945205 | 0.22987427284668793 | 0.4794520547945205 | 0.3107559614408929 |
+--------------------+---------------------+--------------------+--------------------+

Epoch loss:0.6673750023584109

+--------------------+---------------------+--------------------+--------------------+
|      Accuracy      |      Precision      |       Recall       |         F1         |
+--------------------+---------------------+--------------------+--------------------+
| 0.4794520547945205 | 0.22987427284668793 | 0.4794520547945205 | 0.3107559614408929 |
+--------------------+---------------------+--------------------+--------------------+

Epoch loss:0.668604090407088

+--------------------+---------------------+--------------------+--------------------+
|      Accuracy      |      Precision      |       Recall       |         F1         |
+--------------------+---------------------+--------------------+--------------------+
| 0.4794520547945205 | 0.22987427284668793 | 0.4794520547945205 | 0.3107559614408929 |
+--------------------+---------------------+--------------------+--------------------+

Epoch loss:0.6685116323264869

+--------------------+---------------------+--------------------+--------------------+
|      Accuracy      |      Precision      |       Recall       |         F1         |
+--------------------+---------------------+--------------------+--------------------+
| 0.4794520547945205 | 0.22987427284668793 | 0.4794520547945205 | 0.3107559614408929 |
+--------------------+---------------------+--------------------+--------------------+

Epoch loss:0.6691917245452469

+--------------------+---------------------+--------------------+--------------------+
|      Accuracy      |      Precision      |       Recall       |         F1         |
+--------------------+---------------------+--------------------+--------------------+
| 0.4794520547945205 | 0.22987427284668793 | 0.4794520547945205 | 0.3107559614408929 |
+--------------------+---------------------+--------------------+--------------------+

Epoch loss:0.6685777081025613

+--------------------+---------------------+--------------------+--------------------+
|      Accuracy      |      Precision      |       Recall       |         F1         |
+--------------------+---------------------+--------------------+--------------------+
| 0.4794520547945205 | 0.22987427284668793 | 0.4794520547945205 | 0.3107559614408929 |
+--------------------+---------------------+--------------------+--------------------+

Epoch loss:0.6683023153124629

+--------------------+---------------------+--------------------+--------------------+
|      Accuracy      |      Precision      |       Recall       |         F1         |
+--------------------+---------------------+--------------------+--------------------+
| 0.4794520547945205 | 0.22987427284668793 | 0.4794520547945205 | 0.3107559614408929 |
+--------------------+---------------------+--------------------+--------------------+

Epoch loss:0.6695090612849673

+--------------------+---------------------+--------------------+--------------------+
|      Accuracy      |      Precision      |       Recall       |         F1         |
+--------------------+---------------------+--------------------+--------------------+
| 0.4794520547945205 | 0.22987427284668793 | 0.4794520547945205 | 0.3107559614408929 |
+--------------------+---------------------+--------------------+--------------------+

Epoch loss:0.6691778721036138

+--------------------+---------------------+--------------------+--------------------+
|      Accuracy      |      Precision      |       Recall       |         F1         |
+--------------------+---------------------+--------------------+--------------------+
| 0.4794520547945205 | 0.22987427284668793 | 0.4794520547945205 | 0.3107559614408929 |
+--------------------+---------------------+--------------------+--------------------+

Epoch loss:0.6692236710239101

+--------------------+---------------------+--------------------+--------------------+
|      Accuracy      |      Precision      |       Recall       |         F1         |
+--------------------+---------------------+--------------------+--------------------+
| 0.4794520547945205 | 0.22987427284668793 | 0.4794520547945205 | 0.3107559614408929 |
+--------------------+---------------------+--------------------+--------------------+

Epoch loss:0.6681628017812162

+--------------------+---------------------+--------------------+--------------------+
|      Accuracy      |      Precision      |       Recall       |         F1         |
+--------------------+---------------------+--------------------+--------------------+
| 0.4794520547945205 | 0.22987427284668793 | 0.4794520547945205 | 0.3107559614408929 |
+--------------------+---------------------+--------------------+--------------------+

Epoch loss:0.6692938949610736

+--------------------+---------------------+--------------------+--------------------+
|      Accuracy      |      Precision      |       Recall       |         F1         |
+--------------------+---------------------+--------------------+--------------------+
| 0.4794520547945205 | 0.22987427284668793 | 0.4794520547945205 | 0.3107559614408929 |
+--------------------+---------------------+--------------------+--------------------+

Epoch loss:0.668144082700884

+--------------------+---------------------+--------------------+--------------------+
|      Accuracy      |      Precision      |       Recall       |         F1         |
+--------------------+---------------------+--------------------+--------------------+
| 0.4794520547945205 | 0.22987427284668793 | 0.4794520547945205 | 0.3107559614408929 |
+--------------------+---------------------+--------------------+--------------------+

Epoch loss:0.6676056223946649

+--------------------+---------------------+--------------------+--------------------+
|      Accuracy      |      Precision      |       Recall       |         F1         |
+--------------------+---------------------+--------------------+--------------------+
| 0.4794520547945205 | 0.22987427284668793 | 0.4794520547945205 | 0.3107559614408929 |
+--------------------+---------------------+--------------------+--------------------+

Epoch loss:0.6698200960417051

+--------------------+---------------------+--------------------+--------------------+
|      Accuracy      |      Precision      |       Recall       |         F1         |
+--------------------+---------------------+--------------------+--------------------+
| 0.4794520547945205 | 0.22987427284668793 | 0.4794520547945205 | 0.3107559614408929 |
+--------------------+---------------------+--------------------+--------------------+

Epoch loss:0.6682298344534796

+--------------------+---------------------+--------------------+--------------------+
|      Accuracy      |      Precision      |       Recall       |         F1         |
+--------------------+---------------------+--------------------+--------------------+
| 0.4794520547945205 | 0.22987427284668793 | 0.4794520547945205 | 0.3107559614408929 |
+--------------------+---------------------+--------------------+--------------------+

Epoch loss:0.6697713458860243

+--------------------+---------------------+--------------------+--------------------+
|      Accuracy      |      Precision      |       Recall       |         F1         |
+--------------------+---------------------+--------------------+--------------------+
| 0.4794520547945205 | 0.22987427284668793 | 0.4794520547945205 | 0.3107559614408929 |
+--------------------+---------------------+--------------------+--------------------+

Epoch loss:0.669002396029395

+--------------------+---------------------+--------------------+--------------------+
|      Accuracy      |      Precision      |       Recall       |         F1         |
+--------------------+---------------------+--------------------+--------------------+
| 0.4794520547945205 | 0.22987427284668793 | 0.4794520547945205 | 0.3107559614408929 |
+--------------------+---------------------+--------------------+--------------------+

Epoch loss:0.6676342825631838

+--------------------+---------------------+--------------------+--------------------+
|      Accuracy      |      Precision      |       Recall       |         F1         |
+--------------------+---------------------+--------------------+--------------------+
| 0.4794520547945205 | 0.22987427284668793 | 0.4794520547945205 | 0.3107559614408929 |
+--------------------+---------------------+--------------------+--------------------+

Epoch loss:0.6700101253148671

+--------------------+---------------------+--------------------+--------------------+
|      Accuracy      |      Precision      |       Recall       |         F1         |
+--------------------+---------------------+--------------------+--------------------+
| 0.4794520547945205 | 0.22987427284668793 | 0.4794520547945205 | 0.3107559614408929 |
+--------------------+---------------------+--------------------+--------------------+

Epoch loss:0.6692758718052426

+--------------------+---------------------+--------------------+--------------------+
|      Accuracy      |      Precision      |       Recall       |         F1         |
+--------------------+---------------------+--------------------+--------------------+
| 0.4794520547945205 | 0.22987427284668793 | 0.4794520547945205 | 0.3107559614408929 |
+--------------------+---------------------+--------------------+--------------------+

Epoch loss:0.668673397721471

+--------------------+---------------------+--------------------+--------------------+
|      Accuracy      |      Precision      |       Recall       |         F1         |
+--------------------+---------------------+--------------------+--------------------+
| 0.4794520547945205 | 0.22987427284668793 | 0.4794520547945205 | 0.3107559614408929 |
+--------------------+---------------------+--------------------+--------------------+

Epoch loss:0.6692533638026263

+--------------------+---------------------+--------------------+--------------------+
|      Accuracy      |      Precision      |       Recall       |         F1         |
+--------------------+---------------------+--------------------+--------------------+
| 0.4794520547945205 | 0.22987427284668793 | 0.4794520547945205 | 0.3107559614408929 |
+--------------------+---------------------+--------------------+--------------------+

Epoch loss:0.6680368007840337

+--------------------+---------------------+--------------------+--------------------+
|      Accuracy      |      Precision      |       Recall       |         F1         |
+--------------------+---------------------+--------------------+--------------------+
| 0.4794520547945205 | 0.22987427284668793 | 0.4794520547945205 | 0.3107559614408929 |
+--------------------+---------------------+--------------------+--------------------+

Epoch loss:0.6687909155278593

+--------------------+---------------------+--------------------+--------------------+
|      Accuracy      |      Precision      |       Recall       |         F1         |
+--------------------+---------------------+--------------------+--------------------+
| 0.4794520547945205 | 0.22987427284668793 | 0.4794520547945205 | 0.3107559614408929 |
+--------------------+---------------------+--------------------+--------------------+

Epoch loss:0.6691013349069131

+--------------------+---------------------+--------------------+--------------------+
|      Accuracy      |      Precision      |       Recall       |         F1         |
+--------------------+---------------------+--------------------+--------------------+
| 0.4794520547945205 | 0.22987427284668793 | 0.4794520547945205 | 0.3107559614408929 |
+--------------------+---------------------+--------------------+--------------------+

Epoch loss:0.6679510603079925

+--------------------+---------------------+--------------------+--------------------+
|      Accuracy      |      Precision      |       Recall       |         F1         |
+--------------------+---------------------+--------------------+--------------------+
| 0.4794520547945205 | 0.22987427284668793 | 0.4794520547945205 | 0.3107559614408929 |
+--------------------+---------------------+--------------------+--------------------+

Epoch loss:0.668369066070866

+--------------------+---------------------+--------------------+--------------------+
|      Accuracy      |      Precision      |       Recall       |         F1         |
+--------------------+---------------------+--------------------+--------------------+
| 0.4794520547945205 | 0.22987427284668793 | 0.4794520547945205 | 0.3107559614408929 |
+--------------------+---------------------+--------------------+--------------------+

Epoch loss:0.6687545438070555

+--------------------+---------------------+--------------------+--------------------+
|      Accuracy      |      Precision      |       Recall       |         F1         |
+--------------------+---------------------+--------------------+--------------------+
| 0.4794520547945205 | 0.22987427284668793 | 0.4794520547945205 | 0.3107559614408929 |
+--------------------+---------------------+--------------------+--------------------+

Epoch loss:0.6682593274760891

+--------------------+---------------------+--------------------+--------------------+
|      Accuracy      |      Precision      |       Recall       |         F1         |
+--------------------+---------------------+--------------------+--------------------+
| 0.4794520547945205 | 0.22987427284668793 | 0.4794520547945205 | 0.3107559614408929 |
+--------------------+---------------------+--------------------+--------------------+

Epoch loss:0.6694503958160812

+--------------------+---------------------+--------------------+--------------------+
|      Accuracy      |      Precision      |       Recall       |         F1         |
+--------------------+---------------------+--------------------+--------------------+
| 0.4794520547945205 | 0.22987427284668793 | 0.4794520547945205 | 0.3107559614408929 |
+--------------------+---------------------+--------------------+--------------------+

Epoch loss:0.6692542272645075

+--------------------+---------------------+--------------------+--------------------+
|      Accuracy      |      Precision      |       Recall       |         F1         |
+--------------------+---------------------+--------------------+--------------------+
| 0.4794520547945205 | 0.22987427284668793 | 0.4794520547945205 | 0.3107559614408929 |
+--------------------+---------------------+--------------------+--------------------+

Epoch loss:0.6681655903120298

+--------------------+---------------------+--------------------+--------------------+
|      Accuracy      |      Precision      |       Recall       |         F1         |
+--------------------+---------------------+--------------------+--------------------+
| 0.4794520547945205 | 0.22987427284668793 | 0.4794520547945205 | 0.3107559614408929 |
+--------------------+---------------------+--------------------+--------------------+

optimizer:
Adam (
Parameter Group 0
    amsgrad: False
    betas: (0.5, 0.5)
    capturable: False
    decoupled_weight_decay: False
    differentiable: False
    eps: 1e-08
    foreach: None
    fused: None
    lr: 0.0001
    maximize: False
    weight_decay: 0
)
model:
VGG(
  (features): Sequential(
    (0): Conv2d(3, 64, kernel_size=(3, 3), stride=(1, 1), padding=(1, 1))
    (1): ReLU(inplace=True)
    (2): Conv2d(64, 64, kernel_size=(3, 3), stride=(1, 1), padding=(1, 1))
    (3): ReLU(inplace=True)
    (4): MaxPool2d(kernel_size=2, stride=2, padding=0, dilation=1, ceil_mode=False)
    (5): Conv2d(64, 128, kernel_size=(3, 3), stride=(1, 1), padding=(1, 1))
    (6): ReLU(inplace=True)
    (7): Conv2d(128, 128, kernel_size=(3, 3), stride=(1, 1), padding=(1, 1))
    (8): ReLU(inplace=True)
    (9): MaxPool2d(kernel_size=2, stride=2, padding=0, dilation=1, ceil_mode=False)
    (10): Conv2d(128, 256, kernel_size=(3, 3), stride=(1, 1), padding=(1, 1))
    (11): ReLU(inplace=True)
    (12): Conv2d(256, 256, kernel_size=(3, 3), stride=(1, 1), padding=(1, 1))
    (13): ReLU(inplace=True)
    (14): Conv2d(256, 256, kernel_size=(3, 3), stride=(1, 1), padding=(1, 1))
    (15): ReLU(inplace=True)
    (16): Conv2d(256, 256, kernel_size=(3, 3), stride=(1, 1), padding=(1, 1))
    (17): ReLU(inplace=True)
    (18): MaxPool2d(kernel_size=2, stride=2, padding=0, dilation=1, ceil_mode=False)
    (19): Conv2d(256, 512, kernel_size=(3, 3), stride=(1, 1), padding=(1, 1))
    (20): ReLU(inplace=True)
    (21): Conv2d(512, 512, kernel_size=(3, 3), stride=(1, 1), padding=(1, 1))
    (22): ReLU(inplace=True)
    (23): Conv2d(512, 512, kernel_size=(3, 3), stride=(1, 1), padding=(1, 1))
    (24): ReLU(inplace=True)
    (25): Conv2d(512, 512, kernel_size=(3, 3), stride=(1, 1), padding=(1, 1))
    (26): ReLU(inplace=True)
    (27): MaxPool2d(kernel_size=2, stride=2, padding=0, dilation=1, ceil_mode=False)
    (28): Conv2d(512, 512, kernel_size=(3, 3), stride=(1, 1), padding=(1, 1))
    (29): ReLU(inplace=True)
    (30): Conv2d(512, 512, kernel_size=(3, 3), stride=(1, 1), padding=(1, 1))
    (31): ReLU(inplace=True)
    (32): Conv2d(512, 512, kernel_size=(3, 3), stride=(1, 1), padding=(1, 1))
    (33): ReLU(inplace=True)
    (34): Conv2d(512, 512, kernel_size=(3, 3), stride=(1, 1), padding=(1, 1))
    (35): ReLU(inplace=True)
    (36): MaxPool2d(kernel_size=2, stride=2, padding=0, dilation=1, ceil_mode=False)
  )
  (classifier): Sequential(
    (0): Linear(in_features=25088, out_features=4096, bias=True)
    (1): ReLU(inplace=True)
    (2): Dropout(p=0.5, inplace=False)
    (3): Linear(in_features=4096, out_features=4096, bias=True)
    (4): ReLU(inplace=True)
    (5): Dropout(p=0.5, inplace=False)
    (6): Linear(in_features=4096, out_features=2, bias=True)
  )
)

TEST

+--------------------+---------------------+--------------------+--------------------+
|      Accuracy      |      Precision      |       Recall       |         F1         |
+--------------------+---------------------+--------------------+--------------------+
| 0.4794520547945205 | 0.22987427284668793 | 0.4794520547945205 | 0.3107559614408929 |
+--------------------+---------------------+--------------------+--------------------+


              precision    recall  f1-score   support

           0     0.6933    1.0000    0.8189        52
           1     0.0000    0.0000    0.0000        23

    accuracy                         0.6933        75
   macro avg     0.3467    0.5000    0.4094        75
weighted avg     0.4807    0.6933    0.5678        75



[[52  0]
 [23  0]]

