Read csv file.......
Training device information:
+--------------------+-------------------------+---------------------------------+
|   number of gpu    |    applied gpu index    |         applied gpu name        |
+--------------------+-------------------------+---------------------------------+
|         1          |            0            |     NVIDIA GeForce RTX 3090     |
+--------------------+-------------------------+---------------------------------+

Use data information file:/home/zhangxiaohan/constitution/baseline/data.csv
Loading data from path: /home/zhangxiaohan/constitution/data/face......
data information:
+----------------------+----------------+----------------+---------------+----------+
|  number of samples   |  train number  |  valid number  |  test number  | percent  |
+----------------------+----------------+----------------+---------------+----------+
|         738          |      590       |       73       |       75      |   0.8    |
+----------------------+----------------+----------------+---------------+----------+

Classes information:
+------------+------------+
|     0      |     1      |
+------------+------------+
|     0      |     1      |
+------------+------------+

Train information:
+--------------------+-----------------+-----------------+----------+---------------------+----------+----------+-----------------------------------------------------------------------+
|       theme        |      resize     |    batch size   |  epoch   |    learning rate    |  beta1   |  beta2   |                            directory of log                           |
+--------------------+-----------------+-----------------+----------+---------------------+----------+----------+-----------------------------------------------------------------------+
|    constitution    |    (224, 224)   |        16       |   300    |        0.0001       |   0.5    |  0.999   |            /home/zhangxiaohan/constitution/baseline/workdir           |
+--------------------+-----------------+-----------------+----------+---------------------+----------+----------+-----------------------------------------------------------------------+

Train begins......
Epoch loss:0.5103890609902304

+--------------------+--------------------+--------------------+-------------------+
|      Accuracy      |     Precision      |       Recall       |         F1        |
+--------------------+--------------------+--------------------+-------------------+
| 0.7534246575342466 | 0.7601004032150391 | 0.7534246575342466 | 0.740320100642997 |
+--------------------+--------------------+--------------------+-------------------+

Epoch loss:0.3641751907967232

+--------------------+--------------------+--------------------+--------------------+
|      Accuracy      |     Precision      |       Recall       |         F1         |
+--------------------+--------------------+--------------------+--------------------+
| 0.6575342465753424 | 0.7816160412944212 | 0.6575342465753424 | 0.5656957500817362 |
+--------------------+--------------------+--------------------+--------------------+

Epoch loss:0.302733740492447

+--------------------+--------------------+--------------------+-------------------+
|      Accuracy      |     Precision      |       Recall       |         F1        |
+--------------------+--------------------+--------------------+-------------------+
| 0.8493150684931506 | 0.8542954393585033 | 0.8493150684931506 | 0.850361289811231 |
+--------------------+--------------------+--------------------+-------------------+

Epoch loss:0.22846242050464088

+--------------------+--------------------+--------------------+--------------------+
|      Accuracy      |     Precision      |       Recall       |         F1         |
+--------------------+--------------------+--------------------+--------------------+
| 0.7945205479452054 | 0.8039415869733781 | 0.7945205479452054 | 0.7851825379212553 |
+--------------------+--------------------+--------------------+--------------------+

Epoch loss:0.16676028586319974

+--------------------+--------------------+--------------------+--------------------+
|      Accuracy      |     Precision      |       Recall       |         F1         |
+--------------------+--------------------+--------------------+--------------------+
| 0.8493150684931506 | 0.8486953685583822 | 0.8493150684931506 | 0.8488398154073811 |
+--------------------+--------------------+--------------------+--------------------+

Epoch loss:0.18991360151385134

+--------------------+--------------------+--------------------+--------------------+
|      Accuracy      |     Precision      |       Recall       |         F1         |
+--------------------+--------------------+--------------------+--------------------+
| 0.7671232876712328 | 0.8320233550415451 | 0.7671232876712328 | 0.7376958935929869 |
+--------------------+--------------------+--------------------+--------------------+

Epoch loss:0.1674071650045949

+--------------------+--------------------+--------------------+--------------------+
|      Accuracy      |     Precision      |       Recall       |         F1         |
+--------------------+--------------------+--------------------+--------------------+
| 0.3972602739726027 | 0.1578157252767874 | 0.3972602739726027 | 0.2258930969648133 |
+--------------------+--------------------+--------------------+--------------------+

Epoch loss:0.15583581562984633

+--------------------+--------------------+--------------------+--------------------+
|      Accuracy      |     Precision      |       Recall       |         F1         |
+--------------------+--------------------+--------------------+--------------------+
| 0.8356164383561644 | 0.8396902918403811 | 0.8356164383561644 | 0.8313790552205009 |
+--------------------+--------------------+--------------------+--------------------+

Epoch loss:0.12883451952271768

+--------------------+--------------------+--------------------+--------------------+
|      Accuracy      |     Precision      |       Recall       |         F1         |
+--------------------+--------------------+--------------------+--------------------+
| 0.7534246575342466 | 0.8119995752362749 | 0.7534246575342466 | 0.7540725657164014 |
+--------------------+--------------------+--------------------+--------------------+

Epoch loss:0.11841749153225808

+--------------------+--------------------+--------------------+--------------------+
|      Accuracy      |     Precision      |       Recall       |         F1         |
+--------------------+--------------------+--------------------+--------------------+
| 0.6164383561643836 | 0.6350945857795174 | 0.6164383561643836 | 0.5043559240567171 |
+--------------------+--------------------+--------------------+--------------------+

Epoch loss:0.16919902187293848

+--------------------+--------------------+--------------------+--------------------+
|      Accuracy      |     Precision      |       Recall       |         F1         |
+--------------------+--------------------+--------------------+--------------------+
| 0.7808219178082192 | 0.8266789174741062 | 0.7808219178082192 | 0.7823050777629005 |
+--------------------+--------------------+--------------------+--------------------+

Epoch loss:0.1243336690287735

+-------------------+--------------------+-------------------+--------------------+
|      Accuracy     |     Precision      |       Recall      |         F1         |
+-------------------+--------------------+-------------------+--------------------+
| 0.863013698630137 | 0.8625284009441245 | 0.863013698630137 | 0.8620895846923243 |
+-------------------+--------------------+-------------------+--------------------+

Epoch loss:0.13150011159076885

+--------------------+--------------------+--------------------+--------------------+
|      Accuracy      |     Precision      |       Recall       |         F1         |
+--------------------+--------------------+--------------------+--------------------+
| 0.8082191780821918 | 0.8068956389385217 | 0.8082191780821918 | 0.8069254185692543 |
+--------------------+--------------------+--------------------+--------------------+

Epoch loss:0.11557204102644243

+-------------------+--------------------+-------------------+--------------------+
|      Accuracy     |     Precision      |       Recall      |         F1         |
+-------------------+--------------------+-------------------+--------------------+
| 0.821917808219178 | 0.8230826577206226 | 0.821917808219178 | 0.8183048605263231 |
+-------------------+--------------------+-------------------+--------------------+

Epoch loss:0.14194361722046459

+--------------------+--------------------+--------------------+--------------------+
|      Accuracy      |     Precision      |       Recall       |         F1         |
+--------------------+--------------------+--------------------+--------------------+
| 0.8904109589041096 | 0.8976338729763388 | 0.8904109589041096 | 0.8913368263788062 |
+--------------------+--------------------+--------------------+--------------------+

Epoch loss:0.11660184800574505

+--------------------+--------------------+--------------------+--------------------+
|      Accuracy      |     Precision      |       Recall       |         F1         |
+--------------------+--------------------+--------------------+--------------------+
| 0.7397260273972602 | 0.8182213524679278 | 0.7397260273972602 | 0.6994343939677443 |
+--------------------+--------------------+--------------------+--------------------+

Epoch loss:0.07958193325966194

+--------------------+--------------------+--------------------+--------------------+
|      Accuracy      |     Precision      |       Recall       |         F1         |
+--------------------+--------------------+--------------------+--------------------+
| 0.6164383561643836 | 0.7656012176560122 | 0.6164383561643836 | 0.4837348449063139 |
+--------------------+--------------------+--------------------+--------------------+

Epoch loss:0.13051441925376453

+--------------------+--------------------+--------------------+--------------------+
|      Accuracy      |     Precision      |       Recall       |         F1         |
+--------------------+--------------------+--------------------+--------------------+
| 0.8356164383561644 | 0.8502626429086415 | 0.8356164383561644 | 0.8373078850651521 |
+--------------------+--------------------+--------------------+--------------------+

Epoch loss:0.08727945303040985

+--------------------+--------------------+--------------------+--------------------+
|      Accuracy      |     Precision      |       Recall       |         F1         |
+--------------------+--------------------+--------------------+--------------------+
| 0.8356164383561644 | 0.8347120199413232 | 0.8356164383561644 | 0.8345075016307892 |
+--------------------+--------------------+--------------------+--------------------+

Epoch loss:0.07530806280634794

+-------------------+--------------------+-------------------+-------------------+
|      Accuracy     |     Precision      |       Recall      |         F1        |
+-------------------+--------------------+-------------------+-------------------+
| 0.863013698630137 | 0.8690172721858248 | 0.863013698630137 | 0.859482546017084 |
+-------------------+--------------------+-------------------+-------------------+

Epoch loss:0.1199580778783137

+--------------------+--------------------+--------------------+-------------------+
|      Accuracy      |     Precision      |       Recall       |         F1        |
+--------------------+--------------------+--------------------+-------------------+
| 0.8904109589041096 | 0.8928767123287672 | 0.8904109589041096 | 0.888734475988794 |
+--------------------+--------------------+--------------------+-------------------+

Epoch loss:0.07493081103028679

+--------------------+--------------------+--------------------+--------------------+
|      Accuracy      |     Precision      |       Recall       |         F1         |
+--------------------+--------------------+--------------------+--------------------+
| 0.8082191780821918 | 0.8082191780821918 | 0.8082191780821918 | 0.8082191780821918 |
+--------------------+--------------------+--------------------+--------------------+

Epoch loss:0.09607040460970304

+-------------------+--------------------+-------------------+--------------------+
|      Accuracy     |     Precision      |       Recall      |         F1         |
+-------------------+--------------------+-------------------+--------------------+
| 0.821917808219178 | 0.8464231354642314 | 0.821917808219178 | 0.8109718578969526 |
+-------------------+--------------------+-------------------+--------------------+

Epoch loss:0.07376619604277752

+--------------------+--------------------+--------------------+--------------------+
|      Accuracy      |     Precision      |       Recall       |         F1         |
+--------------------+--------------------+--------------------+--------------------+
| 0.8767123287671232 | 0.8777211426144207 | 0.8767123287671232 | 0.8770485897056116 |
+--------------------+--------------------+--------------------+--------------------+

Epoch loss:0.06125496824215342

+--------------------+--------------------+--------------------+--------------------+
|      Accuracy      |     Precision      |       Recall       |         F1         |
+--------------------+--------------------+--------------------+--------------------+
| 0.7123287671232876 | 0.8052687038988409 | 0.7123287671232876 | 0.6584037852103706 |
+--------------------+--------------------+--------------------+--------------------+

Epoch loss:0.04562754658006786

+--------------------+--------------------+--------------------+-------------------+
|      Accuracy      |     Precision      |       Recall       |         F1        |
+--------------------+--------------------+--------------------+-------------------+
| 0.7945205479452054 | 0.7977681732717994 | 0.7945205479452054 | 0.787989312523856 |
+--------------------+--------------------+--------------------+-------------------+

Epoch loss:0.040755250195444036

+--------------------+--------------------+--------------------+-------------------+
|      Accuracy      |     Precision      |       Recall       |         F1        |
+--------------------+--------------------+--------------------+-------------------+
| 0.7945205479452054 | 0.8058844190995682 | 0.7945205479452054 | 0.796485354333184 |
+--------------------+--------------------+--------------------+-------------------+

Epoch loss:0.08559043749827086

+-------------------+--------------------+-------------------+-------------------+
|      Accuracy     |     Precision      |       Recall      |         F1        |
+-------------------+--------------------+-------------------+-------------------+
| 0.821917808219178 | 0.8505613348439591 | 0.821917808219178 | 0.823734630126634 |
+-------------------+--------------------+-------------------+-------------------+

Epoch loss:0.07754552442772389

+--------------------+--------------------+--------------------+--------------------+
|      Accuracy      |     Precision      |       Recall       |         F1         |
+--------------------+--------------------+--------------------+--------------------+
| 0.8767123287671232 | 0.8772167791404166 | 0.8767123287671232 | 0.8753821520944808 |
+--------------------+--------------------+--------------------+--------------------+

Epoch loss:0.050433646889113996

+--------------------+--------------------+--------------------+--------------------+
|      Accuracy      |     Precision      |       Recall       |         F1         |
+--------------------+--------------------+--------------------+--------------------+
| 0.8356164383561644 | 0.8347120199413232 | 0.8356164383561644 | 0.8345075016307892 |
+--------------------+--------------------+--------------------+--------------------+

Epoch loss:0.04245417921275303

+--------------------+--------------------+--------------------+--------------------+
|      Accuracy      |     Precision      |       Recall       |         F1         |
+--------------------+--------------------+--------------------+--------------------+
| 0.6986301369863014 | 0.7333386895914514 | 0.6986301369863014 | 0.6564099250452314 |
+--------------------+--------------------+--------------------+--------------------+

Epoch loss:0.05837166232624834

+--------------------+--------------------+--------------------+--------------------+
|      Accuracy      |     Precision      |       Recall       |         F1         |
+--------------------+--------------------+--------------------+--------------------+
| 0.6575342465753424 | 0.7816160412944212 | 0.6575342465753424 | 0.5656957500817362 |
+--------------------+--------------------+--------------------+--------------------+

Epoch loss:0.055296065893049376

+--------------------+--------------------+--------------------+--------------------+
|      Accuracy      |     Precision      |       Recall       |         F1         |
+--------------------+--------------------+--------------------+--------------------+
| 0.7534246575342466 | 0.8119995752362749 | 0.7534246575342466 | 0.7540725657164014 |
+--------------------+--------------------+--------------------+--------------------+

Epoch loss:0.07461096526350121

+--------------------+--------------------+--------------------+--------------------+
|      Accuracy      |     Precision      |       Recall       |         F1         |
+--------------------+--------------------+--------------------+--------------------+
| 0.8356164383561644 | 0.8356164383561644 | 0.8356164383561644 | 0.8356164383561644 |
+--------------------+--------------------+--------------------+--------------------+

Epoch loss:0.06224832384504151

+-------------------+--------------------+-------------------+--------------------+
|      Accuracy     |     Precision      |       Recall      |         F1         |
+-------------------+--------------------+-------------------+--------------------+
| 0.863013698630137 | 0.8774745081882789 | 0.863013698630137 | 0.8644232375542933 |
+-------------------+--------------------+-------------------+--------------------+

Epoch loss:0.06304850815118894

+--------------------+--------------------+--------------------+-------------------+
|      Accuracy      |     Precision      |       Recall       |         F1        |
+--------------------+--------------------+--------------------+-------------------+
| 0.7945205479452054 | 0.8271298966594568 | 0.7945205479452054 | 0.778064107780641 |
+--------------------+--------------------+--------------------+-------------------+

Epoch loss:0.06772039858883913

+-------------------+--------------------+-------------------+--------------------+
|      Accuracy     |     Precision      |       Recall      |         F1         |
+-------------------+--------------------+-------------------+--------------------+
| 0.863013698630137 | 0.8657071312837995 | 0.863013698630137 | 0.8637039396835511 |
+-------------------+--------------------+-------------------+--------------------+

Epoch loss:0.04313060623511823

+--------------------+--------------------+--------------------+--------------------+
|      Accuracy      |     Precision      |       Recall       |         F1         |
+--------------------+--------------------+--------------------+--------------------+
| 0.8493150684931506 | 0.8782366876094345 | 0.8493150684931506 | 0.8508523793379212 |
+--------------------+--------------------+--------------------+--------------------+

Epoch loss:0.03217097329773399

+--------------------+--------------------+--------------------+--------------------+
|      Accuracy      |     Precision      |       Recall       |         F1         |
+--------------------+--------------------+--------------------+--------------------+
| 0.8767123287671232 | 0.8814107918476445 | 0.8767123287671232 | 0.8775683280273708 |
+--------------------+--------------------+--------------------+--------------------+

Epoch loss:0.06004437407938059

+--------------------+--------------------+--------------------+--------------------+
|      Accuracy      |     Precision      |       Recall       |         F1         |
+--------------------+--------------------+--------------------+--------------------+
| 0.7945205479452054 | 0.8481366917071733 | 0.7945205479452054 | 0.7955238278989002 |
+--------------------+--------------------+--------------------+--------------------+

Epoch loss:0.03820794965439426

+--------------------+-------------------+--------------------+--------------------+
|      Accuracy      |     Precision     |       Recall       |         F1         |
+--------------------+-------------------+--------------------+--------------------+
| 0.8904109589041096 | 0.890344781946926 | 0.8904109589041096 | 0.8896716677538594 |
+--------------------+-------------------+--------------------+--------------------+

Epoch loss:0.06245183430193622

+-------------------+--------------------+-------------------+--------------------+
|      Accuracy     |     Precision      |       Recall      |         F1         |
+-------------------+--------------------+-------------------+--------------------+
| 0.821917808219178 | 0.8276438844529095 | 0.821917808219178 | 0.8162574041873418 |
+-------------------+--------------------+-------------------+--------------------+

Epoch loss:0.023076597617890347

+-------------------+--------------------+-------------------+--------------------+
|      Accuracy     |     Precision      |       Recall      |         F1         |
+-------------------+--------------------+-------------------+--------------------+
| 0.863013698630137 | 0.8644292237442921 | 0.863013698630137 | 0.8609180949859926 |
+-------------------+--------------------+-------------------+--------------------+

Epoch loss:0.014821818430760145

+--------------------+--------------------+--------------------+--------------------+
|      Accuracy      |     Precision      |       Recall       |         F1         |
+--------------------+--------------------+--------------------+--------------------+
| 0.7671232876712328 | 0.7727061256138538 | 0.7671232876712328 | 0.7565402096440892 |
+--------------------+--------------------+--------------------+--------------------+

Epoch loss:0.06029138423425163

+-------------------+--------------------+-------------------+--------------------+
|      Accuracy     |     Precision      |       Recall      |         F1         |
+-------------------+--------------------+-------------------+--------------------+
| 0.863013698630137 | 0.8625284009441245 | 0.863013698630137 | 0.8620895846923243 |
+-------------------+--------------------+-------------------+--------------------+

Epoch loss:0.037903473107419546

+--------------------+--------------------+--------------------+--------------------+
|      Accuracy      |     Precision      |       Recall       |         F1         |
+--------------------+--------------------+--------------------+--------------------+
| 0.8767123287671232 | 0.8772167791404166 | 0.8767123287671232 | 0.8753821520944808 |
+--------------------+--------------------+--------------------+--------------------+

Epoch loss:0.030765514395858878

+--------------------+--------------------+--------------------+-------------------+
|      Accuracy      |     Precision      |       Recall       |         F1        |
+--------------------+--------------------+--------------------+-------------------+
| 0.8356164383561644 | 0.8591468180509276 | 0.8356164383561644 | 0.837359900373599 |
+--------------------+--------------------+--------------------+-------------------+

Epoch loss:0.026419494902133796

+--------------------+-------------------+--------------------+-------------------+
|      Accuracy      |     Precision     |       Recall       |         F1        |
+--------------------+-------------------+--------------------+-------------------+
| 0.8493150684931506 | 0.866412509692427 | 0.8493150684931506 | 0.842467194475587 |
+--------------------+-------------------+--------------------+-------------------+

Epoch loss:0.06428159315279068

+--------------------+--------------------+--------------------+-------------------+
|      Accuracy      |     Precision      |       Recall       |         F1        |
+--------------------+--------------------+--------------------+-------------------+
| 0.8356164383561644 | 0.8434205064342051 | 0.8356164383561644 | 0.837005239568209 |
+--------------------+--------------------+--------------------+-------------------+

Epoch loss:0.04866906680379887

+--------------------+--------------------+--------------------+--------------------+
|      Accuracy      |     Precision      |       Recall       |         F1         |
+--------------------+--------------------+--------------------+--------------------+
| 0.8904109589041096 | 0.8904109589041096 | 0.8904109589041096 | 0.8904109589041096 |
+--------------------+--------------------+--------------------+--------------------+

Epoch loss:0.05372626565705916

+--------------------+--------------------+--------------------+-------------------+
|      Accuracy      |     Precision      |       Recall       |         F1        |
+--------------------+--------------------+--------------------+-------------------+
| 0.8493150684931506 | 0.8542954393585033 | 0.8493150684931506 | 0.850361289811231 |
+--------------------+--------------------+--------------------+-------------------+

Epoch loss:0.03797415441255686

+--------------------+--------------------+--------------------+--------------------+
|      Accuracy      |     Precision      |       Recall       |         F1         |
+--------------------+--------------------+--------------------+--------------------+
| 0.9041095890410958 | 0.9085261443367857 | 0.9041095890410958 | 0.9047753662435106 |
+--------------------+--------------------+--------------------+--------------------+

Epoch loss:0.04412633601689752

+--------------------+--------------------+--------------------+--------------------+
|      Accuracy      |     Precision      |       Recall       |         F1         |
+--------------------+--------------------+--------------------+--------------------+
| 0.8493150684931506 | 0.8681044057756386 | 0.8493150684931506 | 0.8509177952100326 |
+--------------------+--------------------+--------------------+--------------------+

Epoch loss:0.08982080849789388

+--------------------+--------------------+--------------------+--------------------+
|      Accuracy      |     Precision      |       Recall       |         F1         |
+--------------------+--------------------+--------------------+--------------------+
| 0.8493150684931506 | 0.8681044057756386 | 0.8493150684931506 | 0.8509177952100326 |
+--------------------+--------------------+--------------------+--------------------+

Epoch loss:0.04240187395800997

+--------------------+--------------------+--------------------+--------------------+
|      Accuracy      |     Precision      |       Recall       |         F1         |
+--------------------+--------------------+--------------------+--------------------+
| 0.8356164383561644 | 0.8385413378785009 | 0.8356164383561644 | 0.8364447276202612 |
+--------------------+--------------------+--------------------+--------------------+

Epoch loss:0.05596311167008369

+-------------------+--------------------+-------------------+--------------------+
|      Accuracy     |     Precision      |       Recall      |         F1         |
+-------------------+--------------------+-------------------+--------------------+
| 0.863013698630137 | 0.8774745081882789 | 0.863013698630137 | 0.8644232375542933 |
+-------------------+--------------------+-------------------+--------------------+

Epoch loss:0.0313359878751185

+--------------------+--------------------+--------------------+--------------------+
|      Accuracy      |     Precision      |       Recall       |         F1         |
+--------------------+--------------------+--------------------+--------------------+
| 0.7945205479452054 | 0.8343607305936074 | 0.7945205479452054 | 0.7962222411299243 |
+--------------------+--------------------+--------------------+--------------------+

Epoch loss:0.0407539109484689

+-------------------+--------------------+-------------------+--------------------+
|      Accuracy     |     Precision      |       Recall      |         F1         |
+-------------------+--------------------+-------------------+--------------------+
| 0.821917808219178 | 0.8330234095745781 | 0.821917808219178 | 0.8236206404220928 |
+-------------------+--------------------+-------------------+--------------------+

Epoch loss:0.03793384540826869

+--------------------+--------------------+--------------------+--------------------+
|      Accuracy      |     Precision      |       Recall       |         F1         |
+--------------------+--------------------+--------------------+--------------------+
| 0.7945205479452054 | 0.8481366917071733 | 0.7945205479452054 | 0.7955238278989002 |
+--------------------+--------------------+--------------------+--------------------+

Epoch loss:0.018143439999614597

+--------------------+--------------------+--------------------+--------------------+
|      Accuracy      |     Precision      |       Recall       |         F1         |
+--------------------+--------------------+--------------------+--------------------+
| 0.7123287671232876 | 0.8052687038988409 | 0.7123287671232876 | 0.6584037852103706 |
+--------------------+--------------------+--------------------+--------------------+

Epoch loss:0.03156352010654626

+-------------------+--------------------+-------------------+--------------------+
|      Accuracy     |     Precision      |       Recall      |         F1         |
+-------------------+--------------------+-------------------+--------------------+
| 0.821917808219178 | 0.8211132854968471 | 0.821917808219178 | 0.8213561454814502 |
+-------------------+--------------------+-------------------+--------------------+

Epoch loss:0.027771069856031762

+--------------------+--------------------+--------------------+-------------------+
|      Accuracy      |     Precision      |       Recall       |         F1        |
+--------------------+--------------------+--------------------+-------------------+
| 0.7534246575342466 | 0.8478577674147479 | 0.7534246575342466 | 0.750921825110722 |
+--------------------+--------------------+--------------------+-------------------+

Epoch loss:0.052487230046780665

+-------------------+--------------------+-------------------+-------------------+
|      Accuracy     |     Precision      |       Recall      |         F1        |
+-------------------+--------------------+-------------------+-------------------+
| 0.863013698630137 | 0.8690172721858248 | 0.863013698630137 | 0.859482546017084 |
+-------------------+--------------------+-------------------+-------------------+

Epoch loss:0.03255435361171368

+--------------------+--------------------+--------------------+--------------------+
|      Accuracy      |     Precision      |       Recall       |         F1         |
+--------------------+--------------------+--------------------+--------------------+
| 0.8356164383561644 | 0.8385413378785009 | 0.8356164383561644 | 0.8364447276202612 |
+--------------------+--------------------+--------------------+--------------------+

Epoch loss:0.017979756121152407

+--------------------+--------------------+--------------------+--------------------+
|      Accuracy      |     Precision      |       Recall       |         F1         |
+--------------------+--------------------+--------------------+--------------------+
| 0.7945205479452054 | 0.8343607305936074 | 0.7945205479452054 | 0.7962222411299243 |
+--------------------+--------------------+--------------------+--------------------+

Epoch loss:0.018225371249492448

+--------------------+--------------------+--------------------+--------------------+
|      Accuracy      |     Precision      |       Recall       |         F1         |
+--------------------+--------------------+--------------------+--------------------+
| 0.7945205479452054 | 0.7942293355698444 | 0.7945205479452054 | 0.7903517621457574 |
+--------------------+--------------------+--------------------+--------------------+

Epoch loss:0.02140867931386212

+--------------------+--------------------+--------------------+--------------------+
|      Accuracy      |     Precision      |       Recall       |         F1         |
+--------------------+--------------------+--------------------+--------------------+
| 0.7671232876712328 | 0.8061643835616439 | 0.7671232876712328 | 0.7690518732805809 |
+--------------------+--------------------+--------------------+--------------------+

Epoch loss:0.018173518108258922

+--------------------+--------------------+--------------------+--------------------+
|      Accuracy      |     Precision      |       Recall       |         F1         |
+--------------------+--------------------+--------------------+--------------------+
| 0.8767123287671232 | 0.8873013905245976 | 0.8767123287671232 | 0.8778912125999103 |
+--------------------+--------------------+--------------------+--------------------+

Epoch loss:0.015421508559607115

+-------------------+-------------------+-------------------+--------------------+
|      Accuracy     |     Precision     |       Recall      |         F1         |
+-------------------+-------------------+-------------------+--------------------+
| 0.863013698630137 | 0.886626352379777 | 0.863013698630137 | 0.8644665836446659 |
+-------------------+-------------------+-------------------+--------------------+

Epoch loss:0.03730380059160116

+--------------------+-------------------+--------------------+--------------------+
|      Accuracy      |     Precision     |       Recall       |         F1         |
+--------------------+-------------------+--------------------+--------------------+
| 0.7671232876712328 | 0.819234896786819 | 0.7671232876712328 | 0.7682603382854203 |
+--------------------+-------------------+--------------------+--------------------+

Epoch loss:0.02292731181543442

+--------------------+--------------------+--------------------+--------------------+
|      Accuracy      |     Precision      |       Recall       |         F1         |
+--------------------+--------------------+--------------------+--------------------+
| 0.8356164383561644 | 0.8385413378785009 | 0.8356164383561644 | 0.8364447276202612 |
+--------------------+--------------------+--------------------+--------------------+

Epoch loss:0.006775257344930356

+--------------------+--------------------+--------------------+--------------------+
|      Accuracy      |     Precision      |       Recall       |         F1         |
+--------------------+--------------------+--------------------+--------------------+
| 0.8767123287671232 | 0.8762774516199173 | 0.8767123287671232 | 0.8763234853333116 |
+--------------------+--------------------+--------------------+--------------------+

Epoch loss:0.03236571247804465

+-------------------+--------------------+-------------------+--------------------+
|      Accuracy     |     Precision      |       Recall      |         F1         |
+-------------------+--------------------+-------------------+--------------------+
| 0.821917808219178 | 0.8625570776255708 | 0.821917808219178 | 0.8233926089792678 |
+-------------------+--------------------+-------------------+--------------------+

Epoch loss:0.017618584615529224

+--------------------+--------------------+--------------------+-------------------+
|      Accuracy      |     Precision      |       Recall       |         F1        |
+--------------------+--------------------+--------------------+-------------------+
| 0.8493150684931506 | 0.8542954393585033 | 0.8493150684931506 | 0.850361289811231 |
+--------------------+--------------------+--------------------+-------------------+

Epoch loss:0.013954051333466605

+--------------------+--------------------+--------------------+--------------------+
|      Accuracy      |     Precision      |       Recall       |         F1         |
+--------------------+--------------------+--------------------+--------------------+
| 0.7945205479452054 | 0.8039415869733781 | 0.7945205479452054 | 0.7851825379212553 |
+--------------------+--------------------+--------------------+--------------------+

Epoch loss:0.019455571093898026

+--------------------+--------------------+--------------------+--------------------+
|      Accuracy      |     Precision      |       Recall       |         F1         |
+--------------------+--------------------+--------------------+--------------------+
| 0.8767123287671232 | 0.8777211426144207 | 0.8767123287671232 | 0.8770485897056116 |
+--------------------+--------------------+--------------------+--------------------+

Epoch loss:0.05071089782458748

+--------------------+--------------------+--------------------+--------------------+
|      Accuracy      |     Precision      |       Recall       |         F1         |
+--------------------+--------------------+--------------------+--------------------+
| 0.6438356164383562 | 0.7761252446183953 | 0.6438356164383562 | 0.5397590723383802 |
+--------------------+--------------------+--------------------+--------------------+

Epoch loss:0.002894105743612917

+--------------------+--------------------+--------------------+--------------------+
|      Accuracy      |     Precision      |       Recall       |         F1         |
+--------------------+--------------------+--------------------+--------------------+
| 0.8493150684931506 | 0.8491132883438334 | 0.8493150684931506 | 0.8476892970043655 |
+--------------------+--------------------+--------------------+--------------------+

Epoch loss:0.027389747121754078

+--------------------+--------------------+--------------------+--------------------+
|      Accuracy      |     Precision      |       Recall       |         F1         |
+--------------------+--------------------+--------------------+--------------------+
| 0.8493150684931506 | 0.8486953685583822 | 0.8493150684931506 | 0.8488398154073811 |
+--------------------+--------------------+--------------------+--------------------+

Epoch loss:0.03783644256563819

+-------------------+--------------------+-------------------+--------------------+
|      Accuracy     |     Precision      |       Recall      |         F1         |
+-------------------+--------------------+-------------------+--------------------+
| 0.821917808219178 | 0.8625570776255708 | 0.821917808219178 | 0.8233926089792678 |
+-------------------+--------------------+-------------------+--------------------+

Epoch loss:0.02352887243664923

+-------------------+--------------------+-------------------+--------------------+
|      Accuracy     |     Precision      |       Recall      |         F1         |
+-------------------+--------------------+-------------------+--------------------+
| 0.821917808219178 | 0.8276438844529095 | 0.821917808219178 | 0.8162574041873418 |
+-------------------+--------------------+-------------------+--------------------+

Epoch loss:0.03397901190506009

+-------------------+--------------------+-------------------+--------------------+
|      Accuracy     |     Precision      |       Recall      |         F1         |
+-------------------+--------------------+-------------------+--------------------+
| 0.863013698630137 | 0.8657071312837995 | 0.863013698630137 | 0.8637039396835511 |
+-------------------+--------------------+-------------------+--------------------+

Epoch loss:0.009313762058760354

+--------------------+--------------------+--------------------+--------------------+
|      Accuracy      |     Precision      |       Recall       |         F1         |
+--------------------+--------------------+--------------------+--------------------+
| 0.8767123287671232 | 0.8807893020221788 | 0.8767123287671232 | 0.8742110572874545 |
+--------------------+--------------------+--------------------+--------------------+

Epoch loss:0.03235615594106499

+--------------------+--------------------+--------------------+--------------------+
|      Accuracy      |     Precision      |       Recall       |         F1         |
+--------------------+--------------------+--------------------+--------------------+
| 0.8493150684931506 | 0.8601624000495879 | 0.8493150684931506 | 0.8507559265110016 |
+--------------------+--------------------+--------------------+--------------------+

Epoch loss:0.01974540515507092

+--------------------+-------------------+--------------------+--------------------+
|      Accuracy      |     Precision     |       Recall       |         F1         |
+--------------------+-------------------+--------------------+--------------------+
| 0.8904109589041096 | 0.890344781946926 | 0.8904109589041096 | 0.8896716677538594 |
+--------------------+-------------------+--------------------+--------------------+

Epoch loss:0.013995746086908258

+-------------------+--------------------+-------------------+--------------------+
|      Accuracy     |     Precision      |       Recall      |         F1         |
+-------------------+--------------------+-------------------+--------------------+
| 0.863013698630137 | 0.8625284009441245 | 0.863013698630137 | 0.8620895846923243 |
+-------------------+--------------------+-------------------+--------------------+

Epoch loss:0.018743928479832018

+--------------------+--------------------+--------------------+-------------------+
|      Accuracy      |     Precision      |       Recall       |         F1        |
+--------------------+--------------------+--------------------+-------------------+
| 0.8356164383561644 | 0.8434205064342051 | 0.8356164383561644 | 0.837005239568209 |
+--------------------+--------------------+--------------------+-------------------+

Epoch loss:0.03640867567361744

+--------------------+--------------------+--------------------+--------------------+
|      Accuracy      |     Precision      |       Recall       |         F1         |
+--------------------+--------------------+--------------------+--------------------+
| 0.8767123287671232 | 0.9059120403749099 | 0.8767123287671232 | 0.8779701285492081 |
+--------------------+--------------------+--------------------+--------------------+

Epoch loss:0.01782694461802736

+-------------------+--------------------+-------------------+--------------------+
|      Accuracy     |     Precision      |       Recall      |         F1         |
+-------------------+--------------------+-------------------+--------------------+
| 0.863013698630137 | 0.8644292237442921 | 0.863013698630137 | 0.8609180949859926 |
+-------------------+--------------------+-------------------+--------------------+

Epoch loss:0.020537175809583974

+-------------------+--------------------+-------------------+--------------------+
|      Accuracy     |     Precision      |       Recall      |         F1         |
+-------------------+--------------------+-------------------+--------------------+
| 0.863013698630137 | 0.8774745081882789 | 0.863013698630137 | 0.8644232375542933 |
+-------------------+--------------------+-------------------+--------------------+

Epoch loss:0.04598126551244039

+--------------------+--------------------+--------------------+--------------------+
|      Accuracy      |     Precision      |       Recall       |         F1         |
+--------------------+--------------------+--------------------+--------------------+
| 0.8767123287671232 | 0.8873013905245976 | 0.8767123287671232 | 0.8778912125999103 |
+--------------------+--------------------+--------------------+--------------------+

Epoch loss:0.03903564499108364

+--------------------+--------------------+--------------------+--------------------+
|      Accuracy      |     Precision      |       Recall       |         F1         |
+--------------------+--------------------+--------------------+--------------------+
| 0.8356164383561644 | 0.8356164383561644 | 0.8356164383561644 | 0.8356164383561644 |
+--------------------+--------------------+--------------------+--------------------+

Epoch loss:0.022181515724960753

+-------------------+-------------------+-------------------+-------------------+
|      Accuracy     |     Precision     |       Recall      |         F1        |
+-------------------+-------------------+-------------------+-------------------+
| 0.863013698630137 | 0.863013698630137 | 0.863013698630137 | 0.863013698630137 |
+-------------------+-------------------+-------------------+-------------------+

Epoch loss:0.027145564406399335

+--------------------+--------------------+--------------------+--------------------+
|      Accuracy      |     Precision      |       Recall       |         F1         |
+--------------------+--------------------+--------------------+--------------------+
| 0.8493150684931506 | 0.8519359798714006 | 0.8493150684931506 | 0.8462579589068888 |
+--------------------+--------------------+--------------------+--------------------+

Epoch loss:0.04257731382900552

+--------------------+--------------------+--------------------+--------------------+
|      Accuracy      |     Precision      |       Recall       |         F1         |
+--------------------+--------------------+--------------------+--------------------+
| 0.8904109589041096 | 0.8928729246890981 | 0.8904109589041096 | 0.8909631517468408 |
+--------------------+--------------------+--------------------+--------------------+

Epoch loss:0.015724702219802725

+--------------------+--------------------+--------------------+--------------------+
|      Accuracy      |     Precision      |       Recall       |         F1         |
+--------------------+--------------------+--------------------+--------------------+
| 0.8493150684931506 | 0.8681044057756386 | 0.8493150684931506 | 0.8509177952100326 |
+--------------------+--------------------+--------------------+--------------------+

Epoch loss:0.008884708606750473

+--------------------+--------------------+--------------------+--------------------+
|      Accuracy      |     Precision      |       Recall       |         F1         |
+--------------------+--------------------+--------------------+--------------------+
| 0.8356164383561644 | 0.8359817351598174 | 0.8356164383561644 | 0.8331017139831911 |
+--------------------+--------------------+--------------------+--------------------+

Epoch loss:0.01795580279762411

+-------------------+--------------------+-------------------+--------------------+
|      Accuracy     |     Precision      |       Recall      |         F1         |
+-------------------+--------------------+-------------------+--------------------+
| 0.863013698630137 | 0.8625284009441245 | 0.863013698630137 | 0.8620895846923243 |
+-------------------+--------------------+-------------------+--------------------+

Epoch loss:0.024293302738384055

+-------------------+--------------------+-------------------+--------------------+
|      Accuracy     |     Precision      |       Recall      |         F1         |
+-------------------+--------------------+-------------------+--------------------+
| 0.863013698630137 | 0.8657071312837995 | 0.863013698630137 | 0.8637039396835511 |
+-------------------+--------------------+-------------------+--------------------+

Epoch loss:0.028106644448555654

+-------------------+--------------------+-------------------+--------------------+
|      Accuracy     |     Precision      |       Recall      |         F1         |
+-------------------+--------------------+-------------------+--------------------+
| 0.863013698630137 | 0.8774745081882789 | 0.863013698630137 | 0.8644232375542933 |
+-------------------+--------------------+-------------------+--------------------+

Epoch loss:0.04489718744421041

+--------------------+--------------------+--------------------+--------------------+
|      Accuracy      |     Precision      |       Recall       |         F1         |
+--------------------+--------------------+--------------------+--------------------+
| 0.8493150684931506 | 0.8681044057756386 | 0.8493150684931506 | 0.8509177952100326 |
+--------------------+--------------------+--------------------+--------------------+

Epoch loss:0.0071749387947531084

+--------------------+--------------------+--------------------+--------------------+
|      Accuracy      |     Precision      |       Recall       |         F1         |
+--------------------+--------------------+--------------------+--------------------+
| 0.8356164383561644 | 0.8502626429086415 | 0.8356164383561644 | 0.8373078850651521 |
+--------------------+--------------------+--------------------+--------------------+

Epoch loss:0.008949665194973944

+-------------------+--------------------+-------------------+--------------------+
|      Accuracy     |     Precision      |       Recall      |         F1         |
+-------------------+--------------------+-------------------+--------------------+
| 0.863013698630137 | 0.8657071312837995 | 0.863013698630137 | 0.8637039396835511 |
+-------------------+--------------------+-------------------+--------------------+

Epoch loss:0.018470666997960412

+--------------------+--------------------+--------------------+--------------------+
|      Accuracy      |     Precision      |       Recall       |         F1         |
+--------------------+--------------------+--------------------+--------------------+
| 0.7808219178082192 | 0.7810363311494937 | 0.7808219178082192 | 0.7751720736273344 |
+--------------------+--------------------+--------------------+--------------------+

Epoch loss:0.03551210810327132

+--------------------+--------------------+--------------------+--------------------+
|      Accuracy      |     Precision      |       Recall       |         F1         |
+--------------------+--------------------+--------------------+--------------------+
| 0.8904109589041096 | 0.8904109589041096 | 0.8904109589041096 | 0.8904109589041096 |
+--------------------+--------------------+--------------------+--------------------+

Epoch loss:0.033076890022873486

+--------------------+--------------------+--------------------+--------------------+
|      Accuracy      |     Precision      |       Recall       |         F1         |
+--------------------+--------------------+--------------------+--------------------+
| 0.8493150684931506 | 0.8486953685583822 | 0.8493150684931506 | 0.8488398154073811 |
+--------------------+--------------------+--------------------+--------------------+

Epoch loss:0.005480592931892691

+-------------------+--------------------+-------------------+--------------------+
|      Accuracy     |     Precision      |       Recall      |         F1         |
+-------------------+--------------------+-------------------+--------------------+
| 0.821917808219178 | 0.8330234095745781 | 0.821917808219178 | 0.8236206404220928 |
+-------------------+--------------------+-------------------+--------------------+

Epoch loss:0.022426046643649583

+--------------------+--------------------+--------------------+--------------------+
|      Accuracy      |     Precision      |       Recall       |         F1         |
+--------------------+--------------------+--------------------+--------------------+
| 0.8493150684931506 | 0.8681044057756386 | 0.8493150684931506 | 0.8509177952100326 |
+--------------------+--------------------+--------------------+--------------------+

Epoch loss:0.009741210795181093

+-------------------+--------------------+-------------------+--------------------+
|      Accuracy     |     Precision      |       Recall      |         F1         |
+-------------------+--------------------+-------------------+--------------------+
| 0.821917808219178 | 0.8210097975472502 | 0.821917808219178 | 0.8199964419142501 |
+-------------------+--------------------+-------------------+--------------------+

Epoch loss:0.008162484951446222

+-------------------+--------------------+-------------------+--------------------+
|      Accuracy     |     Precision      |       Recall      |         F1         |
+-------------------+--------------------+-------------------+--------------------+
| 0.863013698630137 | 0.8657071312837995 | 0.863013698630137 | 0.8637039396835511 |
+-------------------+--------------------+-------------------+--------------------+

Epoch loss:0.0102063398820516

+--------------------+--------------------+--------------------+--------------------+
|      Accuracy      |     Precision      |       Recall       |         F1         |
+--------------------+--------------------+--------------------+--------------------+
| 0.8493150684931506 | 0.8486953685583822 | 0.8493150684931506 | 0.8488398154073811 |
+--------------------+--------------------+--------------------+--------------------+

Epoch loss:0.015708419442300718

+-------------------+--------------------+-------------------+--------------------+
|      Accuracy     |     Precision      |       Recall      |         F1         |
+-------------------+--------------------+-------------------+--------------------+
| 0.863013698630137 | 0.8774745081882789 | 0.863013698630137 | 0.8644232375542933 |
+-------------------+--------------------+-------------------+--------------------+

Epoch loss:0.007231240115916878

+--------------------+-------------------+--------------------+--------------------+
|      Accuracy      |     Precision     |       Recall       |         F1         |
+--------------------+-------------------+--------------------+--------------------+
| 0.8082191780821918 | 0.855203808887404 | 0.8082191780821918 | 0.8095169430425379 |
+--------------------+-------------------+--------------------+--------------------+

Epoch loss:0.029738734994137955

+-------------------+--------------------+-------------------+--------------------+
|      Accuracy     |     Precision      |       Recall      |         F1         |
+-------------------+--------------------+-------------------+--------------------+
| 0.821917808219178 | 0.8276438844529095 | 0.821917808219178 | 0.8162574041873418 |
+-------------------+--------------------+-------------------+--------------------+

Epoch loss:0.0404822175899386

+--------------------+-------------------+--------------------+--------------------+
|      Accuracy      |     Precision     |       Recall       |         F1         |
+--------------------+-------------------+--------------------+--------------------+
| 0.8356164383561644 | 0.846254202418586 | 0.8356164383561644 | 0.8293150684931506 |
+--------------------+-------------------+--------------------+--------------------+

Epoch loss:0.034938325003098715

+--------------------+--------------------+--------------------+--------------------+
|      Accuracy      |     Precision      |       Recall       |         F1         |
+--------------------+--------------------+--------------------+--------------------+
| 0.8493150684931506 | 0.8486953685583822 | 0.8493150684931506 | 0.8488398154073811 |
+--------------------+--------------------+--------------------+--------------------+

Epoch loss:0.02440249042634556

+--------------------+--------------------+--------------------+--------------------+
|      Accuracy      |     Precision      |       Recall       |         F1         |
+--------------------+--------------------+--------------------+--------------------+
| 0.8493150684931506 | 0.8681044057756386 | 0.8493150684931506 | 0.8509177952100326 |
+--------------------+--------------------+--------------------+--------------------+

Epoch loss:0.011676107470987601

+--------------------+--------------------+--------------------+-------------------+
|      Accuracy      |     Precision      |       Recall       |         F1        |
+--------------------+--------------------+--------------------+-------------------+
| 0.8356164383561644 | 0.8434205064342051 | 0.8356164383561644 | 0.837005239568209 |
+--------------------+--------------------+--------------------+-------------------+

Epoch loss:0.013613288601356346

+--------------------+--------------------+--------------------+--------------------+
|      Accuracy      |     Precision      |       Recall       |         F1         |
+--------------------+--------------------+--------------------+--------------------+
| 0.8493150684931506 | 0.8486953685583822 | 0.8493150684931506 | 0.8488398154073811 |
+--------------------+--------------------+--------------------+--------------------+

Epoch loss:0.04979855956974375

+--------------------+--------------------+--------------------+-------------------+
|      Accuracy      |     Precision      |       Recall       |         F1        |
+--------------------+--------------------+--------------------+-------------------+
| 0.8493150684931506 | 0.8542954393585033 | 0.8493150684931506 | 0.850361289811231 |
+--------------------+--------------------+--------------------+-------------------+

Epoch loss:0.002934137055119072

+--------------------+--------------------+--------------------+--------------------+
|      Accuracy      |     Precision      |       Recall       |         F1         |
+--------------------+--------------------+--------------------+--------------------+
| 0.8356164383561644 | 0.8385413378785009 | 0.8356164383561644 | 0.8364447276202612 |
+--------------------+--------------------+--------------------+--------------------+

Epoch loss:0.025260147293293966

+--------------------+--------------------+--------------------+--------------------+
|      Accuracy      |     Precision      |       Recall       |         F1         |
+--------------------+--------------------+--------------------+--------------------+
| 0.7945205479452054 | 0.8645703611457035 | 0.7945205479452054 | 0.7945205479452054 |
+--------------------+--------------------+--------------------+--------------------+

Epoch loss:0.012895585387118994

+-------------------+--------------------+-------------------+--------------------+
|      Accuracy     |     Precision      |       Recall      |         F1         |
+-------------------+--------------------+-------------------+--------------------+
| 0.821917808219178 | 0.8330234095745781 | 0.821917808219178 | 0.8236206404220928 |
+-------------------+--------------------+-------------------+--------------------+

Epoch loss:0.014582865110927129

+-------------------+--------------------+-------------------+--------------------+
|      Accuracy     |     Precision      |       Recall      |         F1         |
+-------------------+--------------------+-------------------+--------------------+
| 0.863013698630137 | 0.8625284009441245 | 0.863013698630137 | 0.8620895846923243 |
+-------------------+--------------------+-------------------+--------------------+

Epoch loss:0.014273275886958382

+--------------------+--------------------+--------------------+--------------------+
|      Accuracy      |     Precision      |       Recall       |         F1         |
+--------------------+--------------------+--------------------+--------------------+
| 0.8493150684931506 | 0.8681044057756386 | 0.8493150684931506 | 0.8509177952100326 |
+--------------------+--------------------+--------------------+--------------------+

Epoch loss:0.005100962344714063

+--------------------+--------------------+--------------------+--------------------+
|      Accuracy      |     Precision      |       Recall       |         F1         |
+--------------------+--------------------+--------------------+--------------------+
| 0.8356164383561644 | 0.8347120199413232 | 0.8356164383561644 | 0.8345075016307892 |
+--------------------+--------------------+--------------------+--------------------+

Epoch loss:0.0045279732228341975

+-------------------+--------------------+-------------------+--------------------+
|      Accuracy     |     Precision      |       Recall      |         F1         |
+-------------------+--------------------+-------------------+--------------------+
| 0.821917808219178 | 0.8232027184878411 | 0.821917808219178 | 0.8224035184636611 |
+-------------------+--------------------+-------------------+--------------------+

Epoch loss:0.030879680825253632

+--------------------+--------------------+--------------------+--------------------+
|      Accuracy      |     Precision      |       Recall       |         F1         |
+--------------------+--------------------+--------------------+--------------------+
| 0.7534246575342466 | 0.8283974777125462 | 0.7534246575342466 | 0.7526841910403554 |
+--------------------+--------------------+--------------------+--------------------+

Epoch loss:0.022118767104471505

+--------------------+--------------------+--------------------+-------------------+
|      Accuracy      |     Precision      |       Recall       |         F1        |
+--------------------+--------------------+--------------------+-------------------+
| 0.7945205479452054 | 0.7977681732717994 | 0.7945205479452054 | 0.787989312523856 |
+--------------------+--------------------+--------------------+-------------------+

Epoch loss:0.0006777307550907717

+--------------------+--------------------+--------------------+--------------------+
|      Accuracy      |     Precision      |       Recall       |         F1         |
+--------------------+--------------------+--------------------+--------------------+
| 0.8356164383561644 | 0.8396902918403811 | 0.8356164383561644 | 0.8313790552205009 |
+--------------------+--------------------+--------------------+--------------------+

Epoch loss:0.0026135272454001625

+--------------------+--------------------+--------------------+--------------------+
|      Accuracy      |     Precision      |       Recall       |         F1         |
+--------------------+--------------------+--------------------+--------------------+
| 0.6301369863013698 | 0.8084637964774951 | 0.6301369863013698 | 0.6070250062746859 |
+--------------------+--------------------+--------------------+--------------------+

Epoch loss:0.033183089131840905

+--------------------+--------------------+--------------------+--------------------+
|      Accuracy      |     Precision      |       Recall       |         F1         |
+--------------------+--------------------+--------------------+--------------------+
| 0.8493150684931506 | 0.8491132883438334 | 0.8493150684931506 | 0.8476892970043655 |
+--------------------+--------------------+--------------------+--------------------+

Epoch loss:0.00659642617394759

+--------------------+--------------------+--------------------+--------------------+
|      Accuracy      |     Precision      |       Recall       |         F1         |
+--------------------+--------------------+--------------------+--------------------+
| 0.8493150684931506 | 0.8681044057756386 | 0.8493150684931506 | 0.8509177952100326 |
+--------------------+--------------------+--------------------+--------------------+

Epoch loss:0.007095700236593863

+--------------------+--------------------+--------------------+--------------------+
|      Accuracy      |     Precision      |       Recall       |         F1         |
+--------------------+--------------------+--------------------+--------------------+
| 0.8767123287671232 | 0.8772167791404166 | 0.8767123287671232 | 0.8753821520944808 |
+--------------------+--------------------+--------------------+--------------------+

Epoch loss:0.04304915478021812

+--------------------+-------------------+--------------------+--------------------+
|      Accuracy      |     Precision     |       Recall       |         F1         |
+--------------------+-------------------+--------------------+--------------------+
| 0.8493150684931506 | 0.850461930551131 | 0.8493150684931506 | 0.8497260540846364 |
+--------------------+-------------------+--------------------+--------------------+

Epoch loss:0.0599262162575694

+--------------------+--------------------+--------------------+--------------------+
|      Accuracy      |     Precision      |       Recall       |         F1         |
+--------------------+--------------------+--------------------+--------------------+
| 0.9041095890410958 | 0.9049803546777107 | 0.9041095890410958 | 0.9043711253265867 |
+--------------------+--------------------+--------------------+--------------------+

Epoch loss:0.002275695117158455

+--------------------+--------------------+--------------------+--------------------+
|      Accuracy      |     Precision      |       Recall       |         F1         |
+--------------------+--------------------+--------------------+--------------------+
| 0.8767123287671232 | 0.8777211426144207 | 0.8767123287671232 | 0.8770485897056116 |
+--------------------+--------------------+--------------------+--------------------+

Epoch loss:0.002892311705153265

+--------------------+--------------------+--------------------+--------------------+
|      Accuracy      |     Precision      |       Recall       |         F1         |
+--------------------+--------------------+--------------------+--------------------+
| 0.8493150684931506 | 0.8601624000495879 | 0.8493150684931506 | 0.8507559265110016 |
+--------------------+--------------------+--------------------+--------------------+

Epoch loss:0.03310896142234942

+-------------------+--------------------+-------------------+--------------------+
|      Accuracy     |     Precision      |       Recall      |         F1         |
+-------------------+--------------------+-------------------+--------------------+
| 0.821917808219178 | 0.8210097975472502 | 0.821917808219178 | 0.8199964419142501 |
+-------------------+--------------------+-------------------+--------------------+

Epoch loss:0.007969991337929314

+--------------------+--------------------+--------------------+--------------------+
|      Accuracy      |     Precision      |       Recall       |         F1         |
+--------------------+--------------------+--------------------+--------------------+
| 0.8082191780821918 | 0.8082191780821918 | 0.8082191780821918 | 0.8082191780821918 |
+--------------------+--------------------+--------------------+--------------------+

Epoch loss:0.004748598021213551

+--------------------+--------------------+--------------------+--------------------+
|      Accuracy      |     Precision      |       Recall       |         F1         |
+--------------------+--------------------+--------------------+--------------------+
| 0.8767123287671232 | 0.8814107918476445 | 0.8767123287671232 | 0.8775683280273708 |
+--------------------+--------------------+--------------------+--------------------+

Epoch loss:0.018858985876521718

+--------------------+--------------------+--------------------+-------------------+
|      Accuracy      |     Precision      |       Recall       |         F1        |
+--------------------+--------------------+--------------------+-------------------+
| 0.7397260273972602 | 0.7563236000961308 | 0.7397260273972602 | 0.718881203188812 |
+--------------------+--------------------+--------------------+-------------------+

Epoch loss:0.01398792366198955

+--------------------+-------------------+--------------------+--------------------+
|      Accuracy      |     Precision     |       Recall       |         F1         |
+--------------------+-------------------+--------------------+--------------------+
| 0.8356164383561644 | 0.870224591417178 | 0.8356164383561644 | 0.8371660571499412 |
+--------------------+-------------------+--------------------+--------------------+

Epoch loss:0.028322677267682093

+--------------------+--------------------+--------------------+--------------------+
|      Accuracy      |     Precision      |       Recall       |         F1         |
+--------------------+--------------------+--------------------+--------------------+
| 0.8767123287671232 | 0.8762774516199173 | 0.8767123287671232 | 0.8763234853333116 |
+--------------------+--------------------+--------------------+--------------------+

Epoch loss:0.029971286880375588

+-------------------+--------------------+-------------------+--------------------+
|      Accuracy     |     Precision      |       Recall      |         F1         |
+-------------------+--------------------+-------------------+--------------------+
| 0.821917808219178 | 0.8232027184878411 | 0.821917808219178 | 0.8224035184636611 |
+-------------------+--------------------+-------------------+--------------------+

Epoch loss:0.006621421932664675

+--------------------+--------------------+--------------------+--------------------+
|      Accuracy      |     Precision      |       Recall       |         F1         |
+--------------------+--------------------+--------------------+--------------------+
| 0.8493150684931506 | 0.8601624000495879 | 0.8493150684931506 | 0.8507559265110016 |
+--------------------+--------------------+--------------------+--------------------+

Epoch loss:0.000541547041031265

+--------------------+--------------------+--------------------+--------------------+
|      Accuracy      |     Precision      |       Recall       |         F1         |
+--------------------+--------------------+--------------------+--------------------+
| 0.8767123287671232 | 0.8762774516199173 | 0.8767123287671232 | 0.8763234853333116 |
+--------------------+--------------------+--------------------+--------------------+

Epoch loss:0.01000049350678451

+--------------------+--------------------+--------------------+--------------------+
|      Accuracy      |     Precision      |       Recall       |         F1         |
+--------------------+--------------------+--------------------+--------------------+
| 0.8904109589041096 | 0.9141058867086264 | 0.8904109589041096 | 0.8915732669157328 |
+--------------------+--------------------+--------------------+--------------------+

Epoch loss:0.008410155779668868

+-------------------+--------------------+-------------------+--------------------+
|      Accuracy     |     Precision      |       Recall      |         F1         |
+-------------------+--------------------+-------------------+--------------------+
| 0.863013698630137 | 0.8705271897052719 | 0.863013698630137 | 0.8641710329735076 |
+-------------------+--------------------+-------------------+--------------------+

Epoch loss:0.010586100947526983

+--------------------+--------------------+--------------------+--------------------+
|      Accuracy      |     Precision      |       Recall       |         F1         |
+--------------------+--------------------+--------------------+--------------------+
| 0.8082191780821918 | 0.8068956389385217 | 0.8082191780821918 | 0.8069254185692543 |
+--------------------+--------------------+--------------------+--------------------+

Epoch loss:0.03948541624637514

+--------------------+--------------------+--------------------+--------------------+
|      Accuracy      |     Precision      |       Recall       |         F1         |
+--------------------+--------------------+--------------------+--------------------+
| 0.8356164383561644 | 0.8356164383561644 | 0.8356164383561644 | 0.8356164383561644 |
+--------------------+--------------------+--------------------+--------------------+

Epoch loss:0.00023911123655334204

+-------------------+--------------------+-------------------+--------------------+
|      Accuracy     |     Precision      |       Recall      |         F1         |
+-------------------+--------------------+-------------------+--------------------+
| 0.863013698630137 | 0.8625284009441245 | 0.863013698630137 | 0.8620895846923243 |
+-------------------+--------------------+-------------------+--------------------+

Epoch loss:0.00044087053657745673

+--------------------+--------------------+--------------------+--------------------+
|      Accuracy      |     Precision      |       Recall       |         F1         |
+--------------------+--------------------+--------------------+--------------------+
| 0.8356164383561644 | 0.8502626429086415 | 0.8356164383561644 | 0.8373078850651521 |
+--------------------+--------------------+--------------------+--------------------+

Epoch loss:0.009426721744114786

+-------------------+--------------------+-------------------+--------------------+
|      Accuracy     |     Precision      |       Recall      |         F1         |
+-------------------+--------------------+-------------------+--------------------+
| 0.863013698630137 | 0.8644292237442921 | 0.863013698630137 | 0.8609180949859926 |
+-------------------+--------------------+-------------------+--------------------+

Epoch loss:0.0023555254865811307

+--------------------+--------------------+--------------------+--------------------+
|      Accuracy      |     Precision      |       Recall       |         F1         |
+--------------------+--------------------+--------------------+--------------------+
| 0.8767123287671232 | 0.8954296762515942 | 0.8767123287671232 | 0.8780236506263903 |
+--------------------+--------------------+--------------------+--------------------+

Epoch loss:0.0009017895525504496

+--------------------+-------------------+--------------------+--------------------+
|      Accuracy      |     Precision     |       Recall       |         F1         |
+--------------------+-------------------+--------------------+--------------------+
| 0.8493150684931506 | 0.850461930551131 | 0.8493150684931506 | 0.8497260540846364 |
+--------------------+-------------------+--------------------+--------------------+

Epoch loss:0.015388572841412958

+--------------------+-------------------+--------------------+--------------------+
|      Accuracy      |     Precision     |       Recall       |         F1         |
+--------------------+-------------------+--------------------+--------------------+
| 0.8082191780821918 | 0.823050777629004 | 0.8082191780821918 | 0.8101925325760106 |
+--------------------+-------------------+--------------------+--------------------+

Epoch loss:0.017671616911688427

+--------------------+-------------------+--------------------+--------------------+
|      Accuracy      |     Precision     |       Recall       |         F1         |
+--------------------+-------------------+--------------------+--------------------+
| 0.8493150684931506 | 0.850461930551131 | 0.8493150684931506 | 0.8497260540846364 |
+--------------------+-------------------+--------------------+--------------------+

Epoch loss:0.010056176939212512

+--------------------+--------------------+--------------------+--------------------+
|      Accuracy      |     Precision      |       Recall       |         F1         |
+--------------------+--------------------+--------------------+--------------------+
| 0.8904109589041096 | 0.8976338729763388 | 0.8904109589041096 | 0.8913368263788062 |
+--------------------+--------------------+--------------------+--------------------+

Epoch loss:0.02818874867800613

+--------------------+--------------------+--------------------+--------------------+
|      Accuracy      |     Precision      |       Recall       |         F1         |
+--------------------+--------------------+--------------------+--------------------+
| 0.8493150684931506 | 0.8782366876094345 | 0.8493150684931506 | 0.8508523793379212 |
+--------------------+--------------------+--------------------+--------------------+

Epoch loss:0.007895272349636762

+--------------------+-------------------+--------------------+--------------------+
|      Accuracy      |     Precision     |       Recall       |         F1         |
+--------------------+-------------------+--------------------+--------------------+
| 0.8493150684931506 | 0.850461930551131 | 0.8493150684931506 | 0.8497260540846364 |
+--------------------+-------------------+--------------------+--------------------+

Epoch loss:0.016742802374872207

+--------------------+--------------------+--------------------+--------------------+
|      Accuracy      |     Precision      |       Recall       |         F1         |
+--------------------+--------------------+--------------------+--------------------+
| 0.8767123287671232 | 0.8777211426144207 | 0.8767123287671232 | 0.8770485897056116 |
+--------------------+--------------------+--------------------+--------------------+

Epoch loss:0.008111533368792535

+--------------------+--------------------+--------------------+--------------------+
|      Accuracy      |     Precision      |       Recall       |         F1         |
+--------------------+--------------------+--------------------+--------------------+
| 0.8767123287671232 | 0.8954296762515942 | 0.8767123287671232 | 0.8780236506263903 |
+--------------------+--------------------+--------------------+--------------------+

Epoch loss:0.007320794232367363

+-------------------+--------------------+-------------------+--------------------+
|      Accuracy     |     Precision      |       Recall      |         F1         |
+-------------------+--------------------+-------------------+--------------------+
| 0.821917808219178 | 0.8211132854968471 | 0.821917808219178 | 0.8213561454814502 |
+-------------------+--------------------+-------------------+--------------------+

Epoch loss:0.0002507538704772443

+--------------------+--------------------+--------------------+--------------------+
|      Accuracy      |     Precision      |       Recall       |         F1         |
+--------------------+--------------------+--------------------+--------------------+
| 0.9178082191780822 | 0.9200387180943964 | 0.9178082191780822 | 0.9182223638101308 |
+--------------------+--------------------+--------------------+--------------------+

Epoch loss:0.0023986497856452386

+-------------------+--------------------+-------------------+--------------------+
|      Accuracy     |     Precision      |       Recall      |         F1         |
+-------------------+--------------------+-------------------+--------------------+
| 0.863013698630137 | 0.8705271897052719 | 0.863013698630137 | 0.8641710329735076 |
+-------------------+--------------------+-------------------+--------------------+

Epoch loss:0.00016189881041668837

+-------------------+--------------------+-------------------+--------------------+
|      Accuracy     |     Precision      |       Recall      |         F1         |
+-------------------+--------------------+-------------------+--------------------+
| 0.863013698630137 | 0.8774745081882789 | 0.863013698630137 | 0.8644232375542933 |
+-------------------+--------------------+-------------------+--------------------+

Epoch loss:0.015833235843351542

+--------------------+--------------------+--------------------+--------------------+
|      Accuracy      |     Precision      |       Recall       |         F1         |
+--------------------+--------------------+--------------------+--------------------+
| 0.8904109589041096 | 0.8976338729763388 | 0.8904109589041096 | 0.8913368263788062 |
+--------------------+--------------------+--------------------+--------------------+

Epoch loss:0.02168223668476723

+--------------------+-------------------+--------------------+--------------------+
|      Accuracy      |     Precision     |       Recall       |         F1         |
+--------------------+-------------------+--------------------+--------------------+
| 0.8904109589041096 | 0.890344781946926 | 0.8904109589041096 | 0.8896716677538594 |
+--------------------+-------------------+--------------------+--------------------+

Epoch loss:0.002172345470566385

+-------------------+--------------------+-------------------+--------------------+
|      Accuracy     |     Precision      |       Recall      |         F1         |
+-------------------+--------------------+-------------------+--------------------+
| 0.863013698630137 | 0.8767625068994931 | 0.863013698630137 | 0.8577625570776257 |
+-------------------+--------------------+-------------------+--------------------+

Epoch loss:0.012034566598642344

+--------------------+--------------------+--------------------+-------------------+
|      Accuracy      |     Precision      |       Recall       |         F1        |
+--------------------+--------------------+--------------------+-------------------+
| 0.8904109589041096 | 0.8928767123287672 | 0.8904109589041096 | 0.888734475988794 |
+--------------------+--------------------+--------------------+-------------------+

Epoch loss:0.0197981236348464

+--------------------+--------------------+--------------------+--------------------+
|      Accuracy      |     Precision      |       Recall       |         F1         |
+--------------------+--------------------+--------------------+--------------------+
| 0.8493150684931506 | 0.8601624000495879 | 0.8493150684931506 | 0.8507559265110016 |
+--------------------+--------------------+--------------------+--------------------+

Epoch loss:0.03531820635444073

+--------------------+--------------------+--------------------+--------------------+
|      Accuracy      |     Precision      |       Recall       |         F1         |
+--------------------+--------------------+--------------------+--------------------+
| 0.8904109589041096 | 0.8976338729763388 | 0.8904109589041096 | 0.8913368263788062 |
+--------------------+--------------------+--------------------+--------------------+

Epoch loss:0.003952083824265394

+--------------------+--------------------+--------------------+--------------------+
|      Accuracy      |     Precision      |       Recall       |         F1         |
+--------------------+--------------------+--------------------+--------------------+
| 0.8767123287671232 | 0.8873013905245976 | 0.8767123287671232 | 0.8778912125999103 |
+--------------------+--------------------+--------------------+--------------------+

Epoch loss:0.0007940915982427419

+--------------------+--------------------+--------------------+--------------------+
|      Accuracy      |     Precision      |       Recall       |         F1         |
+--------------------+--------------------+--------------------+--------------------+
| 0.8356164383561644 | 0.8385413378785009 | 0.8356164383561644 | 0.8364447276202612 |
+--------------------+--------------------+--------------------+--------------------+

Epoch loss:0.010033926589501805

+--------------------+--------------------+--------------------+--------------------+
|      Accuracy      |     Precision      |       Recall       |         F1         |
+--------------------+--------------------+--------------------+--------------------+
| 0.8904109589041096 | 0.8928729246890981 | 0.8904109589041096 | 0.8909631517468408 |
+--------------------+--------------------+--------------------+--------------------+

Epoch loss:0.0001303825704167388

+-------------------+--------------------+-------------------+--------------------+
|      Accuracy     |     Precision      |       Recall      |         F1         |
+-------------------+--------------------+-------------------+--------------------+
| 0.863013698630137 | 0.8657071312837995 | 0.863013698630137 | 0.8637039396835511 |
+-------------------+--------------------+-------------------+--------------------+

Epoch loss:0.00018327817083000023

+--------------------+-------------------+--------------------+--------------------+
|      Accuracy      |     Precision     |       Recall       |         F1         |
+--------------------+-------------------+--------------------+--------------------+
| 0.8356164383561644 | 0.846254202418586 | 0.8356164383561644 | 0.8293150684931506 |
+--------------------+-------------------+--------------------+--------------------+

Epoch loss:0.06563778417667078

+--------------------+--------------------+--------------------+--------------------+
|      Accuracy      |     Precision      |       Recall       |         F1         |
+--------------------+--------------------+--------------------+--------------------+
| 0.8493150684931506 | 0.8486953685583822 | 0.8493150684931506 | 0.8488398154073811 |
+--------------------+--------------------+--------------------+--------------------+

Epoch loss:0.013168122846928476

+--------------------+--------------------+--------------------+--------------------+
|      Accuracy      |     Precision      |       Recall       |         F1         |
+--------------------+--------------------+--------------------+--------------------+
| 0.9041095890410958 | 0.9144403809996073 | 0.9041095890410958 | 0.9050264986888191 |
+--------------------+--------------------+--------------------+--------------------+

Epoch loss:0.009516895764820597

+--------------------+--------------------+--------------------+--------------------+
|      Accuracy      |     Precision      |       Recall       |         F1         |
+--------------------+--------------------+--------------------+--------------------+
| 0.8904109589041096 | 0.9072708113804003 | 0.8904109589041096 | 0.8862100456621004 |
+--------------------+--------------------+--------------------+--------------------+

Epoch loss:0.0026607459799383006

+-------------------+--------------------+-------------------+--------------------+
|      Accuracy     |     Precision      |       Recall      |         F1         |
+-------------------+--------------------+-------------------+--------------------+
| 0.863013698630137 | 0.8705271897052719 | 0.863013698630137 | 0.8641710329735076 |
+-------------------+--------------------+-------------------+--------------------+

Epoch loss:0.018695607226294708

+--------------------+--------------------+--------------------+--------------------+
|      Accuracy      |     Precision      |       Recall       |         F1         |
+--------------------+--------------------+--------------------+--------------------+
| 0.8493150684931506 | 0.8519359798714006 | 0.8493150684931506 | 0.8462579589068888 |
+--------------------+--------------------+--------------------+--------------------+

Epoch loss:0.0003187395376976315

+--------------------+--------------------+--------------------+--------------------+
|      Accuracy      |     Precision      |       Recall       |         F1         |
+--------------------+--------------------+--------------------+--------------------+
| 0.8493150684931506 | 0.8486953685583822 | 0.8493150684931506 | 0.8488398154073811 |
+--------------------+--------------------+--------------------+--------------------+

Epoch loss:0.009397049405510179

+--------------------+--------------------+--------------------+--------------------+
|      Accuracy      |     Precision      |       Recall       |         F1         |
+--------------------+--------------------+--------------------+--------------------+
| 0.8904109589041096 | 0.8904109589041096 | 0.8904109589041096 | 0.8904109589041096 |
+--------------------+--------------------+--------------------+--------------------+

Epoch loss:0.008505580371809695

+--------------------+--------------------+--------------------+--------------------+
|      Accuracy      |     Precision      |       Recall       |         F1         |
+--------------------+--------------------+--------------------+--------------------+
| 0.8493150684931506 | 0.8601624000495879 | 0.8493150684931506 | 0.8507559265110016 |
+--------------------+--------------------+--------------------+--------------------+

Epoch loss:0.008697238410461928

+--------------------+--------------------+--------------------+-------------------+
|      Accuracy      |     Precision      |       Recall       |         F1        |
+--------------------+--------------------+--------------------+-------------------+
| 0.8493150684931506 | 0.8542954393585033 | 0.8493150684931506 | 0.850361289811231 |
+--------------------+--------------------+--------------------+-------------------+

Epoch loss:0.00024122341193860247

+--------------------+--------------------+--------------------+--------------------+
|      Accuracy      |     Precision      |       Recall       |         F1         |
+--------------------+--------------------+--------------------+--------------------+
| 0.8356164383561644 | 0.8502626429086415 | 0.8356164383561644 | 0.8373078850651521 |
+--------------------+--------------------+--------------------+--------------------+

Epoch loss:6.33451847967064e-05

+--------------------+--------------------+--------------------+--------------------+
|      Accuracy      |     Precision      |       Recall       |         F1         |
+--------------------+--------------------+--------------------+--------------------+
| 0.8493150684931506 | 0.8519359798714006 | 0.8493150684931506 | 0.8462579589068888 |
+--------------------+--------------------+--------------------+--------------------+

Epoch loss:0.01670709262846912

+--------------------+-------------------+--------------------+--------------------+
|      Accuracy      |     Precision     |       Recall       |         F1         |
+--------------------+-------------------+--------------------+--------------------+
| 0.8493150684931506 | 0.850461930551131 | 0.8493150684931506 | 0.8497260540846364 |
+--------------------+-------------------+--------------------+--------------------+

Epoch loss:0.02178082026818521

+--------------------+--------------------+--------------------+--------------------+
|      Accuracy      |     Precision      |       Recall       |         F1         |
+--------------------+--------------------+--------------------+--------------------+
| 0.8356164383561644 | 0.8347120199413232 | 0.8356164383561644 | 0.8345075016307892 |
+--------------------+--------------------+--------------------+--------------------+

Epoch loss:0.02310191896721229

+--------------------+--------------------+--------------------+--------------------+
|      Accuracy      |     Precision      |       Recall       |         F1         |
+--------------------+--------------------+--------------------+--------------------+
| 0.8904109589041096 | 0.9046863734679166 | 0.8904109589041096 | 0.8915385900434348 |
+--------------------+--------------------+--------------------+--------------------+

Epoch loss:0.004898780355438313

+--------------------+-------------------+--------------------+--------------------+
|      Accuracy      |     Precision     |       Recall       |         F1         |
+--------------------+-------------------+--------------------+--------------------+
| 0.8493150684931506 | 0.850461930551131 | 0.8493150684931506 | 0.8497260540846364 |
+--------------------+-------------------+--------------------+--------------------+

Epoch loss:0.0182451713723356

+--------------------+-------------------+--------------------+--------------------+
|      Accuracy      |     Precision     |       Recall       |         F1         |
+--------------------+-------------------+--------------------+--------------------+
| 0.8904109589041096 | 0.890344781946926 | 0.8904109589041096 | 0.8896716677538594 |
+--------------------+-------------------+--------------------+--------------------+

Epoch loss:0.0002722029337010106

+--------------------+--------------------+--------------------+--------------------+
|      Accuracy      |     Precision      |       Recall       |         F1         |
+--------------------+--------------------+--------------------+--------------------+
| 0.8767123287671232 | 0.8772167791404166 | 0.8767123287671232 | 0.8753821520944808 |
+--------------------+--------------------+--------------------+--------------------+

Epoch loss:0.0058851734349185305

+--------------------+--------------------+--------------------+--------------------+
|      Accuracy      |     Precision      |       Recall       |         F1         |
+--------------------+--------------------+--------------------+--------------------+
| 0.8767123287671232 | 0.8873013905245976 | 0.8767123287671232 | 0.8778912125999103 |
+--------------------+--------------------+--------------------+--------------------+

Epoch loss:0.04636514604245307

+-------------------+--------------------+-------------------+--------------------+
|      Accuracy     |     Precision      |       Recall      |         F1         |
+-------------------+--------------------+-------------------+--------------------+
| 0.863013698630137 | 0.8644292237442921 | 0.863013698630137 | 0.8609180949859926 |
+-------------------+--------------------+-------------------+--------------------+

Epoch loss:0.001811687865195141

+-------------------+--------------------+-------------------+--------------------+
|      Accuracy     |     Precision      |       Recall      |         F1         |
+-------------------+--------------------+-------------------+--------------------+
| 0.863013698630137 | 0.8625284009441245 | 0.863013698630137 | 0.8620895846923243 |
+-------------------+--------------------+-------------------+--------------------+

Epoch loss:0.0008127251666787345

+--------------------+--------------------+--------------------+--------------------+
|      Accuracy      |     Precision      |       Recall       |         F1         |
+--------------------+--------------------+--------------------+--------------------+
| 0.8767123287671232 | 0.8814107918476445 | 0.8767123287671232 | 0.8775683280273708 |
+--------------------+--------------------+--------------------+--------------------+

Epoch loss:0.013347886940622361

+-------------------+--------------------+-------------------+--------------------+
|      Accuracy     |     Precision      |       Recall      |         F1         |
+-------------------+--------------------+-------------------+--------------------+
| 0.863013698630137 | 0.8774745081882789 | 0.863013698630137 | 0.8644232375542933 |
+-------------------+--------------------+-------------------+--------------------+

Epoch loss:0.0031458339893202956

+--------------------+--------------------+--------------------+-------------------+
|      Accuracy      |     Precision      |       Recall       |         F1        |
+--------------------+--------------------+--------------------+-------------------+
| 0.8493150684931506 | 0.8542954393585033 | 0.8493150684931506 | 0.850361289811231 |
+--------------------+--------------------+--------------------+-------------------+

Epoch loss:2.9081209184250872e-05

+--------------------+--------------------+--------------------+--------------------+
|      Accuracy      |     Precision      |       Recall       |         F1         |
+--------------------+--------------------+--------------------+--------------------+
| 0.8356164383561644 | 0.8385413378785009 | 0.8356164383561644 | 0.8364447276202612 |
+--------------------+--------------------+--------------------+--------------------+

Epoch loss:0.002805938020244632

+-------------------+--------------------+-------------------+--------------------+
|      Accuracy     |     Precision      |       Recall      |         F1         |
+-------------------+--------------------+-------------------+--------------------+
| 0.863013698630137 | 0.8705271897052719 | 0.863013698630137 | 0.8641710329735076 |
+-------------------+--------------------+-------------------+--------------------+

Epoch loss:0.00014038633500748556

+--------------------+--------------------+--------------------+--------------------+
|      Accuracy      |     Precision      |       Recall       |         F1         |
+--------------------+--------------------+--------------------+--------------------+
| 0.8767123287671232 | 0.8954296762515942 | 0.8767123287671232 | 0.8780236506263903 |
+--------------------+--------------------+--------------------+--------------------+

Epoch loss:0.03413949982887149

+--------------------+--------------------+--------------------+-------------------+
|      Accuracy      |     Precision      |       Recall       |         F1        |
+--------------------+--------------------+--------------------+-------------------+
| 0.8493150684931506 | 0.8542954393585033 | 0.8493150684931506 | 0.850361289811231 |
+--------------------+--------------------+--------------------+-------------------+

Epoch loss:6.98532398419222e-06

+-------------------+--------------------+-------------------+--------------------+
|      Accuracy     |     Precision      |       Recall      |         F1         |
+-------------------+--------------------+-------------------+--------------------+
| 0.863013698630137 | 0.8657071312837995 | 0.863013698630137 | 0.8637039396835511 |
+-------------------+--------------------+-------------------+--------------------+

Epoch loss:0.006952479901107691

+--------------------+-------------------+--------------------+--------------------+
|      Accuracy      |     Precision     |       Recall       |         F1         |
+--------------------+-------------------+--------------------+--------------------+
| 0.8493150684931506 | 0.850461930551131 | 0.8493150684931506 | 0.8497260540846364 |
+--------------------+-------------------+--------------------+--------------------+

Epoch loss:0.015656206075903154

+-------------------+-------------------+-------------------+--------------------+
|      Accuracy     |     Precision     |       Recall      |         F1         |
+-------------------+-------------------+-------------------+--------------------+
| 0.863013698630137 | 0.886626352379777 | 0.863013698630137 | 0.8644665836446659 |
+-------------------+-------------------+-------------------+--------------------+

Epoch loss:0.003436334076380194

+--------------------+--------------------+--------------------+--------------------+
|      Accuracy      |     Precision      |       Recall       |         F1         |
+--------------------+--------------------+--------------------+--------------------+
| 0.8493150684931506 | 0.8486953685583822 | 0.8493150684931506 | 0.8488398154073811 |
+--------------------+--------------------+--------------------+--------------------+

Epoch loss:0.0001955291339339051

+-------------------+--------------------+-------------------+--------------------+
|      Accuracy     |     Precision      |       Recall      |         F1         |
+-------------------+--------------------+-------------------+--------------------+
| 0.863013698630137 | 0.8705271897052719 | 0.863013698630137 | 0.8641710329735076 |
+-------------------+--------------------+-------------------+--------------------+

Epoch loss:0.006877458818547772

+-------------------+--------------------+-------------------+--------------------+
|      Accuracy     |     Precision      |       Recall      |         F1         |
+-------------------+--------------------+-------------------+--------------------+
| 0.863013698630137 | 0.8625284009441245 | 0.863013698630137 | 0.8620895846923243 |
+-------------------+--------------------+-------------------+--------------------+

Epoch loss:0.0036934037454177597

+--------------------+-------------------+--------------------+--------------------+
|      Accuracy      |     Precision     |       Recall       |         F1         |
+--------------------+-------------------+--------------------+--------------------+
| 0.8493150684931506 | 0.850461930551131 | 0.8493150684931506 | 0.8497260540846364 |
+--------------------+-------------------+--------------------+--------------------+

Epoch loss:0.001214210469157886

+-------------------+--------------------+-------------------+--------------------+
|      Accuracy     |     Precision      |       Recall      |         F1         |
+-------------------+--------------------+-------------------+--------------------+
| 0.863013698630137 | 0.8625284009441245 | 0.863013698630137 | 0.8620895846923243 |
+-------------------+--------------------+-------------------+--------------------+

Epoch loss:0.0005243944494302529

+-------------------+--------------------+-------------------+--------------------+
|      Accuracy     |     Precision      |       Recall      |         F1         |
+-------------------+--------------------+-------------------+--------------------+
| 0.863013698630137 | 0.8705271897052719 | 0.863013698630137 | 0.8641710329735076 |
+-------------------+--------------------+-------------------+--------------------+

Epoch loss:9.848985408086949e-05

+--------------------+--------------------+--------------------+-------------------+
|      Accuracy      |     Precision      |       Recall       |         F1        |
+--------------------+--------------------+--------------------+-------------------+
| 0.8493150684931506 | 0.8542954393585033 | 0.8493150684931506 | 0.850361289811231 |
+--------------------+--------------------+--------------------+-------------------+

Epoch loss:0.009013080995885216

+-------------------+--------------------+-------------------+--------------------+
|      Accuracy     |     Precision      |       Recall      |         F1         |
+-------------------+--------------------+-------------------+--------------------+
| 0.863013698630137 | 0.8657071312837995 | 0.863013698630137 | 0.8637039396835511 |
+-------------------+--------------------+-------------------+--------------------+

Epoch loss:0.007732253613819489

+--------------------+--------------------+--------------------+--------------------+
|      Accuracy      |     Precision      |       Recall       |         F1         |
+--------------------+--------------------+--------------------+--------------------+
| 0.8767123287671232 | 0.8777211426144207 | 0.8767123287671232 | 0.8770485897056116 |
+--------------------+--------------------+--------------------+--------------------+

Epoch loss:0.0005812235736107146

+--------------------+--------------------+--------------------+--------------------+
|      Accuracy      |     Precision      |       Recall       |         F1         |
+--------------------+--------------------+--------------------+--------------------+
| 0.8767123287671232 | 0.8814107918476445 | 0.8767123287671232 | 0.8775683280273708 |
+--------------------+--------------------+--------------------+--------------------+

Epoch loss:0.0002066524888486456

+--------------------+--------------------+--------------------+--------------------+
|      Accuracy      |     Precision      |       Recall       |         F1         |
+--------------------+--------------------+--------------------+--------------------+
| 0.8356164383561644 | 0.8356164383561644 | 0.8356164383561644 | 0.8356164383561644 |
+--------------------+--------------------+--------------------+--------------------+

Epoch loss:0.0021803388700994634

+-------------------+--------------------+-------------------+--------------------+
|      Accuracy     |     Precision      |       Recall      |         F1         |
+-------------------+--------------------+-------------------+--------------------+
| 0.821917808219178 | 0.8276438844529095 | 0.821917808219178 | 0.8162574041873418 |
+-------------------+--------------------+-------------------+--------------------+

Epoch loss:0.0007088266680754736

+-------------------+--------------------+-------------------+--------------------+
|      Accuracy     |     Precision      |       Recall      |         F1         |
+-------------------+--------------------+-------------------+--------------------+
| 0.821917808219178 | 0.8271800868693618 | 0.821917808219178 | 0.8231542515950913 |
+-------------------+--------------------+-------------------+--------------------+

Epoch loss:0.002615217432978359

+-------------------+-------------------+-------------------+-------------------+
|      Accuracy     |     Precision     |       Recall      |         F1        |
+-------------------+-------------------+-------------------+-------------------+
| 0.863013698630137 | 0.863013698630137 | 0.863013698630137 | 0.863013698630137 |
+-------------------+-------------------+-------------------+-------------------+

Epoch loss:0.00019122927156738117

+--------------------+--------------------+--------------------+--------------------+
|      Accuracy      |     Precision      |       Recall       |         F1         |
+--------------------+--------------------+--------------------+--------------------+
| 0.8356164383561644 | 0.8385413378785009 | 0.8356164383561644 | 0.8364447276202612 |
+--------------------+--------------------+--------------------+--------------------+

Epoch loss:2.6750276659104344e-05

+--------------------+--------------------+--------------------+--------------------+
|      Accuracy      |     Precision      |       Recall       |         F1         |
+--------------------+--------------------+--------------------+--------------------+
| 0.8767123287671232 | 0.8814107918476445 | 0.8767123287671232 | 0.8775683280273708 |
+--------------------+--------------------+--------------------+--------------------+

Epoch loss:5.301704763493408e-07

+--------------------+--------------------+--------------------+--------------------+
|      Accuracy      |     Precision      |       Recall       |         F1         |
+--------------------+--------------------+--------------------+--------------------+
| 0.8356164383561644 | 0.8356164383561644 | 0.8356164383561644 | 0.8356164383561644 |
+--------------------+--------------------+--------------------+--------------------+

Epoch loss:0.0020126227534970754

+-------------------+--------------------+-------------------+--------------------+
|      Accuracy     |     Precision      |       Recall      |         F1         |
+-------------------+--------------------+-------------------+--------------------+
| 0.863013698630137 | 0.8705271897052719 | 0.863013698630137 | 0.8641710329735076 |
+-------------------+--------------------+-------------------+--------------------+

Epoch loss:0.0013017766042946527

+--------------------+--------------------+--------------------+--------------------+
|      Accuracy      |     Precision      |       Recall       |         F1         |
+--------------------+--------------------+--------------------+--------------------+
| 0.8493150684931506 | 0.8486953685583822 | 0.8493150684931506 | 0.8488398154073811 |
+--------------------+--------------------+--------------------+--------------------+

Epoch loss:0.00012829960516155288

+--------------------+--------------------+--------------------+-------------------+
|      Accuracy      |     Precision      |       Recall       |         F1        |
+--------------------+--------------------+--------------------+-------------------+
| 0.8356164383561644 | 0.8434205064342051 | 0.8356164383561644 | 0.837005239568209 |
+--------------------+--------------------+--------------------+-------------------+

Epoch loss:1.6568195421275846e-05

+--------------------+--------------------+--------------------+--------------------+
|      Accuracy      |     Precision      |       Recall       |         F1         |
+--------------------+--------------------+--------------------+--------------------+
| 0.8767123287671232 | 0.8873013905245976 | 0.8767123287671232 | 0.8778912125999103 |
+--------------------+--------------------+--------------------+--------------------+

Epoch loss:2.3407467854326665e-05

+--------------------+--------------------+--------------------+--------------------+
|      Accuracy      |     Precision      |       Recall       |         F1         |
+--------------------+--------------------+--------------------+--------------------+
| 0.8356164383561644 | 0.8385413378785009 | 0.8356164383561644 | 0.8364447276202612 |
+--------------------+--------------------+--------------------+--------------------+

Epoch loss:0.004440834101957287

+--------------------+--------------------+--------------------+--------------------+
|      Accuracy      |     Precision      |       Recall       |         F1         |
+--------------------+--------------------+--------------------+--------------------+
| 0.8904109589041096 | 0.8976338729763388 | 0.8904109589041096 | 0.8913368263788062 |
+--------------------+--------------------+--------------------+--------------------+

Epoch loss:0.0004393026337575077

+-------------------+--------------------+-------------------+--------------------+
|      Accuracy     |     Precision      |       Recall      |         F1         |
+-------------------+--------------------+-------------------+--------------------+
| 0.863013698630137 | 0.8625284009441245 | 0.863013698630137 | 0.8620895846923243 |
+-------------------+--------------------+-------------------+--------------------+

Epoch loss:0.013161569551320817

+--------------------+--------------------+--------------------+--------------------+
|      Accuracy      |     Precision      |       Recall       |         F1         |
+--------------------+--------------------+--------------------+--------------------+
| 0.8493150684931506 | 0.8486953685583822 | 0.8493150684931506 | 0.8488398154073811 |
+--------------------+--------------------+--------------------+--------------------+

Epoch loss:0.0003188568571699186

+--------------------+-------------------+--------------------+--------------------+
|      Accuracy      |     Precision     |       Recall       |         F1         |
+--------------------+-------------------+--------------------+--------------------+
| 0.8493150684931506 | 0.850461930551131 | 0.8493150684931506 | 0.8497260540846364 |
+--------------------+-------------------+--------------------+--------------------+

Epoch loss:1.1224413397667818e-05

+--------------------+--------------------+--------------------+--------------------+
|      Accuracy      |     Precision      |       Recall       |         F1         |
+--------------------+--------------------+--------------------+--------------------+
| 0.8767123287671232 | 0.8762774516199173 | 0.8767123287671232 | 0.8763234853333116 |
+--------------------+--------------------+--------------------+--------------------+

Epoch loss:0.003844690063484535

+--------------------+-------------------+--------------------+--------------------+
|      Accuracy      |     Precision     |       Recall       |         F1         |
+--------------------+-------------------+--------------------+--------------------+
| 0.8493150684931506 | 0.850461930551131 | 0.8493150684931506 | 0.8497260540846364 |
+--------------------+-------------------+--------------------+--------------------+

Epoch loss:0.023859125250408647

+--------------------+--------------------+--------------------+--------------------+
|      Accuracy      |     Precision      |       Recall       |         F1         |
+--------------------+--------------------+--------------------+--------------------+
| 0.8767123287671232 | 0.8954296762515942 | 0.8767123287671232 | 0.8780236506263903 |
+--------------------+--------------------+--------------------+--------------------+

Epoch loss:0.00095795218106249

+--------------------+--------------------+--------------------+--------------------+
|      Accuracy      |     Precision      |       Recall       |         F1         |
+--------------------+--------------------+--------------------+--------------------+
| 0.8904109589041096 | 0.9141058867086264 | 0.8904109589041096 | 0.8915732669157328 |
+--------------------+--------------------+--------------------+--------------------+

Epoch loss:0.009356092864217617

+--------------------+--------------------+--------------------+--------------------+
|      Accuracy      |     Precision      |       Recall       |         F1         |
+--------------------+--------------------+--------------------+--------------------+
| 0.8356164383561644 | 0.8347120199413232 | 0.8356164383561644 | 0.8345075016307892 |
+--------------------+--------------------+--------------------+--------------------+

Epoch loss:1.7421656233964513e-05

+--------------------+--------------------+--------------------+--------------------+
|      Accuracy      |     Precision      |       Recall       |         F1         |
+--------------------+--------------------+--------------------+--------------------+
| 0.8904109589041096 | 0.8976338729763388 | 0.8904109589041096 | 0.8913368263788062 |
+--------------------+--------------------+--------------------+--------------------+

Epoch loss:0.0021657503726768977

+-------------------+--------------------+-------------------+--------------------+
|      Accuracy     |     Precision      |       Recall      |         F1         |
+-------------------+--------------------+-------------------+--------------------+
| 0.863013698630137 | 0.8625284009441245 | 0.863013698630137 | 0.8620895846923243 |
+-------------------+--------------------+-------------------+--------------------+

Epoch loss:8.741722489687993e-06

+--------------------+--------------------+--------------------+--------------------+
|      Accuracy      |     Precision      |       Recall       |         F1         |
+--------------------+--------------------+--------------------+--------------------+
| 0.8904109589041096 | 0.8976338729763388 | 0.8904109589041096 | 0.8913368263788062 |
+--------------------+--------------------+--------------------+--------------------+

Epoch loss:6.937063979184966e-05

+--------------------+--------------------+--------------------+--------------------+
|      Accuracy      |     Precision      |       Recall       |         F1         |
+--------------------+--------------------+--------------------+--------------------+
| 0.8904109589041096 | 0.8976338729763388 | 0.8904109589041096 | 0.8913368263788062 |
+--------------------+--------------------+--------------------+--------------------+

Epoch loss:0.01972585257597725

+--------------------+--------------------+--------------------+--------------------+
|      Accuracy      |     Precision      |       Recall       |         F1         |
+--------------------+--------------------+--------------------+--------------------+
| 0.8904109589041096 | 0.9046863734679166 | 0.8904109589041096 | 0.8915385900434348 |
+--------------------+--------------------+--------------------+--------------------+

Epoch loss:7.21773202022272e-05

+--------------------+--------------------+--------------------+--------------------+
|      Accuracy      |     Precision      |       Recall       |         F1         |
+--------------------+--------------------+--------------------+--------------------+
| 0.8356164383561644 | 0.8347120199413232 | 0.8356164383561644 | 0.8345075016307892 |
+--------------------+--------------------+--------------------+--------------------+

Epoch loss:5.923002159786634e-06

+--------------------+-------------------+--------------------+--------------------+
|      Accuracy      |     Precision     |       Recall       |         F1         |
+--------------------+-------------------+--------------------+--------------------+
| 0.8493150684931506 | 0.850461930551131 | 0.8493150684931506 | 0.8497260540846364 |
+--------------------+-------------------+--------------------+--------------------+

Epoch loss:0.00016471324327395456

+--------------------+--------------------+--------------------+-------------------+
|      Accuracy      |     Precision      |       Recall       |         F1        |
+--------------------+--------------------+--------------------+-------------------+
| 0.8493150684931506 | 0.8542954393585033 | 0.8493150684931506 | 0.850361289811231 |
+--------------------+--------------------+--------------------+-------------------+

Epoch loss:1.149575027828345e-05

+-------------------+-------------------+-------------------+-------------------+
|      Accuracy     |     Precision     |       Recall      |         F1        |
+-------------------+-------------------+-------------------+-------------------+
| 0.863013698630137 | 0.863013698630137 | 0.863013698630137 | 0.863013698630137 |
+-------------------+-------------------+-------------------+-------------------+

Epoch loss:1.9984508605837544e-05

+-------------------+-------------------+-------------------+-------------------+
|      Accuracy     |     Precision     |       Recall      |         F1        |
+-------------------+-------------------+-------------------+-------------------+
| 0.863013698630137 | 0.863013698630137 | 0.863013698630137 | 0.863013698630137 |
+-------------------+-------------------+-------------------+-------------------+

Epoch loss:1.7438157845045094e-07

+--------------------+--------------------+--------------------+--------------------+
|      Accuracy      |     Precision      |       Recall       |         F1         |
+--------------------+--------------------+--------------------+--------------------+
| 0.8493150684931506 | 0.8601624000495879 | 0.8493150684931506 | 0.8507559265110016 |
+--------------------+--------------------+--------------------+--------------------+

Epoch loss:0.0018465387531100784

+-------------------+--------------------+-------------------+--------------------+
|      Accuracy     |     Precision      |       Recall      |         F1         |
+-------------------+--------------------+-------------------+--------------------+
| 0.863013698630137 | 0.8657071312837995 | 0.863013698630137 | 0.8637039396835511 |
+-------------------+--------------------+-------------------+--------------------+

Epoch loss:2.4066131405426845e-06

+-------------------+--------------------+-------------------+--------------------+
|      Accuracy     |     Precision      |       Recall      |         F1         |
+-------------------+--------------------+-------------------+--------------------+
| 0.821917808219178 | 0.8625570776255708 | 0.821917808219178 | 0.8233926089792678 |
+-------------------+--------------------+-------------------+--------------------+

Epoch loss:4.629041664337884e-07

+--------------------+--------------------+--------------------+--------------------+
|      Accuracy      |     Precision      |       Recall       |         F1         |
+--------------------+--------------------+--------------------+--------------------+
| 0.8904109589041096 | 0.8976338729763388 | 0.8904109589041096 | 0.8913368263788062 |
+--------------------+--------------------+--------------------+--------------------+

Epoch loss:5.170621437161776e-06

+-------------------+--------------------+-------------------+--------------------+
|      Accuracy     |     Precision      |       Recall      |         F1         |
+-------------------+--------------------+-------------------+--------------------+
| 0.863013698630137 | 0.8657071312837995 | 0.863013698630137 | 0.8637039396835511 |
+-------------------+--------------------+-------------------+--------------------+

Epoch loss:2.7209943447112736e-06

+--------------------+--------------------+--------------------+--------------------+
|      Accuracy      |     Precision      |       Recall       |         F1         |
+--------------------+--------------------+--------------------+--------------------+
| 0.8767123287671232 | 0.8873013905245976 | 0.8767123287671232 | 0.8778912125999103 |
+--------------------+--------------------+--------------------+--------------------+

Epoch loss:1.5101927871604723e-07

+--------------------+--------------------+--------------------+-------------------+
|      Accuracy      |     Precision      |       Recall       |         F1        |
+--------------------+--------------------+--------------------+-------------------+
| 0.8493150684931506 | 0.8542954393585033 | 0.8493150684931506 | 0.850361289811231 |
+--------------------+--------------------+--------------------+-------------------+

Epoch loss:6.041008606263022e-09

+--------------------+--------------------+--------------------+--------------------+
|      Accuracy      |     Precision      |       Recall       |         F1         |
+--------------------+--------------------+--------------------+--------------------+
| 0.8904109589041096 | 0.8976338729763388 | 0.8904109589041096 | 0.8913368263788062 |
+--------------------+--------------------+--------------------+--------------------+

Epoch loss:0.015290937709416178

+-------------------+--------------------+-------------------+--------------------+
|      Accuracy     |     Precision      |       Recall      |         F1         |
+-------------------+--------------------+-------------------+--------------------+
| 0.863013698630137 | 0.8657071312837995 | 0.863013698630137 | 0.8637039396835511 |
+-------------------+--------------------+-------------------+--------------------+

Epoch loss:0.008016656941515793

+--------------------+--------------------+--------------------+--------------------+
|      Accuracy      |     Precision      |       Recall       |         F1         |
+--------------------+--------------------+--------------------+--------------------+
| 0.8767123287671232 | 0.8873013905245976 | 0.8767123287671232 | 0.8778912125999103 |
+--------------------+--------------------+--------------------+--------------------+

Epoch loss:9.484250752923975e-08

+--------------------+--------------------+--------------------+--------------------+
|      Accuracy      |     Precision      |       Recall       |         F1         |
+--------------------+--------------------+--------------------+--------------------+
| 0.8767123287671232 | 0.8873013905245976 | 0.8767123287671232 | 0.8778912125999103 |
+--------------------+--------------------+--------------------+--------------------+

Epoch loss:0.009270162158314605

+--------------------+--------------------+--------------------+--------------------+
|      Accuracy      |     Precision      |       Recall       |         F1         |
+--------------------+--------------------+--------------------+--------------------+
| 0.8767123287671232 | 0.8777211426144207 | 0.8767123287671232 | 0.8770485897056116 |
+--------------------+--------------------+--------------------+--------------------+

Epoch loss:8.211014389963406e-05

+--------------------+--------------------+--------------------+--------------------+
|      Accuracy      |     Precision      |       Recall       |         F1         |
+--------------------+--------------------+--------------------+--------------------+
| 0.8356164383561644 | 0.8359817351598174 | 0.8356164383561644 | 0.8331017139831911 |
+--------------------+--------------------+--------------------+--------------------+

Epoch loss:0.0001423999379115055

+--------------------+--------------------+--------------------+--------------------+
|      Accuracy      |     Precision      |       Recall       |         F1         |
+--------------------+--------------------+--------------------+--------------------+
| 0.8356164383561644 | 0.8347120199413232 | 0.8356164383561644 | 0.8345075016307892 |
+--------------------+--------------------+--------------------+--------------------+

Epoch loss:1.957224900108925e-07

+--------------------+--------------------+--------------------+--------------------+
|      Accuracy      |     Precision      |       Recall       |         F1         |
+--------------------+--------------------+--------------------+--------------------+
| 0.8493150684931506 | 0.8601624000495879 | 0.8493150684931506 | 0.8507559265110016 |
+--------------------+--------------------+--------------------+--------------------+

Epoch loss:4.2124839326061344e-07

+-------------------+--------------------+-------------------+--------------------+
|      Accuracy     |     Precision      |       Recall      |         F1         |
+-------------------+--------------------+-------------------+--------------------+
| 0.863013698630137 | 0.8705271897052719 | 0.863013698630137 | 0.8641710329735076 |
+-------------------+--------------------+-------------------+--------------------+

Epoch loss:1.1658818464408836e-07

+--------------------+--------------------+--------------------+--------------------+
|      Accuracy      |     Precision      |       Recall       |         F1         |
+--------------------+--------------------+--------------------+--------------------+
| 0.8767123287671232 | 0.8814107918476445 | 0.8767123287671232 | 0.8775683280273708 |
+--------------------+--------------------+--------------------+--------------------+

Epoch loss:1.218194114057688e-05

+-------------------+--------------------+-------------------+--------------------+
|      Accuracy     |     Precision      |       Recall      |         F1         |
+-------------------+--------------------+-------------------+--------------------+
| 0.863013698630137 | 0.8705271897052719 | 0.863013698630137 | 0.8641710329735076 |
+-------------------+--------------------+-------------------+--------------------+

Epoch loss:8.054680646187142e-10

+--------------------+--------------------+--------------------+-------------------+
|      Accuracy      |     Precision      |       Recall       |         F1        |
+--------------------+--------------------+--------------------+-------------------+
| 0.8493150684931506 | 0.8542954393585033 | 0.8493150684931506 | 0.850361289811231 |
+--------------------+--------------------+--------------------+-------------------+

Epoch loss:1.4765087336836629e-05

+--------------------+--------------------+--------------------+--------------------+
|      Accuracy      |     Precision      |       Recall       |         F1         |
+--------------------+--------------------+--------------------+--------------------+
| 0.8767123287671232 | 0.8814107918476445 | 0.8767123287671232 | 0.8775683280273708 |
+--------------------+--------------------+--------------------+--------------------+

Epoch loss:0.00185507796445536

+--------------------+--------------------+--------------------+--------------------+
|      Accuracy      |     Precision      |       Recall       |         F1         |
+--------------------+--------------------+--------------------+--------------------+
| 0.8767123287671232 | 0.8814107918476445 | 0.8767123287671232 | 0.8775683280273708 |
+--------------------+--------------------+--------------------+--------------------+

Epoch loss:0.002109890069454993

+--------------------+--------------------+--------------------+--------------------+
|      Accuracy      |     Precision      |       Recall       |         F1         |
+--------------------+--------------------+--------------------+--------------------+
| 0.8767123287671232 | 0.8772167791404166 | 0.8767123287671232 | 0.8753821520944808 |
+--------------------+--------------------+--------------------+--------------------+

Epoch loss:0.0007913262177620747

+--------------------+--------------------+--------------------+--------------------+
|      Accuracy      |     Precision      |       Recall       |         F1         |
+--------------------+--------------------+--------------------+--------------------+
| 0.9041095890410958 | 0.9038595346814526 | 0.9041095890410958 | 0.9038071552592424 |
+--------------------+--------------------+--------------------+--------------------+

Epoch loss:8.110912370327848e-05

+--------------------+--------------------+--------------------+--------------------+
|      Accuracy      |     Precision      |       Recall       |         F1         |
+--------------------+--------------------+--------------------+--------------------+
| 0.8767123287671232 | 0.8814107918476445 | 0.8767123287671232 | 0.8775683280273708 |
+--------------------+--------------------+--------------------+--------------------+

Epoch loss:6.439243214134543e-05

+--------------------+--------------------+--------------------+--------------------+
|      Accuracy      |     Precision      |       Recall       |         F1         |
+--------------------+--------------------+--------------------+--------------------+
| 0.8904109589041096 | 0.8928729246890981 | 0.8904109589041096 | 0.8909631517468408 |
+--------------------+--------------------+--------------------+--------------------+

Epoch loss:7.712235306834636e-08

+--------------------+--------------------+--------------------+--------------------+
|      Accuracy      |     Precision      |       Recall       |         F1         |
+--------------------+--------------------+--------------------+--------------------+
| 0.8767123287671232 | 0.8777211426144207 | 0.8767123287671232 | 0.8770485897056116 |
+--------------------+--------------------+--------------------+--------------------+

Epoch loss:6.322875332018627e-08

+--------------------+--------------------+--------------------+--------------------+
|      Accuracy      |     Precision      |       Recall       |         F1         |
+--------------------+--------------------+--------------------+--------------------+
| 0.8767123287671232 | 0.8814107918476445 | 0.8767123287671232 | 0.8775683280273708 |
+--------------------+--------------------+--------------------+--------------------+

Epoch loss:2.7385756413340262e-08

+-------------------+--------------------+-------------------+--------------------+
|      Accuracy     |     Precision      |       Recall      |         F1         |
+-------------------+--------------------+-------------------+--------------------+
| 0.863013698630137 | 0.8705271897052719 | 0.863013698630137 | 0.8641710329735076 |
+-------------------+--------------------+-------------------+--------------------+

Epoch loss:2.013670311576924e-10

+-------------------+--------------------+-------------------+--------------------+
|      Accuracy     |     Precision      |       Recall      |         F1         |
+-------------------+--------------------+-------------------+--------------------+
| 0.863013698630137 | 0.8705271897052719 | 0.863013698630137 | 0.8641710329735076 |
+-------------------+--------------------+-------------------+--------------------+

Epoch loss:1.4095687260049925e-09

+-------------------+--------------------+-------------------+--------------------+
|      Accuracy     |     Precision      |       Recall      |         F1         |
+-------------------+--------------------+-------------------+--------------------+
| 0.863013698630137 | 0.8705271897052719 | 0.863013698630137 | 0.8641710329735076 |
+-------------------+--------------------+-------------------+--------------------+

Epoch loss:8.054680646187142e-10

+--------------------+--------------------+--------------------+-------------------+
|      Accuracy      |     Precision      |       Recall       |         F1        |
+--------------------+--------------------+--------------------+-------------------+
| 0.8493150684931506 | 0.8542954393585033 | 0.8493150684931506 | 0.850361289811231 |
+--------------------+--------------------+--------------------+-------------------+

Epoch loss:5.126888210680123e-06

+-------------------+--------------------+-------------------+--------------------+
|      Accuracy     |     Precision      |       Recall      |         F1         |
+-------------------+--------------------+-------------------+--------------------+
| 0.863013698630137 | 0.8774745081882789 | 0.863013698630137 | 0.8644232375542933 |
+-------------------+--------------------+-------------------+--------------------+

Epoch loss:0.011786164261316569

+-------------------+--------------------+-------------------+--------------------+
|      Accuracy     |     Precision      |       Recall      |         F1         |
+-------------------+--------------------+-------------------+--------------------+
| 0.863013698630137 | 0.8625284009441245 | 0.863013698630137 | 0.8620895846923243 |
+-------------------+--------------------+-------------------+--------------------+

Epoch loss:0.0015074921819387154

+--------------------+--------------------+--------------------+--------------------+
|      Accuracy      |     Precision      |       Recall       |         F1         |
+--------------------+--------------------+--------------------+--------------------+
| 0.8904109589041096 | 0.8976338729763388 | 0.8904109589041096 | 0.8913368263788062 |
+--------------------+--------------------+--------------------+--------------------+

Epoch loss:5.186218419702112e-06

+-------------------+-------------------+-------------------+-------------------+
|      Accuracy     |     Precision     |       Recall      |         F1        |
+-------------------+-------------------+-------------------+-------------------+
| 0.863013698630137 | 0.863013698630137 | 0.863013698630137 | 0.863013698630137 |
+-------------------+-------------------+-------------------+-------------------+

Epoch loss:1.1244605026085132e-07

+--------------------+--------------------+--------------------+--------------------+
|      Accuracy      |     Precision      |       Recall       |         F1         |
+--------------------+--------------------+--------------------+--------------------+
| 0.8493150684931506 | 0.8601624000495879 | 0.8493150684931506 | 0.8507559265110016 |
+--------------------+--------------------+--------------------+--------------------+

Epoch loss:1.3221633081705875e-06

+--------------------+--------------------+--------------------+--------------------+
|      Accuracy      |     Precision      |       Recall       |         F1         |
+--------------------+--------------------+--------------------+--------------------+
| 0.8767123287671232 | 0.8777211426144207 | 0.8767123287671232 | 0.8770485897056116 |
+--------------------+--------------------+--------------------+--------------------+

Epoch loss:2.0317065629882336e-07

+--------------------+--------------------+--------------------+--------------------+
|      Accuracy      |     Precision      |       Recall       |         F1         |
+--------------------+--------------------+--------------------+--------------------+
| 0.8767123287671232 | 0.8814107918476445 | 0.8767123287671232 | 0.8775683280273708 |
+--------------------+--------------------+--------------------+--------------------+

Epoch loss:1.284129026536497e-07

+--------------------+--------------------+--------------------+--------------------+
|      Accuracy      |     Precision      |       Recall       |         F1         |
+--------------------+--------------------+--------------------+--------------------+
| 0.8767123287671232 | 0.8873013905245976 | 0.8767123287671232 | 0.8778912125999103 |
+--------------------+--------------------+--------------------+--------------------+

Epoch loss:0.18381972436612126

+--------------------+--------------------+--------------------+--------------------+
|      Accuracy      |     Precision      |       Recall       |         F1         |
+--------------------+--------------------+--------------------+--------------------+
| 0.8767123287671232 | 0.8873013905245976 | 0.8767123287671232 | 0.8778912125999103 |
+--------------------+--------------------+--------------------+--------------------+

Epoch loss:6.21893816396921e-06

+--------------------+--------------------+--------------------+--------------------+
|      Accuracy      |     Precision      |       Recall       |         F1         |
+--------------------+--------------------+--------------------+--------------------+
| 0.8767123287671232 | 0.8777211426144207 | 0.8767123287671232 | 0.8770485897056116 |
+--------------------+--------------------+--------------------+--------------------+

Epoch loss:0.0012432040327260269

+-------------------+--------------------+-------------------+--------------------+
|      Accuracy     |     Precision      |       Recall      |         F1         |
+-------------------+--------------------+-------------------+--------------------+
| 0.821917808219178 | 0.8211132854968471 | 0.821917808219178 | 0.8213561454814502 |
+-------------------+--------------------+-------------------+--------------------+

Epoch loss:0.0028642085124635074

+--------------------+--------------------+--------------------+-------------------+
|      Accuracy      |     Precision      |       Recall       |         F1        |
+--------------------+--------------------+--------------------+-------------------+
| 0.8356164383561644 | 0.8434205064342051 | 0.8356164383561644 | 0.837005239568209 |
+--------------------+--------------------+--------------------+-------------------+

Epoch loss:0.0017963052584689155

+-------------------+-------------------+-------------------+-------------------+
|      Accuracy     |     Precision     |       Recall      |         F1        |
+-------------------+-------------------+-------------------+-------------------+
| 0.863013698630137 | 0.863013698630137 | 0.863013698630137 | 0.863013698630137 |
+-------------------+-------------------+-------------------+-------------------+

Epoch loss:5.485104348465572e-05

+--------------------+--------------------+--------------------+--------------------+
|      Accuracy      |     Precision      |       Recall       |         F1         |
+--------------------+--------------------+--------------------+--------------------+
| 0.8904109589041096 | 0.8904109589041096 | 0.8904109589041096 | 0.8904109589041096 |
+--------------------+--------------------+--------------------+--------------------+

Epoch loss:0.0023595407867076966

+--------------------+--------------------+--------------------+--------------------+
|      Accuracy      |     Precision      |       Recall       |         F1         |
+--------------------+--------------------+--------------------+--------------------+
| 0.8904109589041096 | 0.8976338729763388 | 0.8904109589041096 | 0.8913368263788062 |
+--------------------+--------------------+--------------------+--------------------+

Epoch loss:2.1546221707703162e-08

+-------------------+--------------------+-------------------+--------------------+
|      Accuracy     |     Precision      |       Recall      |         F1         |
+-------------------+--------------------+-------------------+--------------------+
| 0.863013698630137 | 0.8657071312837995 | 0.863013698630137 | 0.8637039396835511 |
+-------------------+--------------------+-------------------+--------------------+

Epoch loss:0.008129420017284627

+-------------------+-------------------+-------------------+--------------------+
|      Accuracy     |     Precision     |       Recall      |         F1         |
+-------------------+-------------------+-------------------+--------------------+
| 0.863013698630137 | 0.886626352379777 | 0.863013698630137 | 0.8644665836446659 |
+-------------------+-------------------+-------------------+--------------------+

Epoch loss:0.003438950217556211

+--------------------+--------------------+--------------------+--------------------+
|      Accuracy      |     Precision      |       Recall       |         F1         |
+--------------------+--------------------+--------------------+--------------------+
| 0.8767123287671232 | 0.8814107918476445 | 0.8767123287671232 | 0.8775683280273708 |
+--------------------+--------------------+--------------------+--------------------+

Epoch loss:1.1437512162596144e-07

+-------------------+--------------------+-------------------+--------------------+
|      Accuracy     |     Precision      |       Recall      |         F1         |
+-------------------+--------------------+-------------------+--------------------+
| 0.863013698630137 | 0.8657071312837995 | 0.863013698630137 | 0.8637039396835511 |
+-------------------+--------------------+-------------------+--------------------+

Epoch loss:6.242369096106678e-09

+--------------------+--------------------+--------------------+--------------------+
|      Accuracy      |     Precision      |       Recall       |         F1         |
+--------------------+--------------------+--------------------+--------------------+
| 0.8904109589041096 | 0.8976338729763388 | 0.8904109589041096 | 0.8913368263788062 |
+--------------------+--------------------+--------------------+--------------------+

optimizer:
Adam (
Parameter Group 0
    amsgrad: False
    betas: (0.5, 0.5)
    capturable: False
    decoupled_weight_decay: False
    differentiable: False
    eps: 1e-08
    foreach: None
    fused: None
    lr: 0.0001
    maximize: False
    weight_decay: 0
)
model:
DenseNet(
  (features): Sequential(
    (conv0): Conv2d(3, 64, kernel_size=(7, 7), stride=(2, 2), padding=(3, 3), bias=False)
    (norm0): BatchNorm2d(64, eps=1e-05, momentum=0.1, affine=True, track_running_stats=True)
    (relu0): ReLU(inplace=True)
    (pool0): MaxPool2d(kernel_size=3, stride=2, padding=1, dilation=1, ceil_mode=False)
    (denseblock1): _DenseBlock(
      (denselayer1): _DenseLayer(
        (norm1): BatchNorm2d(64, eps=1e-05, momentum=0.1, affine=True, track_running_stats=True)
        (relu1): ReLU(inplace=True)
        (conv1): Conv2d(64, 128, kernel_size=(1, 1), stride=(1, 1), bias=False)
        (norm2): BatchNorm2d(128, eps=1e-05, momentum=0.1, affine=True, track_running_stats=True)
        (relu2): ReLU(inplace=True)
        (conv2): Conv2d(128, 32, kernel_size=(3, 3), stride=(1, 1), padding=(1, 1), bias=False)
      )
      (denselayer2): _DenseLayer(
        (norm1): BatchNorm2d(96, eps=1e-05, momentum=0.1, affine=True, track_running_stats=True)
        (relu1): ReLU(inplace=True)
        (conv1): Conv2d(96, 128, kernel_size=(1, 1), stride=(1, 1), bias=False)
        (norm2): BatchNorm2d(128, eps=1e-05, momentum=0.1, affine=True, track_running_stats=True)
        (relu2): ReLU(inplace=True)
        (conv2): Conv2d(128, 32, kernel_size=(3, 3), stride=(1, 1), padding=(1, 1), bias=False)
      )
      (denselayer3): _DenseLayer(
        (norm1): BatchNorm2d(128, eps=1e-05, momentum=0.1, affine=True, track_running_stats=True)
        (relu1): ReLU(inplace=True)
        (conv1): Conv2d(128, 128, kernel_size=(1, 1), stride=(1, 1), bias=False)
        (norm2): BatchNorm2d(128, eps=1e-05, momentum=0.1, affine=True, track_running_stats=True)
        (relu2): ReLU(inplace=True)
        (conv2): Conv2d(128, 32, kernel_size=(3, 3), stride=(1, 1), padding=(1, 1), bias=False)
      )
      (denselayer4): _DenseLayer(
        (norm1): BatchNorm2d(160, eps=1e-05, momentum=0.1, affine=True, track_running_stats=True)
        (relu1): ReLU(inplace=True)
        (conv1): Conv2d(160, 128, kernel_size=(1, 1), stride=(1, 1), bias=False)
        (norm2): BatchNorm2d(128, eps=1e-05, momentum=0.1, affine=True, track_running_stats=True)
        (relu2): ReLU(inplace=True)
        (conv2): Conv2d(128, 32, kernel_size=(3, 3), stride=(1, 1), padding=(1, 1), bias=False)
      )
      (denselayer5): _DenseLayer(
        (norm1): BatchNorm2d(192, eps=1e-05, momentum=0.1, affine=True, track_running_stats=True)
        (relu1): ReLU(inplace=True)
        (conv1): Conv2d(192, 128, kernel_size=(1, 1), stride=(1, 1), bias=False)
        (norm2): BatchNorm2d(128, eps=1e-05, momentum=0.1, affine=True, track_running_stats=True)
        (relu2): ReLU(inplace=True)
        (conv2): Conv2d(128, 32, kernel_size=(3, 3), stride=(1, 1), padding=(1, 1), bias=False)
      )
      (denselayer6): _DenseLayer(
        (norm1): BatchNorm2d(224, eps=1e-05, momentum=0.1, affine=True, track_running_stats=True)
        (relu1): ReLU(inplace=True)
        (conv1): Conv2d(224, 128, kernel_size=(1, 1), stride=(1, 1), bias=False)
        (norm2): BatchNorm2d(128, eps=1e-05, momentum=0.1, affine=True, track_running_stats=True)
        (relu2): ReLU(inplace=True)
        (conv2): Conv2d(128, 32, kernel_size=(3, 3), stride=(1, 1), padding=(1, 1), bias=False)
      )
    )
    (transition1): _Transition(
      (norm): BatchNorm2d(256, eps=1e-05, momentum=0.1, affine=True, track_running_stats=True)
      (relu): ReLU(inplace=True)
      (conv): Conv2d(256, 128, kernel_size=(1, 1), stride=(1, 1), bias=False)
      (pool): AvgPool2d(kernel_size=2, stride=2, padding=0)
    )
    (denseblock2): _DenseBlock(
      (denselayer1): _DenseLayer(
        (norm1): BatchNorm2d(128, eps=1e-05, momentum=0.1, affine=True, track_running_stats=True)
        (relu1): ReLU(inplace=True)
        (conv1): Conv2d(128, 128, kernel_size=(1, 1), stride=(1, 1), bias=False)
        (norm2): BatchNorm2d(128, eps=1e-05, momentum=0.1, affine=True, track_running_stats=True)
        (relu2): ReLU(inplace=True)
        (conv2): Conv2d(128, 32, kernel_size=(3, 3), stride=(1, 1), padding=(1, 1), bias=False)
      )
      (denselayer2): _DenseLayer(
        (norm1): BatchNorm2d(160, eps=1e-05, momentum=0.1, affine=True, track_running_stats=True)
        (relu1): ReLU(inplace=True)
        (conv1): Conv2d(160, 128, kernel_size=(1, 1), stride=(1, 1), bias=False)
        (norm2): BatchNorm2d(128, eps=1e-05, momentum=0.1, affine=True, track_running_stats=True)
        (relu2): ReLU(inplace=True)
        (conv2): Conv2d(128, 32, kernel_size=(3, 3), stride=(1, 1), padding=(1, 1), bias=False)
      )
      (denselayer3): _DenseLayer(
        (norm1): BatchNorm2d(192, eps=1e-05, momentum=0.1, affine=True, track_running_stats=True)
        (relu1): ReLU(inplace=True)
        (conv1): Conv2d(192, 128, kernel_size=(1, 1), stride=(1, 1), bias=False)
        (norm2): BatchNorm2d(128, eps=1e-05, momentum=0.1, affine=True, track_running_stats=True)
        (relu2): ReLU(inplace=True)
        (conv2): Conv2d(128, 32, kernel_size=(3, 3), stride=(1, 1), padding=(1, 1), bias=False)
      )
      (denselayer4): _DenseLayer(
        (norm1): BatchNorm2d(224, eps=1e-05, momentum=0.1, affine=True, track_running_stats=True)
        (relu1): ReLU(inplace=True)
        (conv1): Conv2d(224, 128, kernel_size=(1, 1), stride=(1, 1), bias=False)
        (norm2): BatchNorm2d(128, eps=1e-05, momentum=0.1, affine=True, track_running_stats=True)
        (relu2): ReLU(inplace=True)
        (conv2): Conv2d(128, 32, kernel_size=(3, 3), stride=(1, 1), padding=(1, 1), bias=False)
      )
      (denselayer5): _DenseLayer(
        (norm1): BatchNorm2d(256, eps=1e-05, momentum=0.1, affine=True, track_running_stats=True)
        (relu1): ReLU(inplace=True)
        (conv1): Conv2d(256, 128, kernel_size=(1, 1), stride=(1, 1), bias=False)
        (norm2): BatchNorm2d(128, eps=1e-05, momentum=0.1, affine=True, track_running_stats=True)
        (relu2): ReLU(inplace=True)
        (conv2): Conv2d(128, 32, kernel_size=(3, 3), stride=(1, 1), padding=(1, 1), bias=False)
      )
      (denselayer6): _DenseLayer(
        (norm1): BatchNorm2d(288, eps=1e-05, momentum=0.1, affine=True, track_running_stats=True)
        (relu1): ReLU(inplace=True)
        (conv1): Conv2d(288, 128, kernel_size=(1, 1), stride=(1, 1), bias=False)
        (norm2): BatchNorm2d(128, eps=1e-05, momentum=0.1, affine=True, track_running_stats=True)
        (relu2): ReLU(inplace=True)
        (conv2): Conv2d(128, 32, kernel_size=(3, 3), stride=(1, 1), padding=(1, 1), bias=False)
      )
      (denselayer7): _DenseLayer(
        (norm1): BatchNorm2d(320, eps=1e-05, momentum=0.1, affine=True, track_running_stats=True)
        (relu1): ReLU(inplace=True)
        (conv1): Conv2d(320, 128, kernel_size=(1, 1), stride=(1, 1), bias=False)
        (norm2): BatchNorm2d(128, eps=1e-05, momentum=0.1, affine=True, track_running_stats=True)
        (relu2): ReLU(inplace=True)
        (conv2): Conv2d(128, 32, kernel_size=(3, 3), stride=(1, 1), padding=(1, 1), bias=False)
      )
      (denselayer8): _DenseLayer(
        (norm1): BatchNorm2d(352, eps=1e-05, momentum=0.1, affine=True, track_running_stats=True)
        (relu1): ReLU(inplace=True)
        (conv1): Conv2d(352, 128, kernel_size=(1, 1), stride=(1, 1), bias=False)
        (norm2): BatchNorm2d(128, eps=1e-05, momentum=0.1, affine=True, track_running_stats=True)
        (relu2): ReLU(inplace=True)
        (conv2): Conv2d(128, 32, kernel_size=(3, 3), stride=(1, 1), padding=(1, 1), bias=False)
      )
      (denselayer9): _DenseLayer(
        (norm1): BatchNorm2d(384, eps=1e-05, momentum=0.1, affine=True, track_running_stats=True)
        (relu1): ReLU(inplace=True)
        (conv1): Conv2d(384, 128, kernel_size=(1, 1), stride=(1, 1), bias=False)
        (norm2): BatchNorm2d(128, eps=1e-05, momentum=0.1, affine=True, track_running_stats=True)
        (relu2): ReLU(inplace=True)
        (conv2): Conv2d(128, 32, kernel_size=(3, 3), stride=(1, 1), padding=(1, 1), bias=False)
      )
      (denselayer10): _DenseLayer(
        (norm1): BatchNorm2d(416, eps=1e-05, momentum=0.1, affine=True, track_running_stats=True)
        (relu1): ReLU(inplace=True)
        (conv1): Conv2d(416, 128, kernel_size=(1, 1), stride=(1, 1), bias=False)
        (norm2): BatchNorm2d(128, eps=1e-05, momentum=0.1, affine=True, track_running_stats=True)
        (relu2): ReLU(inplace=True)
        (conv2): Conv2d(128, 32, kernel_size=(3, 3), stride=(1, 1), padding=(1, 1), bias=False)
      )
      (denselayer11): _DenseLayer(
        (norm1): BatchNorm2d(448, eps=1e-05, momentum=0.1, affine=True, track_running_stats=True)
        (relu1): ReLU(inplace=True)
        (conv1): Conv2d(448, 128, kernel_size=(1, 1), stride=(1, 1), bias=False)
        (norm2): BatchNorm2d(128, eps=1e-05, momentum=0.1, affine=True, track_running_stats=True)
        (relu2): ReLU(inplace=True)
        (conv2): Conv2d(128, 32, kernel_size=(3, 3), stride=(1, 1), padding=(1, 1), bias=False)
      )
      (denselayer12): _DenseLayer(
        (norm1): BatchNorm2d(480, eps=1e-05, momentum=0.1, affine=True, track_running_stats=True)
        (relu1): ReLU(inplace=True)
        (conv1): Conv2d(480, 128, kernel_size=(1, 1), stride=(1, 1), bias=False)
        (norm2): BatchNorm2d(128, eps=1e-05, momentum=0.1, affine=True, track_running_stats=True)
        (relu2): ReLU(inplace=True)
        (conv2): Conv2d(128, 32, kernel_size=(3, 3), stride=(1, 1), padding=(1, 1), bias=False)
      )
    )
    (transition2): _Transition(
      (norm): BatchNorm2d(512, eps=1e-05, momentum=0.1, affine=True, track_running_stats=True)
      (relu): ReLU(inplace=True)
      (conv): Conv2d(512, 256, kernel_size=(1, 1), stride=(1, 1), bias=False)
      (pool): AvgPool2d(kernel_size=2, stride=2, padding=0)
    )
    (denseblock3): _DenseBlock(
      (denselayer1): _DenseLayer(
        (norm1): BatchNorm2d(256, eps=1e-05, momentum=0.1, affine=True, track_running_stats=True)
        (relu1): ReLU(inplace=True)
        (conv1): Conv2d(256, 128, kernel_size=(1, 1), stride=(1, 1), bias=False)
        (norm2): BatchNorm2d(128, eps=1e-05, momentum=0.1, affine=True, track_running_stats=True)
        (relu2): ReLU(inplace=True)
        (conv2): Conv2d(128, 32, kernel_size=(3, 3), stride=(1, 1), padding=(1, 1), bias=False)
      )
      (denselayer2): _DenseLayer(
        (norm1): BatchNorm2d(288, eps=1e-05, momentum=0.1, affine=True, track_running_stats=True)
        (relu1): ReLU(inplace=True)
        (conv1): Conv2d(288, 128, kernel_size=(1, 1), stride=(1, 1), bias=False)
        (norm2): BatchNorm2d(128, eps=1e-05, momentum=0.1, affine=True, track_running_stats=True)
        (relu2): ReLU(inplace=True)
        (conv2): Conv2d(128, 32, kernel_size=(3, 3), stride=(1, 1), padding=(1, 1), bias=False)
      )
      (denselayer3): _DenseLayer(
        (norm1): BatchNorm2d(320, eps=1e-05, momentum=0.1, affine=True, track_running_stats=True)
        (relu1): ReLU(inplace=True)
        (conv1): Conv2d(320, 128, kernel_size=(1, 1), stride=(1, 1), bias=False)
        (norm2): BatchNorm2d(128, eps=1e-05, momentum=0.1, affine=True, track_running_stats=True)
        (relu2): ReLU(inplace=True)
        (conv2): Conv2d(128, 32, kernel_size=(3, 3), stride=(1, 1), padding=(1, 1), bias=False)
      )
      (denselayer4): _DenseLayer(
        (norm1): BatchNorm2d(352, eps=1e-05, momentum=0.1, affine=True, track_running_stats=True)
        (relu1): ReLU(inplace=True)
        (conv1): Conv2d(352, 128, kernel_size=(1, 1), stride=(1, 1), bias=False)
        (norm2): BatchNorm2d(128, eps=1e-05, momentum=0.1, affine=True, track_running_stats=True)
        (relu2): ReLU(inplace=True)
        (conv2): Conv2d(128, 32, kernel_size=(3, 3), stride=(1, 1), padding=(1, 1), bias=False)
      )
      (denselayer5): _DenseLayer(
        (norm1): BatchNorm2d(384, eps=1e-05, momentum=0.1, affine=True, track_running_stats=True)
        (relu1): ReLU(inplace=True)
        (conv1): Conv2d(384, 128, kernel_size=(1, 1), stride=(1, 1), bias=False)
        (norm2): BatchNorm2d(128, eps=1e-05, momentum=0.1, affine=True, track_running_stats=True)
        (relu2): ReLU(inplace=True)
        (conv2): Conv2d(128, 32, kernel_size=(3, 3), stride=(1, 1), padding=(1, 1), bias=False)
      )
      (denselayer6): _DenseLayer(
        (norm1): BatchNorm2d(416, eps=1e-05, momentum=0.1, affine=True, track_running_stats=True)
        (relu1): ReLU(inplace=True)
        (conv1): Conv2d(416, 128, kernel_size=(1, 1), stride=(1, 1), bias=False)
        (norm2): BatchNorm2d(128, eps=1e-05, momentum=0.1, affine=True, track_running_stats=True)
        (relu2): ReLU(inplace=True)
        (conv2): Conv2d(128, 32, kernel_size=(3, 3), stride=(1, 1), padding=(1, 1), bias=False)
      )
      (denselayer7): _DenseLayer(
        (norm1): BatchNorm2d(448, eps=1e-05, momentum=0.1, affine=True, track_running_stats=True)
        (relu1): ReLU(inplace=True)
        (conv1): Conv2d(448, 128, kernel_size=(1, 1), stride=(1, 1), bias=False)
        (norm2): BatchNorm2d(128, eps=1e-05, momentum=0.1, affine=True, track_running_stats=True)
        (relu2): ReLU(inplace=True)
        (conv2): Conv2d(128, 32, kernel_size=(3, 3), stride=(1, 1), padding=(1, 1), bias=False)
      )
      (denselayer8): _DenseLayer(
        (norm1): BatchNorm2d(480, eps=1e-05, momentum=0.1, affine=True, track_running_stats=True)
        (relu1): ReLU(inplace=True)
        (conv1): Conv2d(480, 128, kernel_size=(1, 1), stride=(1, 1), bias=False)
        (norm2): BatchNorm2d(128, eps=1e-05, momentum=0.1, affine=True, track_running_stats=True)
        (relu2): ReLU(inplace=True)
        (conv2): Conv2d(128, 32, kernel_size=(3, 3), stride=(1, 1), padding=(1, 1), bias=False)
      )
      (denselayer9): _DenseLayer(
        (norm1): BatchNorm2d(512, eps=1e-05, momentum=0.1, affine=True, track_running_stats=True)
        (relu1): ReLU(inplace=True)
        (conv1): Conv2d(512, 128, kernel_size=(1, 1), stride=(1, 1), bias=False)
        (norm2): BatchNorm2d(128, eps=1e-05, momentum=0.1, affine=True, track_running_stats=True)
        (relu2): ReLU(inplace=True)
        (conv2): Conv2d(128, 32, kernel_size=(3, 3), stride=(1, 1), padding=(1, 1), bias=False)
      )
      (denselayer10): _DenseLayer(
        (norm1): BatchNorm2d(544, eps=1e-05, momentum=0.1, affine=True, track_running_stats=True)
        (relu1): ReLU(inplace=True)
        (conv1): Conv2d(544, 128, kernel_size=(1, 1), stride=(1, 1), bias=False)
        (norm2): BatchNorm2d(128, eps=1e-05, momentum=0.1, affine=True, track_running_stats=True)
        (relu2): ReLU(inplace=True)
        (conv2): Conv2d(128, 32, kernel_size=(3, 3), stride=(1, 1), padding=(1, 1), bias=False)
      )
      (denselayer11): _DenseLayer(
        (norm1): BatchNorm2d(576, eps=1e-05, momentum=0.1, affine=True, track_running_stats=True)
        (relu1): ReLU(inplace=True)
        (conv1): Conv2d(576, 128, kernel_size=(1, 1), stride=(1, 1), bias=False)
        (norm2): BatchNorm2d(128, eps=1e-05, momentum=0.1, affine=True, track_running_stats=True)
        (relu2): ReLU(inplace=True)
        (conv2): Conv2d(128, 32, kernel_size=(3, 3), stride=(1, 1), padding=(1, 1), bias=False)
      )
      (denselayer12): _DenseLayer(
        (norm1): BatchNorm2d(608, eps=1e-05, momentum=0.1, affine=True, track_running_stats=True)
        (relu1): ReLU(inplace=True)
        (conv1): Conv2d(608, 128, kernel_size=(1, 1), stride=(1, 1), bias=False)
        (norm2): BatchNorm2d(128, eps=1e-05, momentum=0.1, affine=True, track_running_stats=True)
        (relu2): ReLU(inplace=True)
        (conv2): Conv2d(128, 32, kernel_size=(3, 3), stride=(1, 1), padding=(1, 1), bias=False)
      )
      (denselayer13): _DenseLayer(
        (norm1): BatchNorm2d(640, eps=1e-05, momentum=0.1, affine=True, track_running_stats=True)
        (relu1): ReLU(inplace=True)
        (conv1): Conv2d(640, 128, kernel_size=(1, 1), stride=(1, 1), bias=False)
        (norm2): BatchNorm2d(128, eps=1e-05, momentum=0.1, affine=True, track_running_stats=True)
        (relu2): ReLU(inplace=True)
        (conv2): Conv2d(128, 32, kernel_size=(3, 3), stride=(1, 1), padding=(1, 1), bias=False)
      )
      (denselayer14): _DenseLayer(
        (norm1): BatchNorm2d(672, eps=1e-05, momentum=0.1, affine=True, track_running_stats=True)
        (relu1): ReLU(inplace=True)
        (conv1): Conv2d(672, 128, kernel_size=(1, 1), stride=(1, 1), bias=False)
        (norm2): BatchNorm2d(128, eps=1e-05, momentum=0.1, affine=True, track_running_stats=True)
        (relu2): ReLU(inplace=True)
        (conv2): Conv2d(128, 32, kernel_size=(3, 3), stride=(1, 1), padding=(1, 1), bias=False)
      )
      (denselayer15): _DenseLayer(
        (norm1): BatchNorm2d(704, eps=1e-05, momentum=0.1, affine=True, track_running_stats=True)
        (relu1): ReLU(inplace=True)
        (conv1): Conv2d(704, 128, kernel_size=(1, 1), stride=(1, 1), bias=False)
        (norm2): BatchNorm2d(128, eps=1e-05, momentum=0.1, affine=True, track_running_stats=True)
        (relu2): ReLU(inplace=True)
        (conv2): Conv2d(128, 32, kernel_size=(3, 3), stride=(1, 1), padding=(1, 1), bias=False)
      )
      (denselayer16): _DenseLayer(
        (norm1): BatchNorm2d(736, eps=1e-05, momentum=0.1, affine=True, track_running_stats=True)
        (relu1): ReLU(inplace=True)
        (conv1): Conv2d(736, 128, kernel_size=(1, 1), stride=(1, 1), bias=False)
        (norm2): BatchNorm2d(128, eps=1e-05, momentum=0.1, affine=True, track_running_stats=True)
        (relu2): ReLU(inplace=True)
        (conv2): Conv2d(128, 32, kernel_size=(3, 3), stride=(1, 1), padding=(1, 1), bias=False)
      )
      (denselayer17): _DenseLayer(
        (norm1): BatchNorm2d(768, eps=1e-05, momentum=0.1, affine=True, track_running_stats=True)
        (relu1): ReLU(inplace=True)
        (conv1): Conv2d(768, 128, kernel_size=(1, 1), stride=(1, 1), bias=False)
        (norm2): BatchNorm2d(128, eps=1e-05, momentum=0.1, affine=True, track_running_stats=True)
        (relu2): ReLU(inplace=True)
        (conv2): Conv2d(128, 32, kernel_size=(3, 3), stride=(1, 1), padding=(1, 1), bias=False)
      )
      (denselayer18): _DenseLayer(
        (norm1): BatchNorm2d(800, eps=1e-05, momentum=0.1, affine=True, track_running_stats=True)
        (relu1): ReLU(inplace=True)
        (conv1): Conv2d(800, 128, kernel_size=(1, 1), stride=(1, 1), bias=False)
        (norm2): BatchNorm2d(128, eps=1e-05, momentum=0.1, affine=True, track_running_stats=True)
        (relu2): ReLU(inplace=True)
        (conv2): Conv2d(128, 32, kernel_size=(3, 3), stride=(1, 1), padding=(1, 1), bias=False)
      )
      (denselayer19): _DenseLayer(
        (norm1): BatchNorm2d(832, eps=1e-05, momentum=0.1, affine=True, track_running_stats=True)
        (relu1): ReLU(inplace=True)
        (conv1): Conv2d(832, 128, kernel_size=(1, 1), stride=(1, 1), bias=False)
        (norm2): BatchNorm2d(128, eps=1e-05, momentum=0.1, affine=True, track_running_stats=True)
        (relu2): ReLU(inplace=True)
        (conv2): Conv2d(128, 32, kernel_size=(3, 3), stride=(1, 1), padding=(1, 1), bias=False)
      )
      (denselayer20): _DenseLayer(
        (norm1): BatchNorm2d(864, eps=1e-05, momentum=0.1, affine=True, track_running_stats=True)
        (relu1): ReLU(inplace=True)
        (conv1): Conv2d(864, 128, kernel_size=(1, 1), stride=(1, 1), bias=False)
        (norm2): BatchNorm2d(128, eps=1e-05, momentum=0.1, affine=True, track_running_stats=True)
        (relu2): ReLU(inplace=True)
        (conv2): Conv2d(128, 32, kernel_size=(3, 3), stride=(1, 1), padding=(1, 1), bias=False)
      )
      (denselayer21): _DenseLayer(
        (norm1): BatchNorm2d(896, eps=1e-05, momentum=0.1, affine=True, track_running_stats=True)
        (relu1): ReLU(inplace=True)
        (conv1): Conv2d(896, 128, kernel_size=(1, 1), stride=(1, 1), bias=False)
        (norm2): BatchNorm2d(128, eps=1e-05, momentum=0.1, affine=True, track_running_stats=True)
        (relu2): ReLU(inplace=True)
        (conv2): Conv2d(128, 32, kernel_size=(3, 3), stride=(1, 1), padding=(1, 1), bias=False)
      )
      (denselayer22): _DenseLayer(
        (norm1): BatchNorm2d(928, eps=1e-05, momentum=0.1, affine=True, track_running_stats=True)
        (relu1): ReLU(inplace=True)
        (conv1): Conv2d(928, 128, kernel_size=(1, 1), stride=(1, 1), bias=False)
        (norm2): BatchNorm2d(128, eps=1e-05, momentum=0.1, affine=True, track_running_stats=True)
        (relu2): ReLU(inplace=True)
        (conv2): Conv2d(128, 32, kernel_size=(3, 3), stride=(1, 1), padding=(1, 1), bias=False)
      )
      (denselayer23): _DenseLayer(
        (norm1): BatchNorm2d(960, eps=1e-05, momentum=0.1, affine=True, track_running_stats=True)
        (relu1): ReLU(inplace=True)
        (conv1): Conv2d(960, 128, kernel_size=(1, 1), stride=(1, 1), bias=False)
        (norm2): BatchNorm2d(128, eps=1e-05, momentum=0.1, affine=True, track_running_stats=True)
        (relu2): ReLU(inplace=True)
        (conv2): Conv2d(128, 32, kernel_size=(3, 3), stride=(1, 1), padding=(1, 1), bias=False)
      )
      (denselayer24): _DenseLayer(
        (norm1): BatchNorm2d(992, eps=1e-05, momentum=0.1, affine=True, track_running_stats=True)
        (relu1): ReLU(inplace=True)
        (conv1): Conv2d(992, 128, kernel_size=(1, 1), stride=(1, 1), bias=False)
        (norm2): BatchNorm2d(128, eps=1e-05, momentum=0.1, affine=True, track_running_stats=True)
        (relu2): ReLU(inplace=True)
        (conv2): Conv2d(128, 32, kernel_size=(3, 3), stride=(1, 1), padding=(1, 1), bias=False)
      )
      (denselayer25): _DenseLayer(
        (norm1): BatchNorm2d(1024, eps=1e-05, momentum=0.1, affine=True, track_running_stats=True)
        (relu1): ReLU(inplace=True)
        (conv1): Conv2d(1024, 128, kernel_size=(1, 1), stride=(1, 1), bias=False)
        (norm2): BatchNorm2d(128, eps=1e-05, momentum=0.1, affine=True, track_running_stats=True)
        (relu2): ReLU(inplace=True)
        (conv2): Conv2d(128, 32, kernel_size=(3, 3), stride=(1, 1), padding=(1, 1), bias=False)
      )
      (denselayer26): _DenseLayer(
        (norm1): BatchNorm2d(1056, eps=1e-05, momentum=0.1, affine=True, track_running_stats=True)
        (relu1): ReLU(inplace=True)
        (conv1): Conv2d(1056, 128, kernel_size=(1, 1), stride=(1, 1), bias=False)
        (norm2): BatchNorm2d(128, eps=1e-05, momentum=0.1, affine=True, track_running_stats=True)
        (relu2): ReLU(inplace=True)
        (conv2): Conv2d(128, 32, kernel_size=(3, 3), stride=(1, 1), padding=(1, 1), bias=False)
      )
      (denselayer27): _DenseLayer(
        (norm1): BatchNorm2d(1088, eps=1e-05, momentum=0.1, affine=True, track_running_stats=True)
        (relu1): ReLU(inplace=True)
        (conv1): Conv2d(1088, 128, kernel_size=(1, 1), stride=(1, 1), bias=False)
        (norm2): BatchNorm2d(128, eps=1e-05, momentum=0.1, affine=True, track_running_stats=True)
        (relu2): ReLU(inplace=True)
        (conv2): Conv2d(128, 32, kernel_size=(3, 3), stride=(1, 1), padding=(1, 1), bias=False)
      )
      (denselayer28): _DenseLayer(
        (norm1): BatchNorm2d(1120, eps=1e-05, momentum=0.1, affine=True, track_running_stats=True)
        (relu1): ReLU(inplace=True)
        (conv1): Conv2d(1120, 128, kernel_size=(1, 1), stride=(1, 1), bias=False)
        (norm2): BatchNorm2d(128, eps=1e-05, momentum=0.1, affine=True, track_running_stats=True)
        (relu2): ReLU(inplace=True)
        (conv2): Conv2d(128, 32, kernel_size=(3, 3), stride=(1, 1), padding=(1, 1), bias=False)
      )
      (denselayer29): _DenseLayer(
        (norm1): BatchNorm2d(1152, eps=1e-05, momentum=0.1, affine=True, track_running_stats=True)
        (relu1): ReLU(inplace=True)
        (conv1): Conv2d(1152, 128, kernel_size=(1, 1), stride=(1, 1), bias=False)
        (norm2): BatchNorm2d(128, eps=1e-05, momentum=0.1, affine=True, track_running_stats=True)
        (relu2): ReLU(inplace=True)
        (conv2): Conv2d(128, 32, kernel_size=(3, 3), stride=(1, 1), padding=(1, 1), bias=False)
      )
      (denselayer30): _DenseLayer(
        (norm1): BatchNorm2d(1184, eps=1e-05, momentum=0.1, affine=True, track_running_stats=True)
        (relu1): ReLU(inplace=True)
        (conv1): Conv2d(1184, 128, kernel_size=(1, 1), stride=(1, 1), bias=False)
        (norm2): BatchNorm2d(128, eps=1e-05, momentum=0.1, affine=True, track_running_stats=True)
        (relu2): ReLU(inplace=True)
        (conv2): Conv2d(128, 32, kernel_size=(3, 3), stride=(1, 1), padding=(1, 1), bias=False)
      )
      (denselayer31): _DenseLayer(
        (norm1): BatchNorm2d(1216, eps=1e-05, momentum=0.1, affine=True, track_running_stats=True)
        (relu1): ReLU(inplace=True)
        (conv1): Conv2d(1216, 128, kernel_size=(1, 1), stride=(1, 1), bias=False)
        (norm2): BatchNorm2d(128, eps=1e-05, momentum=0.1, affine=True, track_running_stats=True)
        (relu2): ReLU(inplace=True)
        (conv2): Conv2d(128, 32, kernel_size=(3, 3), stride=(1, 1), padding=(1, 1), bias=False)
      )
      (denselayer32): _DenseLayer(
        (norm1): BatchNorm2d(1248, eps=1e-05, momentum=0.1, affine=True, track_running_stats=True)
        (relu1): ReLU(inplace=True)
        (conv1): Conv2d(1248, 128, kernel_size=(1, 1), stride=(1, 1), bias=False)
        (norm2): BatchNorm2d(128, eps=1e-05, momentum=0.1, affine=True, track_running_stats=True)
        (relu2): ReLU(inplace=True)
        (conv2): Conv2d(128, 32, kernel_size=(3, 3), stride=(1, 1), padding=(1, 1), bias=False)
      )
      (denselayer33): _DenseLayer(
        (norm1): BatchNorm2d(1280, eps=1e-05, momentum=0.1, affine=True, track_running_stats=True)
        (relu1): ReLU(inplace=True)
        (conv1): Conv2d(1280, 128, kernel_size=(1, 1), stride=(1, 1), bias=False)
        (norm2): BatchNorm2d(128, eps=1e-05, momentum=0.1, affine=True, track_running_stats=True)
        (relu2): ReLU(inplace=True)
        (conv2): Conv2d(128, 32, kernel_size=(3, 3), stride=(1, 1), padding=(1, 1), bias=False)
      )
      (denselayer34): _DenseLayer(
        (norm1): BatchNorm2d(1312, eps=1e-05, momentum=0.1, affine=True, track_running_stats=True)
        (relu1): ReLU(inplace=True)
        (conv1): Conv2d(1312, 128, kernel_size=(1, 1), stride=(1, 1), bias=False)
        (norm2): BatchNorm2d(128, eps=1e-05, momentum=0.1, affine=True, track_running_stats=True)
        (relu2): ReLU(inplace=True)
        (conv2): Conv2d(128, 32, kernel_size=(3, 3), stride=(1, 1), padding=(1, 1), bias=False)
      )
      (denselayer35): _DenseLayer(
        (norm1): BatchNorm2d(1344, eps=1e-05, momentum=0.1, affine=True, track_running_stats=True)
        (relu1): ReLU(inplace=True)
        (conv1): Conv2d(1344, 128, kernel_size=(1, 1), stride=(1, 1), bias=False)
        (norm2): BatchNorm2d(128, eps=1e-05, momentum=0.1, affine=True, track_running_stats=True)
        (relu2): ReLU(inplace=True)
        (conv2): Conv2d(128, 32, kernel_size=(3, 3), stride=(1, 1), padding=(1, 1), bias=False)
      )
      (denselayer36): _DenseLayer(
        (norm1): BatchNorm2d(1376, eps=1e-05, momentum=0.1, affine=True, track_running_stats=True)
        (relu1): ReLU(inplace=True)
        (conv1): Conv2d(1376, 128, kernel_size=(1, 1), stride=(1, 1), bias=False)
        (norm2): BatchNorm2d(128, eps=1e-05, momentum=0.1, affine=True, track_running_stats=True)
        (relu2): ReLU(inplace=True)
        (conv2): Conv2d(128, 32, kernel_size=(3, 3), stride=(1, 1), padding=(1, 1), bias=False)
      )
      (denselayer37): _DenseLayer(
        (norm1): BatchNorm2d(1408, eps=1e-05, momentum=0.1, affine=True, track_running_stats=True)
        (relu1): ReLU(inplace=True)
        (conv1): Conv2d(1408, 128, kernel_size=(1, 1), stride=(1, 1), bias=False)
        (norm2): BatchNorm2d(128, eps=1e-05, momentum=0.1, affine=True, track_running_stats=True)
        (relu2): ReLU(inplace=True)
        (conv2): Conv2d(128, 32, kernel_size=(3, 3), stride=(1, 1), padding=(1, 1), bias=False)
      )
      (denselayer38): _DenseLayer(
        (norm1): BatchNorm2d(1440, eps=1e-05, momentum=0.1, affine=True, track_running_stats=True)
        (relu1): ReLU(inplace=True)
        (conv1): Conv2d(1440, 128, kernel_size=(1, 1), stride=(1, 1), bias=False)
        (norm2): BatchNorm2d(128, eps=1e-05, momentum=0.1, affine=True, track_running_stats=True)
        (relu2): ReLU(inplace=True)
        (conv2): Conv2d(128, 32, kernel_size=(3, 3), stride=(1, 1), padding=(1, 1), bias=False)
      )
      (denselayer39): _DenseLayer(
        (norm1): BatchNorm2d(1472, eps=1e-05, momentum=0.1, affine=True, track_running_stats=True)
        (relu1): ReLU(inplace=True)
        (conv1): Conv2d(1472, 128, kernel_size=(1, 1), stride=(1, 1), bias=False)
        (norm2): BatchNorm2d(128, eps=1e-05, momentum=0.1, affine=True, track_running_stats=True)
        (relu2): ReLU(inplace=True)
        (conv2): Conv2d(128, 32, kernel_size=(3, 3), stride=(1, 1), padding=(1, 1), bias=False)
      )
      (denselayer40): _DenseLayer(
        (norm1): BatchNorm2d(1504, eps=1e-05, momentum=0.1, affine=True, track_running_stats=True)
        (relu1): ReLU(inplace=True)
        (conv1): Conv2d(1504, 128, kernel_size=(1, 1), stride=(1, 1), bias=False)
        (norm2): BatchNorm2d(128, eps=1e-05, momentum=0.1, affine=True, track_running_stats=True)
        (relu2): ReLU(inplace=True)
        (conv2): Conv2d(128, 32, kernel_size=(3, 3), stride=(1, 1), padding=(1, 1), bias=False)
      )
      (denselayer41): _DenseLayer(
        (norm1): BatchNorm2d(1536, eps=1e-05, momentum=0.1, affine=True, track_running_stats=True)
        (relu1): ReLU(inplace=True)
        (conv1): Conv2d(1536, 128, kernel_size=(1, 1), stride=(1, 1), bias=False)
        (norm2): BatchNorm2d(128, eps=1e-05, momentum=0.1, affine=True, track_running_stats=True)
        (relu2): ReLU(inplace=True)
        (conv2): Conv2d(128, 32, kernel_size=(3, 3), stride=(1, 1), padding=(1, 1), bias=False)
      )
      (denselayer42): _DenseLayer(
        (norm1): BatchNorm2d(1568, eps=1e-05, momentum=0.1, affine=True, track_running_stats=True)
        (relu1): ReLU(inplace=True)
        (conv1): Conv2d(1568, 128, kernel_size=(1, 1), stride=(1, 1), bias=False)
        (norm2): BatchNorm2d(128, eps=1e-05, momentum=0.1, affine=True, track_running_stats=True)
        (relu2): ReLU(inplace=True)
        (conv2): Conv2d(128, 32, kernel_size=(3, 3), stride=(1, 1), padding=(1, 1), bias=False)
      )
      (denselayer43): _DenseLayer(
        (norm1): BatchNorm2d(1600, eps=1e-05, momentum=0.1, affine=True, track_running_stats=True)
        (relu1): ReLU(inplace=True)
        (conv1): Conv2d(1600, 128, kernel_size=(1, 1), stride=(1, 1), bias=False)
        (norm2): BatchNorm2d(128, eps=1e-05, momentum=0.1, affine=True, track_running_stats=True)
        (relu2): ReLU(inplace=True)
        (conv2): Conv2d(128, 32, kernel_size=(3, 3), stride=(1, 1), padding=(1, 1), bias=False)
      )
      (denselayer44): _DenseLayer(
        (norm1): BatchNorm2d(1632, eps=1e-05, momentum=0.1, affine=True, track_running_stats=True)
        (relu1): ReLU(inplace=True)
        (conv1): Conv2d(1632, 128, kernel_size=(1, 1), stride=(1, 1), bias=False)
        (norm2): BatchNorm2d(128, eps=1e-05, momentum=0.1, affine=True, track_running_stats=True)
        (relu2): ReLU(inplace=True)
        (conv2): Conv2d(128, 32, kernel_size=(3, 3), stride=(1, 1), padding=(1, 1), bias=False)
      )
      (denselayer45): _DenseLayer(
        (norm1): BatchNorm2d(1664, eps=1e-05, momentum=0.1, affine=True, track_running_stats=True)
        (relu1): ReLU(inplace=True)
        (conv1): Conv2d(1664, 128, kernel_size=(1, 1), stride=(1, 1), bias=False)
        (norm2): BatchNorm2d(128, eps=1e-05, momentum=0.1, affine=True, track_running_stats=True)
        (relu2): ReLU(inplace=True)
        (conv2): Conv2d(128, 32, kernel_size=(3, 3), stride=(1, 1), padding=(1, 1), bias=False)
      )
      (denselayer46): _DenseLayer(
        (norm1): BatchNorm2d(1696, eps=1e-05, momentum=0.1, affine=True, track_running_stats=True)
        (relu1): ReLU(inplace=True)
        (conv1): Conv2d(1696, 128, kernel_size=(1, 1), stride=(1, 1), bias=False)
        (norm2): BatchNorm2d(128, eps=1e-05, momentum=0.1, affine=True, track_running_stats=True)
        (relu2): ReLU(inplace=True)
        (conv2): Conv2d(128, 32, kernel_size=(3, 3), stride=(1, 1), padding=(1, 1), bias=False)
      )
      (denselayer47): _DenseLayer(
        (norm1): BatchNorm2d(1728, eps=1e-05, momentum=0.1, affine=True, track_running_stats=True)
        (relu1): ReLU(inplace=True)
        (conv1): Conv2d(1728, 128, kernel_size=(1, 1), stride=(1, 1), bias=False)
        (norm2): BatchNorm2d(128, eps=1e-05, momentum=0.1, affine=True, track_running_stats=True)
        (relu2): ReLU(inplace=True)
        (conv2): Conv2d(128, 32, kernel_size=(3, 3), stride=(1, 1), padding=(1, 1), bias=False)
      )
      (denselayer48): _DenseLayer(
        (norm1): BatchNorm2d(1760, eps=1e-05, momentum=0.1, affine=True, track_running_stats=True)
        (relu1): ReLU(inplace=True)
        (conv1): Conv2d(1760, 128, kernel_size=(1, 1), stride=(1, 1), bias=False)
        (norm2): BatchNorm2d(128, eps=1e-05, momentum=0.1, affine=True, track_running_stats=True)
        (relu2): ReLU(inplace=True)
        (conv2): Conv2d(128, 32, kernel_size=(3, 3), stride=(1, 1), padding=(1, 1), bias=False)
      )
    )
    (transition3): _Transition(
      (norm): BatchNorm2d(1792, eps=1e-05, momentum=0.1, affine=True, track_running_stats=True)
      (relu): ReLU(inplace=True)
      (conv): Conv2d(1792, 896, kernel_size=(1, 1), stride=(1, 1), bias=False)
      (pool): AvgPool2d(kernel_size=2, stride=2, padding=0)
    )
    (denseblock4): _DenseBlock(
      (denselayer1): _DenseLayer(
        (norm1): BatchNorm2d(896, eps=1e-05, momentum=0.1, affine=True, track_running_stats=True)
        (relu1): ReLU(inplace=True)
        (conv1): Conv2d(896, 128, kernel_size=(1, 1), stride=(1, 1), bias=False)
        (norm2): BatchNorm2d(128, eps=1e-05, momentum=0.1, affine=True, track_running_stats=True)
        (relu2): ReLU(inplace=True)
        (conv2): Conv2d(128, 32, kernel_size=(3, 3), stride=(1, 1), padding=(1, 1), bias=False)
      )
      (denselayer2): _DenseLayer(
        (norm1): BatchNorm2d(928, eps=1e-05, momentum=0.1, affine=True, track_running_stats=True)
        (relu1): ReLU(inplace=True)
        (conv1): Conv2d(928, 128, kernel_size=(1, 1), stride=(1, 1), bias=False)
        (norm2): BatchNorm2d(128, eps=1e-05, momentum=0.1, affine=True, track_running_stats=True)
        (relu2): ReLU(inplace=True)
        (conv2): Conv2d(128, 32, kernel_size=(3, 3), stride=(1, 1), padding=(1, 1), bias=False)
      )
      (denselayer3): _DenseLayer(
        (norm1): BatchNorm2d(960, eps=1e-05, momentum=0.1, affine=True, track_running_stats=True)
        (relu1): ReLU(inplace=True)
        (conv1): Conv2d(960, 128, kernel_size=(1, 1), stride=(1, 1), bias=False)
        (norm2): BatchNorm2d(128, eps=1e-05, momentum=0.1, affine=True, track_running_stats=True)
        (relu2): ReLU(inplace=True)
        (conv2): Conv2d(128, 32, kernel_size=(3, 3), stride=(1, 1), padding=(1, 1), bias=False)
      )
      (denselayer4): _DenseLayer(
        (norm1): BatchNorm2d(992, eps=1e-05, momentum=0.1, affine=True, track_running_stats=True)
        (relu1): ReLU(inplace=True)
        (conv1): Conv2d(992, 128, kernel_size=(1, 1), stride=(1, 1), bias=False)
        (norm2): BatchNorm2d(128, eps=1e-05, momentum=0.1, affine=True, track_running_stats=True)
        (relu2): ReLU(inplace=True)
        (conv2): Conv2d(128, 32, kernel_size=(3, 3), stride=(1, 1), padding=(1, 1), bias=False)
      )
      (denselayer5): _DenseLayer(
        (norm1): BatchNorm2d(1024, eps=1e-05, momentum=0.1, affine=True, track_running_stats=True)
        (relu1): ReLU(inplace=True)
        (conv1): Conv2d(1024, 128, kernel_size=(1, 1), stride=(1, 1), bias=False)
        (norm2): BatchNorm2d(128, eps=1e-05, momentum=0.1, affine=True, track_running_stats=True)
        (relu2): ReLU(inplace=True)
        (conv2): Conv2d(128, 32, kernel_size=(3, 3), stride=(1, 1), padding=(1, 1), bias=False)
      )
      (denselayer6): _DenseLayer(
        (norm1): BatchNorm2d(1056, eps=1e-05, momentum=0.1, affine=True, track_running_stats=True)
        (relu1): ReLU(inplace=True)
        (conv1): Conv2d(1056, 128, kernel_size=(1, 1), stride=(1, 1), bias=False)
        (norm2): BatchNorm2d(128, eps=1e-05, momentum=0.1, affine=True, track_running_stats=True)
        (relu2): ReLU(inplace=True)
        (conv2): Conv2d(128, 32, kernel_size=(3, 3), stride=(1, 1), padding=(1, 1), bias=False)
      )
      (denselayer7): _DenseLayer(
        (norm1): BatchNorm2d(1088, eps=1e-05, momentum=0.1, affine=True, track_running_stats=True)
        (relu1): ReLU(inplace=True)
        (conv1): Conv2d(1088, 128, kernel_size=(1, 1), stride=(1, 1), bias=False)
        (norm2): BatchNorm2d(128, eps=1e-05, momentum=0.1, affine=True, track_running_stats=True)
        (relu2): ReLU(inplace=True)
        (conv2): Conv2d(128, 32, kernel_size=(3, 3), stride=(1, 1), padding=(1, 1), bias=False)
      )
      (denselayer8): _DenseLayer(
        (norm1): BatchNorm2d(1120, eps=1e-05, momentum=0.1, affine=True, track_running_stats=True)
        (relu1): ReLU(inplace=True)
        (conv1): Conv2d(1120, 128, kernel_size=(1, 1), stride=(1, 1), bias=False)
        (norm2): BatchNorm2d(128, eps=1e-05, momentum=0.1, affine=True, track_running_stats=True)
        (relu2): ReLU(inplace=True)
        (conv2): Conv2d(128, 32, kernel_size=(3, 3), stride=(1, 1), padding=(1, 1), bias=False)
      )
      (denselayer9): _DenseLayer(
        (norm1): BatchNorm2d(1152, eps=1e-05, momentum=0.1, affine=True, track_running_stats=True)
        (relu1): ReLU(inplace=True)
        (conv1): Conv2d(1152, 128, kernel_size=(1, 1), stride=(1, 1), bias=False)
        (norm2): BatchNorm2d(128, eps=1e-05, momentum=0.1, affine=True, track_running_stats=True)
        (relu2): ReLU(inplace=True)
        (conv2): Conv2d(128, 32, kernel_size=(3, 3), stride=(1, 1), padding=(1, 1), bias=False)
      )
      (denselayer10): _DenseLayer(
        (norm1): BatchNorm2d(1184, eps=1e-05, momentum=0.1, affine=True, track_running_stats=True)
        (relu1): ReLU(inplace=True)
        (conv1): Conv2d(1184, 128, kernel_size=(1, 1), stride=(1, 1), bias=False)
        (norm2): BatchNorm2d(128, eps=1e-05, momentum=0.1, affine=True, track_running_stats=True)
        (relu2): ReLU(inplace=True)
        (conv2): Conv2d(128, 32, kernel_size=(3, 3), stride=(1, 1), padding=(1, 1), bias=False)
      )
      (denselayer11): _DenseLayer(
        (norm1): BatchNorm2d(1216, eps=1e-05, momentum=0.1, affine=True, track_running_stats=True)
        (relu1): ReLU(inplace=True)
        (conv1): Conv2d(1216, 128, kernel_size=(1, 1), stride=(1, 1), bias=False)
        (norm2): BatchNorm2d(128, eps=1e-05, momentum=0.1, affine=True, track_running_stats=True)
        (relu2): ReLU(inplace=True)
        (conv2): Conv2d(128, 32, kernel_size=(3, 3), stride=(1, 1), padding=(1, 1), bias=False)
      )
      (denselayer12): _DenseLayer(
        (norm1): BatchNorm2d(1248, eps=1e-05, momentum=0.1, affine=True, track_running_stats=True)
        (relu1): ReLU(inplace=True)
        (conv1): Conv2d(1248, 128, kernel_size=(1, 1), stride=(1, 1), bias=False)
        (norm2): BatchNorm2d(128, eps=1e-05, momentum=0.1, affine=True, track_running_stats=True)
        (relu2): ReLU(inplace=True)
        (conv2): Conv2d(128, 32, kernel_size=(3, 3), stride=(1, 1), padding=(1, 1), bias=False)
      )
      (denselayer13): _DenseLayer(
        (norm1): BatchNorm2d(1280, eps=1e-05, momentum=0.1, affine=True, track_running_stats=True)
        (relu1): ReLU(inplace=True)
        (conv1): Conv2d(1280, 128, kernel_size=(1, 1), stride=(1, 1), bias=False)
        (norm2): BatchNorm2d(128, eps=1e-05, momentum=0.1, affine=True, track_running_stats=True)
        (relu2): ReLU(inplace=True)
        (conv2): Conv2d(128, 32, kernel_size=(3, 3), stride=(1, 1), padding=(1, 1), bias=False)
      )
      (denselayer14): _DenseLayer(
        (norm1): BatchNorm2d(1312, eps=1e-05, momentum=0.1, affine=True, track_running_stats=True)
        (relu1): ReLU(inplace=True)
        (conv1): Conv2d(1312, 128, kernel_size=(1, 1), stride=(1, 1), bias=False)
        (norm2): BatchNorm2d(128, eps=1e-05, momentum=0.1, affine=True, track_running_stats=True)
        (relu2): ReLU(inplace=True)
        (conv2): Conv2d(128, 32, kernel_size=(3, 3), stride=(1, 1), padding=(1, 1), bias=False)
      )
      (denselayer15): _DenseLayer(
        (norm1): BatchNorm2d(1344, eps=1e-05, momentum=0.1, affine=True, track_running_stats=True)
        (relu1): ReLU(inplace=True)
        (conv1): Conv2d(1344, 128, kernel_size=(1, 1), stride=(1, 1), bias=False)
        (norm2): BatchNorm2d(128, eps=1e-05, momentum=0.1, affine=True, track_running_stats=True)
        (relu2): ReLU(inplace=True)
        (conv2): Conv2d(128, 32, kernel_size=(3, 3), stride=(1, 1), padding=(1, 1), bias=False)
      )
      (denselayer16): _DenseLayer(
        (norm1): BatchNorm2d(1376, eps=1e-05, momentum=0.1, affine=True, track_running_stats=True)
        (relu1): ReLU(inplace=True)
        (conv1): Conv2d(1376, 128, kernel_size=(1, 1), stride=(1, 1), bias=False)
        (norm2): BatchNorm2d(128, eps=1e-05, momentum=0.1, affine=True, track_running_stats=True)
        (relu2): ReLU(inplace=True)
        (conv2): Conv2d(128, 32, kernel_size=(3, 3), stride=(1, 1), padding=(1, 1), bias=False)
      )
      (denselayer17): _DenseLayer(
        (norm1): BatchNorm2d(1408, eps=1e-05, momentum=0.1, affine=True, track_running_stats=True)
        (relu1): ReLU(inplace=True)
        (conv1): Conv2d(1408, 128, kernel_size=(1, 1), stride=(1, 1), bias=False)
        (norm2): BatchNorm2d(128, eps=1e-05, momentum=0.1, affine=True, track_running_stats=True)
        (relu2): ReLU(inplace=True)
        (conv2): Conv2d(128, 32, kernel_size=(3, 3), stride=(1, 1), padding=(1, 1), bias=False)
      )
      (denselayer18): _DenseLayer(
        (norm1): BatchNorm2d(1440, eps=1e-05, momentum=0.1, affine=True, track_running_stats=True)
        (relu1): ReLU(inplace=True)
        (conv1): Conv2d(1440, 128, kernel_size=(1, 1), stride=(1, 1), bias=False)
        (norm2): BatchNorm2d(128, eps=1e-05, momentum=0.1, affine=True, track_running_stats=True)
        (relu2): ReLU(inplace=True)
        (conv2): Conv2d(128, 32, kernel_size=(3, 3), stride=(1, 1), padding=(1, 1), bias=False)
      )
      (denselayer19): _DenseLayer(
        (norm1): BatchNorm2d(1472, eps=1e-05, momentum=0.1, affine=True, track_running_stats=True)
        (relu1): ReLU(inplace=True)
        (conv1): Conv2d(1472, 128, kernel_size=(1, 1), stride=(1, 1), bias=False)
        (norm2): BatchNorm2d(128, eps=1e-05, momentum=0.1, affine=True, track_running_stats=True)
        (relu2): ReLU(inplace=True)
        (conv2): Conv2d(128, 32, kernel_size=(3, 3), stride=(1, 1), padding=(1, 1), bias=False)
      )
      (denselayer20): _DenseLayer(
        (norm1): BatchNorm2d(1504, eps=1e-05, momentum=0.1, affine=True, track_running_stats=True)
        (relu1): ReLU(inplace=True)
        (conv1): Conv2d(1504, 128, kernel_size=(1, 1), stride=(1, 1), bias=False)
        (norm2): BatchNorm2d(128, eps=1e-05, momentum=0.1, affine=True, track_running_stats=True)
        (relu2): ReLU(inplace=True)
        (conv2): Conv2d(128, 32, kernel_size=(3, 3), stride=(1, 1), padding=(1, 1), bias=False)
      )
      (denselayer21): _DenseLayer(
        (norm1): BatchNorm2d(1536, eps=1e-05, momentum=0.1, affine=True, track_running_stats=True)
        (relu1): ReLU(inplace=True)
        (conv1): Conv2d(1536, 128, kernel_size=(1, 1), stride=(1, 1), bias=False)
        (norm2): BatchNorm2d(128, eps=1e-05, momentum=0.1, affine=True, track_running_stats=True)
        (relu2): ReLU(inplace=True)
        (conv2): Conv2d(128, 32, kernel_size=(3, 3), stride=(1, 1), padding=(1, 1), bias=False)
      )
      (denselayer22): _DenseLayer(
        (norm1): BatchNorm2d(1568, eps=1e-05, momentum=0.1, affine=True, track_running_stats=True)
        (relu1): ReLU(inplace=True)
        (conv1): Conv2d(1568, 128, kernel_size=(1, 1), stride=(1, 1), bias=False)
        (norm2): BatchNorm2d(128, eps=1e-05, momentum=0.1, affine=True, track_running_stats=True)
        (relu2): ReLU(inplace=True)
        (conv2): Conv2d(128, 32, kernel_size=(3, 3), stride=(1, 1), padding=(1, 1), bias=False)
      )
      (denselayer23): _DenseLayer(
        (norm1): BatchNorm2d(1600, eps=1e-05, momentum=0.1, affine=True, track_running_stats=True)
        (relu1): ReLU(inplace=True)
        (conv1): Conv2d(1600, 128, kernel_size=(1, 1), stride=(1, 1), bias=False)
        (norm2): BatchNorm2d(128, eps=1e-05, momentum=0.1, affine=True, track_running_stats=True)
        (relu2): ReLU(inplace=True)
        (conv2): Conv2d(128, 32, kernel_size=(3, 3), stride=(1, 1), padding=(1, 1), bias=False)
      )
      (denselayer24): _DenseLayer(
        (norm1): BatchNorm2d(1632, eps=1e-05, momentum=0.1, affine=True, track_running_stats=True)
        (relu1): ReLU(inplace=True)
        (conv1): Conv2d(1632, 128, kernel_size=(1, 1), stride=(1, 1), bias=False)
        (norm2): BatchNorm2d(128, eps=1e-05, momentum=0.1, affine=True, track_running_stats=True)
        (relu2): ReLU(inplace=True)
        (conv2): Conv2d(128, 32, kernel_size=(3, 3), stride=(1, 1), padding=(1, 1), bias=False)
      )
      (denselayer25): _DenseLayer(
        (norm1): BatchNorm2d(1664, eps=1e-05, momentum=0.1, affine=True, track_running_stats=True)
        (relu1): ReLU(inplace=True)
        (conv1): Conv2d(1664, 128, kernel_size=(1, 1), stride=(1, 1), bias=False)
        (norm2): BatchNorm2d(128, eps=1e-05, momentum=0.1, affine=True, track_running_stats=True)
        (relu2): ReLU(inplace=True)
        (conv2): Conv2d(128, 32, kernel_size=(3, 3), stride=(1, 1), padding=(1, 1), bias=False)
      )
      (denselayer26): _DenseLayer(
        (norm1): BatchNorm2d(1696, eps=1e-05, momentum=0.1, affine=True, track_running_stats=True)
        (relu1): ReLU(inplace=True)
        (conv1): Conv2d(1696, 128, kernel_size=(1, 1), stride=(1, 1), bias=False)
        (norm2): BatchNorm2d(128, eps=1e-05, momentum=0.1, affine=True, track_running_stats=True)
        (relu2): ReLU(inplace=True)
        (conv2): Conv2d(128, 32, kernel_size=(3, 3), stride=(1, 1), padding=(1, 1), bias=False)
      )
      (denselayer27): _DenseLayer(
        (norm1): BatchNorm2d(1728, eps=1e-05, momentum=0.1, affine=True, track_running_stats=True)
        (relu1): ReLU(inplace=True)
        (conv1): Conv2d(1728, 128, kernel_size=(1, 1), stride=(1, 1), bias=False)
        (norm2): BatchNorm2d(128, eps=1e-05, momentum=0.1, affine=True, track_running_stats=True)
        (relu2): ReLU(inplace=True)
        (conv2): Conv2d(128, 32, kernel_size=(3, 3), stride=(1, 1), padding=(1, 1), bias=False)
      )
      (denselayer28): _DenseLayer(
        (norm1): BatchNorm2d(1760, eps=1e-05, momentum=0.1, affine=True, track_running_stats=True)
        (relu1): ReLU(inplace=True)
        (conv1): Conv2d(1760, 128, kernel_size=(1, 1), stride=(1, 1), bias=False)
        (norm2): BatchNorm2d(128, eps=1e-05, momentum=0.1, affine=True, track_running_stats=True)
        (relu2): ReLU(inplace=True)
        (conv2): Conv2d(128, 32, kernel_size=(3, 3), stride=(1, 1), padding=(1, 1), bias=False)
      )
      (denselayer29): _DenseLayer(
        (norm1): BatchNorm2d(1792, eps=1e-05, momentum=0.1, affine=True, track_running_stats=True)
        (relu1): ReLU(inplace=True)
        (conv1): Conv2d(1792, 128, kernel_size=(1, 1), stride=(1, 1), bias=False)
        (norm2): BatchNorm2d(128, eps=1e-05, momentum=0.1, affine=True, track_running_stats=True)
        (relu2): ReLU(inplace=True)
        (conv2): Conv2d(128, 32, kernel_size=(3, 3), stride=(1, 1), padding=(1, 1), bias=False)
      )
      (denselayer30): _DenseLayer(
        (norm1): BatchNorm2d(1824, eps=1e-05, momentum=0.1, affine=True, track_running_stats=True)
        (relu1): ReLU(inplace=True)
        (conv1): Conv2d(1824, 128, kernel_size=(1, 1), stride=(1, 1), bias=False)
        (norm2): BatchNorm2d(128, eps=1e-05, momentum=0.1, affine=True, track_running_stats=True)
        (relu2): ReLU(inplace=True)
        (conv2): Conv2d(128, 32, kernel_size=(3, 3), stride=(1, 1), padding=(1, 1), bias=False)
      )
      (denselayer31): _DenseLayer(
        (norm1): BatchNorm2d(1856, eps=1e-05, momentum=0.1, affine=True, track_running_stats=True)
        (relu1): ReLU(inplace=True)
        (conv1): Conv2d(1856, 128, kernel_size=(1, 1), stride=(1, 1), bias=False)
        (norm2): BatchNorm2d(128, eps=1e-05, momentum=0.1, affine=True, track_running_stats=True)
        (relu2): ReLU(inplace=True)
        (conv2): Conv2d(128, 32, kernel_size=(3, 3), stride=(1, 1), padding=(1, 1), bias=False)
      )
      (denselayer32): _DenseLayer(
        (norm1): BatchNorm2d(1888, eps=1e-05, momentum=0.1, affine=True, track_running_stats=True)
        (relu1): ReLU(inplace=True)
        (conv1): Conv2d(1888, 128, kernel_size=(1, 1), stride=(1, 1), bias=False)
        (norm2): BatchNorm2d(128, eps=1e-05, momentum=0.1, affine=True, track_running_stats=True)
        (relu2): ReLU(inplace=True)
        (conv2): Conv2d(128, 32, kernel_size=(3, 3), stride=(1, 1), padding=(1, 1), bias=False)
      )
    )
    (norm5): BatchNorm2d(1920, eps=1e-05, momentum=0.1, affine=True, track_running_stats=True)
  )
  (classifier): Linear(in_features=1920, out_features=2, bias=True)
)

TEST

+--------------------+--------------------+--------------------+--------------------+
|      Accuracy      |     Precision      |       Recall       |         F1         |
+--------------------+--------------------+--------------------+--------------------+
| 0.8904109589041096 | 0.8976338729763388 | 0.8904109589041096 | 0.8913368263788062 |
+--------------------+--------------------+--------------------+--------------------+


              precision    recall  f1-score   support

           0     0.9535    0.9318    0.9425        44
           1     0.9062    0.9355    0.9206        31

    accuracy                         0.9333        75
   macro avg     0.9299    0.9337    0.9316        75
weighted avg     0.9340    0.9333    0.9335        75



[[41  3]
 [ 2 29]]

