Read csv file.......
Training device information:
+--------------------+-------------------------+---------------------------------+
|   number of gpu    |    applied gpu index    |         applied gpu name        |
+--------------------+-------------------------+---------------------------------+
|         1          |            0            |     NVIDIA GeForce RTX 3090     |
+--------------------+-------------------------+---------------------------------+

Use data information file:/home/zhangxiaohan/constitution/baseline/data.csv
Loading data from path: /home/zhangxiaohan/constitution/data/face......
data information:
+----------------------+----------------+----------------+---------------+----------+
|  number of samples   |  train number  |  valid number  |  test number  | percent  |
+----------------------+----------------+----------------+---------------+----------+
|         738          |      590       |       73       |       75      |   0.8    |
+----------------------+----------------+----------------+---------------+----------+

Classes information:
+------------+------------+
|     0      |     1      |
+------------+------------+
|     0      |     1      |
+------------+------------+

Train information:
+--------------------+-----------------+-----------------+----------+---------------------+----------+----------+-----------------------------------------------------------------------+
|       theme        |      resize     |    batch size   |  epoch   |    learning rate    |  beta1   |  beta2   |                            directory of log                           |
+--------------------+-----------------+-----------------+----------+---------------------+----------+----------+-----------------------------------------------------------------------+
|    constitution    |    (224, 224)   |        16       |   300    |        0.0001       |   0.5    |  0.999   |            /home/zhangxiaohan/constitution/baseline/workdir           |
+--------------------+-----------------+-----------------+----------+---------------------+----------+----------+-----------------------------------------------------------------------+

Train begins......
Epoch loss:0.8595197039681512

+--------------------+--------------------+--------------------+---------------------+
|      Accuracy      |     Precision      |       Recall       |          F1         |
+--------------------+--------------------+--------------------+---------------------+
| 0.5753424657534246 | 0.3310189528992306 | 0.5753424657534246 | 0.42025014889815365 |
+--------------------+--------------------+--------------------+---------------------+

Epoch loss:0.7152743806710115

+--------------------+--------------------+--------------------+---------------------+
|      Accuracy      |     Precision      |       Recall       |          F1         |
+--------------------+--------------------+--------------------+---------------------+
| 0.5753424657534246 | 0.3310189528992306 | 0.5753424657534246 | 0.42025014889815365 |
+--------------------+--------------------+--------------------+---------------------+

Epoch loss:0.6827467253079286

+--------------------+--------------------+--------------------+---------------------+
|      Accuracy      |     Precision      |       Recall       |          F1         |
+--------------------+--------------------+--------------------+---------------------+
| 0.5753424657534246 | 0.3310189528992306 | 0.5753424657534246 | 0.42025014889815365 |
+--------------------+--------------------+--------------------+---------------------+

Epoch loss:0.667693592406608

+--------------------+--------------------+--------------------+---------------------+
|      Accuracy      |     Precision      |       Recall       |          F1         |
+--------------------+--------------------+--------------------+---------------------+
| 0.5753424657534246 | 0.3310189528992306 | 0.5753424657534246 | 0.42025014889815365 |
+--------------------+--------------------+--------------------+---------------------+

Epoch loss:0.6691989640931826

+--------------------+--------------------+--------------------+---------------------+
|      Accuracy      |     Precision      |       Recall       |          F1         |
+--------------------+--------------------+--------------------+---------------------+
| 0.5753424657534246 | 0.3310189528992306 | 0.5753424657534246 | 0.42025014889815365 |
+--------------------+--------------------+--------------------+---------------------+

Epoch loss:0.6679710053108834

+--------------------+--------------------+--------------------+---------------------+
|      Accuracy      |     Precision      |       Recall       |          F1         |
+--------------------+--------------------+--------------------+---------------------+
| 0.5753424657534246 | 0.3310189528992306 | 0.5753424657534246 | 0.42025014889815365 |
+--------------------+--------------------+--------------------+---------------------+

Epoch loss:0.6565807397301132

+--------------------+--------------------+--------------------+---------------------+
|      Accuracy      |     Precision      |       Recall       |          F1         |
+--------------------+--------------------+--------------------+---------------------+
| 0.4520547945205479 | 0.7607563187343237 | 0.4520547945205479 | 0.31042902839840786 |
+--------------------+--------------------+--------------------+---------------------+

Epoch loss:0.648243668111595

+--------------------+--------------------+--------------------+---------------------+
|      Accuracy      |     Precision      |       Recall       |          F1         |
+--------------------+--------------------+--------------------+---------------------+
| 0.5753424657534246 | 0.3310189528992306 | 0.5753424657534246 | 0.42025014889815365 |
+--------------------+--------------------+--------------------+---------------------+

Epoch loss:0.6886506692783253

+--------------------+--------------------+--------------------+---------------------+
|      Accuracy      |     Precision      |       Recall       |          F1         |
+--------------------+--------------------+--------------------+---------------------+
| 0.6027397260273972 | 0.6603633114949375 | 0.6027397260273972 | 0.49782620193579097 |
+--------------------+--------------------+--------------------+---------------------+

Epoch loss:0.6415754814405699

+--------------------+--------------------+--------------------+--------------------+
|      Accuracy      |     Precision      |       Recall       |         F1         |
+--------------------+--------------------+--------------------+--------------------+
| 0.5753424657534246 | 0.5458606313281715 | 0.5753424657534246 | 0.4631935262072248 |
+--------------------+--------------------+--------------------+--------------------+

Epoch loss:0.662537992806048

+-------------------+--------------------+-------------------+--------------------+
|      Accuracy     |     Precision      |       Recall      |         F1         |
+-------------------+--------------------+-------------------+--------------------+
| 0.589041095890411 | 0.6200913242009132 | 0.589041095890411 | 0.4711925866236905 |
+-------------------+--------------------+-------------------+--------------------+

Epoch loss:0.6294386177449613

+--------------------+--------------------+--------------------+--------------------+
|      Accuracy      |     Precision      |       Recall       |         F1         |
+--------------------+--------------------+--------------------+--------------------+
| 0.6438356164383562 | 0.6898782343987824 | 0.6438356164383562 | 0.5828508658568106 |
+--------------------+--------------------+--------------------+--------------------+

Epoch loss:0.6381949758207476

+--------------------+--------------------+--------------------+--------------------+
|      Accuracy      |     Precision      |       Recall       |         F1         |
+--------------------+--------------------+--------------------+--------------------+
| 0.6301369863013698 | 0.6287851478010094 | 0.6301369863013698 | 0.5991362179062558 |
+--------------------+--------------------+--------------------+--------------------+

Epoch loss:0.6089100990746472

+--------------------+--------------------+--------------------+--------------------+
|      Accuracy      |     Precision      |       Recall       |         F1         |
+--------------------+--------------------+--------------------+--------------------+
| 0.6164383561643836 | 0.7133884724735073 | 0.6164383561643836 | 0.5986154072764767 |
+--------------------+--------------------+--------------------+--------------------+

Epoch loss:0.6046538570442715

+--------------------+--------------------+--------------------+--------------------+
|      Accuracy      |     Precision      |       Recall       |         F1         |
+--------------------+--------------------+--------------------+--------------------+
| 0.6986301369863014 | 0.7071216854922695 | 0.6986301369863014 | 0.6813013698630137 |
+--------------------+--------------------+--------------------+--------------------+

Epoch loss:0.6204087669784958

+--------------------+-------------------+--------------------+--------------------+
|      Accuracy      |     Precision     |       Recall       |         F1         |
+--------------------+-------------------+--------------------+--------------------+
| 0.6301369863013698 | 0.672550052687039 | 0.6301369863013698 | 0.5608264479087678 |
+--------------------+-------------------+--------------------+--------------------+

Epoch loss:0.5969219658825848

+--------------------+--------------------+--------------------+--------------------+
|      Accuracy      |     Precision      |       Recall       |         F1         |
+--------------------+--------------------+--------------------+--------------------+
| 0.6712328767123288 | 0.6787310742609949 | 0.6712328767123288 | 0.6729763387297634 |
+--------------------+--------------------+--------------------+--------------------+

Epoch loss:0.5893581396824604

+-------------------+--------------------+-------------------+--------------------+
|      Accuracy     |     Precision      |       Recall      |         F1         |
+-------------------+--------------------+-------------------+--------------------+
| 0.726027397260274 | 0.7851422550052687 | 0.726027397260274 | 0.6941615998827925 |
+-------------------+--------------------+-------------------+--------------------+

Epoch loss:0.5692760944366455

+--------------------+--------------------+--------------------+--------------------+
|      Accuracy      |     Precision      |       Recall       |         F1         |
+--------------------+--------------------+--------------------+--------------------+
| 0.7534246575342466 | 0.7642129559937778 | 0.7534246575342466 | 0.7428311996950878 |
+--------------------+--------------------+--------------------+--------------------+

Epoch loss:0.5306442710193428

+--------------------+--------------------+--------------------+--------------------+
|      Accuracy      |     Precision      |       Recall       |         F1         |
+--------------------+--------------------+--------------------+--------------------+
| 0.6164383561643836 | 0.6955534393084757 | 0.6164383561643836 | 0.6032826595389241 |
+--------------------+--------------------+--------------------+--------------------+

Epoch loss:0.5254348601038391

+--------------------+--------------------+--------------------+--------------------+
|      Accuracy      |     Precision      |       Recall       |         F1         |
+--------------------+--------------------+--------------------+--------------------+
| 0.7534246575342466 | 0.7830771800868693 | 0.7534246575342466 | 0.7538874490929286 |
+--------------------+--------------------+--------------------+--------------------+

Epoch loss:0.4963357569398107

+-------------------+--------------------+-------------------+--------------------+
|      Accuracy     |     Precision      |       Recall      |         F1         |
+-------------------+--------------------+-------------------+--------------------+
| 0.589041095890411 | 0.7194784907474165 | 0.589041095890411 | 0.5576394554901876 |
+-------------------+--------------------+-------------------+--------------------+

Epoch loss:0.46841975684101517

+--------------------+--------------------+--------------------+--------------------+
|      Accuracy      |     Precision      |       Recall       |         F1         |
+--------------------+--------------------+--------------------+--------------------+
| 0.8356164383561644 | 0.8487597186227324 | 0.8356164383561644 | 0.8365462096324303 |
+--------------------+--------------------+--------------------+--------------------+

Epoch loss:0.4521466558044021

+--------------------+--------------------+--------------------+--------------------+
|      Accuracy      |     Precision      |       Recall       |         F1         |
+--------------------+--------------------+--------------------+--------------------+
| 0.7945205479452054 | 0.8113193943763518 | 0.7945205479452054 | 0.7956034436082083 |
+--------------------+--------------------+--------------------+--------------------+

Epoch loss:0.451226947476735

+--------------------+--------------------+--------------------+--------------------+
|      Accuracy      |     Precision      |       Recall       |         F1         |
+--------------------+--------------------+--------------------+--------------------+
| 0.7397260273972602 | 0.7445918304097192 | 0.7397260273972602 | 0.7409124614604067 |
+--------------------+--------------------+--------------------+--------------------+

Epoch loss:0.42508476167111786

+--------------------+--------------------+--------------------+--------------------+
|      Accuracy      |     Precision      |       Recall       |         F1         |
+--------------------+--------------------+--------------------+--------------------+
| 0.7808219178082192 | 0.7798127710739898 | 0.7808219178082192 | 0.7797175321227567 |
+--------------------+--------------------+--------------------+--------------------+

Epoch loss:0.43889164884348175

+--------------------+--------------------+--------------------+--------------------+
|      Accuracy      |     Precision      |       Recall       |         F1         |
+--------------------+--------------------+--------------------+--------------------+
| 0.8493150684931506 | 0.8502129969929836 | 0.8493150684931506 | 0.8496032400967207 |
+--------------------+--------------------+--------------------+--------------------+

Epoch loss:0.42389935093957026

+--------------------+--------------------+--------------------+--------------------+
|      Accuracy      |     Precision      |       Recall       |         F1         |
+--------------------+--------------------+--------------------+--------------------+
| 0.6986301369863014 | 0.7989890850487144 | 0.6986301369863014 | 0.6882935182091547 |
+--------------------+--------------------+--------------------+--------------------+

Epoch loss:0.4135147268707688

+-------------------+--------------------+-------------------+--------------------+
|      Accuracy     |     Precision      |       Recall      |         F1         |
+-------------------+--------------------+-------------------+--------------------+
| 0.821917808219178 | 0.8316364309514994 | 0.821917808219178 | 0.8229271537233204 |
+-------------------+--------------------+-------------------+--------------------+

Epoch loss:0.4012389962334891

+--------------------+--------------------+--------------------+--------------------+
|      Accuracy      |     Precision      |       Recall       |         F1         |
+--------------------+--------------------+--------------------+--------------------+
| 0.7808219178082192 | 0.8114141329769462 | 0.7808219178082192 | 0.7812332880826032 |
+--------------------+--------------------+--------------------+--------------------+

Epoch loss:0.4037223575082985

+--------------------+--------------------+--------------------+--------------------+
|      Accuracy      |     Precision      |       Recall       |         F1         |
+--------------------+--------------------+--------------------+--------------------+
| 0.7945205479452054 | 0.7956064149682592 | 0.7945205479452054 | 0.7949135092228012 |
+--------------------+--------------------+--------------------+--------------------+

Epoch loss:0.389219693638183

+-------------------+--------------------+-------------------+--------------------+
|      Accuracy     |     Precision      |       Recall      |         F1         |
+-------------------+--------------------+-------------------+--------------------+
| 0.684931506849315 | 0.7716140559857058 | 0.684931506849315 | 0.6758355123651928 |
+-------------------+--------------------+-------------------+--------------------+

Epoch loss:0.34696135690083374

+-------------------+--------------------+-------------------+--------------------+
|      Accuracy     |     Precision      |       Recall      |         F1         |
+-------------------+--------------------+-------------------+--------------------+
| 0.821917808219178 | 0.8316364309514994 | 0.821917808219178 | 0.8229271537233204 |
+-------------------+--------------------+-------------------+--------------------+

Epoch loss:0.3681787725638699

+--------------------+--------------------+--------------------+--------------------+
|      Accuracy      |     Precision      |       Recall       |         F1         |
+--------------------+--------------------+--------------------+--------------------+
| 0.8356164383561644 | 0.8423730559274899 | 0.8356164383561644 | 0.8364881693648817 |
+--------------------+--------------------+--------------------+--------------------+

Epoch loss:0.3422447676594193

+--------------------+--------------------+--------------------+--------------------+
|      Accuracy      |     Precision      |       Recall       |         F1         |
+--------------------+--------------------+--------------------+--------------------+
| 0.7945205479452054 | 0.7939334637964774 | 0.7945205479452054 | 0.7928392432527641 |
+--------------------+--------------------+--------------------+--------------------+

Epoch loss:0.35218184864198837

+--------------------+--------------------+--------------------+--------------------+
|      Accuracy      |     Precision      |       Recall       |         F1         |
+--------------------+--------------------+--------------------+--------------------+
| 0.7534246575342466 | 0.7605520650942424 | 0.7534246575342466 | 0.7547322540473226 |
+--------------------+--------------------+--------------------+--------------------+

Epoch loss:0.32362979731044256

+--------------------+--------------------+--------------------+--------------------+
|      Accuracy      |     Precision      |       Recall       |         F1         |
+--------------------+--------------------+--------------------+--------------------+
| 0.7945205479452054 | 0.7938727832643092 | 0.7945205479452054 | 0.7940449928006235 |
+--------------------+--------------------+--------------------+--------------------+

Epoch loss:0.34844749722931834

+--------------------+--------------------+--------------------+--------------------+
|      Accuracy      |     Precision      |       Recall       |         F1         |
+--------------------+--------------------+--------------------+--------------------+
| 0.8082191780821918 | 0.8294592863488915 | 0.8082191780821918 | 0.8090843547224226 |
+--------------------+--------------------+--------------------+--------------------+

Epoch loss:0.3621999670726222

+--------------------+--------------------+--------------------+--------------------+
|      Accuracy      |     Precision      |       Recall       |         F1         |
+--------------------+--------------------+--------------------+--------------------+
| 0.7534246575342466 | 0.7830771800868693 | 0.7534246575342466 | 0.7538874490929286 |
+--------------------+--------------------+--------------------+--------------------+

Epoch loss:0.34995415373831185

+--------------------+--------------------+--------------------+--------------------+
|      Accuracy      |     Precision      |       Recall       |         F1         |
+--------------------+--------------------+--------------------+--------------------+
| 0.7945205479452054 | 0.8314395134987269 | 0.7945205479452054 | 0.7945205479452054 |
+--------------------+--------------------+--------------------+--------------------+

Epoch loss:0.33511832376589645

+--------------------+--------------------+--------------------+------------------+
|      Accuracy      |     Precision      |       Recall       |        F1        |
+--------------------+--------------------+--------------------+------------------+
| 0.7808219178082192 | 0.8016487943965783 | 0.7808219178082192 | 0.78181069111134 |
+--------------------+--------------------+--------------------+------------------+

Epoch loss:0.317072154702367

+--------------------+--------------------+--------------------+--------------------+
|      Accuracy      |     Precision      |       Recall       |         F1         |
+--------------------+--------------------+--------------------+--------------------+
| 0.7534246575342466 | 0.8079147640791476 | 0.7534246575342466 | 0.7514780100937276 |
+--------------------+--------------------+--------------------+--------------------+

Epoch loss:0.3239204581524875

+--------------------+--------------------+--------------------+--------------------+
|      Accuracy      |     Precision      |       Recall       |         F1         |
+--------------------+--------------------+--------------------+--------------------+
| 0.8082191780821918 | 0.8150993923164074 | 0.8082191780821918 | 0.8092361975923619 |
+--------------------+--------------------+--------------------+--------------------+

Epoch loss:0.3266397795161685

+--------------------+--------------------+--------------------+--------------------+
|      Accuracy      |     Precision      |       Recall       |         F1         |
+--------------------+--------------------+--------------------+--------------------+
| 0.7945205479452054 | 0.8113193943763518 | 0.7945205479452054 | 0.7956034436082083 |
+--------------------+--------------------+--------------------+--------------------+

Epoch loss:0.29265544986402664

+--------------------+--------------------+--------------------+--------------------+
|      Accuracy      |     Precision      |       Recall       |         F1         |
+--------------------+--------------------+--------------------+--------------------+
| 0.7945205479452054 | 0.8314395134987269 | 0.7945205479452054 | 0.7945205479452054 |
+--------------------+--------------------+--------------------+--------------------+

Epoch loss:0.3081712809366149

+--------------------+--------------------+--------------------+--------------------+
|      Accuracy      |     Precision      |       Recall       |         F1         |
+--------------------+--------------------+--------------------+--------------------+
| 0.7945205479452054 | 0.8113193943763518 | 0.7945205479452054 | 0.7956034436082083 |
+--------------------+--------------------+--------------------+--------------------+

Epoch loss:0.34466751926654093

+--------------------+--------------------+--------------------+--------------------+
|      Accuracy      |     Precision      |       Recall       |         F1         |
+--------------------+--------------------+--------------------+--------------------+
| 0.8356164383561644 | 0.8423730559274899 | 0.8356164383561644 | 0.8364881693648817 |
+--------------------+--------------------+--------------------+--------------------+

Epoch loss:0.32009937211468414

+--------------------+--------------------+--------------------+-------------------+
|      Accuracy      |     Precision      |       Recall       |         F1        |
+--------------------+--------------------+--------------------+-------------------+
| 0.7671232876712328 | 0.7922478206724781 | 0.7671232876712328 | 0.767910476557978 |
+--------------------+--------------------+--------------------+-------------------+

Epoch loss:0.29406932721266876

+--------------------+--------------------+--------------------+--------------------+
|      Accuracy      |     Precision      |       Recall       |         F1         |
+--------------------+--------------------+--------------------+--------------------+
| 0.8082191780821918 | 0.8107513491075135 | 0.8082191780821918 | 0.8088769629134648 |
+--------------------+--------------------+--------------------+--------------------+

Epoch loss:0.315699008268279

+--------------------+--------------------+--------------------+--------------------+
|      Accuracy      |     Precision      |       Recall       |         F1         |
+--------------------+--------------------+--------------------+--------------------+
| 0.7534246575342466 | 0.7830771800868693 | 0.7534246575342466 | 0.7538874490929286 |
+--------------------+--------------------+--------------------+--------------------+

Epoch loss:0.3054930208301222

+--------------------+--------------------+--------------------+--------------------+
|      Accuracy      |     Precision      |       Recall       |         F1         |
+--------------------+--------------------+--------------------+--------------------+
| 0.8082191780821918 | 0.8075320994546313 | 0.8082191780821918 | 0.8072528406074122 |
+--------------------+--------------------+--------------------+--------------------+

Epoch loss:0.32265420862146327

+--------------------+--------------------+--------------------+--------------------+
|      Accuracy      |     Precision      |       Recall       |         F1         |
+--------------------+--------------------+--------------------+--------------------+
| 0.7945205479452054 | 0.7938727832643092 | 0.7945205479452054 | 0.7940449928006235 |
+--------------------+--------------------+--------------------+--------------------+

Epoch loss:0.2952705889537528

+--------------------+--------------------+--------------------+--------------------+
|      Accuracy      |     Precision      |       Recall       |         F1         |
+--------------------+--------------------+--------------------+--------------------+
| 0.7671232876712328 | 0.8309840513533188 | 0.7671232876712328 | 0.7644933982039402 |
+--------------------+--------------------+--------------------+--------------------+

Epoch loss:0.3289457878752335

+-------------------+--------------------+-------------------+--------------------+
|      Accuracy     |     Precision      |       Recall      |         F1         |
+-------------------+--------------------+-------------------+--------------------+
| 0.821917808219178 | 0.8483499377334993 | 0.821917808219178 | 0.8225197761913949 |
+-------------------+--------------------+-------------------+--------------------+

Epoch loss:0.2876125502626638

+--------------------+--------------------+--------------------+--------------------+
|      Accuracy      |     Precision      |       Recall       |         F1         |
+--------------------+--------------------+--------------------+--------------------+
| 0.8082191780821918 | 0.8213007528076021 | 0.8082191780821918 | 0.8093039112378355 |
+--------------------+--------------------+--------------------+--------------------+

Epoch loss:0.29635534153596776

+--------------------+--------------------+--------------------+--------------------+
|      Accuracy      |     Precision      |       Recall       |         F1         |
+--------------------+--------------------+--------------------+--------------------+
| 0.8493150684931506 | 0.8589822699411741 | 0.8493150684931506 | 0.8501691300735786 |
+--------------------+--------------------+--------------------+--------------------+

Epoch loss:0.27312914443177144

+--------------------+--------------------+--------------------+--------------------+
|      Accuracy      |     Precision      |       Recall       |         F1         |
+--------------------+--------------------+--------------------+--------------------+
| 0.8493150684931506 | 0.8502129969929836 | 0.8493150684931506 | 0.8496032400967207 |
+--------------------+--------------------+--------------------+--------------------+

Epoch loss:0.2642014574360203

+--------------------+--------------------+--------------------+--------------------+
|      Accuracy      |     Precision      |       Recall       |         F1         |
+--------------------+--------------------+--------------------+--------------------+
| 0.8493150684931506 | 0.8502129969929836 | 0.8493150684931506 | 0.8496032400967207 |
+--------------------+--------------------+--------------------+--------------------+

Epoch loss:0.31593631671087163

+--------------------+--------------------+--------------------+-------------------+
|      Accuracy      |     Precision      |       Recall       |         F1        |
+--------------------+--------------------+--------------------+-------------------+
| 0.7671232876712328 | 0.7922478206724781 | 0.7671232876712328 | 0.767910476557978 |
+--------------------+--------------------+--------------------+-------------------+

Epoch loss:0.2754032970280261

+-------------------+--------------------+-------------------+--------------------+
|      Accuracy     |     Precision      |       Recall      |         F1         |
+-------------------+--------------------+-------------------+--------------------+
| 0.821917808219178 | 0.8316364309514994 | 0.821917808219178 | 0.8229271537233204 |
+-------------------+--------------------+-------------------+--------------------+

Epoch loss:0.2807995483681962

+--------------------+--------------------+--------------------+--------------------+
|      Accuracy      |     Precision      |       Recall       |         F1         |
+--------------------+--------------------+--------------------+--------------------+
| 0.8356164383561644 | 0.8370282134427459 | 0.8356164383561644 | 0.8336840297161506 |
+--------------------+--------------------+--------------------+--------------------+

Epoch loss:0.3064320256581178

+--------------------+--------------------+--------------------+--------------------+
|      Accuracy      |     Precision      |       Recall       |         F1         |
+--------------------+--------------------+--------------------+--------------------+
| 0.7945205479452054 | 0.8202988792029887 | 0.7945205479452054 | 0.7952151263746865 |
+--------------------+--------------------+--------------------+--------------------+

Epoch loss:0.2688623621455721

+-------------------+--------------------+-------------------+--------------------+
|      Accuracy     |     Precision      |       Recall      |         F1         |
+-------------------+--------------------+-------------------+--------------------+
| 0.821917808219178 | 0.8389329488103822 | 0.821917808219178 | 0.8228563177937807 |
+-------------------+--------------------+-------------------+--------------------+

Epoch loss:0.28336033426426555

+-------------------+--------------------+-------------------+--------------------+
|      Accuracy     |     Precision      |       Recall      |         F1         |
+-------------------+--------------------+-------------------+--------------------+
| 0.821917808219178 | 0.8389329488103822 | 0.821917808219178 | 0.8228563177937807 |
+-------------------+--------------------+-------------------+--------------------+

Epoch loss:0.2930683421122061

+-------------------+--------------------+-------------------+--------------------+
|      Accuracy     |     Precision      |       Recall      |         F1         |
+-------------------+--------------------+-------------------+--------------------+
| 0.821917808219178 | 0.8263187255935039 | 0.821917808219178 | 0.8227295788939625 |
+-------------------+--------------------+-------------------+--------------------+

Epoch loss:0.27151147578213664

+-------------------+--------------------+-------------------+--------------------+
|      Accuracy     |     Precision      |       Recall      |         F1         |
+-------------------+--------------------+-------------------+--------------------+
| 0.821917808219178 | 0.8483499377334993 | 0.821917808219178 | 0.8225197761913949 |
+-------------------+--------------------+-------------------+--------------------+

Epoch loss:0.23376811597798322

+-------------------+--------------------+-------------------+--------------------+
|      Accuracy     |     Precision      |       Recall      |         F1         |
+-------------------+--------------------+-------------------+--------------------+
| 0.821917808219178 | 0.8316364309514994 | 0.821917808219178 | 0.8229271537233204 |
+-------------------+--------------------+-------------------+--------------------+

Epoch loss:0.2808943424071815

+--------------------+--------------------+--------------------+--------------------+
|      Accuracy      |     Precision      |       Recall       |         F1         |
+--------------------+--------------------+--------------------+--------------------+
| 0.8493150684931506 | 0.8589822699411741 | 0.8493150684931506 | 0.8501691300735786 |
+--------------------+--------------------+--------------------+--------------------+

Epoch loss:0.2635155458103966

+-------------------+--------------------+-------------------+--------------------+
|      Accuracy     |     Precision      |       Recall      |         F1         |
+-------------------+--------------------+-------------------+--------------------+
| 0.821917808219178 | 0.8389329488103822 | 0.821917808219178 | 0.8228563177937807 |
+-------------------+--------------------+-------------------+--------------------+

Epoch loss:0.22905929024155075

+--------------------+--------------------+--------------------+--------------------+
|      Accuracy      |     Precision      |       Recall       |         F1         |
+--------------------+--------------------+--------------------+--------------------+
| 0.7534246575342466 | 0.7534246575342466 | 0.7534246575342466 | 0.7534246575342466 |
+--------------------+--------------------+--------------------+--------------------+

Epoch loss:0.2975919820569657

+--------------------+--------------------+--------------------+--------------------+
|      Accuracy      |     Precision      |       Recall       |         F1         |
+--------------------+--------------------+--------------------+--------------------+
| 0.7945205479452054 | 0.8042905919618247 | 0.7945205479452054 | 0.7956851773730619 |
+--------------------+--------------------+--------------------+--------------------+

Epoch loss:0.25537407851299726

+-------------------+--------------------+-------------------+--------------------+
|      Accuracy     |     Precision      |       Recall      |         F1         |
+-------------------+--------------------+-------------------+--------------------+
| 0.821917808219178 | 0.8483499377334993 | 0.821917808219178 | 0.8225197761913949 |
+-------------------+--------------------+-------------------+--------------------+

Epoch loss:0.25111243833561203

+--------------------+--------------------+--------------------+-------------------+
|      Accuracy      |     Precision      |       Recall       |         F1        |
+--------------------+--------------------+--------------------+-------------------+
| 0.7671232876712328 | 0.7706294846705806 | 0.7671232876712328 | 0.761260657151068 |
+--------------------+--------------------+--------------------+-------------------+

Epoch loss:0.2519776250260907

+--------------------+--------------------+--------------------+-------------------+
|      Accuracy      |     Precision      |       Recall       |         F1        |
+--------------------+--------------------+--------------------+-------------------+
| 0.8356164383561644 | 0.8380033208800332 | 0.8356164383561644 | 0.836180253925827 |
+--------------------+--------------------+--------------------+-------------------+

Epoch loss:0.22644188889377825

+--------------------+--------------------+--------------------+-------------------+
|      Accuracy      |     Precision      |       Recall       |         F1        |
+--------------------+--------------------+--------------------+-------------------+
| 0.8356164383561644 | 0.8380033208800332 | 0.8356164383561644 | 0.836180253925827 |
+--------------------+--------------------+--------------------+-------------------+

Epoch loss:0.2267819927954996

+--------------------+--------------------+--------------------+--------------------+
|      Accuracy      |     Precision      |       Recall       |         F1         |
+--------------------+--------------------+--------------------+--------------------+
| 0.8082191780821918 | 0.8294592863488915 | 0.8082191780821918 | 0.8090843547224226 |
+--------------------+--------------------+--------------------+--------------------+

Epoch loss:0.22508821022268888

+-------------------+--------------------+-------------------+--------------------+
|      Accuracy     |     Precision      |       Recall      |         F1         |
+-------------------+--------------------+-------------------+--------------------+
| 0.863013698630137 | 0.8696467195385725 | 0.863013698630137 | 0.8637401411374014 |
+-------------------+--------------------+-------------------+--------------------+

Epoch loss:0.20611044321511243

+--------------------+--------------------+--------------------+-------------------+
|      Accuracy      |     Precision      |       Recall       |         F1        |
+--------------------+--------------------+--------------------+-------------------+
| 0.8082191780821918 | 0.8087927117111156 | 0.8082191780821918 | 0.805964701335509 |
+--------------------+--------------------+--------------------+-------------------+

Epoch loss:0.20533554870131854

+--------------------+--------------------+--------------------+--------------------+
|      Accuracy      |     Precision      |       Recall       |         F1         |
+--------------------+--------------------+--------------------+--------------------+
| 0.8356164383561644 | 0.8423730559274899 | 0.8356164383561644 | 0.8364881693648817 |
+--------------------+--------------------+--------------------+--------------------+

Epoch loss:0.2661129152150573

+--------------------+--------------------+--------------------+--------------------+
|      Accuracy      |     Precision      |       Recall       |         F1         |
+--------------------+--------------------+--------------------+--------------------+
| 0.7945205479452054 | 0.7938727832643092 | 0.7945205479452054 | 0.7940449928006235 |
+--------------------+--------------------+--------------------+--------------------+

Epoch loss:0.21832533502900922

+-------------------+--------------------+-------------------+--------------------+
|      Accuracy     |     Precision      |       Recall      |         F1         |
+-------------------+--------------------+-------------------+--------------------+
| 0.726027397260274 | 0.7931080868999844 | 0.726027397260274 | 0.7218950804768693 |
+-------------------+--------------------+-------------------+--------------------+

Epoch loss:0.25445891941922744

+--------------------+-------------------+--------------------+--------------------+
|      Accuracy      |     Precision     |       Recall       |         F1         |
+--------------------+-------------------+--------------------+--------------------+
| 0.8493150684931506 | 0.853561023988099 | 0.8493150684931506 | 0.8500019513718144 |
+--------------------+-------------------+--------------------+--------------------+

Epoch loss:0.21955770379989534

+--------------------+--------------------+--------------------+--------------------+
|      Accuracy      |     Precision      |       Recall       |         F1         |
+--------------------+--------------------+--------------------+--------------------+
| 0.8356164383561644 | 0.8423730559274899 | 0.8356164383561644 | 0.8364881693648817 |
+--------------------+--------------------+--------------------+--------------------+

Epoch loss:0.20257315371890325

+--------------------+--------------------+--------------------+--------------------+
|      Accuracy      |     Precision      |       Recall       |         F1         |
+--------------------+--------------------+--------------------+--------------------+
| 0.8356164383561644 | 0.8423730559274899 | 0.8356164383561644 | 0.8364881693648817 |
+--------------------+--------------------+--------------------+--------------------+

Epoch loss:0.1744621099803496

+--------------------+--------------------+--------------------+--------------------+
|      Accuracy      |     Precision      |       Recall       |         F1         |
+--------------------+--------------------+--------------------+--------------------+
| 0.7671232876712328 | 0.7837058399423216 | 0.7671232876712328 | 0.7683505694226361 |
+--------------------+--------------------+--------------------+--------------------+

Epoch loss:0.1626636128671266

+--------------------+--------------------+--------------------+--------------------+
|      Accuracy      |     Precision      |       Recall       |         F1         |
+--------------------+--------------------+--------------------+--------------------+
| 0.8356164383561644 | 0.8423730559274899 | 0.8356164383561644 | 0.8364881693648817 |
+--------------------+--------------------+--------------------+--------------------+

Epoch loss:0.20672184970179522

+--------------------+--------------------+--------------------+--------------------+
|      Accuracy      |     Precision      |       Recall       |         F1         |
+--------------------+--------------------+--------------------+--------------------+
| 0.8904109589041096 | 0.8925072644250727 | 0.8904109589041096 | 0.8907868359505513 |
+--------------------+--------------------+--------------------+--------------------+

Epoch loss:0.20035892483350393

+--------------------+--------------------+--------------------+--------------------+
|      Accuracy      |     Precision      |       Recall       |         F1         |
+--------------------+--------------------+--------------------+--------------------+
| 0.8082191780821918 | 0.8082191780821918 | 0.8082191780821918 | 0.8082191780821918 |
+--------------------+--------------------+--------------------+--------------------+

Epoch loss:0.2057593642557795

+--------------------+-----------------+--------------------+--------------------+
|      Accuracy      |    Precision    |       Recall       |         F1         |
+--------------------+-----------------+--------------------+--------------------+
| 0.8356164383561644 | 0.8680880387571 | 0.8356164383561644 | 0.8359249660619523 |
+--------------------+-----------------+--------------------+--------------------+

Epoch loss:0.1788249349070562

+--------------------+--------------------+--------------------+--------------------+
|      Accuracy      |     Precision      |       Recall       |         F1         |
+--------------------+--------------------+--------------------+--------------------+
| 0.8356164383561644 | 0.8423730559274899 | 0.8356164383561644 | 0.8364881693648817 |
+--------------------+--------------------+--------------------+--------------------+

Epoch loss:0.18647528600853844

+--------------------+--------------------+--------------------+--------------------+
|      Accuracy      |     Precision      |       Recall       |         F1         |
+--------------------+--------------------+--------------------+--------------------+
| 0.8767123287671232 | 0.8777886497064579 | 0.8767123287671232 | 0.8757035459516584 |
+--------------------+--------------------+--------------------+--------------------+

Epoch loss:0.16136518614114942

+-------------------+--------------------+-------------------+--------------------+
|      Accuracy     |     Precision      |       Recall      |         F1         |
+-------------------+--------------------+-------------------+--------------------+
| 0.821917808219178 | 0.8316364309514994 | 0.821917808219178 | 0.8229271537233204 |
+-------------------+--------------------+-------------------+--------------------+

Epoch loss:0.21951180102454648

+--------------------+--------------------+--------------------+--------------------+
|      Accuracy      |     Precision      |       Recall       |         F1         |
+--------------------+--------------------+--------------------+--------------------+
| 0.8356164383561644 | 0.8356164383561644 | 0.8356164383561644 | 0.8356164383561644 |
+--------------------+--------------------+--------------------+--------------------+

Epoch loss:0.20365449277734435

+--------------------+--------------------+--------------------+--------------------+
|      Accuracy      |     Precision      |       Recall       |         F1         |
+--------------------+--------------------+--------------------+--------------------+
| 0.8767123287671232 | 0.8764787087182755 | 0.8767123287671232 | 0.8764269956803741 |
+--------------------+--------------------+--------------------+--------------------+

Epoch loss:0.20902486457615285

+--------------------+--------------------+--------------------+--------------------+
|      Accuracy      |     Precision      |       Recall       |         F1         |
+--------------------+--------------------+--------------------+--------------------+
| 0.7808219178082192 | 0.7798127710739898 | 0.7808219178082192 | 0.7797175321227567 |
+--------------------+--------------------+--------------------+--------------------+

Epoch loss:0.2168807108458635

+--------------------+--------------------+--------------------+--------------------+
|      Accuracy      |     Precision      |       Recall       |         F1         |
+--------------------+--------------------+--------------------+--------------------+
| 0.7945205479452054 | 0.8042905919618247 | 0.7945205479452054 | 0.7956851773730619 |
+--------------------+--------------------+--------------------+--------------------+

Epoch loss:0.1826704287448445

+--------------------+--------------------+--------------------+--------------------+
|      Accuracy      |     Precision      |       Recall       |         F1         |
+--------------------+--------------------+--------------------+--------------------+
| 0.7945205479452054 | 0.7990764271989091 | 0.7945205479452054 | 0.7954572064161105 |
+--------------------+--------------------+--------------------+--------------------+

Epoch loss:0.18586554408476158

+--------------------+--------------------+--------------------+--------------------+
|      Accuracy      |     Precision      |       Recall       |         F1         |
+--------------------+--------------------+--------------------+--------------------+
| 0.8493150684931506 | 0.8502129969929836 | 0.8493150684931506 | 0.8496032400967207 |
+--------------------+--------------------+--------------------+--------------------+

Epoch loss:0.17153043555397843

+-------------------+--------------------+-------------------+--------------------+
|      Accuracy     |     Precision      |       Recall      |         F1         |
+-------------------+--------------------+-------------------+--------------------+
| 0.821917808219178 | 0.8263187255935039 | 0.821917808219178 | 0.8227295788939625 |
+-------------------+--------------------+-------------------+--------------------+

Epoch loss:0.15967882281118953

+--------------------+--------------------+--------------------+--------------------+
|      Accuracy      |     Precision      |       Recall       |         F1         |
+--------------------+--------------------+--------------------+--------------------+
| 0.8082191780821918 | 0.8213007528076021 | 0.8082191780821918 | 0.8093039112378355 |
+--------------------+--------------------+--------------------+--------------------+

Epoch loss:0.18157819902675376

+--------------------+--------------------+--------------------+--------------------+
|      Accuracy      |     Precision      |       Recall       |         F1         |
+--------------------+--------------------+--------------------+--------------------+
| 0.7534246575342466 | 0.7663828211773417 | 0.7534246575342466 | 0.7548193144486457 |
+--------------------+--------------------+--------------------+--------------------+

Epoch loss:0.1994998964002809

+-------------------+--------------------+-------------------+--------------------+
|      Accuracy     |     Precision      |       Recall      |         F1         |
+-------------------+--------------------+-------------------+--------------------+
| 0.821917808219178 | 0.8389329488103822 | 0.821917808219178 | 0.8228563177937807 |
+-------------------+--------------------+-------------------+--------------------+

Epoch loss:0.15840827653536926

+--------------------+--------------------+--------------------+--------------------+
|      Accuracy      |     Precision      |       Recall       |         F1         |
+--------------------+--------------------+--------------------+--------------------+
| 0.8767123287671232 | 0.8775162880053459 | 0.8767123287671232 | 0.8769481055336805 |
+--------------------+--------------------+--------------------+--------------------+

Epoch loss:0.19320547641129107

+-------------------+--------------------+-------------------+--------------------+
|      Accuracy     |     Precision      |       Recall      |         F1         |
+-------------------+--------------------+-------------------+--------------------+
| 0.821917808219178 | 0.8263187255935039 | 0.821917808219178 | 0.8227295788939625 |
+-------------------+--------------------+-------------------+--------------------+

Epoch loss:0.15478321763913375

+--------------------+--------------------+--------------------+--------------------+
|      Accuracy      |     Precision      |       Recall       |         F1         |
+--------------------+--------------------+--------------------+--------------------+
| 0.7945205479452054 | 0.7938727832643092 | 0.7945205479452054 | 0.7940449928006235 |
+--------------------+--------------------+--------------------+--------------------+

Epoch loss:0.15250308333417853

+--------------------+--------------------+--------------------+--------------------+
|      Accuracy      |     Precision      |       Recall       |         F1         |
+--------------------+--------------------+--------------------+--------------------+
| 0.8356164383561644 | 0.8423730559274899 | 0.8356164383561644 | 0.8364881693648817 |
+--------------------+--------------------+--------------------+--------------------+

Epoch loss:0.13253024205364086

+--------------------+------------------+--------------------+--------------------+
|      Accuracy      |    Precision     |       Recall       |         F1         |
+--------------------+------------------+--------------------+--------------------+
| 0.8493150684931506 | 0.84894340023362 | 0.8493150684931506 | 0.8489663280537906 |
+--------------------+------------------+--------------------+--------------------+

Epoch loss:0.15961589576122728

+--------------------+--------------------+--------------------+--------------------+
|      Accuracy      |     Precision      |       Recall       |         F1         |
+--------------------+--------------------+--------------------+--------------------+
| 0.8493150684931506 | 0.8665465032444124 | 0.8493150684931506 | 0.8501091919793528 |
+--------------------+--------------------+--------------------+--------------------+

Epoch loss:0.13371953288269406

+--------------------+--------------------+--------------------+--------------------+
|      Accuracy      |     Precision      |       Recall       |         F1         |
+--------------------+--------------------+--------------------+--------------------+
| 0.8767123287671232 | 0.8775162880053459 | 0.8767123287671232 | 0.8769481055336805 |
+--------------------+--------------------+--------------------+--------------------+

Epoch loss:0.17704598947956757

+-------------------+-------------------+-------------------+-------------------+
|      Accuracy     |     Precision     |       Recall      |         F1        |
+-------------------+-------------------+-------------------+-------------------+
| 0.863013698630137 | 0.863013698630137 | 0.863013698630137 | 0.863013698630137 |
+-------------------+-------------------+-------------------+-------------------+

Epoch loss:0.1544088801192875

+--------------------+--------------------+--------------------+--------------------+
|      Accuracy      |     Precision      |       Recall       |         F1         |
+--------------------+--------------------+--------------------+--------------------+
| 0.8356164383561644 | 0.8370282134427459 | 0.8356164383561644 | 0.8336840297161506 |
+--------------------+--------------------+--------------------+--------------------+

Epoch loss:0.17373887822031975

+--------------------+--------------------+--------------------+--------------------+
|      Accuracy      |     Precision      |       Recall       |         F1         |
+--------------------+--------------------+--------------------+--------------------+
| 0.7534246575342466 | 0.7738383024442653 | 0.7534246575342466 | 0.7545370275002574 |
+--------------------+--------------------+--------------------+--------------------+

Epoch loss:0.14399905130267143

+--------------------+--------------------+--------------------+--------------------+
|      Accuracy      |     Precision      |       Recall       |         F1         |
+--------------------+--------------------+--------------------+--------------------+
| 0.8493150684931506 | 0.8502129969929836 | 0.8493150684931506 | 0.8496032400967207 |
+--------------------+--------------------+--------------------+--------------------+

Epoch loss:0.1689569277411981

+--------------------+--------------------+--------------------+--------------------+
|      Accuracy      |     Precision      |       Recall       |         F1         |
+--------------------+--------------------+--------------------+--------------------+
| 0.8493150684931506 | 0.8502129969929836 | 0.8493150684931506 | 0.8496032400967207 |
+--------------------+--------------------+--------------------+--------------------+

Epoch loss:0.14154731381583857

+-------------------+-------------------+-------------------+-------------------+
|      Accuracy     |     Precision     |       Recall      |         F1        |
+-------------------+-------------------+-------------------+-------------------+
| 0.863013698630137 | 0.863013698630137 | 0.863013698630137 | 0.863013698630137 |
+-------------------+-------------------+-------------------+-------------------+

Epoch loss:0.147045031089235

+--------------------+--------------------+--------------------+--------------------+
|      Accuracy      |     Precision      |       Recall       |         F1         |
+--------------------+--------------------+--------------------+--------------------+
| 0.8082191780821918 | 0.8213007528076021 | 0.8082191780821918 | 0.8093039112378355 |
+--------------------+--------------------+--------------------+--------------------+

Epoch loss:0.11416484324915989

+-------------------+--------------------+-------------------+--------------------+
|      Accuracy     |     Precision      |       Recall      |         F1         |
+-------------------+--------------------+-------------------+--------------------+
| 0.821917808219178 | 0.8263187255935039 | 0.821917808219178 | 0.8227295788939625 |
+-------------------+--------------------+-------------------+--------------------+

Epoch loss:0.1109060008091399

+--------------------+--------------------+--------------------+--------------------+
|      Accuracy      |     Precision      |       Recall       |         F1         |
+--------------------+--------------------+--------------------+--------------------+
| 0.8082191780821918 | 0.8213007528076021 | 0.8082191780821918 | 0.8093039112378355 |
+--------------------+--------------------+--------------------+--------------------+

Epoch loss:0.12809522562609935

+--------------------+--------------------+--------------------+--------------------+
|      Accuracy      |     Precision      |       Recall       |         F1         |
+--------------------+--------------------+--------------------+--------------------+
| 0.8767123287671232 | 0.8764787087182755 | 0.8767123287671232 | 0.8764269956803741 |
+--------------------+--------------------+--------------------+--------------------+

Epoch loss:0.1131634450693791

+--------------------+--------------------+--------------------+--------------------+
|      Accuracy      |     Precision      |       Recall       |         F1         |
+--------------------+--------------------+--------------------+--------------------+
| 0.8082191780821918 | 0.8075320994546313 | 0.8082191780821918 | 0.8072528406074122 |
+--------------------+--------------------+--------------------+--------------------+

Epoch loss:0.12341347306564047

+--------------------+--------------------+--------------------+--------------------+
|      Accuracy      |     Precision      |       Recall       |         F1         |
+--------------------+--------------------+--------------------+--------------------+
| 0.8356164383561644 | 0.8423730559274899 | 0.8356164383561644 | 0.8364881693648817 |
+--------------------+--------------------+--------------------+--------------------+

Epoch loss:0.09827371103361852

+--------------------+------------------+--------------------+--------------------+
|      Accuracy      |    Precision     |       Recall       |         F1         |
+--------------------+------------------+--------------------+--------------------+
| 0.8493150684931506 | 0.84894340023362 | 0.8493150684931506 | 0.8489663280537906 |
+--------------------+------------------+--------------------+--------------------+

Epoch loss:0.12418815855415084

+--------------------+--------------------+--------------------+--------------------+
|      Accuracy      |     Precision      |       Recall       |         F1         |
+--------------------+--------------------+--------------------+--------------------+
| 0.8082191780821918 | 0.8075320994546313 | 0.8082191780821918 | 0.8072528406074122 |
+--------------------+--------------------+--------------------+--------------------+

Epoch loss:0.11955593692491183

+-------------------+--------------------+-------------------+-------------------+
|      Accuracy     |     Precision      |       Recall      |         F1        |
+-------------------+--------------------+-------------------+-------------------+
| 0.821917808219178 | 0.8229097059806214 | 0.821917808219178 | 0.822258374659761 |
+-------------------+--------------------+-------------------+-------------------+

Epoch loss:0.12741664155210192

+--------------------+-------------------+--------------------+--------------------+
|      Accuracy      |     Precision     |       Recall       |         F1         |
+--------------------+-------------------+--------------------+--------------------+
| 0.8356164383561644 | 0.835251427835273 | 0.8356164383561644 | 0.8347881490920674 |
+--------------------+-------------------+--------------------+--------------------+

Epoch loss:0.14501799517185301

+-------------------+--------------------+-------------------+-------------------+
|      Accuracy     |     Precision      |       Recall      |         F1        |
+-------------------+--------------------+-------------------+-------------------+
| 0.821917808219178 | 0.8214080917489647 | 0.821917808219178 | 0.821505660427207 |
+-------------------+--------------------+-------------------+-------------------+

Epoch loss:0.11203565385595367

+--------------------+--------------------+--------------------+--------------------+
|      Accuracy      |     Precision      |       Recall       |         F1         |
+--------------------+--------------------+--------------------+--------------------+
| 0.8082191780821918 | 0.8150993923164074 | 0.8082191780821918 | 0.8092361975923619 |
+--------------------+--------------------+--------------------+--------------------+

Epoch loss:0.12179485603386687

+--------------------+------------------+--------------------+--------------------+
|      Accuracy      |    Precision     |       Recall       |         F1         |
+--------------------+------------------+--------------------+--------------------+
| 0.8493150684931506 | 0.84894340023362 | 0.8493150684931506 | 0.8489663280537906 |
+--------------------+------------------+--------------------+--------------------+

Epoch loss:0.1334341701145309

+--------------------+--------------------+--------------------+--------------------+
|      Accuracy      |     Precision      |       Recall       |         F1         |
+--------------------+--------------------+--------------------+--------------------+
| 0.8356164383561644 | 0.8423730559274899 | 0.8356164383561644 | 0.8364881693648817 |
+--------------------+--------------------+--------------------+--------------------+

Epoch loss:0.07836712747686417

+-------------------+-------------------+-------------------+-------------------+
|      Accuracy     |     Precision     |       Recall      |         F1        |
+-------------------+-------------------+-------------------+-------------------+
| 0.863013698630137 | 0.863013698630137 | 0.863013698630137 | 0.863013698630137 |
+-------------------+-------------------+-------------------+-------------------+

Epoch loss:0.15285908956256872

+--------------------+--------------------+--------------------+--------------------+
|      Accuracy      |     Precision      |       Recall       |         F1         |
+--------------------+--------------------+--------------------+--------------------+
| 0.8767123287671232 | 0.8775162880053459 | 0.8767123287671232 | 0.8769481055336805 |
+--------------------+--------------------+--------------------+--------------------+

Epoch loss:0.2038636432608237

+-------------------+--------------------+-------------------+--------------------+
|      Accuracy     |     Precision      |       Recall      |         F1         |
+-------------------+--------------------+-------------------+--------------------+
| 0.821917808219178 | 0.8263187255935039 | 0.821917808219178 | 0.8227295788939625 |
+-------------------+--------------------+-------------------+--------------------+

Epoch loss:0.11221711267087911

+--------------------+--------------------+--------------------+--------------------+
|      Accuracy      |     Precision      |       Recall       |         F1         |
+--------------------+--------------------+--------------------+--------------------+
| 0.8356164383561644 | 0.8356164383561644 | 0.8356164383561644 | 0.8356164383561644 |
+--------------------+--------------------+--------------------+--------------------+

Epoch loss:0.14366094921589703

+--------------------+--------------------+--------------------+--------------------+
|      Accuracy      |     Precision      |       Recall       |         F1         |
+--------------------+--------------------+--------------------+--------------------+
| 0.8082191780821918 | 0.8213007528076021 | 0.8082191780821918 | 0.8093039112378355 |
+--------------------+--------------------+--------------------+--------------------+

Epoch loss:0.11579427659209515

+--------------------+--------------------+--------------------+-------------------+
|      Accuracy      |     Precision      |       Recall       |         F1        |
+--------------------+--------------------+--------------------+-------------------+
| 0.8356164383561644 | 0.8411643835616438 | 0.8356164383561644 | 0.832289628180039 |
+--------------------+--------------------+--------------------+-------------------+

Epoch loss:0.10780385368176408

+--------------------+--------------------+--------------------+--------------------+
|      Accuracy      |     Precision      |       Recall       |         F1         |
+--------------------+--------------------+--------------------+--------------------+
| 0.8767123287671232 | 0.8775162880053459 | 0.8767123287671232 | 0.8769481055336805 |
+--------------------+--------------------+--------------------+--------------------+

Epoch loss:0.11160827177652233

+--------------------+--------------------+--------------------+--------------------+
|      Accuracy      |     Precision      |       Recall       |         F1         |
+--------------------+--------------------+--------------------+--------------------+
| 0.8493150684931506 | 0.8498369210697978 | 0.8493150684931506 | 0.8480821117186937 |
+--------------------+--------------------+--------------------+--------------------+

Epoch loss:0.11365226802189608

+--------------------+--------------------+--------------------+--------------------+
|      Accuracy      |     Precision      |       Recall       |         F1         |
+--------------------+--------------------+--------------------+--------------------+
| 0.8356164383561644 | 0.8356164383561644 | 0.8356164383561644 | 0.8356164383561644 |
+--------------------+--------------------+--------------------+--------------------+

Epoch loss:0.10835415574822675

+--------------------+--------------------+--------------------+--------------------+
|      Accuracy      |     Precision      |       Recall       |         F1         |
+--------------------+--------------------+--------------------+--------------------+
| 0.8082191780821918 | 0.8082191780821918 | 0.8082191780821918 | 0.8082191780821918 |
+--------------------+--------------------+--------------------+--------------------+

Epoch loss:0.1090866274489845

+--------------------+--------------------+--------------------+--------------------+
|      Accuracy      |     Precision      |       Recall       |         F1         |
+--------------------+--------------------+--------------------+--------------------+
| 0.8356164383561644 | 0.8370282134427459 | 0.8356164383561644 | 0.8336840297161506 |
+--------------------+--------------------+--------------------+--------------------+

Epoch loss:0.13243074701293497

+--------------------+-------------------+--------------------+--------------------+
|      Accuracy      |     Precision     |       Recall       |         F1         |
+--------------------+-------------------+--------------------+--------------------+
| 0.8767123287671232 | 0.880803322382694 | 0.8767123287671232 | 0.8772743238496663 |
+--------------------+-------------------+--------------------+--------------------+

Epoch loss:0.09942596298139039

+--------------------+-------------------+--------------------+--------------------+
|      Accuracy      |     Precision     |       Recall       |         F1         |
+--------------------+-------------------+--------------------+--------------------+
| 0.8493150684931506 | 0.853561023988099 | 0.8493150684931506 | 0.8500019513718144 |
+--------------------+-------------------+--------------------+--------------------+

Epoch loss:0.11454415746737977

+--------------------+-------------------+--------------------+--------------------+
|      Accuracy      |     Precision     |       Recall       |         F1         |
+--------------------+-------------------+--------------------+--------------------+
| 0.8082191780821918 | 0.839751085867023 | 0.8082191780821918 | 0.8085791270722777 |
+--------------------+-------------------+--------------------+--------------------+

Epoch loss:0.086239421274513

+--------------------+--------------------+--------------------+--------------------+
|      Accuracy      |     Precision      |       Recall       |         F1         |
+--------------------+--------------------+--------------------+--------------------+
| 0.8904109589041096 | 0.8925072644250727 | 0.8904109589041096 | 0.8907868359505513 |
+--------------------+--------------------+--------------------+--------------------+

Epoch loss:0.1169193935190403

+--------------------+--------------------+--------------------+--------------------+
|      Accuracy      |     Precision      |       Recall       |         F1         |
+--------------------+--------------------+--------------------+--------------------+
| 0.7945205479452054 | 0.8042905919618247 | 0.7945205479452054 | 0.7956851773730619 |
+--------------------+--------------------+--------------------+--------------------+

Epoch loss:0.11038485825741412

+--------------------+--------------------+--------------------+--------------------+
|      Accuracy      |     Precision      |       Recall       |         F1         |
+--------------------+--------------------+--------------------+--------------------+
| 0.8493150684931506 | 0.8502129969929836 | 0.8493150684931506 | 0.8496032400967207 |
+--------------------+--------------------+--------------------+--------------------+

Epoch loss:0.10687943947551823

+--------------------+--------------------+--------------------+--------------------+
|      Accuracy      |     Precision      |       Recall       |         F1         |
+--------------------+--------------------+--------------------+--------------------+
| 0.7945205479452054 | 0.8113193943763518 | 0.7945205479452054 | 0.7956034436082083 |
+--------------------+--------------------+--------------------+--------------------+

Epoch loss:0.10605406686915336

+--------------------+--------------------+--------------------+-------------------+
|      Accuracy      |     Precision      |       Recall       |         F1        |
+--------------------+--------------------+--------------------+-------------------+
| 0.8356164383561644 | 0.8380033208800332 | 0.8356164383561644 | 0.836180253925827 |
+--------------------+--------------------+--------------------+-------------------+

Epoch loss:0.11752904896196481

+-------------------+--------------------+-------------------+-------------------+
|      Accuracy     |     Precision      |       Recall      |         F1        |
+-------------------+--------------------+-------------------+-------------------+
| 0.821917808219178 | 0.8229097059806214 | 0.821917808219178 | 0.822258374659761 |
+-------------------+--------------------+-------------------+-------------------+

Epoch loss:0.09568696879983149

+--------------------+--------------------+--------------------+--------------------+
|      Accuracy      |     Precision      |       Recall       |         F1         |
+--------------------+--------------------+--------------------+--------------------+
| 0.8767123287671232 | 0.8764787087182755 | 0.8767123287671232 | 0.8764269956803741 |
+--------------------+--------------------+--------------------+--------------------+

Epoch loss:0.10918452150842829

+--------------------+--------------------+--------------------+--------------------+
|      Accuracy      |     Precision      |       Recall       |         F1         |
+--------------------+--------------------+--------------------+--------------------+
| 0.8493150684931506 | 0.8498369210697978 | 0.8493150684931506 | 0.8480821117186937 |
+--------------------+--------------------+--------------------+--------------------+

Epoch loss:0.09270308652540317

+-------------------+--------------------+-------------------+--------------------+
|      Accuracy     |     Precision      |       Recall      |         F1         |
+-------------------+--------------------+-------------------+--------------------+
| 0.821917808219178 | 0.8218851924331375 | 0.821917808219178 | 0.8204606774857289 |
+-------------------+--------------------+-------------------+--------------------+

Epoch loss:0.1047961406309057

+--------------------+--------------------+--------------------+--------------------+
|      Accuracy      |     Precision      |       Recall       |         F1         |
+--------------------+--------------------+--------------------+--------------------+
| 0.7945205479452054 | 0.7939334637964774 | 0.7945205479452054 | 0.7928392432527641 |
+--------------------+--------------------+--------------------+--------------------+

Epoch loss:0.11808394315979771

+--------------------+--------------------+--------------------+--------------------+
|      Accuracy      |     Precision      |       Recall       |         F1         |
+--------------------+--------------------+--------------------+--------------------+
| 0.8082191780821918 | 0.8213007528076021 | 0.8082191780821918 | 0.8093039112378355 |
+--------------------+--------------------+--------------------+--------------------+

Epoch loss:0.09977148365028002

+-------------------+--------------------+-------------------+--------------------+
|      Accuracy     |     Precision      |       Recall      |         F1         |
+-------------------+--------------------+-------------------+--------------------+
| 0.821917808219178 | 0.8263187255935039 | 0.821917808219178 | 0.8227295788939625 |
+-------------------+--------------------+-------------------+--------------------+

Epoch loss:0.09752775303314666

+-------------------+--------------------+-------------------+-------------------+
|      Accuracy     |     Precision      |       Recall      |         F1        |
+-------------------+--------------------+-------------------+-------------------+
| 0.821917808219178 | 0.8229097059806214 | 0.821917808219178 | 0.822258374659761 |
+-------------------+--------------------+-------------------+-------------------+

Epoch loss:0.1452565222374491

+--------------------+--------------------+--------------------+-------------------+
|      Accuracy      |     Precision      |       Recall       |         F1        |
+--------------------+--------------------+--------------------+-------------------+
| 0.8356164383561644 | 0.8380033208800332 | 0.8356164383561644 | 0.836180253925827 |
+--------------------+--------------------+--------------------+-------------------+

Epoch loss:0.11867085182284182

+-------------------+--------------------+-------------------+--------------------+
|      Accuracy     |     Precision      |       Recall      |         F1         |
+-------------------+--------------------+-------------------+--------------------+
| 0.821917808219178 | 0.8263187255935039 | 0.821917808219178 | 0.8227295788939625 |
+-------------------+--------------------+-------------------+--------------------+

Epoch loss:0.09998051502515336

+--------------------+--------------------+--------------------+--------------------+
|      Accuracy      |     Precision      |       Recall       |         F1         |
+--------------------+--------------------+--------------------+--------------------+
| 0.9041095890410958 | 0.9178082191780822 | 0.9041095890410958 | 0.9016955647092635 |
+--------------------+--------------------+--------------------+--------------------+

Epoch loss:0.1444401766953839

+--------------------+--------------------+--------------------+--------------------+
|      Accuracy      |     Precision      |       Recall       |         F1         |
+--------------------+--------------------+--------------------+--------------------+
| 0.8767123287671232 | 0.8816447324171021 | 0.8767123287671232 | 0.8747681115980656 |
+--------------------+--------------------+--------------------+--------------------+

Epoch loss:0.0766060662430686

+-------------------+--------------------+-------------------+-------------------+
|      Accuracy     |     Precision      |       Recall      |         F1        |
+-------------------+--------------------+-------------------+-------------------+
| 0.821917808219178 | 0.8229097059806214 | 0.821917808219178 | 0.822258374659761 |
+-------------------+--------------------+-------------------+-------------------+

Epoch loss:0.12570390530950012

+-------------------+--------------------+-------------------+-------------------+
|      Accuracy     |     Precision      |       Recall      |         F1        |
+-------------------+--------------------+-------------------+-------------------+
| 0.863013698630137 | 0.8652552926525531 | 0.863013698630137 | 0.863483544938189 |
+-------------------+--------------------+-------------------+-------------------+

Epoch loss:0.09273600023290193

+-------------------+--------------------+-------------------+-------------------+
|      Accuracy     |     Precision      |       Recall      |         F1        |
+-------------------+--------------------+-------------------+-------------------+
| 0.821917808219178 | 0.8214080917489647 | 0.821917808219178 | 0.821505660427207 |
+-------------------+--------------------+-------------------+-------------------+

Epoch loss:0.1026477082632482

+--------------------+--------------------+--------------------+-------------------+
|      Accuracy      |     Precision      |       Recall       |         F1        |
+--------------------+--------------------+--------------------+-------------------+
| 0.8356164383561644 | 0.8380033208800332 | 0.8356164383561644 | 0.836180253925827 |
+--------------------+--------------------+--------------------+-------------------+

Epoch loss:0.10448968222968884

+-------------------+-------------------+-------------------+-------------------+
|      Accuracy     |     Precision     |       Recall      |         F1        |
+-------------------+-------------------+-------------------+-------------------+
| 0.863013698630137 | 0.863013698630137 | 0.863013698630137 | 0.863013698630137 |
+-------------------+-------------------+-------------------+-------------------+

Epoch loss:0.08184484721513817

+--------------------+--------------------+--------------------+--------------------+
|      Accuracy      |     Precision      |       Recall       |         F1         |
+--------------------+--------------------+--------------------+--------------------+
| 0.7534246575342466 | 0.7534246575342466 | 0.7534246575342466 | 0.7534246575342466 |
+--------------------+--------------------+--------------------+--------------------+

Epoch loss:0.09779166659919193

+--------------------+-------------------+--------------------+--------------------+
|      Accuracy      |     Precision     |       Recall       |         F1         |
+--------------------+-------------------+--------------------+--------------------+
| 0.8767123287671232 | 0.880803322382694 | 0.8767123287671232 | 0.8772743238496663 |
+--------------------+-------------------+--------------------+--------------------+

Epoch loss:0.14375593471718398

+--------------------+-------------------+--------------------+--------------------+
|      Accuracy      |     Precision     |       Recall       |         F1         |
+--------------------+-------------------+--------------------+--------------------+
| 0.8493150684931506 | 0.853561023988099 | 0.8493150684931506 | 0.8500019513718144 |
+--------------------+-------------------+--------------------+--------------------+

Epoch loss:0.09356491140568175

+--------------------+--------------------+--------------------+--------------------+
|      Accuracy      |     Precision      |       Recall       |         F1         |
+--------------------+--------------------+--------------------+--------------------+
| 0.8767123287671232 | 0.8775162880053459 | 0.8767123287671232 | 0.8769481055336805 |
+--------------------+--------------------+--------------------+--------------------+

Epoch loss:0.09376929573261657

+--------------------+--------------------+--------------------+--------------------+
|      Accuracy      |     Precision      |       Recall       |         F1         |
+--------------------+--------------------+--------------------+--------------------+
| 0.8356164383561644 | 0.8423730559274899 | 0.8356164383561644 | 0.8364881693648817 |
+--------------------+--------------------+--------------------+--------------------+

Epoch loss:0.10983617448348652

+--------------------+--------------------+--------------------+--------------------+
|      Accuracy      |     Precision      |       Recall       |         F1         |
+--------------------+--------------------+--------------------+--------------------+
| 0.8904109589041096 | 0.8934992169060065 | 0.8904109589041096 | 0.8891226864774338 |
+--------------------+--------------------+--------------------+--------------------+

Epoch loss:0.09482115749395578

+-------------------+--------------------+-------------------+-------------------+
|      Accuracy     |     Precision      |       Recall      |         F1        |
+-------------------+--------------------+-------------------+-------------------+
| 0.821917808219178 | 0.8229097059806214 | 0.821917808219178 | 0.822258374659761 |
+-------------------+--------------------+-------------------+-------------------+

Epoch loss:0.06648753148604285

+--------------------+--------------------+--------------------+--------------------+
|      Accuracy      |     Precision      |       Recall       |         F1         |
+--------------------+--------------------+--------------------+--------------------+
| 0.8904109589041096 | 0.8906900845965561 | 0.8904109589041096 | 0.8898587660613784 |
+--------------------+--------------------+--------------------+--------------------+

Epoch loss:0.09141069865861051

+--------------------+--------------------+--------------------+--------------------+
|      Accuracy      |     Precision      |       Recall       |         F1         |
+--------------------+--------------------+--------------------+--------------------+
| 0.8356164383561644 | 0.8423730559274899 | 0.8356164383561644 | 0.8364881693648817 |
+--------------------+--------------------+--------------------+--------------------+

Epoch loss:0.09087624590264985

+--------------------+--------------------+--------------------+--------------------+
|      Accuracy      |     Precision      |       Recall       |         F1         |
+--------------------+--------------------+--------------------+--------------------+
| 0.8767123287671232 | 0.8775162880053459 | 0.8767123287671232 | 0.8769481055336805 |
+--------------------+--------------------+--------------------+--------------------+

Epoch loss:0.07744262357418602

+--------------------+-------------------+--------------------+--------------------+
|      Accuracy      |     Precision     |       Recall       |         F1         |
+--------------------+-------------------+--------------------+--------------------+
| 0.8493150684931506 | 0.853561023988099 | 0.8493150684931506 | 0.8500019513718144 |
+--------------------+-------------------+--------------------+--------------------+

Epoch loss:0.10340579194520172

+--------------------+--------------------+--------------------+-------------------+
|      Accuracy      |     Precision      |       Recall       |         F1        |
+--------------------+--------------------+--------------------+-------------------+
| 0.7808219178082192 | 0.7880643240023824 | 0.7808219178082192 | 0.774115986146957 |
+--------------------+--------------------+--------------------+-------------------+

Epoch loss:0.09966801604054668

+--------------------+--------------------+--------------------+-------------------+
|      Accuracy      |     Precision      |       Recall       |         F1        |
+--------------------+--------------------+--------------------+-------------------+
| 0.8356164383561644 | 0.8380033208800332 | 0.8356164383561644 | 0.836180253925827 |
+--------------------+--------------------+--------------------+-------------------+

Epoch loss:0.0845154005266424

+-------------------+--------------------+-------------------+--------------------+
|      Accuracy     |     Precision      |       Recall      |         F1         |
+-------------------+--------------------+-------------------+--------------------+
| 0.863013698630137 | 0.8652637151743762 | 0.863013698630137 | 0.8614033580967921 |
+-------------------+--------------------+-------------------+--------------------+

Epoch loss:0.08608091338789342

+-------------------+--------------------+-------------------+--------------------+
|      Accuracy     |     Precision      |       Recall      |         F1         |
+-------------------+--------------------+-------------------+--------------------+
| 0.863013698630137 | 0.8762186844378625 | 0.863013698630137 | 0.8637885080270252 |
+-------------------+--------------------+-------------------+--------------------+

Epoch loss:0.08709233863329566

+--------------------+--------------------+--------------------+-------------------+
|      Accuracy      |     Precision      |       Recall       |         F1        |
+--------------------+--------------------+--------------------+-------------------+
| 0.8356164383561644 | 0.8380033208800332 | 0.8356164383561644 | 0.836180253925827 |
+--------------------+--------------------+--------------------+-------------------+

Epoch loss:0.11382112429301078

+--------------------+--------------------+--------------------+--------------------+
|      Accuracy      |     Precision      |       Recall       |         F1         |
+--------------------+--------------------+--------------------+--------------------+
| 0.8904109589041096 | 0.9036776502529927 | 0.8904109589041096 | 0.8910308064216204 |
+--------------------+--------------------+--------------------+--------------------+

Epoch loss:0.08222031049002465

+--------------------+--------------------+--------------------+--------------------+
|      Accuracy      |     Precision      |       Recall       |         F1         |
+--------------------+--------------------+--------------------+--------------------+
| 0.8356164383561644 | 0.8356164383561644 | 0.8356164383561644 | 0.8356164383561644 |
+--------------------+--------------------+--------------------+--------------------+

Epoch loss:0.08476934898518831

+--------------------+--------------------+--------------------+-------------------+
|      Accuracy      |     Precision      |       Recall       |         F1        |
+--------------------+--------------------+--------------------+-------------------+
| 0.8356164383561644 | 0.8380033208800332 | 0.8356164383561644 | 0.836180253925827 |
+--------------------+--------------------+--------------------+-------------------+

Epoch loss:0.08838611614663859

+--------------------+--------------------+--------------------+--------------------+
|      Accuracy      |     Precision      |       Recall       |         F1         |
+--------------------+--------------------+--------------------+--------------------+
| 0.8493150684931506 | 0.8502129969929836 | 0.8493150684931506 | 0.8496032400967207 |
+--------------------+--------------------+--------------------+--------------------+

Epoch loss:0.08189032019141156

+--------------------+--------------------+--------------------+--------------------+
|      Accuracy      |     Precision      |       Recall       |         F1         |
+--------------------+--------------------+--------------------+--------------------+
| 0.8082191780821918 | 0.8082191780821918 | 0.8082191780821918 | 0.8082191780821918 |
+--------------------+--------------------+--------------------+--------------------+

Epoch loss:0.07318342098261456

+--------------------+--------------------+--------------------+--------------------+
|      Accuracy      |     Precision      |       Recall       |         F1         |
+--------------------+--------------------+--------------------+--------------------+
| 0.8356164383561644 | 0.8356164383561644 | 0.8356164383561644 | 0.8356164383561644 |
+--------------------+--------------------+--------------------+--------------------+

Epoch loss:0.059961178720727364

+--------------------+-------------------+--------------------+--------------------+
|      Accuracy      |     Precision     |       Recall       |         F1         |
+--------------------+-------------------+--------------------+--------------------+
| 0.8493150684931506 | 0.853561023988099 | 0.8493150684931506 | 0.8500019513718144 |
+--------------------+-------------------+--------------------+--------------------+

Epoch loss:0.09875715516721578

+--------------------+--------------------+--------------------+--------------------+
|      Accuracy      |     Precision      |       Recall       |         F1         |
+--------------------+--------------------+--------------------+--------------------+
| 0.7945205479452054 | 0.7956064149682592 | 0.7945205479452054 | 0.7949135092228012 |
+--------------------+--------------------+--------------------+--------------------+

Epoch loss:0.09758670858384387

+-------------------+--------------------+-------------------+--------------------+
|      Accuracy     |     Precision      |       Recall      |         F1         |
+-------------------+--------------------+-------------------+--------------------+
| 0.863013698630137 | 0.8696467195385725 | 0.863013698630137 | 0.8637401411374014 |
+-------------------+--------------------+-------------------+--------------------+

Epoch loss:0.0737756933589038

+--------------------+--------------------+--------------------+-------------------+
|      Accuracy      |     Precision      |       Recall       |         F1        |
+--------------------+--------------------+--------------------+-------------------+
| 0.7671232876712328 | 0.7922478206724781 | 0.7671232876712328 | 0.767910476557978 |
+--------------------+--------------------+--------------------+-------------------+

Epoch loss:0.06938893308963727

+-------------------+--------------------+-------------------+--------------------+
|      Accuracy     |     Precision      |       Recall      |         F1         |
+-------------------+--------------------+-------------------+--------------------+
| 0.821917808219178 | 0.8263187255935039 | 0.821917808219178 | 0.8227295788939625 |
+-------------------+--------------------+-------------------+--------------------+

Epoch loss:0.03559683413068588

+-------------------+--------------------+-------------------+-------------------+
|      Accuracy     |     Precision      |       Recall      |         F1        |
+-------------------+--------------------+-------------------+-------------------+
| 0.863013698630137 | 0.8652552926525531 | 0.863013698630137 | 0.863483544938189 |
+-------------------+--------------------+-------------------+-------------------+

Epoch loss:0.08655456594990667

+--------------------+--------------------+--------------------+--------------------+
|      Accuracy      |     Precision      |       Recall       |         F1         |
+--------------------+--------------------+--------------------+--------------------+
| 0.8493150684931506 | 0.8589822699411741 | 0.8493150684931506 | 0.8501691300735786 |
+--------------------+--------------------+--------------------+--------------------+

Epoch loss:0.07238422480814562

+--------------------+------------------+--------------------+--------------------+
|      Accuracy      |    Precision     |       Recall       |         F1         |
+--------------------+------------------+--------------------+--------------------+
| 0.8493150684931506 | 0.84894340023362 | 0.8493150684931506 | 0.8489663280537906 |
+--------------------+------------------+--------------------+--------------------+

Epoch loss:0.08828661160392536

+--------------------+-------------------+--------------------+--------------------+
|      Accuracy      |     Precision     |       Recall       |         F1         |
+--------------------+-------------------+--------------------+--------------------+
| 0.8767123287671232 | 0.880803322382694 | 0.8767123287671232 | 0.8772743238496663 |
+--------------------+-------------------+--------------------+--------------------+

Epoch loss:0.05622858252074268

+--------------------+--------------------+--------------------+--------------------+
|      Accuracy      |     Precision      |       Recall       |         F1         |
+--------------------+--------------------+--------------------+--------------------+
| 0.8082191780821918 | 0.8107513491075135 | 0.8082191780821918 | 0.8088769629134648 |
+--------------------+--------------------+--------------------+--------------------+

Epoch loss:0.06802741544812012

+--------------------+-------------------+--------------------+--------------------+
|      Accuracy      |     Precision     |       Recall       |         F1         |
+--------------------+-------------------+--------------------+--------------------+
| 0.8356164383561644 | 0.835251427835273 | 0.8356164383561644 | 0.8347881490920674 |
+--------------------+-------------------+--------------------+--------------------+

Epoch loss:0.09355732930094204

+--------------------+--------------------+--------------------+--------------------+
|      Accuracy      |     Precision      |       Recall       |         F1         |
+--------------------+--------------------+--------------------+--------------------+
| 0.7945205479452054 | 0.8314395134987269 | 0.7945205479452054 | 0.7945205479452054 |
+--------------------+--------------------+--------------------+--------------------+

Epoch loss:0.07363168306245997

+-------------------+--------------------+-------------------+-------------------+
|      Accuracy     |     Precision      |       Recall      |         F1        |
+-------------------+--------------------+-------------------+-------------------+
| 0.863013698630137 | 0.8629707562159145 | 0.863013698630137 | 0.862323457576723 |
+-------------------+--------------------+-------------------+-------------------+

Epoch loss:0.044605977608306285

+-------------------+--------------------+-------------------+-------------------+
|      Accuracy     |     Precision      |       Recall      |         F1        |
+-------------------+--------------------+-------------------+-------------------+
| 0.863013698630137 | 0.8652552926525531 | 0.863013698630137 | 0.863483544938189 |
+-------------------+--------------------+-------------------+-------------------+

Epoch loss:0.06752069831064374

+--------------------+--------------------+--------------------+--------------------+
|      Accuracy      |     Precision      |       Recall       |         F1         |
+--------------------+--------------------+--------------------+--------------------+
| 0.8082191780821918 | 0.8082191780821918 | 0.8082191780821918 | 0.8082191780821918 |
+--------------------+--------------------+--------------------+--------------------+

Epoch loss:0.0709878937876154

+--------------------+--------------------+--------------------+--------------------+
|      Accuracy      |     Precision      |       Recall       |         F1         |
+--------------------+--------------------+--------------------+--------------------+
| 0.8356164383561644 | 0.8356164383561644 | 0.8356164383561644 | 0.8356164383561644 |
+--------------------+--------------------+--------------------+--------------------+

Epoch loss:0.04676338200098709

+--------------------+--------------------+--------------------+--------------------+
|      Accuracy      |     Precision      |       Recall       |         F1         |
+--------------------+--------------------+--------------------+--------------------+
| 0.8082191780821918 | 0.8107513491075135 | 0.8082191780821918 | 0.8088769629134648 |
+--------------------+--------------------+--------------------+--------------------+

Epoch loss:0.07910446598307809

+--------------------+--------------------+--------------------+--------------------+
|      Accuracy      |     Precision      |       Recall       |         F1         |
+--------------------+--------------------+--------------------+--------------------+
| 0.8082191780821918 | 0.8213007528076021 | 0.8082191780821918 | 0.8093039112378355 |
+--------------------+--------------------+--------------------+--------------------+

Epoch loss:0.09225230320432298

+-------------------+--------------------+-------------------+-------------------+
|      Accuracy     |     Precision      |       Recall      |         F1        |
+-------------------+--------------------+-------------------+-------------------+
| 0.821917808219178 | 0.8214080917489647 | 0.821917808219178 | 0.821505660427207 |
+-------------------+--------------------+-------------------+-------------------+

Epoch loss:0.07135530152496554

+--------------------+--------------------+--------------------+--------------------+
|      Accuracy      |     Precision      |       Recall       |         F1         |
+--------------------+--------------------+--------------------+--------------------+
| 0.8356164383561644 | 0.8423730559274899 | 0.8356164383561644 | 0.8364881693648817 |
+--------------------+--------------------+--------------------+--------------------+

Epoch loss:0.05151430962959657

+--------------------+--------------------+--------------------+--------------------+
|      Accuracy      |     Precision      |       Recall       |         F1         |
+--------------------+--------------------+--------------------+--------------------+
| 0.8767123287671232 | 0.8775162880053459 | 0.8767123287671232 | 0.8769481055336805 |
+--------------------+--------------------+--------------------+--------------------+

Epoch loss:0.054162450922917375

+--------------------+--------------------+--------------------+--------------------+
|      Accuracy      |     Precision      |       Recall       |         F1         |
+--------------------+--------------------+--------------------+--------------------+
| 0.9178082191780822 | 0.9178082191780822 | 0.9178082191780822 | 0.9178082191780822 |
+--------------------+--------------------+--------------------+--------------------+

Epoch loss:0.06600051656573054

+--------------------+--------------------+--------------------+--------------------+
|      Accuracy      |     Precision      |       Recall       |         F1         |
+--------------------+--------------------+--------------------+--------------------+
| 0.7945205479452054 | 0.8042905919618247 | 0.7945205479452054 | 0.7956851773730619 |
+--------------------+--------------------+--------------------+--------------------+

Epoch loss:0.07114757341332734

+--------------------+--------------------+--------------------+-------------------+
|      Accuracy      |     Precision      |       Recall       |         F1        |
+--------------------+--------------------+--------------------+-------------------+
| 0.8356164383561644 | 0.8380033208800332 | 0.8356164383561644 | 0.836180253925827 |
+--------------------+--------------------+--------------------+-------------------+

Epoch loss:0.06835164840496774

+--------------------+------------------+--------------------+--------------------+
|      Accuracy      |    Precision     |       Recall       |         F1         |
+--------------------+------------------+--------------------+--------------------+
| 0.8493150684931506 | 0.84894340023362 | 0.8493150684931506 | 0.8489663280537906 |
+--------------------+------------------+--------------------+--------------------+

Epoch loss:0.046031105692334776

+-------------------+--------------------+-------------------+-------------------+
|      Accuracy     |     Precision      |       Recall      |         F1        |
+-------------------+--------------------+-------------------+-------------------+
| 0.821917808219178 | 0.8229097059806214 | 0.821917808219178 | 0.822258374659761 |
+-------------------+--------------------+-------------------+-------------------+

Epoch loss:0.04157667329245423

+--------------------+-------------------+--------------------+--------------------+
|      Accuracy      |     Precision     |       Recall       |         F1         |
+--------------------+-------------------+--------------------+--------------------+
| 0.8356164383561644 | 0.835251427835273 | 0.8356164383561644 | 0.8347881490920674 |
+--------------------+-------------------+--------------------+--------------------+

Epoch loss:0.08081225406321874

+--------------------+--------------------+--------------------+--------------------+
|      Accuracy      |     Precision      |       Recall       |         F1         |
+--------------------+--------------------+--------------------+--------------------+
| 0.7671232876712328 | 0.7837058399423216 | 0.7671232876712328 | 0.7683505694226361 |
+--------------------+--------------------+--------------------+--------------------+

Epoch loss:0.12468496302765719

+--------------------+--------------------+--------------------+--------------------+
|      Accuracy      |     Precision      |       Recall       |         F1         |
+--------------------+--------------------+--------------------+--------------------+
| 0.8082191780821918 | 0.8294592863488915 | 0.8082191780821918 | 0.8090843547224226 |
+--------------------+--------------------+--------------------+--------------------+

Epoch loss:0.07347090591399653

+-------------------+--------------------+-------------------+-------------------+
|      Accuracy     |     Precision      |       Recall      |         F1        |
+-------------------+--------------------+-------------------+-------------------+
| 0.821917808219178 | 0.8244961101271214 | 0.821917808219178 | 0.819109494530539 |
+-------------------+--------------------+-------------------+-------------------+

Epoch loss:0.042864612571114825

+--------------------+-------------------+--------------------+--------------------+
|      Accuracy      |     Precision     |       Recall       |         F1         |
+--------------------+-------------------+--------------------+--------------------+
| 0.8493150684931506 | 0.853561023988099 | 0.8493150684931506 | 0.8500019513718144 |
+--------------------+-------------------+--------------------+--------------------+

Epoch loss:0.06533707567251514

+--------------------+--------------------+--------------------+--------------------+
|      Accuracy      |     Precision      |       Recall       |         F1         |
+--------------------+--------------------+--------------------+--------------------+
| 0.7808219178082192 | 0.7938417869924721 | 0.7808219178082192 | 0.7820616128432405 |
+--------------------+--------------------+--------------------+--------------------+

Epoch loss:0.06799118843313458

+--------------------+-------------------+--------------------+--------------------+
|      Accuracy      |     Precision     |       Recall       |         F1         |
+--------------------+-------------------+--------------------+--------------------+
| 0.8493150684931506 | 0.853561023988099 | 0.8493150684931506 | 0.8500019513718144 |
+--------------------+-------------------+--------------------+--------------------+

Epoch loss:0.07350154724947454

+--------------------+--------------------+--------------------+--------------------+
|      Accuracy      |     Precision      |       Recall       |         F1         |
+--------------------+--------------------+--------------------+--------------------+
| 0.8767123287671232 | 0.8775162880053459 | 0.8767123287671232 | 0.8769481055336805 |
+--------------------+--------------------+--------------------+--------------------+

Epoch loss:0.022820953695839773

+--------------------+--------------------+--------------------+--------------------+
|      Accuracy      |     Precision      |       Recall       |         F1         |
+--------------------+--------------------+--------------------+--------------------+
| 0.7945205479452054 | 0.7939334637964774 | 0.7945205479452054 | 0.7928392432527641 |
+--------------------+--------------------+--------------------+--------------------+

Epoch loss:0.06566878423689411

+--------------------+--------------------+--------------------+--------------------+
|      Accuracy      |     Precision      |       Recall       |         F1         |
+--------------------+--------------------+--------------------+--------------------+
| 0.8904109589041096 | 0.8904109589041096 | 0.8904109589041096 | 0.8904109589041096 |
+--------------------+--------------------+--------------------+--------------------+

Epoch loss:0.12286149327190139

+--------------------+--------------------+--------------------+--------------------+
|      Accuracy      |     Precision      |       Recall       |         F1         |
+--------------------+--------------------+--------------------+--------------------+
| 0.8493150684931506 | 0.8665465032444124 | 0.8493150684931506 | 0.8501091919793528 |
+--------------------+--------------------+--------------------+--------------------+

Epoch loss:0.038256824448408965

+--------------------+--------------------+--------------------+--------------------+
|      Accuracy      |     Precision      |       Recall       |         F1         |
+--------------------+--------------------+--------------------+--------------------+
| 0.7808219178082192 | 0.7805572099794851 | 0.7808219178082192 | 0.7782453729548675 |
+--------------------+--------------------+--------------------+--------------------+

Epoch loss:0.09676558500379198

+--------------------+--------------------+--------------------+-------------------+
|      Accuracy      |     Precision      |       Recall       |         F1        |
+--------------------+--------------------+--------------------+-------------------+
| 0.8356164383561644 | 0.8380033208800332 | 0.8356164383561644 | 0.836180253925827 |
+--------------------+--------------------+--------------------+-------------------+

Epoch loss:0.14258478115614806

+--------------------+--------------------+--------------------+--------------------+
|      Accuracy      |     Precision      |       Recall       |         F1         |
+--------------------+--------------------+--------------------+--------------------+
| 0.8082191780821918 | 0.8213007528076021 | 0.8082191780821918 | 0.8093039112378355 |
+--------------------+--------------------+--------------------+--------------------+

Epoch loss:0.052544422224289865

+--------------------+--------------------+--------------------+--------------------+
|      Accuracy      |     Precision      |       Recall       |         F1         |
+--------------------+--------------------+--------------------+--------------------+
| 0.8493150684931506 | 0.8502129969929836 | 0.8493150684931506 | 0.8496032400967207 |
+--------------------+--------------------+--------------------+--------------------+

Epoch loss:0.042983426904381325

+-------------------+--------------------+-------------------+--------------------+
|      Accuracy     |     Precision      |       Recall      |         F1         |
+-------------------+--------------------+-------------------+--------------------+
| 0.821917808219178 | 0.8389329488103822 | 0.821917808219178 | 0.8228563177937807 |
+-------------------+--------------------+-------------------+--------------------+

Epoch loss:0.10264908394310623

+--------------------+--------------------+--------------------+--------------------+
|      Accuracy      |     Precision      |       Recall       |         F1         |
+--------------------+--------------------+--------------------+--------------------+
| 0.7945205479452054 | 0.8042905919618247 | 0.7945205479452054 | 0.7956851773730619 |
+--------------------+--------------------+--------------------+--------------------+

Epoch loss:0.06308810315975868

+--------------------+--------------------+--------------------+--------------------+
|      Accuracy      |     Precision      |       Recall       |         F1         |
+--------------------+--------------------+--------------------+--------------------+
| 0.8082191780821918 | 0.8213007528076021 | 0.8082191780821918 | 0.8093039112378355 |
+--------------------+--------------------+--------------------+--------------------+

Epoch loss:0.09203231807269559

+-------------------+--------------------+-------------------+-------------------+
|      Accuracy     |     Precision      |       Recall      |         F1        |
+-------------------+--------------------+-------------------+-------------------+
| 0.863013698630137 | 0.8629707562159145 | 0.863013698630137 | 0.862323457576723 |
+-------------------+--------------------+-------------------+-------------------+

Epoch loss:0.07357042626716902

+--------------------+--------------------+--------------------+--------------------+
|      Accuracy      |     Precision      |       Recall       |         F1         |
+--------------------+--------------------+--------------------+--------------------+
| 0.9178082191780822 | 0.9178082191780822 | 0.9178082191780822 | 0.9178082191780822 |
+--------------------+--------------------+--------------------+--------------------+

Epoch loss:0.055149062799377924

+--------------------+--------------------+--------------------+--------------------+
|      Accuracy      |     Precision      |       Recall       |         F1         |
+--------------------+--------------------+--------------------+--------------------+
| 0.8356164383561644 | 0.8423730559274899 | 0.8356164383561644 | 0.8364881693648817 |
+--------------------+--------------------+--------------------+--------------------+

Epoch loss:0.03932416242723529

+--------------------+--------------------+--------------------+--------------------+
|      Accuracy      |     Precision      |       Recall       |         F1         |
+--------------------+--------------------+--------------------+--------------------+
| 0.7945205479452054 | 0.7959217989821312 | 0.7945205479452054 | 0.7912801859967759 |
+--------------------+--------------------+--------------------+--------------------+

Epoch loss:0.08958049647736589

+-------------------+--------------------+-------------------+--------------------+
|      Accuracy     |     Precision      |       Recall      |         F1         |
+-------------------+--------------------+-------------------+--------------------+
| 0.821917808219178 | 0.8263187255935039 | 0.821917808219178 | 0.8227295788939625 |
+-------------------+--------------------+-------------------+--------------------+

Epoch loss:0.06373201569580045

+-------------------+--------------------+-------------------+-------------------+
|      Accuracy     |     Precision      |       Recall      |         F1        |
+-------------------+--------------------+-------------------+-------------------+
| 0.821917808219178 | 0.8214080917489647 | 0.821917808219178 | 0.821505660427207 |
+-------------------+--------------------+-------------------+-------------------+

Epoch loss:0.06442014753151484

+--------------------+--------------------+--------------------+--------------------+
|      Accuracy      |     Precision      |       Recall       |         F1         |
+--------------------+--------------------+--------------------+--------------------+
| 0.7945205479452054 | 0.7939334637964774 | 0.7945205479452054 | 0.7928392432527641 |
+--------------------+--------------------+--------------------+--------------------+

Epoch loss:0.09213289879168056

+--------------------+--------------------+--------------------+--------------------+
|      Accuracy      |     Precision      |       Recall       |         F1         |
+--------------------+--------------------+--------------------+--------------------+
| 0.8767123287671232 | 0.8777886497064579 | 0.8767123287671232 | 0.8757035459516584 |
+--------------------+--------------------+--------------------+--------------------+

Epoch loss:0.08143006529457666

+--------------------+--------------------+--------------------+--------------------+
|      Accuracy      |     Precision      |       Recall       |         F1         |
+--------------------+--------------------+--------------------+--------------------+
| 0.7945205479452054 | 0.7956064149682592 | 0.7945205479452054 | 0.7949135092228012 |
+--------------------+--------------------+--------------------+--------------------+

Epoch loss:0.08753610312674395

+-------------------+-------------------+-------------------+-------------------+
|      Accuracy     |     Precision     |       Recall      |         F1        |
+-------------------+-------------------+-------------------+-------------------+
| 0.863013698630137 | 0.863013698630137 | 0.863013698630137 | 0.863013698630137 |
+-------------------+-------------------+-------------------+-------------------+

Epoch loss:0.06893979034046768

+-------------------+-------------------+-------------------+-------------------+
|      Accuracy     |     Precision     |       Recall      |         F1        |
+-------------------+-------------------+-------------------+-------------------+
| 0.863013698630137 | 0.863013698630137 | 0.863013698630137 | 0.863013698630137 |
+-------------------+-------------------+-------------------+-------------------+

Epoch loss:0.05946363366800486

+--------------------+-------------------+--------------------+--------------------+
|      Accuracy      |     Precision     |       Recall       |         F1         |
+--------------------+-------------------+--------------------+--------------------+
| 0.8493150684931506 | 0.853561023988099 | 0.8493150684931506 | 0.8500019513718144 |
+--------------------+-------------------+--------------------+--------------------+

Epoch loss:0.09545928614239234

+--------------------+--------------------+--------------------+--------------------+
|      Accuracy      |     Precision      |       Recall       |         F1         |
+--------------------+--------------------+--------------------+--------------------+
| 0.8493150684931506 | 0.8498369210697978 | 0.8493150684931506 | 0.8480821117186937 |
+--------------------+--------------------+--------------------+--------------------+

Epoch loss:0.06554277256804493

+--------------------+-------------------+--------------------+--------------------+
|      Accuracy      |     Precision     |       Recall       |         F1         |
+--------------------+-------------------+--------------------+--------------------+
| 0.8082191780821918 | 0.839751085867023 | 0.8082191780821918 | 0.8085791270722777 |
+--------------------+-------------------+--------------------+--------------------+

Epoch loss:0.045553968481505544

+-------------------+-------------------+-------------------+-------------------+
|      Accuracy     |     Precision     |       Recall      |         F1        |
+-------------------+-------------------+-------------------+-------------------+
| 0.863013698630137 | 0.863013698630137 | 0.863013698630137 | 0.863013698630137 |
+-------------------+-------------------+-------------------+-------------------+

Epoch loss:0.08426498622488784

+--------------------+------------------+--------------------+--------------------+
|      Accuracy      |    Precision     |       Recall       |         F1         |
+--------------------+------------------+--------------------+--------------------+
| 0.8493150684931506 | 0.84894340023362 | 0.8493150684931506 | 0.8489663280537906 |
+--------------------+------------------+--------------------+--------------------+

Epoch loss:0.03843886245709114

+--------------------+--------------------+--------------------+--------------------+
|      Accuracy      |     Precision      |       Recall       |         F1         |
+--------------------+--------------------+--------------------+--------------------+
| 0.8493150684931506 | 0.8498369210697978 | 0.8493150684931506 | 0.8480821117186937 |
+--------------------+--------------------+--------------------+--------------------+

Epoch loss:0.0787640660403397

+--------------------+--------------------+--------------------+--------------------+
|      Accuracy      |     Precision      |       Recall       |         F1         |
+--------------------+--------------------+--------------------+--------------------+
| 0.7808219178082192 | 0.8114141329769462 | 0.7808219178082192 | 0.7812332880826032 |
+--------------------+--------------------+--------------------+--------------------+

Epoch loss:0.0715569214190583

+-------------------+--------------------+-------------------+--------------------+
|      Accuracy     |     Precision      |       Recall      |         F1         |
+-------------------+--------------------+-------------------+--------------------+
| 0.863013698630137 | 0.8762186844378625 | 0.863013698630137 | 0.8637885080270252 |
+-------------------+--------------------+-------------------+--------------------+

Epoch loss:0.07040647305611118

+-------------------+--------------------+-------------------+--------------------+
|      Accuracy     |     Precision      |       Recall      |         F1         |
+-------------------+--------------------+-------------------+--------------------+
| 0.863013698630137 | 0.8652637151743762 | 0.863013698630137 | 0.8614033580967921 |
+-------------------+--------------------+-------------------+--------------------+

Epoch loss:0.04627092111371206

+-------------------+--------------------+-------------------+--------------------+
|      Accuracy     |     Precision      |       Recall      |         F1         |
+-------------------+--------------------+-------------------+--------------------+
| 0.821917808219178 | 0.8316364309514994 | 0.821917808219178 | 0.8229271537233204 |
+-------------------+--------------------+-------------------+--------------------+

Epoch loss:0.046447610123101876

+--------------------+--------------------+--------------------+-------------------+
|      Accuracy      |     Precision      |       Recall       |         F1        |
+--------------------+--------------------+--------------------+-------------------+
| 0.8767123287671232 | 0.8863281089308485 | 0.8767123287671232 | 0.877411106423837 |
+--------------------+--------------------+--------------------+-------------------+

Epoch loss:0.08731689695992532

+-------------------+--------------------+-------------------+--------------------+
|      Accuracy     |     Precision      |       Recall      |         F1         |
+-------------------+--------------------+-------------------+--------------------+
| 0.821917808219178 | 0.8316364309514994 | 0.821917808219178 | 0.8229271537233204 |
+-------------------+--------------------+-------------------+--------------------+

Epoch loss:0.0676245282441881

+--------------------+-------------------+--------------------+--------------------+
|      Accuracy      |     Precision     |       Recall       |         F1         |
+--------------------+-------------------+--------------------+--------------------+
| 0.8493150684931506 | 0.853561023988099 | 0.8493150684931506 | 0.8500019513718144 |
+--------------------+-------------------+--------------------+--------------------+

Epoch loss:0.005561554173205828

+--------------------+--------------------+--------------------+--------------------+
|      Accuracy      |     Precision      |       Recall       |         F1         |
+--------------------+--------------------+--------------------+--------------------+
| 0.8356164383561644 | 0.8572697783012045 | 0.8356164383561644 | 0.8363580183335049 |
+--------------------+--------------------+--------------------+--------------------+

Epoch loss:0.06540056939411443

+--------------------+--------------------+--------------------+--------------------+
|      Accuracy      |     Precision      |       Recall       |         F1         |
+--------------------+--------------------+--------------------+--------------------+
| 0.8356164383561644 | 0.8423730559274899 | 0.8356164383561644 | 0.8364881693648817 |
+--------------------+--------------------+--------------------+--------------------+

Epoch loss:0.0905284785572754

+--------------------+--------------------+--------------------+--------------------+
|      Accuracy      |     Precision      |       Recall       |         F1         |
+--------------------+--------------------+--------------------+--------------------+
| 0.7671232876712328 | 0.7769447529721502 | 0.7671232876712328 | 0.7684432010228035 |
+--------------------+--------------------+--------------------+--------------------+

Epoch loss:0.042163181997681466

+--------------------+--------------------+--------------------+--------------------+
|      Accuracy      |     Precision      |       Recall       |         F1         |
+--------------------+--------------------+--------------------+--------------------+
| 0.8356164383561644 | 0.8423730559274899 | 0.8356164383561644 | 0.8364881693648817 |
+--------------------+--------------------+--------------------+--------------------+

Epoch loss:0.1146980992929752

+--------------------+--------------------+--------------------+--------------------+
|      Accuracy      |     Precision      |       Recall       |         F1         |
+--------------------+--------------------+--------------------+--------------------+
| 0.7671232876712328 | 0.7769447529721502 | 0.7671232876712328 | 0.7684432010228035 |
+--------------------+--------------------+--------------------+--------------------+

Epoch loss:0.05354048405943841

+--------------------+--------------------+--------------------+-------------------+
|      Accuracy      |     Precision      |       Recall       |         F1        |
+--------------------+--------------------+--------------------+-------------------+
| 0.8356164383561644 | 0.8380033208800332 | 0.8356164383561644 | 0.836180253925827 |
+--------------------+--------------------+--------------------+-------------------+

Epoch loss:0.04548352914767944

+-------------------+--------------------+-------------------+-------------------+
|      Accuracy     |     Precision      |       Recall      |         F1        |
+-------------------+--------------------+-------------------+-------------------+
| 0.821917808219178 | 0.8214080917489647 | 0.821917808219178 | 0.821505660427207 |
+-------------------+--------------------+-------------------+-------------------+

Epoch loss:0.08001273587295735

+--------------------+--------------------+--------------------+--------------------+
|      Accuracy      |     Precision      |       Recall       |         F1         |
+--------------------+--------------------+--------------------+--------------------+
| 0.8767123287671232 | 0.8764787087182755 | 0.8767123287671232 | 0.8764269956803741 |
+--------------------+--------------------+--------------------+--------------------+

Epoch loss:0.052709519336113356

+--------------------+-------------------+--------------------+--------------------+
|      Accuracy      |     Precision     |       Recall       |         F1         |
+--------------------+-------------------+--------------------+--------------------+
| 0.8493150684931506 | 0.853561023988099 | 0.8493150684931506 | 0.8500019513718144 |
+--------------------+-------------------+--------------------+--------------------+

Epoch loss:0.036886809341848605

+--------------------+--------------------+--------------------+--------------------+
|      Accuracy      |     Precision      |       Recall       |         F1         |
+--------------------+--------------------+--------------------+--------------------+
| 0.8082191780821918 | 0.8294592863488915 | 0.8082191780821918 | 0.8090843547224226 |
+--------------------+--------------------+--------------------+--------------------+

Epoch loss:0.058198814076211025

+--------------------+--------------------+--------------------+--------------------+
|      Accuracy      |     Precision      |       Recall       |         F1         |
+--------------------+--------------------+--------------------+--------------------+
| 0.8904109589041096 | 0.8904109589041096 | 0.8904109589041096 | 0.8904109589041096 |
+--------------------+--------------------+--------------------+--------------------+

Epoch loss:0.07176712626273543

+--------------------+--------------------+--------------------+--------------------+
|      Accuracy      |     Precision      |       Recall       |         F1         |
+--------------------+--------------------+--------------------+--------------------+
| 0.7945205479452054 | 0.8202988792029887 | 0.7945205479452054 | 0.7952151263746865 |
+--------------------+--------------------+--------------------+--------------------+

Epoch loss:0.0703688653845126

+-------------------+--------------------+-------------------+--------------------+
|      Accuracy     |     Precision      |       Recall      |         F1         |
+-------------------+--------------------+-------------------+--------------------+
| 0.821917808219178 | 0.8483499377334993 | 0.821917808219178 | 0.8225197761913949 |
+-------------------+--------------------+-------------------+--------------------+

Epoch loss:0.07369912620098959

+--------------------+--------------------+--------------------+--------------------+
|      Accuracy      |     Precision      |       Recall       |         F1         |
+--------------------+--------------------+--------------------+--------------------+
| 0.8767123287671232 | 0.8941600576784426 | 0.8767123287671232 | 0.8773620661649248 |
+--------------------+--------------------+--------------------+--------------------+

Epoch loss:0.04629036583591605

+--------------------+--------------------+--------------------+--------------------+
|      Accuracy      |     Precision      |       Recall       |         F1         |
+--------------------+--------------------+--------------------+--------------------+
| 0.8356164383561644 | 0.8356164383561644 | 0.8356164383561644 | 0.8356164383561644 |
+--------------------+--------------------+--------------------+--------------------+

Epoch loss:0.08843117624338767

+-------------------+--------------------+-------------------+-------------------+
|      Accuracy     |     Precision      |       Recall      |         F1        |
+-------------------+--------------------+-------------------+-------------------+
| 0.821917808219178 | 0.8214080917489647 | 0.821917808219178 | 0.821505660427207 |
+-------------------+--------------------+-------------------+-------------------+

Epoch loss:0.032396318455465846

+--------------------+--------------------+--------------------+--------------------+
|      Accuracy      |     Precision      |       Recall       |         F1         |
+--------------------+--------------------+--------------------+--------------------+
| 0.8082191780821918 | 0.8213007528076021 | 0.8082191780821918 | 0.8093039112378355 |
+--------------------+--------------------+--------------------+--------------------+

Epoch loss:0.05909782644625552

+--------------------+--------------------+--------------------+--------------------+
|      Accuracy      |     Precision      |       Recall       |         F1         |
+--------------------+--------------------+--------------------+--------------------+
| 0.8356164383561644 | 0.8356164383561644 | 0.8356164383561644 | 0.8356164383561644 |
+--------------------+--------------------+--------------------+--------------------+

Epoch loss:0.04435910597346043

+--------------------+--------------------+--------------------+--------------------+
|      Accuracy      |     Precision      |       Recall       |         F1         |
+--------------------+--------------------+--------------------+--------------------+
| 0.7945205479452054 | 0.8113193943763518 | 0.7945205479452054 | 0.7956034436082083 |
+--------------------+--------------------+--------------------+--------------------+

Epoch loss:0.02504675184861077

+--------------------+-------------------+--------------------+--------------------+
|      Accuracy      |     Precision     |       Recall       |         F1         |
+--------------------+-------------------+--------------------+--------------------+
| 0.8767123287671232 | 0.880803322382694 | 0.8767123287671232 | 0.8772743238496663 |
+--------------------+-------------------+--------------------+--------------------+

Epoch loss:0.048877343602676725

+-------------------+--------------------+-------------------+--------------------+
|      Accuracy     |     Precision      |       Recall      |         F1         |
+-------------------+--------------------+-------------------+--------------------+
| 0.863013698630137 | 0.8696467195385725 | 0.863013698630137 | 0.8637401411374014 |
+-------------------+--------------------+-------------------+--------------------+

Epoch loss:0.08343888737412321

+--------------------+--------------------+--------------------+--------------------+
|      Accuracy      |     Precision      |       Recall       |         F1         |
+--------------------+--------------------+--------------------+--------------------+
| 0.7808219178082192 | 0.7938417869924721 | 0.7808219178082192 | 0.7820616128432405 |
+--------------------+--------------------+--------------------+--------------------+

Epoch loss:0.05348226571741917

+--------------------+--------------------+--------------------+--------------------+
|      Accuracy      |     Precision      |       Recall       |         F1         |
+--------------------+--------------------+--------------------+--------------------+
| 0.8767123287671232 | 0.8777886497064579 | 0.8767123287671232 | 0.8757035459516584 |
+--------------------+--------------------+--------------------+--------------------+

Epoch loss:0.04288292157375631

+--------------------+--------------------+--------------------+--------------------+
|      Accuracy      |     Precision      |       Recall       |         F1         |
+--------------------+--------------------+--------------------+--------------------+
| 0.8493150684931506 | 0.8502129969929836 | 0.8493150684931506 | 0.8496032400967207 |
+--------------------+--------------------+--------------------+--------------------+

Epoch loss:0.06686470470929241

+-------------------+--------------------+-------------------+--------------------+
|      Accuracy     |     Precision      |       Recall      |         F1         |
+-------------------+--------------------+-------------------+--------------------+
| 0.821917808219178 | 0.8218851924331375 | 0.821917808219178 | 0.8204606774857289 |
+-------------------+--------------------+-------------------+--------------------+

Epoch loss:0.049168773588560824

+--------------------+--------------------+--------------------+-------------------+
|      Accuracy      |     Precision      |       Recall       |         F1        |
+--------------------+--------------------+--------------------+-------------------+
| 0.7671232876712328 | 0.7706294846705806 | 0.7671232876712328 | 0.761260657151068 |
+--------------------+--------------------+--------------------+-------------------+

Epoch loss:0.04478059622153917

+--------------------+-------------------+--------------------+--------------------+
|      Accuracy      |     Precision     |       Recall       |         F1         |
+--------------------+-------------------+--------------------+--------------------+
| 0.8767123287671232 | 0.880803322382694 | 0.8767123287671232 | 0.8772743238496663 |
+--------------------+-------------------+--------------------+--------------------+

Epoch loss:0.03690162383222864

+--------------------+--------------------+--------------------+--------------------+
|      Accuracy      |     Precision      |       Recall       |         F1         |
+--------------------+--------------------+--------------------+--------------------+
| 0.9041095890410958 | 0.9178082191780822 | 0.9041095890410958 | 0.9016955647092635 |
+--------------------+--------------------+--------------------+--------------------+

Epoch loss:0.04620830220566761

+--------------------+--------------------+--------------------+-------------------+
|      Accuracy      |     Precision      |       Recall       |         F1        |
+--------------------+--------------------+--------------------+-------------------+
| 0.8356164383561644 | 0.8380033208800332 | 0.8356164383561644 | 0.836180253925827 |
+--------------------+--------------------+--------------------+-------------------+

Epoch loss:0.0612087945600915

+--------------------+--------------------+--------------------+--------------------+
|      Accuracy      |     Precision      |       Recall       |         F1         |
+--------------------+--------------------+--------------------+--------------------+
| 0.8767123287671232 | 0.8775162880053459 | 0.8767123287671232 | 0.8769481055336805 |
+--------------------+--------------------+--------------------+--------------------+

Epoch loss:0.05831309303332976

+--------------------+--------------------+--------------------+--------------------+
|      Accuracy      |     Precision      |       Recall       |         F1         |
+--------------------+--------------------+--------------------+--------------------+
| 0.8493150684931506 | 0.8502129969929836 | 0.8493150684931506 | 0.8496032400967207 |
+--------------------+--------------------+--------------------+--------------------+

Epoch loss:0.10157137477732692

+--------------------+-------------------+--------------------+--------------------+
|      Accuracy      |     Precision     |       Recall       |         F1         |
+--------------------+-------------------+--------------------+--------------------+
| 0.8493150684931506 | 0.853561023988099 | 0.8493150684931506 | 0.8500019513718144 |
+--------------------+-------------------+--------------------+--------------------+

Epoch loss:0.060831816950372444

+--------------------+--------------------+--------------------+--------------------+
|      Accuracy      |     Precision      |       Recall       |         F1         |
+--------------------+--------------------+--------------------+--------------------+
| 0.8356164383561644 | 0.8487597186227324 | 0.8356164383561644 | 0.8365462096324303 |
+--------------------+--------------------+--------------------+--------------------+

Epoch loss:0.052624682968205494

+--------------------+--------------------+--------------------+-------------------+
|      Accuracy      |     Precision      |       Recall       |         F1        |
+--------------------+--------------------+--------------------+-------------------+
| 0.8356164383561644 | 0.8380033208800332 | 0.8356164383561644 | 0.836180253925827 |
+--------------------+--------------------+--------------------+-------------------+

Epoch loss:0.06289007126533024

+--------------------+--------------------+--------------------+-------------------+
|      Accuracy      |     Precision      |       Recall       |         F1        |
+--------------------+--------------------+--------------------+-------------------+
| 0.8356164383561644 | 0.8380033208800332 | 0.8356164383561644 | 0.836180253925827 |
+--------------------+--------------------+--------------------+-------------------+

Epoch loss:0.05404293249719902

+-------------------+--------------------+-------------------+--------------------+
|      Accuracy     |     Precision      |       Recall      |         F1         |
+-------------------+--------------------+-------------------+--------------------+
| 0.863013698630137 | 0.8652637151743762 | 0.863013698630137 | 0.8614033580967921 |
+-------------------+--------------------+-------------------+--------------------+

Epoch loss:0.05962162460452197

+--------------------+-------------------+--------------------+--------------------+
|      Accuracy      |     Precision     |       Recall       |         F1         |
+--------------------+-------------------+--------------------+--------------------+
| 0.8356164383561644 | 0.835251427835273 | 0.8356164383561644 | 0.8347881490920674 |
+--------------------+-------------------+--------------------+--------------------+

Epoch loss:0.05523145947813031

+--------------------+--------------------+--------------------+--------------------+
|      Accuracy      |     Precision      |       Recall       |         F1         |
+--------------------+--------------------+--------------------+--------------------+
| 0.8356164383561644 | 0.8423730559274899 | 0.8356164383561644 | 0.8364881693648817 |
+--------------------+--------------------+--------------------+--------------------+

Epoch loss:0.06251622129914451

+-------------------+--------------------+-------------------+--------------------+
|      Accuracy     |     Precision      |       Recall      |         F1         |
+-------------------+--------------------+-------------------+--------------------+
| 0.863013698630137 | 0.8696467195385725 | 0.863013698630137 | 0.8637401411374014 |
+-------------------+--------------------+-------------------+--------------------+

Epoch loss:0.055943222323155684

+-------------------+--------------------+-------------------+--------------------+
|      Accuracy     |     Precision      |       Recall      |         F1         |
+-------------------+--------------------+-------------------+--------------------+
| 0.821917808219178 | 0.8263187255935039 | 0.821917808219178 | 0.8227295788939625 |
+-------------------+--------------------+-------------------+--------------------+

Epoch loss:0.038433756195543636

+--------------------+--------------------+--------------------+--------------------+
|      Accuracy      |     Precision      |       Recall       |         F1         |
+--------------------+--------------------+--------------------+--------------------+
| 0.8356164383561644 | 0.8423730559274899 | 0.8356164383561644 | 0.8364881693648817 |
+--------------------+--------------------+--------------------+--------------------+

Epoch loss:0.10143200053032676

+-------------------+--------------------+-------------------+--------------------+
|      Accuracy     |     Precision      |       Recall      |         F1         |
+-------------------+--------------------+-------------------+--------------------+
| 0.863013698630137 | 0.8652637151743762 | 0.863013698630137 | 0.8614033580967921 |
+-------------------+--------------------+-------------------+--------------------+

Epoch loss:0.06450962289346608

+--------------------+--------------------+--------------------+--------------------+
|      Accuracy      |     Precision      |       Recall       |         F1         |
+--------------------+--------------------+--------------------+--------------------+
| 0.8356164383561644 | 0.8423730559274899 | 0.8356164383561644 | 0.8364881693648817 |
+--------------------+--------------------+--------------------+--------------------+

Epoch loss:0.05420106692818572

+-------------------+-------------------+-------------------+-------------------+
|      Accuracy     |     Precision     |       Recall      |         F1        |
+-------------------+-------------------+-------------------+-------------------+
| 0.863013698630137 | 0.863013698630137 | 0.863013698630137 | 0.863013698630137 |
+-------------------+-------------------+-------------------+-------------------+

Epoch loss:0.056509765379470646

+--------------------+--------------------+--------------------+--------------------+
|      Accuracy      |     Precision      |       Recall       |         F1         |
+--------------------+--------------------+--------------------+--------------------+
| 0.8082191780821918 | 0.8150993923164074 | 0.8082191780821918 | 0.8092361975923619 |
+--------------------+--------------------+--------------------+--------------------+

optimizer:
Adam (
Parameter Group 0
    amsgrad: False
    betas: (0.5, 0.5)
    capturable: False
    decoupled_weight_decay: False
    differentiable: False
    eps: 1e-08
    foreach: None
    fused: None
    lr: 0.0001
    maximize: False
    weight_decay: 0
)
model:
VisionTransformer(
  (patch_embed): PatchEmbed(
    (proj): Conv2d(3, 768, kernel_size=(16, 16), stride=(16, 16))
    (norm): Identity()
  )
  (pos_drop): Dropout(p=0.0, inplace=False)
  (blocks): Sequential(
    (0): Block(
      (norm1): LayerNorm((768,), eps=1e-06, elementwise_affine=True)
      (attn): Attention(
        (qkv): Linear(in_features=768, out_features=2304, bias=True)
        (attn_drop): Dropout(p=0.0, inplace=False)
        (proj): Linear(in_features=768, out_features=768, bias=True)
        (proj_drop): Dropout(p=0.0, inplace=False)
      )
      (drop_path): Identity()
      (norm2): LayerNorm((768,), eps=1e-06, elementwise_affine=True)
      (mlp): Mlp(
        (fc1): Linear(in_features=768, out_features=3072, bias=True)
        (act): GELU(approximate='none')
        (fc2): Linear(in_features=3072, out_features=768, bias=True)
        (drop): Dropout(p=0.0, inplace=False)
      )
    )
    (1): Block(
      (norm1): LayerNorm((768,), eps=1e-06, elementwise_affine=True)
      (attn): Attention(
        (qkv): Linear(in_features=768, out_features=2304, bias=True)
        (attn_drop): Dropout(p=0.0, inplace=False)
        (proj): Linear(in_features=768, out_features=768, bias=True)
        (proj_drop): Dropout(p=0.0, inplace=False)
      )
      (drop_path): Identity()
      (norm2): LayerNorm((768,), eps=1e-06, elementwise_affine=True)
      (mlp): Mlp(
        (fc1): Linear(in_features=768, out_features=3072, bias=True)
        (act): GELU(approximate='none')
        (fc2): Linear(in_features=3072, out_features=768, bias=True)
        (drop): Dropout(p=0.0, inplace=False)
      )
    )
    (2): Block(
      (norm1): LayerNorm((768,), eps=1e-06, elementwise_affine=True)
      (attn): Attention(
        (qkv): Linear(in_features=768, out_features=2304, bias=True)
        (attn_drop): Dropout(p=0.0, inplace=False)
        (proj): Linear(in_features=768, out_features=768, bias=True)
        (proj_drop): Dropout(p=0.0, inplace=False)
      )
      (drop_path): Identity()
      (norm2): LayerNorm((768,), eps=1e-06, elementwise_affine=True)
      (mlp): Mlp(
        (fc1): Linear(in_features=768, out_features=3072, bias=True)
        (act): GELU(approximate='none')
        (fc2): Linear(in_features=3072, out_features=768, bias=True)
        (drop): Dropout(p=0.0, inplace=False)
      )
    )
    (3): Block(
      (norm1): LayerNorm((768,), eps=1e-06, elementwise_affine=True)
      (attn): Attention(
        (qkv): Linear(in_features=768, out_features=2304, bias=True)
        (attn_drop): Dropout(p=0.0, inplace=False)
        (proj): Linear(in_features=768, out_features=768, bias=True)
        (proj_drop): Dropout(p=0.0, inplace=False)
      )
      (drop_path): Identity()
      (norm2): LayerNorm((768,), eps=1e-06, elementwise_affine=True)
      (mlp): Mlp(
        (fc1): Linear(in_features=768, out_features=3072, bias=True)
        (act): GELU(approximate='none')
        (fc2): Linear(in_features=3072, out_features=768, bias=True)
        (drop): Dropout(p=0.0, inplace=False)
      )
    )
    (4): Block(
      (norm1): LayerNorm((768,), eps=1e-06, elementwise_affine=True)
      (attn): Attention(
        (qkv): Linear(in_features=768, out_features=2304, bias=True)
        (attn_drop): Dropout(p=0.0, inplace=False)
        (proj): Linear(in_features=768, out_features=768, bias=True)
        (proj_drop): Dropout(p=0.0, inplace=False)
      )
      (drop_path): Identity()
      (norm2): LayerNorm((768,), eps=1e-06, elementwise_affine=True)
      (mlp): Mlp(
        (fc1): Linear(in_features=768, out_features=3072, bias=True)
        (act): GELU(approximate='none')
        (fc2): Linear(in_features=3072, out_features=768, bias=True)
        (drop): Dropout(p=0.0, inplace=False)
      )
    )
    (5): Block(
      (norm1): LayerNorm((768,), eps=1e-06, elementwise_affine=True)
      (attn): Attention(
        (qkv): Linear(in_features=768, out_features=2304, bias=True)
        (attn_drop): Dropout(p=0.0, inplace=False)
        (proj): Linear(in_features=768, out_features=768, bias=True)
        (proj_drop): Dropout(p=0.0, inplace=False)
      )
      (drop_path): Identity()
      (norm2): LayerNorm((768,), eps=1e-06, elementwise_affine=True)
      (mlp): Mlp(
        (fc1): Linear(in_features=768, out_features=3072, bias=True)
        (act): GELU(approximate='none')
        (fc2): Linear(in_features=3072, out_features=768, bias=True)
        (drop): Dropout(p=0.0, inplace=False)
      )
    )
    (6): Block(
      (norm1): LayerNorm((768,), eps=1e-06, elementwise_affine=True)
      (attn): Attention(
        (qkv): Linear(in_features=768, out_features=2304, bias=True)
        (attn_drop): Dropout(p=0.0, inplace=False)
        (proj): Linear(in_features=768, out_features=768, bias=True)
        (proj_drop): Dropout(p=0.0, inplace=False)
      )
      (drop_path): Identity()
      (norm2): LayerNorm((768,), eps=1e-06, elementwise_affine=True)
      (mlp): Mlp(
        (fc1): Linear(in_features=768, out_features=3072, bias=True)
        (act): GELU(approximate='none')
        (fc2): Linear(in_features=3072, out_features=768, bias=True)
        (drop): Dropout(p=0.0, inplace=False)
      )
    )
    (7): Block(
      (norm1): LayerNorm((768,), eps=1e-06, elementwise_affine=True)
      (attn): Attention(
        (qkv): Linear(in_features=768, out_features=2304, bias=True)
        (attn_drop): Dropout(p=0.0, inplace=False)
        (proj): Linear(in_features=768, out_features=768, bias=True)
        (proj_drop): Dropout(p=0.0, inplace=False)
      )
      (drop_path): Identity()
      (norm2): LayerNorm((768,), eps=1e-06, elementwise_affine=True)
      (mlp): Mlp(
        (fc1): Linear(in_features=768, out_features=3072, bias=True)
        (act): GELU(approximate='none')
        (fc2): Linear(in_features=3072, out_features=768, bias=True)
        (drop): Dropout(p=0.0, inplace=False)
      )
    )
    (8): Block(
      (norm1): LayerNorm((768,), eps=1e-06, elementwise_affine=True)
      (attn): Attention(
        (qkv): Linear(in_features=768, out_features=2304, bias=True)
        (attn_drop): Dropout(p=0.0, inplace=False)
        (proj): Linear(in_features=768, out_features=768, bias=True)
        (proj_drop): Dropout(p=0.0, inplace=False)
      )
      (drop_path): Identity()
      (norm2): LayerNorm((768,), eps=1e-06, elementwise_affine=True)
      (mlp): Mlp(
        (fc1): Linear(in_features=768, out_features=3072, bias=True)
        (act): GELU(approximate='none')
        (fc2): Linear(in_features=3072, out_features=768, bias=True)
        (drop): Dropout(p=0.0, inplace=False)
      )
    )
    (9): Block(
      (norm1): LayerNorm((768,), eps=1e-06, elementwise_affine=True)
      (attn): Attention(
        (qkv): Linear(in_features=768, out_features=2304, bias=True)
        (attn_drop): Dropout(p=0.0, inplace=False)
        (proj): Linear(in_features=768, out_features=768, bias=True)
        (proj_drop): Dropout(p=0.0, inplace=False)
      )
      (drop_path): Identity()
      (norm2): LayerNorm((768,), eps=1e-06, elementwise_affine=True)
      (mlp): Mlp(
        (fc1): Linear(in_features=768, out_features=3072, bias=True)
        (act): GELU(approximate='none')
        (fc2): Linear(in_features=3072, out_features=768, bias=True)
        (drop): Dropout(p=0.0, inplace=False)
      )
    )
    (10): Block(
      (norm1): LayerNorm((768,), eps=1e-06, elementwise_affine=True)
      (attn): Attention(
        (qkv): Linear(in_features=768, out_features=2304, bias=True)
        (attn_drop): Dropout(p=0.0, inplace=False)
        (proj): Linear(in_features=768, out_features=768, bias=True)
        (proj_drop): Dropout(p=0.0, inplace=False)
      )
      (drop_path): Identity()
      (norm2): LayerNorm((768,), eps=1e-06, elementwise_affine=True)
      (mlp): Mlp(
        (fc1): Linear(in_features=768, out_features=3072, bias=True)
        (act): GELU(approximate='none')
        (fc2): Linear(in_features=3072, out_features=768, bias=True)
        (drop): Dropout(p=0.0, inplace=False)
      )
    )
    (11): Block(
      (norm1): LayerNorm((768,), eps=1e-06, elementwise_affine=True)
      (attn): Attention(
        (qkv): Linear(in_features=768, out_features=2304, bias=True)
        (attn_drop): Dropout(p=0.0, inplace=False)
        (proj): Linear(in_features=768, out_features=768, bias=True)
        (proj_drop): Dropout(p=0.0, inplace=False)
      )
      (drop_path): Identity()
      (norm2): LayerNorm((768,), eps=1e-06, elementwise_affine=True)
      (mlp): Mlp(
        (fc1): Linear(in_features=768, out_features=3072, bias=True)
        (act): GELU(approximate='none')
        (fc2): Linear(in_features=3072, out_features=768, bias=True)
        (drop): Dropout(p=0.0, inplace=False)
      )
    )
  )
  (norm): LayerNorm((768,), eps=1e-06, elementwise_affine=True)
  (pre_logits): Identity()
  (head): Linear(in_features=768, out_features=2, bias=True)
)

TEST

+--------------------+--------------------+--------------------+--------------------+
|      Accuracy      |     Precision      |       Recall       |         F1         |
+--------------------+--------------------+--------------------+--------------------+
| 0.8082191780821918 | 0.8150993923164074 | 0.8082191780821918 | 0.8092361975923619 |
+--------------------+--------------------+--------------------+--------------------+


              precision    recall  f1-score   support

           0     0.8636    0.8636    0.8636        44
           1     0.8065    0.8065    0.8065        31

    accuracy                         0.8400        75
   macro avg     0.8350    0.8350    0.8350        75
weighted avg     0.8400    0.8400    0.8400        75



[[38  6]
 [ 6 25]]

