Read csv file.......
Training device information:
+--------------------+-------------------------+---------------------------------+
|   number of gpu    |    applied gpu index    |         applied gpu name        |
+--------------------+-------------------------+---------------------------------+
|         2          |            0            |     NVIDIA GeForce RTX 3090     |
+--------------------+-------------------------+---------------------------------+

Use data information file:/home/zhangxiaohan/constitution/baseline/data.csv
Loading data from path: /home/zhangxiaohan/constitution/data/face......
data information:
+----------------------+----------------+----------------+---------------+----------+
|  number of samples   |  train number  |  valid number  |  test number  | percent  |
+----------------------+----------------+----------------+---------------+----------+
|         738          |      590       |       73       |       75      |   0.8    |
+----------------------+----------------+----------------+---------------+----------+

Classes information:
+------------+------------+
|     0      |     1      |
+------------+------------+
|     0      |     1      |
+------------+------------+

Train information:
+--------------------+-----------------+-----------------+----------+---------------------+----------+----------+-----------------------------------------------------------------------+
|       theme        |      resize     |    batch size   |  epoch   |    learning rate    |  beta1   |  beta2   |                            directory of log                           |
+--------------------+-----------------+-----------------+----------+---------------------+----------+----------+-----------------------------------------------------------------------+
|    constitution    |    (224, 224)   |        16       |   300    |        0.0001       |   0.5    |  0.999   |            /home/zhangxiaohan/constitution/baseline/workdir           |
+--------------------+-----------------+-----------------+----------+---------------------+----------+----------+-----------------------------------------------------------------------+

Train begins......
Epoch loss:0.6724415437595265

+-------------------+---------------------+-------------------+--------------------+
|      Accuracy     |      Precision      |       Recall      |         F1         |
+-------------------+---------------------+-------------------+--------------------+
| 0.547945205479452 | 0.30024394820791894 | 0.547945205479452 | 0.3879258091889926 |
+-------------------+---------------------+-------------------+--------------------+

Epoch loss:0.6674700089403101

+-------------------+---------------------+-------------------+--------------------+
|      Accuracy     |      Precision      |       Recall      |         F1         |
+-------------------+---------------------+-------------------+--------------------+
| 0.547945205479452 | 0.30024394820791894 | 0.547945205479452 | 0.3879258091889926 |
+-------------------+---------------------+-------------------+--------------------+

Epoch loss:0.6640068340945888

+-------------------+---------------------+-------------------+--------------------+
|      Accuracy     |      Precision      |       Recall      |         F1         |
+-------------------+---------------------+-------------------+--------------------+
| 0.547945205479452 | 0.30024394820791894 | 0.547945205479452 | 0.3879258091889926 |
+-------------------+---------------------+-------------------+--------------------+

Epoch loss:0.6558329028052252

+-------------------+---------------------+-------------------+--------------------+
|      Accuracy     |      Precision      |       Recall      |         F1         |
+-------------------+---------------------+-------------------+--------------------+
| 0.547945205479452 | 0.30024394820791894 | 0.547945205479452 | 0.3879258091889926 |
+-------------------+---------------------+-------------------+--------------------+

Epoch loss:0.6298902743571514

+-------------------+--------------------+-------------------+---------------------+
|      Accuracy     |     Precision      |       Recall      |          F1         |
+-------------------+--------------------+-------------------+---------------------+
| 0.547945205479452 | 0.5295047418335089 | 0.547945205479452 | 0.46393966875089493 |
+-------------------+--------------------+-------------------+---------------------+

Epoch loss:0.5259419953500902

+--------------------+--------------------+--------------------+--------------------+
|      Accuracy      |     Precision      |       Recall       |         F1         |
+--------------------+--------------------+--------------------+--------------------+
| 0.7671232876712328 | 0.7667056465085199 | 0.7671232876712328 | 0.7667694389155576 |
+--------------------+--------------------+--------------------+--------------------+

Epoch loss:0.47529344019052144

+-------------------+--------------------+-------------------+--------------------+
|      Accuracy     |     Precision      |       Recall      |         F1         |
+-------------------+--------------------+-------------------+--------------------+
| 0.863013698630137 | 0.8948709780184771 | 0.863013698630137 | 0.8622412194870738 |
+-------------------+--------------------+-------------------+--------------------+

Epoch loss:0.42450958208457845

+--------------------+--------------------+--------------------+--------------------+
|      Accuracy      |     Precision      |       Recall       |         F1         |
+--------------------+--------------------+--------------------+--------------------+
| 0.8767123287671232 | 0.8802295446131063 | 0.8767123287671232 | 0.8769907876518955 |
+--------------------+--------------------+--------------------+--------------------+

Epoch loss:0.4296234378943572

+-------------------+--------------------+-------------------+--------------------+
|      Accuracy     |     Precision      |       Recall      |         F1         |
+-------------------+--------------------+-------------------+--------------------+
| 0.863013698630137 | 0.8948709780184771 | 0.863013698630137 | 0.8622412194870738 |
+-------------------+--------------------+-------------------+--------------------+

Epoch loss:0.4011884710273227

+-------------------+--------------------+-------------------+--------------------+
|      Accuracy     |     Precision      |       Recall      |         F1         |
+-------------------+--------------------+-------------------+--------------------+
| 0.863013698630137 | 0.8633924625970583 | 0.863013698630137 | 0.8625438523220849 |
+-------------------+--------------------+-------------------+--------------------+

Epoch loss:0.3563541484040183

+--------------------+--------------------+--------------------+--------------------+
|      Accuracy      |     Precision      |       Recall       |         F1         |
+--------------------+--------------------+--------------------+--------------------+
| 0.8767123287671232 | 0.9031311154598826 | 0.8767123287671232 | 0.8762955817094347 |
+--------------------+--------------------+--------------------+--------------------+

Epoch loss:0.36730475321009354

+--------------------+--------------------+--------------------+--------------------+
|      Accuracy      |     Precision      |       Recall       |         F1         |
+--------------------+--------------------+--------------------+--------------------+
| 0.8493150684931506 | 0.8746922542768765 | 0.8493150684931506 | 0.8488057109781979 |
+--------------------+--------------------+--------------------+--------------------+

Epoch loss:0.32940580897234584

+--------------------+--------------------+--------------------+--------------------+
|      Accuracy      |     Precision      |       Recall       |         F1         |
+--------------------+--------------------+--------------------+--------------------+
| 0.8356164383561644 | 0.8356164383561644 | 0.8356164383561644 | 0.8356164383561644 |
+--------------------+--------------------+--------------------+--------------------+

Epoch loss:0.348764150831345

+--------------------+--------------------+--------------------+--------------------+
|      Accuracy      |     Precision      |       Recall       |         F1         |
+--------------------+--------------------+--------------------+--------------------+
| 0.8904109589041096 | 0.9027459245025723 | 0.8904109589041096 | 0.8905343699864248 |
+--------------------+--------------------+--------------------+--------------------+

Epoch loss:0.348802235984319

+--------------------+--------------------+--------------------+--------------------+
|      Accuracy      |     Precision      |       Recall       |         F1         |
+--------------------+--------------------+--------------------+--------------------+
| 0.8767123287671232 | 0.9031311154598826 | 0.8767123287671232 | 0.8762955817094347 |
+--------------------+--------------------+--------------------+--------------------+

Epoch loss:0.3249854657899689

+--------------------+--------------------+--------------------+--------------------+
|      Accuracy      |     Precision      |       Recall       |         F1         |
+--------------------+--------------------+--------------------+--------------------+
| 0.7397260273972602 | 0.7408675799086757 | 0.7397260273972602 | 0.7367141781482411 |
+--------------------+--------------------+--------------------+--------------------+

Epoch loss:0.33895268452328603

+--------------------+--------------------+--------------------+--------------------+
|      Accuracy      |     Precision      |       Recall       |         F1         |
+--------------------+--------------------+--------------------+--------------------+
| 0.8493150684931506 | 0.8499762391784954 | 0.8493150684931506 | 0.8494858808092363 |
+--------------------+--------------------+--------------------+--------------------+

Epoch loss:0.3365034668429478

+--------------------+--------------------+--------------------+--------------------+
|      Accuracy      |     Precision      |       Recall       |         F1         |
+--------------------+--------------------+--------------------+--------------------+
| 0.8767123287671232 | 0.9031311154598826 | 0.8767123287671232 | 0.8762955817094347 |
+--------------------+--------------------+--------------------+--------------------+

Epoch loss:0.3009906234974797

+--------------------+--------------------+--------------------+--------------------+
|      Accuracy      |     Precision      |       Recall       |         F1         |
+--------------------+--------------------+--------------------+--------------------+
| 0.8356164383561644 | 0.8357637354544116 | 0.8356164383561644 | 0.8350526227865018 |
+--------------------+--------------------+--------------------+--------------------+

Epoch loss:0.3110574381174268

+--------------------+--------------------+--------------------+--------------------+
|      Accuracy      |     Precision      |       Recall       |         F1         |
+--------------------+--------------------+--------------------+--------------------+
| 0.8904109589041096 | 0.9027459245025723 | 0.8904109589041096 | 0.8905343699864248 |
+--------------------+--------------------+--------------------+--------------------+

Epoch loss:0.2953916007803904

+-------------------+-------------------+-------------------+--------------------+
|      Accuracy     |     Precision     |       Recall      |         F1         |
+-------------------+-------------------+-------------------+--------------------+
| 0.863013698630137 | 0.868814019498951 | 0.863013698630137 | 0.8633226902873622 |
+-------------------+-------------------+-------------------+--------------------+

Epoch loss:0.2734151639648386

+--------------------+--------------------+--------------------+--------------------+
|      Accuracy      |     Precision      |       Recall       |         F1         |
+--------------------+--------------------+--------------------+--------------------+
| 0.8904109589041096 | 0.9027459245025723 | 0.8904109589041096 | 0.8905343699864248 |
+--------------------+--------------------+--------------------+--------------------+

Epoch loss:0.28741030827970115

+--------------------+--------------------+--------------------+--------------------+
|      Accuracy      |     Precision      |       Recall       |         F1         |
+--------------------+--------------------+--------------------+--------------------+
| 0.8904109589041096 | 0.8921619116283859 | 0.8904109589041096 | 0.8906175747432797 |
+--------------------+--------------------+--------------------+--------------------+

Epoch loss:0.2834133274249128

+--------------------+--------------------+--------------------+--------------------+
|      Accuracy      |     Precision      |       Recall       |         F1         |
+--------------------+--------------------+--------------------+--------------------+
| 0.8904109589041096 | 0.9117941864350151 | 0.8904109589041096 | 0.8902464107943561 |
+--------------------+--------------------+--------------------+--------------------+

Epoch loss:0.2539964633414874

+--------------------+--------------------+--------------------+-------------------+
|      Accuracy      |     Precision      |       Recall       |         F1        |
+--------------------+--------------------+--------------------+-------------------+
| 0.8082191780821918 | 0.8099798170653153 | 0.8082191780821918 | 0.806598910001473 |
+--------------------+--------------------+--------------------+-------------------+

Epoch loss:0.2810792922973633

+-------------------+--------------------+-------------------+--------------------+
|      Accuracy     |     Precision      |       Recall      |         F1         |
+-------------------+--------------------+-------------------+--------------------+
| 0.863013698630137 | 0.8648264496858585 | 0.863013698630137 | 0.8632719684290997 |
+-------------------+--------------------+-------------------+--------------------+

Epoch loss:0.2670024351493732

+--------------------+--------------------+--------------------+--------------------+
|      Accuracy      |     Precision      |       Recall       |         F1         |
+--------------------+--------------------+--------------------+--------------------+
| 0.8493150684931506 | 0.8528631371097125 | 0.8493150684931506 | 0.8496554071300944 |
+--------------------+--------------------+--------------------+--------------------+

Epoch loss:0.24909197176630432

+--------------------+--------------------+--------------------+--------------------+
|      Accuracy      |     Precision      |       Recall       |         F1         |
+--------------------+--------------------+--------------------+--------------------+
| 0.8767123287671232 | 0.8854155937789678 | 0.8767123287671232 | 0.8769438549102837 |
+--------------------+--------------------+--------------------+--------------------+

Epoch loss:0.2649550541631273

+--------------------+--------------------+--------------------+--------------------+
|      Accuracy      |     Precision      |       Recall       |         F1         |
+--------------------+--------------------+--------------------+--------------------+
| 0.8904109589041096 | 0.9027459245025723 | 0.8904109589041096 | 0.8905343699864248 |
+--------------------+--------------------+--------------------+--------------------+

Epoch loss:0.2549363220664295

+--------------------+--------------------+--------------------+--------------------+
|      Accuracy      |     Precision      |       Recall       |         F1         |
+--------------------+--------------------+--------------------+--------------------+
| 0.9041095890410958 | 0.9129673498815531 | 0.9041095890410958 | 0.9042896649302207 |
+--------------------+--------------------+--------------------+--------------------+

Epoch loss:0.2548297949739405

+--------------------+--------------------+--------------------+--------------------+
|      Accuracy      |     Precision      |       Recall       |         F1         |
+--------------------+--------------------+--------------------+--------------------+
| 0.8493150684931506 | 0.8528631371097125 | 0.8493150684931506 | 0.8496554071300944 |
+--------------------+--------------------+--------------------+--------------------+

Epoch loss:0.23812543409498962

+--------------------+--------------------+--------------------+--------------------+
|      Accuracy      |     Precision      |       Recall       |         F1         |
+--------------------+--------------------+--------------------+--------------------+
| 0.8493150684931506 | 0.8528631371097125 | 0.8493150684931506 | 0.8496554071300944 |
+--------------------+--------------------+--------------------+--------------------+

Epoch loss:0.2158892236247256

+-------------------+--------------------+-------------------+--------------------+
|      Accuracy     |     Precision      |       Recall      |         F1         |
+-------------------+--------------------+-------------------+--------------------+
| 0.863013698630137 | 0.8648264496858585 | 0.863013698630137 | 0.8632719684290997 |
+-------------------+--------------------+-------------------+--------------------+

Epoch loss:0.20237846642329888

+--------------------+--------------------+--------------------+--------------------+
|      Accuracy      |     Precision      |       Recall       |         F1         |
+--------------------+--------------------+--------------------+--------------------+
| 0.8767123287671232 | 0.8854155937789678 | 0.8767123287671232 | 0.8769438549102837 |
+--------------------+--------------------+--------------------+--------------------+

Epoch loss:0.19272801081171712

+--------------------+--------------------+--------------------+--------------------+
|      Accuracy      |     Precision      |       Recall       |         F1         |
+--------------------+--------------------+--------------------+--------------------+
| 0.9041095890410958 | 0.9129673498815531 | 0.9041095890410958 | 0.9042896649302207 |
+--------------------+--------------------+--------------------+--------------------+

Epoch loss:0.18224889230033434

+--------------------+--------------------+--------------------+--------------------+
|      Accuracy      |     Precision      |       Recall       |         F1         |
+--------------------+--------------------+--------------------+--------------------+
| 0.8767123287671232 | 0.9031311154598826 | 0.8767123287671232 | 0.8762955817094347 |
+--------------------+--------------------+--------------------+--------------------+

Epoch loss:0.20753939386859938

+--------------------+--------------------+--------------------+--------------------+
|      Accuracy      |     Precision      |       Recall       |         F1         |
+--------------------+--------------------+--------------------+--------------------+
| 0.8767123287671232 | 0.8802295446131063 | 0.8767123287671232 | 0.8769907876518955 |
+--------------------+--------------------+--------------------+--------------------+

Epoch loss:0.19997055501349875

+--------------------+--------------------+--------------------+--------------------+
|      Accuracy      |     Precision      |       Recall       |         F1         |
+--------------------+--------------------+--------------------+--------------------+
| 0.8493150684931506 | 0.8528631371097125 | 0.8493150684931506 | 0.8496554071300944 |
+--------------------+--------------------+--------------------+--------------------+

Epoch loss:0.19467300508876104

+-------------------+-------------------+-------------------+-------------------+
|      Accuracy     |     Precision     |       Recall      |         F1        |
+-------------------+-------------------+-------------------+-------------------+
| 0.863013698630137 | 0.863013698630137 | 0.863013698630137 | 0.863013698630137 |
+-------------------+-------------------+-------------------+-------------------+

Epoch loss:0.17201393777252855

+--------------------+--------------------+--------------------+--------------------+
|      Accuracy      |     Precision      |       Recall       |         F1         |
+--------------------+--------------------+--------------------+--------------------+
| 0.8767123287671232 | 0.8802295446131063 | 0.8767123287671232 | 0.8769907876518955 |
+--------------------+--------------------+--------------------+--------------------+

Epoch loss:0.16690295711914832

+--------------------+-------------------+--------------------+--------------------+
|      Accuracy      |     Precision     |       Recall       |         F1         |
+--------------------+-------------------+--------------------+--------------------+
| 0.8904109589041096 | 0.896252416800362 | 0.8904109589041096 | 0.8906581522298898 |
+--------------------+-------------------+--------------------+--------------------+

Epoch loss:0.17747985435700095

+--------------------+--------------------+--------------------+--------------------+
|      Accuracy      |     Precision      |       Recall       |         F1         |
+--------------------+--------------------+--------------------+--------------------+
| 0.9041095890410958 | 0.9129673498815531 | 0.9041095890410958 | 0.9042896649302207 |
+--------------------+--------------------+--------------------+--------------------+

Epoch loss:0.20936674277323322

+--------------------+--------------------+--------------------+--------------------+
|      Accuracy      |     Precision      |       Recall       |         F1         |
+--------------------+--------------------+--------------------+--------------------+
| 0.8767123287671232 | 0.8802295446131063 | 0.8767123287671232 | 0.8769907876518955 |
+--------------------+--------------------+--------------------+--------------------+

Epoch loss:0.14061706461251486

+--------------------+--------------------+--------------------+--------------------+
|      Accuracy      |     Precision      |       Recall       |         F1         |
+--------------------+--------------------+--------------------+--------------------+
| 0.8904109589041096 | 0.9117941864350151 | 0.8904109589041096 | 0.8902464107943561 |
+--------------------+--------------------+--------------------+--------------------+

Epoch loss:0.18106269817232984

+--------------------+-------------------+--------------------+--------------------+
|      Accuracy      |     Precision     |       Recall       |         F1         |
+--------------------+-------------------+--------------------+--------------------+
| 0.8493150684931506 | 0.849179335115269 | 0.8493150684931506 | 0.8490861075335961 |
+--------------------+-------------------+--------------------+--------------------+

Epoch loss:0.1374927729972311

+--------------------+--------------------+--------------------+--------------------+
|      Accuracy      |     Precision      |       Recall       |         F1         |
+--------------------+--------------------+--------------------+--------------------+
| 0.8356164383561644 | 0.8356164383561644 | 0.8356164383561644 | 0.8356164383561644 |
+--------------------+--------------------+--------------------+--------------------+

Epoch loss:0.16900934889988117

+--------------------+--------------------+--------------------+--------------------+
|      Accuracy      |     Precision      |       Recall       |         F1         |
+--------------------+--------------------+--------------------+--------------------+
| 0.8904109589041096 | 0.9117941864350151 | 0.8904109589041096 | 0.8902464107943561 |
+--------------------+--------------------+--------------------+--------------------+

Epoch loss:0.16044502444817005

+--------------------+--------------------+--------------------+--------------------+
|      Accuracy      |     Precision      |       Recall       |         F1         |
+--------------------+--------------------+--------------------+--------------------+
| 0.8767123287671232 | 0.8854155937789678 | 0.8767123287671232 | 0.8769438549102837 |
+--------------------+--------------------+--------------------+--------------------+

Epoch loss:0.13297968486172929

+--------------------+--------------------+--------------------+--------------------+
|      Accuracy      |     Precision      |       Recall       |         F1         |
+--------------------+--------------------+--------------------+--------------------+
| 0.9041095890410958 | 0.9129673498815531 | 0.9041095890410958 | 0.9042896649302207 |
+--------------------+--------------------+--------------------+--------------------+

Epoch loss:0.14313653016752387

+--------------------+--------------------+--------------------+--------------------+
|      Accuracy      |     Precision      |       Recall       |         F1         |
+--------------------+--------------------+--------------------+--------------------+
| 0.9041095890410958 | 0.9075959521165001 | 0.9041095890410958 | 0.9043261681736965 |
+--------------------+--------------------+--------------------+--------------------+

Epoch loss:0.16487264123468384

+--------------------+--------------------+--------------------+--------------------+
|      Accuracy      |     Precision      |       Recall       |         F1         |
+--------------------+--------------------+--------------------+--------------------+
| 0.8904109589041096 | 0.8904109589041096 | 0.8904109589041096 | 0.8904109589041096 |
+--------------------+--------------------+--------------------+--------------------+

Epoch loss:0.17195211081668055

+--------------------+--------------------+--------------------+--------------------+
|      Accuracy      |     Precision      |       Recall       |         F1         |
+--------------------+--------------------+--------------------+--------------------+
| 0.8356164383561644 | 0.8356164383561644 | 0.8356164383561644 | 0.8356164383561644 |
+--------------------+--------------------+--------------------+--------------------+

Epoch loss:0.1186469517446853

+--------------------+--------------------+--------------------+--------------------+
|      Accuracy      |     Precision      |       Recall       |         F1         |
+--------------------+--------------------+--------------------+--------------------+
| 0.8767123287671232 | 0.8802295446131063 | 0.8767123287671232 | 0.8769907876518955 |
+--------------------+--------------------+--------------------+--------------------+

Epoch loss:0.11713664224481436

+--------------------+--------------------+--------------------+--------------------+
|      Accuracy      |     Precision      |       Recall       |         F1         |
+--------------------+--------------------+--------------------+--------------------+
| 0.9041095890410958 | 0.9046674518068556 | 0.9041095890410958 | 0.9042182877876958 |
+--------------------+--------------------+--------------------+--------------------+

Epoch loss:0.14922127424113177

+--------------------+--------------------+--------------------+--------------------+
|      Accuracy      |     Precision      |       Recall       |         F1         |
+--------------------+--------------------+--------------------+--------------------+
| 0.8904109589041096 | 0.8921619116283859 | 0.8904109589041096 | 0.8906175747432797 |
+--------------------+--------------------+--------------------+--------------------+

Epoch loss:0.13743873713286342

+-------------------+-------------------+-------------------+--------------------+
|      Accuracy     |     Precision     |       Recall      |         F1         |
+-------------------+-------------------+-------------------+--------------------+
| 0.863013698630137 | 0.868814019498951 | 0.863013698630137 | 0.8633226902873622 |
+-------------------+-------------------+-------------------+--------------------+

Epoch loss:0.14921031124115847

+--------------------+--------------------+--------------------+-------------------+
|      Accuracy      |     Precision      |       Recall       |         F1        |
+--------------------+--------------------+--------------------+-------------------+
| 0.8767123287671232 | 0.8773218454926754 | 0.8767123287671232 | 0.876852084298466 |
+--------------------+--------------------+--------------------+-------------------+

Epoch loss:0.09306168445205863

+--------------------+--------------------+--------------------+--------------------+
|      Accuracy      |     Precision      |       Recall       |         F1         |
+--------------------+--------------------+--------------------+--------------------+
| 0.8493150684931506 | 0.8499762391784954 | 0.8493150684931506 | 0.8494858808092363 |
+--------------------+--------------------+--------------------+--------------------+

Epoch loss:0.13113307246975317

+--------------------+-------------------+--------------------+--------------------+
|      Accuracy      |     Precision     |       Recall       |         F1         |
+--------------------+-------------------+--------------------+--------------------+
| 0.8904109589041096 | 0.896252416800362 | 0.8904109589041096 | 0.8906581522298898 |
+--------------------+-------------------+--------------------+--------------------+

Epoch loss:0.14168200915807844

+--------------------+--------------------+--------------------+--------------------+
|      Accuracy      |     Precision      |       Recall       |         F1         |
+--------------------+--------------------+--------------------+--------------------+
| 0.8904109589041096 | 0.9027459245025723 | 0.8904109589041096 | 0.8905343699864248 |
+--------------------+--------------------+--------------------+--------------------+

Epoch loss:0.14443049105387684

+--------------------+--------------------+--------------------+--------------------+
|      Accuracy      |     Precision      |       Recall       |         F1         |
+--------------------+--------------------+--------------------+--------------------+
| 0.8356164383561644 | 0.8794520547945206 | 0.8356164383561644 | 0.8337568958036322 |
+--------------------+--------------------+--------------------+--------------------+

Epoch loss:0.14222332525438303

+-------------------+-------------------+-------------------+--------------------+
|      Accuracy     |     Precision     |       Recall      |         F1         |
+-------------------+-------------------+-------------------+--------------------+
| 0.863013698630137 | 0.868814019498951 | 0.863013698630137 | 0.8633226902873622 |
+-------------------+-------------------+-------------------+--------------------+

Epoch loss:0.128353606173806

+-------------------+-------------------+-------------------+--------------------+
|      Accuracy     |     Precision     |       Recall      |         F1         |
+-------------------+-------------------+-------------------+--------------------+
| 0.863013698630137 | 0.868814019498951 | 0.863013698630137 | 0.8633226902873622 |
+-------------------+-------------------+-------------------+--------------------+

Epoch loss:0.16416266635280555

+--------------------+--------------------+--------------------+--------------------+
|      Accuracy      |     Precision      |       Recall       |         F1         |
+--------------------+--------------------+--------------------+--------------------+
| 0.8767123287671232 | 0.8854155937789678 | 0.8767123287671232 | 0.8769438549102837 |
+--------------------+--------------------+--------------------+--------------------+

Epoch loss:0.10802082392085041

+-------------------+-------------------+-------------------+-------------------+
|      Accuracy     |     Precision     |       Recall      |         F1        |
+-------------------+-------------------+-------------------+-------------------+
| 0.863013698630137 | 0.863013698630137 | 0.863013698630137 | 0.863013698630137 |
+-------------------+-------------------+-------------------+-------------------+

Epoch loss:0.108497219582598

+-------------------+--------------------+-------------------+--------------------+
|      Accuracy     |     Precision      |       Recall      |         F1         |
+-------------------+--------------------+-------------------+--------------------+
| 0.863013698630137 | 0.8648264496858585 | 0.863013698630137 | 0.8632719684290997 |
+-------------------+--------------------+-------------------+--------------------+

Epoch loss:0.11399175790693089

+--------------------+--------------------+--------------------+--------------------+
|      Accuracy      |     Precision      |       Recall       |         F1         |
+--------------------+--------------------+--------------------+--------------------+
| 0.9041095890410958 | 0.9046674518068556 | 0.9041095890410958 | 0.9042182877876958 |
+--------------------+--------------------+--------------------+--------------------+

Epoch loss:0.11279533216102393

+--------------------+-------------------+--------------------+--------------------+
|      Accuracy      |     Precision     |       Recall       |         F1         |
+--------------------+-------------------+--------------------+--------------------+
| 0.9041095890410958 | 0.920890410958904 | 0.9041095890410958 | 0.9041095890410958 |
+--------------------+-------------------+--------------------+--------------------+

Epoch loss:0.11696176456894751

+--------------------+-------------------+--------------------+--------------------+
|      Accuracy      |     Precision     |       Recall       |         F1         |
+--------------------+-------------------+--------------------+--------------------+
| 0.8904109589041096 | 0.896252416800362 | 0.8904109589041096 | 0.8906581522298898 |
+--------------------+-------------------+--------------------+--------------------+

Epoch loss:0.09645729181765755

+--------------------+-------------------+--------------------+--------------------+
|      Accuracy      |     Precision     |       Recall       |         F1         |
+--------------------+-------------------+--------------------+--------------------+
| 0.9178082191780822 | 0.923690814101773 | 0.9178082191780822 | 0.9179936141724174 |
+--------------------+-------------------+--------------------+--------------------+

Epoch loss:0.10510307946030381

+-------------------+--------------------+-------------------+--------------------+
|      Accuracy     |     Precision      |       Recall      |         F1         |
+-------------------+--------------------+-------------------+--------------------+
| 0.863013698630137 | 0.8648264496858585 | 0.863013698630137 | 0.8632719684290997 |
+-------------------+--------------------+-------------------+--------------------+

Epoch loss:0.11607389117538382

+--------------------+--------------------+--------------------+--------------------+
|      Accuracy      |     Precision      |       Recall       |         F1         |
+--------------------+--------------------+--------------------+--------------------+
| 0.8767123287671232 | 0.8854155937789678 | 0.8767123287671232 | 0.8769438549102837 |
+--------------------+--------------------+--------------------+--------------------+

Epoch loss:0.13242079519841354

+-------------------+--------------------+-------------------+--------------------+
|      Accuracy     |     Precision      |       Recall      |         F1         |
+-------------------+--------------------+-------------------+--------------------+
| 0.863013698630137 | 0.8750387404698444 | 0.863013698630137 | 0.8631679624830311 |
+-------------------+--------------------+-------------------+--------------------+

Epoch loss:0.10943607545954906

+-------------------+--------------------+-------------------+--------------------+
|      Accuracy     |     Precision      |       Recall      |         F1         |
+-------------------+--------------------+-------------------+--------------------+
| 0.863013698630137 | 0.8648264496858585 | 0.863013698630137 | 0.8632719684290997 |
+-------------------+--------------------+-------------------+--------------------+

Epoch loss:0.06568110055277922

+--------------------+--------------------+--------------------+--------------------+
|      Accuracy      |     Precision      |       Recall       |         F1         |
+--------------------+--------------------+--------------------+--------------------+
| 0.9041095890410958 | 0.9129673498815531 | 0.9041095890410958 | 0.9042896649302207 |
+--------------------+--------------------+--------------------+--------------------+

Epoch loss:0.12090630096778064

+--------------------+--------------------+--------------------+--------------------+
|      Accuracy      |     Precision      |       Recall       |         F1         |
+--------------------+--------------------+--------------------+--------------------+
| 0.8904109589041096 | 0.8910211897397051 | 0.8904109589041096 | 0.8900350818576679 |
+--------------------+--------------------+--------------------+--------------------+

Epoch loss:0.15220351760512427

+--------------------+--------------------+--------------------+--------------------+
|      Accuracy      |     Precision      |       Recall       |         F1         |
+--------------------+--------------------+--------------------+--------------------+
| 0.8904109589041096 | 0.8921619116283859 | 0.8904109589041096 | 0.8906175747432797 |
+--------------------+--------------------+--------------------+--------------------+

Epoch loss:0.10050668311187355

+--------------------+--------------------+--------------------+--------------------+
|      Accuracy      |     Precision      |       Recall       |         F1         |
+--------------------+--------------------+--------------------+--------------------+
| 0.8904109589041096 | 0.9027459245025723 | 0.8904109589041096 | 0.8905343699864248 |
+--------------------+--------------------+--------------------+--------------------+

Epoch loss:0.06678810139686214

+--------------------+--------------------+--------------------+-------------------+
|      Accuracy      |     Precision      |       Recall       |         F1        |
+--------------------+--------------------+--------------------+-------------------+
| 0.8767123287671232 | 0.8773218454926754 | 0.8767123287671232 | 0.876852084298466 |
+--------------------+--------------------+--------------------+-------------------+

Epoch loss:0.12963685100485972

+--------------------+-------------------+--------------------+--------------------+
|      Accuracy      |     Precision     |       Recall       |         F1         |
+--------------------+-------------------+--------------------+--------------------+
| 0.8493150684931506 | 0.849179335115269 | 0.8493150684931506 | 0.8490861075335961 |
+--------------------+-------------------+--------------------+--------------------+

Epoch loss:0.07750852743088585

+-------------------+-------------------+-------------------+-------------------+
|      Accuracy     |     Precision     |       Recall      |         F1        |
+-------------------+-------------------+-------------------+-------------------+
| 0.863013698630137 | 0.863013698630137 | 0.863013698630137 | 0.863013698630137 |
+-------------------+-------------------+-------------------+-------------------+

Epoch loss:0.12352274433455804

+--------------------+--------------------+--------------------+--------------------+
|      Accuracy      |     Precision      |       Recall       |         F1         |
+--------------------+--------------------+--------------------+--------------------+
| 0.8904109589041096 | 0.9027459245025723 | 0.8904109589041096 | 0.8905343699864248 |
+--------------------+--------------------+--------------------+--------------------+

Epoch loss:0.13939156063015862

+--------------------+--------------------+--------------------+--------------------+
|      Accuracy      |     Precision      |       Recall       |         F1         |
+--------------------+--------------------+--------------------+--------------------+
| 0.9041095890410958 | 0.9075959521165001 | 0.9041095890410958 | 0.9043261681736965 |
+--------------------+--------------------+--------------------+--------------------+

Epoch loss:0.15923543722953423

+--------------------+--------------------+--------------------+--------------------+
|      Accuracy      |     Precision      |       Recall       |         F1         |
+--------------------+--------------------+--------------------+--------------------+
| 0.9041095890410958 | 0.9046674518068556 | 0.9041095890410958 | 0.9042182877876958 |
+--------------------+--------------------+--------------------+--------------------+

Epoch loss:0.13700135229152471

+--------------------+--------------------+--------------------+--------------------+
|      Accuracy      |     Precision      |       Recall       |         F1         |
+--------------------+--------------------+--------------------+--------------------+
| 0.8767123287671232 | 0.8802295446131063 | 0.8767123287671232 | 0.8769907876518955 |
+--------------------+--------------------+--------------------+--------------------+

Epoch loss:0.07814605462072306

+--------------------+--------------------+--------------------+--------------------+
|      Accuracy      |     Precision      |       Recall       |         F1         |
+--------------------+--------------------+--------------------+--------------------+
| 0.8904109589041096 | 0.8921619116283859 | 0.8904109589041096 | 0.8906175747432797 |
+--------------------+--------------------+--------------------+--------------------+

Epoch loss:0.10105620210831419

+--------------------+--------------------+--------------------+--------------------+
|      Accuracy      |     Precision      |       Recall       |         F1         |
+--------------------+--------------------+--------------------+--------------------+
| 0.8904109589041096 | 0.8921619116283859 | 0.8904109589041096 | 0.8906175747432797 |
+--------------------+--------------------+--------------------+--------------------+

Epoch loss:0.1898681488213746

+--------------------+--------------------+--------------------+--------------------+
|      Accuracy      |     Precision      |       Recall       |         F1         |
+--------------------+--------------------+--------------------+--------------------+
| 0.8493150684931506 | 0.8499762391784954 | 0.8493150684931506 | 0.8494858808092363 |
+--------------------+--------------------+--------------------+--------------------+

Epoch loss:0.06793522902994237

+--------------------+-------------------+--------------------+--------------------+
|      Accuracy      |     Precision     |       Recall       |         F1         |
+--------------------+-------------------+--------------------+--------------------+
| 0.8904109589041096 | 0.896252416800362 | 0.8904109589041096 | 0.8906581522298898 |
+--------------------+-------------------+--------------------+--------------------+

Epoch loss:0.1500884439862873

+--------------------+--------------------+--------------------+--------------------+
|      Accuracy      |     Precision      |       Recall       |         F1         |
+--------------------+--------------------+--------------------+--------------------+
| 0.9041095890410958 | 0.9046674518068556 | 0.9041095890410958 | 0.9042182877876958 |
+--------------------+--------------------+--------------------+--------------------+

Epoch loss:0.07780101121165531

+--------------------+-------------------+--------------------+--------------------+
|      Accuracy      |     Precision     |       Recall       |         F1         |
+--------------------+-------------------+--------------------+--------------------+
| 0.8904109589041096 | 0.896252416800362 | 0.8904109589041096 | 0.8906581522298898 |
+--------------------+-------------------+--------------------+--------------------+

Epoch loss:0.09657489471794327

+--------------------+--------------------+--------------------+--------------------+
|      Accuracy      |     Precision      |       Recall       |         F1         |
+--------------------+--------------------+--------------------+--------------------+
| 0.8493150684931506 | 0.8528631371097125 | 0.8493150684931506 | 0.8496554071300944 |
+--------------------+--------------------+--------------------+--------------------+

Epoch loss:0.09028814344268896

+--------------------+--------------------+--------------------+--------------------+
|      Accuracy      |     Precision      |       Recall       |         F1         |
+--------------------+--------------------+--------------------+--------------------+
| 0.8493150684931506 | 0.8528631371097125 | 0.8493150684931506 | 0.8496554071300944 |
+--------------------+--------------------+--------------------+--------------------+

Epoch loss:0.10618954014208194

+--------------------+--------------------+--------------------+--------------------+
|      Accuracy      |     Precision      |       Recall       |         F1         |
+--------------------+--------------------+--------------------+--------------------+
| 0.8904109589041096 | 0.9027459245025723 | 0.8904109589041096 | 0.8905343699864248 |
+--------------------+--------------------+--------------------+--------------------+

Epoch loss:0.12925462633148446

+--------------------+--------------------+--------------------+--------------------+
|      Accuracy      |     Precision      |       Recall       |         F1         |
+--------------------+--------------------+--------------------+--------------------+
| 0.8767123287671232 | 0.8783370500159285 | 0.8767123287671232 | 0.8760049984674511 |
+--------------------+--------------------+--------------------+--------------------+

Epoch loss:0.07505586776406327

+--------------------+--------------------+--------------------+--------------------+
|      Accuracy      |     Precision      |       Recall       |         F1         |
+--------------------+--------------------+--------------------+--------------------+
| 0.9178082191780822 | 0.9194973735709135 | 0.9178082191780822 | 0.9179631810574599 |
+--------------------+--------------------+--------------------+--------------------+

Epoch loss:0.10258106172898045

+--------------------+--------------------+--------------------+--------------------+
|      Accuracy      |     Precision      |       Recall       |         F1         |
+--------------------+--------------------+--------------------+--------------------+
| 0.8904109589041096 | 0.8910211897397051 | 0.8904109589041096 | 0.8900350818576679 |
+--------------------+--------------------+--------------------+--------------------+

Epoch loss:0.10660173993864118

+-------------------+-------------------+-------------------+-------------------+
|      Accuracy     |     Precision     |       Recall      |         F1        |
+-------------------+-------------------+-------------------+-------------------+
| 0.863013698630137 | 0.863013698630137 | 0.863013698630137 | 0.863013698630137 |
+-------------------+-------------------+-------------------+-------------------+

Epoch loss:0.10571670677681805

+--------------------+--------------------+--------------------+-------------------+
|      Accuracy      |     Precision      |       Recall       |         F1        |
+--------------------+--------------------+--------------------+-------------------+
| 0.8767123287671232 | 0.8773218454926754 | 0.8767123287671232 | 0.876852084298466 |
+--------------------+--------------------+--------------------+-------------------+

Epoch loss:0.12679953034346822

+--------------------+--------------------+--------------------+--------------------+
|      Accuracy      |     Precision      |       Recall       |         F1         |
+--------------------+--------------------+--------------------+--------------------+
| 0.9041095890410958 | 0.9046674518068556 | 0.9041095890410958 | 0.9042182877876958 |
+--------------------+--------------------+--------------------+--------------------+

Epoch loss:0.10851147165384326

+--------------------+-------------------+--------------------+--------------------+
|      Accuracy      |     Precision     |       Recall       |         F1         |
+--------------------+-------------------+--------------------+--------------------+
| 0.9178082191780822 | 0.923690814101773 | 0.9178082191780822 | 0.9179936141724174 |
+--------------------+-------------------+--------------------+--------------------+

Epoch loss:0.09953009566393295

+--------------------+--------------------+--------------------+--------------------+
|      Accuracy      |     Precision      |       Recall       |         F1         |
+--------------------+--------------------+--------------------+--------------------+
| 0.8767123287671232 | 0.8802295446131063 | 0.8767123287671232 | 0.8769907876518955 |
+--------------------+--------------------+--------------------+--------------------+

Epoch loss:0.11366521210148012

+--------------------+--------------------+--------------------+--------------------+
|      Accuracy      |     Precision      |       Recall       |         F1         |
+--------------------+--------------------+--------------------+--------------------+
| 0.9041095890410958 | 0.9075959521165001 | 0.9041095890410958 | 0.9043261681736965 |
+--------------------+--------------------+--------------------+--------------------+

Epoch loss:0.08888443064103758

+--------------------+--------------------+--------------------+--------------------+
|      Accuracy      |     Precision      |       Recall       |         F1         |
+--------------------+--------------------+--------------------+--------------------+
| 0.9178082191780822 | 0.9194973735709135 | 0.9178082191780822 | 0.9179631810574599 |
+--------------------+--------------------+--------------------+--------------------+

Epoch loss:0.0996319903967769

+--------------------+--------------------+--------------------+--------------------+
|      Accuracy      |     Precision      |       Recall       |         F1         |
+--------------------+--------------------+--------------------+--------------------+
| 0.9041095890410958 | 0.9075959521165001 | 0.9041095890410958 | 0.9043261681736965 |
+--------------------+--------------------+--------------------+--------------------+

Epoch loss:0.08192761410953729

+--------------------+--------------------+--------------------+--------------------+
|      Accuracy      |     Precision      |       Recall       |         F1         |
+--------------------+--------------------+--------------------+--------------------+
| 0.8904109589041096 | 0.9027459245025723 | 0.8904109589041096 | 0.8905343699864248 |
+--------------------+--------------------+--------------------+--------------------+

Epoch loss:0.07633676748595326

+--------------------+--------------------+--------------------+--------------------+
|      Accuracy      |     Precision      |       Recall       |         F1         |
+--------------------+--------------------+--------------------+--------------------+
| 0.9315068493150684 | 0.9316530237220181 | 0.9315068493150684 | 0.9314027761516346 |
+--------------------+--------------------+--------------------+--------------------+

Epoch loss:0.1683936227749271

+--------------------+--------------------+--------------------+--------------------+
|      Accuracy      |     Precision      |       Recall       |         F1         |
+--------------------+--------------------+--------------------+--------------------+
| 0.8904109589041096 | 0.8904109589041096 | 0.8904109589041096 | 0.8904109589041096 |
+--------------------+--------------------+--------------------+--------------------+

Epoch loss:0.07866691190971274

+-------------------+-------------------+-------------------+--------------------+
|      Accuracy     |     Precision     |       Recall      |         F1         |
+-------------------+-------------------+-------------------+--------------------+
| 0.821917808219178 | 0.821688105579686 | 0.821917808219178 | 0.8216472179942499 |
+-------------------+-------------------+-------------------+--------------------+

Epoch loss:0.10877697581653219

+--------------------+--------------------+--------------------+--------------------+
|      Accuracy      |     Precision      |       Recall       |         F1         |
+--------------------+--------------------+--------------------+--------------------+
| 0.9178082191780822 | 0.9194973735709135 | 0.9178082191780822 | 0.9179631810574599 |
+--------------------+--------------------+--------------------+--------------------+

Epoch loss:0.08947736674809673

+--------------------+--------------------+--------------------+--------------------+
|      Accuracy      |     Precision      |       Recall       |         F1         |
+--------------------+--------------------+--------------------+--------------------+
| 0.8356164383561644 | 0.8380212135526258 | 0.8356164383561644 | 0.8342276371441196 |
+--------------------+--------------------+--------------------+--------------------+

Epoch loss:0.07730034991199779

+--------------------+--------------------+--------------------+--------------------+
|      Accuracy      |     Precision      |       Recall       |         F1         |
+--------------------+--------------------+--------------------+--------------------+
| 0.8904109589041096 | 0.8904109589041096 | 0.8904109589041096 | 0.8904109589041096 |
+--------------------+--------------------+--------------------+--------------------+

Epoch loss:0.11523765441074138

+--------------------+-------------------+--------------------+--------------------+
|      Accuracy      |     Precision     |       Recall       |         F1         |
+--------------------+-------------------+--------------------+--------------------+
| 0.8904109589041096 | 0.896252416800362 | 0.8904109589041096 | 0.8906581522298898 |
+--------------------+-------------------+--------------------+--------------------+

Epoch loss:0.11393617735720417

+-------------------+-------------------+-------------------+--------------------+
|      Accuracy     |     Precision     |       Recall      |         F1         |
+-------------------+-------------------+-------------------+--------------------+
| 0.863013698630137 | 0.868814019498951 | 0.863013698630137 | 0.8633226902873622 |
+-------------------+-------------------+-------------------+--------------------+

Epoch loss:0.045889393369492576

+--------------------+--------------------+--------------------+--------------------+
|      Accuracy      |     Precision      |       Recall       |         F1         |
+--------------------+--------------------+--------------------+--------------------+
| 0.9041095890410958 | 0.9075959521165001 | 0.9041095890410958 | 0.9043261681736965 |
+--------------------+--------------------+--------------------+--------------------+

Epoch loss:0.13753620482065865

+--------------------+--------------------+--------------------+--------------------+
|      Accuracy      |     Precision      |       Recall       |         F1         |
+--------------------+--------------------+--------------------+--------------------+
| 0.8767123287671232 | 0.8802295446131063 | 0.8767123287671232 | 0.8769907876518955 |
+--------------------+--------------------+--------------------+--------------------+

Epoch loss:0.06323289696788256

+--------------------+--------------------+--------------------+--------------------+
|      Accuracy      |     Precision      |       Recall       |         F1         |
+--------------------+--------------------+--------------------+--------------------+
| 0.9041095890410958 | 0.9046674518068556 | 0.9041095890410958 | 0.9042182877876958 |
+--------------------+--------------------+--------------------+--------------------+

Epoch loss:0.0620012794555936

+--------------------+--------------------+--------------------+--------------------+
|      Accuracy      |     Precision      |       Recall       |         F1         |
+--------------------+--------------------+--------------------+--------------------+
| 0.9041095890410958 | 0.9041617941864349 | 0.9041095890410958 | 0.9039638866122883 |
+--------------------+--------------------+--------------------+--------------------+

Epoch loss:0.1111832439623015

+--------------------+--------------------+--------------------+--------------------+
|      Accuracy      |     Precision      |       Recall       |         F1         |
+--------------------+--------------------+--------------------+--------------------+
| 0.9041095890410958 | 0.9075959521165001 | 0.9041095890410958 | 0.9043261681736965 |
+--------------------+--------------------+--------------------+--------------------+

Epoch loss:0.2057058308738562

+--------------------+--------------------+--------------------+-------------------+
|      Accuracy      |     Precision      |       Recall       |         F1        |
+--------------------+--------------------+--------------------+-------------------+
| 0.8767123287671232 | 0.8773218454926754 | 0.8767123287671232 | 0.876852084298466 |
+--------------------+--------------------+--------------------+-------------------+

Epoch loss:0.0799797787669818

+--------------------+--------------------+--------------------+--------------------+
|      Accuracy      |     Precision      |       Recall       |         F1         |
+--------------------+--------------------+--------------------+--------------------+
| 0.8904109589041096 | 0.8921619116283859 | 0.8904109589041096 | 0.8906175747432797 |
+--------------------+--------------------+--------------------+--------------------+

Epoch loss:0.08340894298732593

+--------------------+--------------------+--------------------+--------------------+
|      Accuracy      |     Precision      |       Recall       |         F1         |
+--------------------+--------------------+--------------------+--------------------+
| 0.9041095890410958 | 0.9041617941864349 | 0.9041095890410958 | 0.9039638866122883 |
+--------------------+--------------------+--------------------+--------------------+

Epoch loss:0.1167592663355959

+--------------------+--------------------+--------------------+--------------------+
|      Accuracy      |     Precision      |       Recall       |         F1         |
+--------------------+--------------------+--------------------+--------------------+
| 0.8356164383561644 | 0.8425650188604328 | 0.8356164383561644 | 0.8331315705638738 |
+--------------------+--------------------+--------------------+--------------------+

Epoch loss:0.09734593779980347

+--------------------+--------------------+--------------------+------------------+
|      Accuracy      |     Precision      |       Recall       |        F1        |
+--------------------+--------------------+--------------------+------------------+
| 0.8493150684931506 | 0.8505256451099077 | 0.8493150684931506 | 0.84845055368244 |
+--------------------+--------------------+--------------------+------------------+

Epoch loss:0.1828906150466905

+--------------------+--------------------+--------------------+-------------------+
|      Accuracy      |     Precision      |       Recall       |         F1        |
+--------------------+--------------------+--------------------+-------------------+
| 0.8767123287671232 | 0.8773218454926754 | 0.8767123287671232 | 0.876852084298466 |
+--------------------+--------------------+--------------------+-------------------+

Epoch loss:0.07926019731647965

+--------------------+--------------------+--------------------+-------------------+
|      Accuracy      |     Precision      |       Recall       |         F1        |
+--------------------+--------------------+--------------------+-------------------+
| 0.8767123287671232 | 0.8773218454926754 | 0.8767123287671232 | 0.876852084298466 |
+--------------------+--------------------+--------------------+-------------------+

Epoch loss:0.08154934568339604

+--------------------+--------------------+--------------------+-------------------+
|      Accuracy      |     Precision      |       Recall       |         F1        |
+--------------------+--------------------+--------------------+-------------------+
| 0.8767123287671232 | 0.8773218454926754 | 0.8767123287671232 | 0.876852084298466 |
+--------------------+--------------------+--------------------+-------------------+

Epoch loss:0.09600426294518775

+--------------------+--------------------+--------------------+--------------------+
|      Accuracy      |     Precision      |       Recall       |         F1         |
+--------------------+--------------------+--------------------+--------------------+
| 0.9041095890410958 | 0.9075959521165001 | 0.9041095890410958 | 0.9043261681736965 |
+--------------------+--------------------+--------------------+--------------------+

Epoch loss:0.12677255655078498

+--------------------+--------------------+--------------------+--------------------+
|      Accuracy      |     Precision      |       Recall       |         F1         |
+--------------------+--------------------+--------------------+--------------------+
| 0.9041095890410958 | 0.9075959521165001 | 0.9041095890410958 | 0.9043261681736965 |
+--------------------+--------------------+--------------------+--------------------+

Epoch loss:0.1188176854759988

+-------------------+--------------------+-------------------+--------------------+
|      Accuracy     |     Precision      |       Recall      |         F1         |
+-------------------+--------------------+-------------------+--------------------+
| 0.863013698630137 | 0.8633924625970583 | 0.863013698630137 | 0.8625438523220849 |
+-------------------+--------------------+-------------------+--------------------+

Epoch loss:0.05677134364237734

+--------------------+--------------------+--------------------+--------------------+
|      Accuracy      |     Precision      |       Recall       |         F1         |
+--------------------+--------------------+--------------------+--------------------+
| 0.9041095890410958 | 0.9046674518068556 | 0.9041095890410958 | 0.9042182877876958 |
+--------------------+--------------------+--------------------+--------------------+

Epoch loss:0.12131033457772959

+--------------------+--------------------+--------------------+--------------------+
|      Accuracy      |     Precision      |       Recall       |         F1         |
+--------------------+--------------------+--------------------+--------------------+
| 0.9041095890410958 | 0.9075959521165001 | 0.9041095890410958 | 0.9043261681736965 |
+--------------------+--------------------+--------------------+--------------------+

Epoch loss:0.06097130516257513

+--------------------+--------------------+--------------------+--------------------+
|      Accuracy      |     Precision      |       Recall       |         F1         |
+--------------------+--------------------+--------------------+--------------------+
| 0.9041095890410958 | 0.9046674518068556 | 0.9041095890410958 | 0.9042182877876958 |
+--------------------+--------------------+--------------------+--------------------+

Epoch loss:0.035095410311685844

+--------------------+--------------------+--------------------+-------------------+
|      Accuracy      |     Precision      |       Recall       |         F1        |
+--------------------+--------------------+--------------------+-------------------+
| 0.8767123287671232 | 0.8773218454926754 | 0.8767123287671232 | 0.876852084298466 |
+--------------------+--------------------+--------------------+-------------------+

Epoch loss:0.09375969147874312

+--------------------+--------------------+--------------------+--------------------+
|      Accuracy      |     Precision      |       Recall       |         F1         |
+--------------------+--------------------+--------------------+--------------------+
| 0.9041095890410958 | 0.9075959521165001 | 0.9041095890410958 | 0.9043261681736965 |
+--------------------+--------------------+--------------------+--------------------+

Epoch loss:0.02276607310127134

+--------------------+--------------------+--------------------+--------------------+
|      Accuracy      |     Precision      |       Recall       |         F1         |
+--------------------+--------------------+--------------------+--------------------+
| 0.9041095890410958 | 0.9046674518068556 | 0.9041095890410958 | 0.9042182877876958 |
+--------------------+--------------------+--------------------+--------------------+

Epoch loss:0.053427666527496157

+--------------------+--------------------+--------------------+--------------------+
|      Accuracy      |     Precision      |       Recall       |         F1         |
+--------------------+--------------------+--------------------+--------------------+
| 0.8767123287671232 | 0.8802295446131063 | 0.8767123287671232 | 0.8769907876518955 |
+--------------------+--------------------+--------------------+--------------------+

Epoch loss:0.2806946931237391

+--------------------+--------------------+--------------------+--------------------+
|      Accuracy      |     Precision      |       Recall       |         F1         |
+--------------------+--------------------+--------------------+--------------------+
| 0.8767123287671232 | 0.8802295446131063 | 0.8767123287671232 | 0.8769907876518955 |
+--------------------+--------------------+--------------------+--------------------+

Epoch loss:0.0369459407461886

+--------------------+--------------------+--------------------+--------------------+
|      Accuracy      |     Precision      |       Recall       |         F1         |
+--------------------+--------------------+--------------------+--------------------+
| 0.9178082191780822 | 0.9304531085353003 | 0.9178082191780822 | 0.9179007774898186 |
+--------------------+--------------------+--------------------+--------------------+

Epoch loss:0.11160146824704954

+--------------------+--------------------+--------------------+--------------------+
|      Accuracy      |     Precision      |       Recall       |         F1         |
+--------------------+--------------------+--------------------+--------------------+
| 0.9041095890410958 | 0.9046674518068556 | 0.9041095890410958 | 0.9042182877876958 |
+--------------------+--------------------+--------------------+--------------------+

Epoch loss:0.06217646059770315

+--------------------+-------------------+--------------------+--------------------+
|      Accuracy      |     Precision     |       Recall       |         F1         |
+--------------------+-------------------+--------------------+--------------------+
| 0.8904109589041096 | 0.896252416800362 | 0.8904109589041096 | 0.8906581522298898 |
+--------------------+-------------------+--------------------+--------------------+

Epoch loss:0.04453845316212801

+--------------------+--------------------+--------------------+--------------------+
|      Accuracy      |     Precision      |       Recall       |         F1         |
+--------------------+--------------------+--------------------+--------------------+
| 0.9041095890410958 | 0.9041617941864349 | 0.9041095890410958 | 0.9039638866122883 |
+--------------------+--------------------+--------------------+--------------------+

Epoch loss:0.11857091203881168

+--------------------+--------------------+--------------------+--------------------+
|      Accuracy      |     Precision      |       Recall       |         F1         |
+--------------------+--------------------+--------------------+--------------------+
| 0.8904109589041096 | 0.8910211897397051 | 0.8904109589041096 | 0.8900350818576679 |
+--------------------+--------------------+--------------------+--------------------+

Epoch loss:0.027217724838494408

+--------------------+--------------------+--------------------+--------------------+
|      Accuracy      |     Precision      |       Recall       |         F1         |
+--------------------+--------------------+--------------------+--------------------+
| 0.8904109589041096 | 0.8921619116283859 | 0.8904109589041096 | 0.8906175747432797 |
+--------------------+--------------------+--------------------+--------------------+

Epoch loss:0.05070601640419744

+--------------------+-------------------+--------------------+--------------------+
|      Accuracy      |     Precision     |       Recall       |         F1         |
+--------------------+-------------------+--------------------+--------------------+
| 0.8904109589041096 | 0.896252416800362 | 0.8904109589041096 | 0.8906581522298898 |
+--------------------+-------------------+--------------------+--------------------+

Epoch loss:0.09434783235279702

+--------------------+--------------------+--------------------+-------------------+
|      Accuracy      |     Precision      |       Recall       |         F1        |
+--------------------+--------------------+--------------------+-------------------+
| 0.8767123287671232 | 0.8773218454926754 | 0.8767123287671232 | 0.876852084298466 |
+--------------------+--------------------+--------------------+-------------------+

Epoch loss:0.10044754407139111

+--------------------+--------------------+--------------------+--------------------+
|      Accuracy      |     Precision      |       Recall       |         F1         |
+--------------------+--------------------+--------------------+--------------------+
| 0.8767123287671232 | 0.8854155937789678 | 0.8767123287671232 | 0.8769438549102837 |
+--------------------+--------------------+--------------------+--------------------+

Epoch loss:0.02353662809960284

+--------------------+--------------------+--------------------+--------------------+
|      Accuracy      |     Precision      |       Recall       |         F1         |
+--------------------+--------------------+--------------------+--------------------+
| 0.8767123287671232 | 0.8854155937789678 | 0.8767123287671232 | 0.8769438549102837 |
+--------------------+--------------------+--------------------+--------------------+

Epoch loss:0.07819739118752421

+--------------------+------------------+--------------------+--------------------+
|      Accuracy      |    Precision     |       Recall       |         F1         |
+--------------------+------------------+--------------------+--------------------+
| 0.8356164383561644 | 0.84137562219754 | 0.8356164383561644 | 0.8359872283448347 |
+--------------------+------------------+--------------------+--------------------+

Epoch loss:0.08682601594710021

+--------------------+-------------------+--------------------+--------------------+
|      Accuracy      |     Precision     |       Recall       |         F1         |
+--------------------+-------------------+--------------------+--------------------+
| 0.8904109589041096 | 0.896252416800362 | 0.8904109589041096 | 0.8906581522298898 |
+--------------------+-------------------+--------------------+--------------------+

Epoch loss:0.05547482059988225

+--------------------+--------------------+--------------------+--------------------+
|      Accuracy      |     Precision      |       Recall       |         F1         |
+--------------------+--------------------+--------------------+--------------------+
| 0.8493150684931506 | 0.8528631371097125 | 0.8493150684931506 | 0.8496554071300944 |
+--------------------+--------------------+--------------------+--------------------+

Epoch loss:0.08536807340678049

+--------------------+--------------------+--------------------+--------------------+
|      Accuracy      |     Precision      |       Recall       |         F1         |
+--------------------+--------------------+--------------------+--------------------+
| 0.8904109589041096 | 0.8904109589041096 | 0.8904109589041096 | 0.8904109589041096 |
+--------------------+--------------------+--------------------+--------------------+

Epoch loss:0.05161865315978972

+-------------------+--------------------+-------------------+--------------------+
|      Accuracy     |     Precision      |       Recall      |         F1         |
+-------------------+--------------------+-------------------+--------------------+
| 0.863013698630137 | 0.8648264496858585 | 0.863013698630137 | 0.8632719684290997 |
+-------------------+--------------------+-------------------+--------------------+

Epoch loss:0.18485156005012823

+--------------------+-------------------+--------------------+--------------------+
|      Accuracy      |     Precision     |       Recall       |         F1         |
+--------------------+-------------------+--------------------+--------------------+
| 0.8904109589041096 | 0.896252416800362 | 0.8904109589041096 | 0.8906581522298898 |
+--------------------+-------------------+--------------------+--------------------+

Epoch loss:0.015009457864827543

+--------------------+--------------------+--------------------+-------------------+
|      Accuracy      |     Precision      |       Recall       |         F1        |
+--------------------+--------------------+--------------------+-------------------+
| 0.8767123287671232 | 0.8773218454926754 | 0.8767123287671232 | 0.876852084298466 |
+--------------------+--------------------+--------------------+-------------------+

Epoch loss:0.07729049920478315

+-------------------+--------------------+-------------------+--------------------+
|      Accuracy     |     Precision      |       Recall      |         F1         |
+-------------------+--------------------+-------------------+--------------------+
| 0.863013698630137 | 0.8633924625970583 | 0.863013698630137 | 0.8625438523220849 |
+-------------------+--------------------+-------------------+--------------------+

Epoch loss:0.19360347023215435

+--------------------+--------------------+--------------------+--------------------+
|      Accuracy      |     Precision      |       Recall       |         F1         |
+--------------------+--------------------+--------------------+--------------------+
| 0.8904109589041096 | 0.8921619116283859 | 0.8904109589041096 | 0.8906175747432797 |
+--------------------+--------------------+--------------------+--------------------+

Epoch loss:0.11962261269063386

+--------------------+--------------------+--------------------+--------------------+
|      Accuracy      |     Precision      |       Recall       |         F1         |
+--------------------+--------------------+--------------------+--------------------+
| 0.8904109589041096 | 0.9027459245025723 | 0.8904109589041096 | 0.8905343699864248 |
+--------------------+--------------------+--------------------+--------------------+

Epoch loss:0.057042815760676754

+--------------------+--------------------+--------------------+--------------------+
|      Accuracy      |     Precision      |       Recall       |         F1         |
+--------------------+--------------------+--------------------+--------------------+
| 0.8904109589041096 | 0.8921619116283859 | 0.8904109589041096 | 0.8906175747432797 |
+--------------------+--------------------+--------------------+--------------------+

Epoch loss:0.23290518241847333

+--------------------+--------------------+--------------------+--------------------+
|      Accuracy      |     Precision      |       Recall       |         F1         |
+--------------------+--------------------+--------------------+--------------------+
| 0.9041095890410958 | 0.9046674518068556 | 0.9041095890410958 | 0.9042182877876958 |
+--------------------+--------------------+--------------------+--------------------+

Epoch loss:0.14642248735673055

+--------------------+--------------------+--------------------+--------------------+
|      Accuracy      |     Precision      |       Recall       |         F1         |
+--------------------+--------------------+--------------------+--------------------+
| 0.9178082191780822 | 0.9194973735709135 | 0.9178082191780822 | 0.9179631810574599 |
+--------------------+--------------------+--------------------+--------------------+

Epoch loss:0.04063656979064676

+-------------------+--------------------+-------------------+--------------------+
|      Accuracy     |     Precision      |       Recall      |         F1         |
+-------------------+--------------------+-------------------+--------------------+
| 0.863013698630137 | 0.8633924625970583 | 0.863013698630137 | 0.8625438523220849 |
+-------------------+--------------------+-------------------+--------------------+

Epoch loss:0.2063039856234653

+--------------------+-------------------+--------------------+--------------------+
|      Accuracy      |     Precision     |       Recall       |         F1         |
+--------------------+-------------------+--------------------+--------------------+
| 0.8767123287671232 | 0.876670564650852 | 0.8767123287671232 | 0.8765249970729423 |
+--------------------+-------------------+--------------------+--------------------+

Epoch loss:0.09741550776090288

+-------------------+--------------------+-------------------+--------------------+
|      Accuracy     |     Precision      |       Recall      |         F1         |
+-------------------+--------------------+-------------------+--------------------+
| 0.863013698630137 | 0.8633924625970583 | 0.863013698630137 | 0.8625438523220849 |
+-------------------+--------------------+-------------------+--------------------+

Epoch loss:0.05587149143415571

+--------------------+-------------------+--------------------+--------------------+
|      Accuracy      |     Precision     |       Recall       |         F1         |
+--------------------+-------------------+--------------------+--------------------+
| 0.8904109589041096 | 0.896252416800362 | 0.8904109589041096 | 0.8906581522298898 |
+--------------------+-------------------+--------------------+--------------------+

Epoch loss:0.0935860414169523

+--------------------+--------------------+--------------------+--------------------+
|      Accuracy      |     Precision      |       Recall       |         F1         |
+--------------------+--------------------+--------------------+--------------------+
| 0.8904109589041096 | 0.8904109589041096 | 0.8904109589041096 | 0.8904109589041096 |
+--------------------+--------------------+--------------------+--------------------+

Epoch loss:0.021427241336446433

+--------------------+--------------------+--------------------+--------------------+
|      Accuracy      |     Precision      |       Recall       |         F1         |
+--------------------+--------------------+--------------------+--------------------+
| 0.8356164383561644 | 0.8374909877433309 | 0.8356164383561644 | 0.8359263621149198 |
+--------------------+--------------------+--------------------+--------------------+

Epoch loss:0.12369265048060045

+--------------------+--------------------+--------------------+--------------------+
|      Accuracy      |     Precision      |       Recall       |         F1         |
+--------------------+--------------------+--------------------+--------------------+
| 0.8767123287671232 | 0.8854155937789678 | 0.8767123287671232 | 0.8769438549102837 |
+--------------------+--------------------+--------------------+--------------------+

Epoch loss:0.260438604415672

+--------------------+--------------------+--------------------+-------------------+
|      Accuracy      |     Precision      |       Recall       |         F1        |
+--------------------+--------------------+--------------------+-------------------+
| 0.8767123287671232 | 0.8773218454926754 | 0.8767123287671232 | 0.876852084298466 |
+--------------------+--------------------+--------------------+-------------------+

Epoch loss:0.11971395946166268

+--------------------+--------------------+--------------------+--------------------+
|      Accuracy      |     Precision      |       Recall       |         F1         |
+--------------------+--------------------+--------------------+--------------------+
| 0.9041095890410958 | 0.9129673498815531 | 0.9041095890410958 | 0.9042896649302207 |
+--------------------+--------------------+--------------------+--------------------+

Epoch loss:0.03101726618543454

+--------------------+--------------------+--------------------+--------------------+
|      Accuracy      |     Precision      |       Recall       |         F1         |
+--------------------+--------------------+--------------------+--------------------+
| 0.8904109589041096 | 0.8904109589041096 | 0.8904109589041096 | 0.8904109589041096 |
+--------------------+--------------------+--------------------+--------------------+

Epoch loss:0.061211470738084604

+--------------------+--------------------+--------------------+--------------------+
|      Accuracy      |     Precision      |       Recall       |         F1         |
+--------------------+--------------------+--------------------+--------------------+
| 0.8767123287671232 | 0.8802295446131063 | 0.8767123287671232 | 0.8769907876518955 |
+--------------------+--------------------+--------------------+--------------------+

Epoch loss:0.18849341829293428

+--------------------+--------------------+--------------------+--------------------+
|      Accuracy      |     Precision      |       Recall       |         F1         |
+--------------------+--------------------+--------------------+--------------------+
| 0.8904109589041096 | 0.8921619116283859 | 0.8904109589041096 | 0.8906175747432797 |
+--------------------+--------------------+--------------------+--------------------+

Epoch loss:0.06022176021676058

+--------------------+--------------------+--------------------+--------------------+
|      Accuracy      |     Precision      |       Recall       |         F1         |
+--------------------+--------------------+--------------------+--------------------+
| 0.8904109589041096 | 0.8921619116283859 | 0.8904109589041096 | 0.8906175747432797 |
+--------------------+--------------------+--------------------+--------------------+

Epoch loss:0.05039860638917003

+--------------------+--------------------+--------------------+--------------------+
|      Accuracy      |     Precision      |       Recall       |         F1         |
+--------------------+--------------------+--------------------+--------------------+
| 0.9041095890410958 | 0.9075959521165001 | 0.9041095890410958 | 0.9043261681736965 |
+--------------------+--------------------+--------------------+--------------------+

Epoch loss:0.08568197679100438

+--------------------+--------------------+--------------------+--------------------+
|      Accuracy      |     Precision      |       Recall       |         F1         |
+--------------------+--------------------+--------------------+--------------------+
| 0.9178082191780822 | 0.9194973735709135 | 0.9178082191780822 | 0.9179631810574599 |
+--------------------+--------------------+--------------------+--------------------+

Epoch loss:0.12351351449939733

+--------------------+-------------------+--------------------+--------------------+
|      Accuracy      |     Precision     |       Recall       |         F1         |
+--------------------+-------------------+--------------------+--------------------+
| 0.8904109589041096 | 0.896252416800362 | 0.8904109589041096 | 0.8906581522298898 |
+--------------------+-------------------+--------------------+--------------------+

Epoch loss:0.048768723671447675

+--------------------+-------------------+--------------------+--------------------+
|      Accuracy      |     Precision     |       Recall       |         F1         |
+--------------------+-------------------+--------------------+--------------------+
| 0.8767123287671232 | 0.876670564650852 | 0.8767123287671232 | 0.8765249970729423 |
+--------------------+-------------------+--------------------+--------------------+

Epoch loss:0.05568725974549563

+--------------------+--------------------+--------------------+--------------------+
|      Accuracy      |     Precision      |       Recall       |         F1         |
+--------------------+--------------------+--------------------+--------------------+
| 0.9041095890410958 | 0.9046674518068556 | 0.9041095890410958 | 0.9042182877876958 |
+--------------------+--------------------+--------------------+--------------------+

Epoch loss:0.09470700978617655

+--------------------+--------------------+--------------------+--------------------+
|      Accuracy      |     Precision      |       Recall       |         F1         |
+--------------------+--------------------+--------------------+--------------------+
| 0.8767123287671232 | 0.8854155937789678 | 0.8767123287671232 | 0.8769438549102837 |
+--------------------+--------------------+--------------------+--------------------+

Epoch loss:0.05185244535211807

+--------------------+--------------------+--------------------+--------------------+
|      Accuracy      |     Precision      |       Recall       |         F1         |
+--------------------+--------------------+--------------------+--------------------+
| 0.8767123287671232 | 0.9031311154598826 | 0.8767123287671232 | 0.8762955817094347 |
+--------------------+--------------------+--------------------+--------------------+

Epoch loss:0.10639173180808467

+--------------------+-------------------+--------------------+--------------------+
|      Accuracy      |     Precision     |       Recall       |         F1         |
+--------------------+-------------------+--------------------+--------------------+
| 0.8767123287671232 | 0.876670564650852 | 0.8767123287671232 | 0.8765249970729423 |
+--------------------+-------------------+--------------------+--------------------+

Epoch loss:0.23593549772735894

+--------------------+--------------------+--------------------+--------------------+
|      Accuracy      |     Precision      |       Recall       |         F1         |
+--------------------+--------------------+--------------------+--------------------+
| 0.8904109589041096 | 0.8921619116283859 | 0.8904109589041096 | 0.8906175747432797 |
+--------------------+--------------------+--------------------+--------------------+

Epoch loss:0.0471134403080434

+--------------------+--------------------+--------------------+--------------------+
|      Accuracy      |     Precision      |       Recall       |         F1         |
+--------------------+--------------------+--------------------+--------------------+
| 0.8767123287671232 | 0.8802295446131063 | 0.8767123287671232 | 0.8769907876518955 |
+--------------------+--------------------+--------------------+--------------------+

Epoch loss:0.1313663452407128

+--------------------+--------------------+--------------------+-------------------+
|      Accuracy      |     Precision      |       Recall       |         F1        |
+--------------------+--------------------+--------------------+-------------------+
| 0.8767123287671232 | 0.8773218454926754 | 0.8767123287671232 | 0.876852084298466 |
+--------------------+--------------------+--------------------+-------------------+

Epoch loss:0.15720074074392626

+-------------------+--------------------+-------------------+--------------------+
|      Accuracy     |     Precision      |       Recall      |         F1         |
+-------------------+--------------------+-------------------+--------------------+
| 0.863013698630137 | 0.8648264496858585 | 0.863013698630137 | 0.8632719684290997 |
+-------------------+--------------------+-------------------+--------------------+

Epoch loss:0.09636701119610684

+--------------------+--------------------+--------------------+--------------------+
|      Accuracy      |     Precision      |       Recall       |         F1         |
+--------------------+--------------------+--------------------+--------------------+
| 0.8767123287671232 | 0.8802295446131063 | 0.8767123287671232 | 0.8769907876518955 |
+--------------------+--------------------+--------------------+--------------------+

Epoch loss:0.18528798211650566

+--------------------+--------------------+--------------------+--------------------+
|      Accuracy      |     Precision      |       Recall       |         F1         |
+--------------------+--------------------+--------------------+--------------------+
| 0.9041095890410958 | 0.9075959521165001 | 0.9041095890410958 | 0.9043261681736965 |
+--------------------+--------------------+--------------------+--------------------+

Epoch loss:0.04129459230844708

+-------------------+-------------------+-------------------+-------------------+
|      Accuracy     |     Precision     |       Recall      |         F1        |
+-------------------+-------------------+-------------------+-------------------+
| 0.863013698630137 | 0.883645172068159 | 0.863013698630137 | 0.862808013492945 |
+-------------------+-------------------+-------------------+-------------------+

Epoch loss:0.08603133166097045

+--------------------+-------------------+--------------------+--------------------+
|      Accuracy      |     Precision     |       Recall       |         F1         |
+--------------------+-------------------+--------------------+--------------------+
| 0.9178082191780822 | 0.923690814101773 | 0.9178082191780822 | 0.9179936141724174 |
+--------------------+-------------------+--------------------+--------------------+

Epoch loss:0.1043937592025213

+--------------------+--------------------+--------------------+--------------------+
|      Accuracy      |     Precision      |       Recall       |         F1         |
+--------------------+--------------------+--------------------+--------------------+
| 0.8904109589041096 | 0.8910211897397051 | 0.8904109589041096 | 0.8900350818576679 |
+--------------------+--------------------+--------------------+--------------------+

Epoch loss:0.050888594294271415

+--------------------+--------------------+--------------------+--------------------+
|      Accuracy      |     Precision      |       Recall       |         F1         |
+--------------------+--------------------+--------------------+--------------------+
| 0.8904109589041096 | 0.8921619116283859 | 0.8904109589041096 | 0.8906175747432797 |
+--------------------+--------------------+--------------------+--------------------+

Epoch loss:0.05372345131910208

+--------------------+--------------------+--------------------+--------------------+
|      Accuracy      |     Precision      |       Recall       |         F1         |
+--------------------+--------------------+--------------------+--------------------+
| 0.8904109589041096 | 0.8921619116283859 | 0.8904109589041096 | 0.8906175747432797 |
+--------------------+--------------------+--------------------+--------------------+

Epoch loss:0.026503871870947285

+--------------------+-------------------+--------------------+--------------------+
|      Accuracy      |     Precision     |       Recall       |         F1         |
+--------------------+-------------------+--------------------+--------------------+
| 0.8904109589041096 | 0.896252416800362 | 0.8904109589041096 | 0.8906581522298898 |
+--------------------+-------------------+--------------------+--------------------+

Epoch loss:0.19066810170671808

+--------------------+-------------------+--------------------+--------------------+
|      Accuracy      |     Precision     |       Recall       |         F1         |
+--------------------+-------------------+--------------------+--------------------+
| 0.8904109589041096 | 0.896252416800362 | 0.8904109589041096 | 0.8906581522298898 |
+--------------------+-------------------+--------------------+--------------------+

Epoch loss:0.09219024914535343

+--------------------+--------------------+--------------------+--------------------+
|      Accuracy      |     Precision      |       Recall       |         F1         |
+--------------------+--------------------+--------------------+--------------------+
| 0.9041095890410958 | 0.9046674518068556 | 0.9041095890410958 | 0.9042182877876958 |
+--------------------+--------------------+--------------------+--------------------+

Epoch loss:0.005713111863852207

+--------------------+--------------------+--------------------+--------------------+
|      Accuracy      |     Precision      |       Recall       |         F1         |
+--------------------+--------------------+--------------------+--------------------+
| 0.8904109589041096 | 0.9027459245025723 | 0.8904109589041096 | 0.8905343699864248 |
+--------------------+--------------------+--------------------+--------------------+

Epoch loss:0.07448759601591479

+--------------------+--------------------+--------------------+--------------------+
|      Accuracy      |     Precision      |       Recall       |         F1         |
+--------------------+--------------------+--------------------+--------------------+
| 0.9041095890410958 | 0.9129673498815531 | 0.9041095890410958 | 0.9042896649302207 |
+--------------------+--------------------+--------------------+--------------------+

Epoch loss:0.05466206860758556

+--------------------+--------------------+--------------------+--------------------+
|      Accuracy      |     Precision      |       Recall       |         F1         |
+--------------------+--------------------+--------------------+--------------------+
| 0.9041095890410958 | 0.9075959521165001 | 0.9041095890410958 | 0.9043261681736965 |
+--------------------+--------------------+--------------------+--------------------+

Epoch loss:0.06588283042486952

+--------------------+--------------------+--------------------+-------------------+
|      Accuracy      |     Precision      |       Recall       |         F1        |
+--------------------+--------------------+--------------------+-------------------+
| 0.8767123287671232 | 0.8773218454926754 | 0.8767123287671232 | 0.876852084298466 |
+--------------------+--------------------+--------------------+-------------------+

Epoch loss:0.06846055638050079

+-------------------+--------------------+-------------------+--------------------+
|      Accuracy     |     Precision      |       Recall      |         F1         |
+-------------------+--------------------+-------------------+--------------------+
| 0.821917808219178 | 0.8312557451292513 | 0.821917808219178 | 0.8185178365077966 |
+-------------------+--------------------+-------------------+--------------------+

Epoch loss:0.1960612549520624

+--------------------+--------------------+--------------------+--------------------+
|      Accuracy      |     Precision      |       Recall       |         F1         |
+--------------------+--------------------+--------------------+--------------------+
| 0.8493150684931506 | 0.8528631371097125 | 0.8493150684931506 | 0.8496554071300944 |
+--------------------+--------------------+--------------------+--------------------+

Epoch loss:0.05369163283887269

+--------------------+--------------------+--------------------+--------------------+
|      Accuracy      |     Precision      |       Recall       |         F1         |
+--------------------+--------------------+--------------------+--------------------+
| 0.9041095890410958 | 0.9129673498815531 | 0.9041095890410958 | 0.9042896649302207 |
+--------------------+--------------------+--------------------+--------------------+

Epoch loss:0.057947381174671915

+--------------------+-------------------+--------------------+--------------------+
|      Accuracy      |     Precision     |       Recall       |         F1         |
+--------------------+-------------------+--------------------+--------------------+
| 0.8767123287671232 | 0.876670564650852 | 0.8767123287671232 | 0.8765249970729423 |
+--------------------+-------------------+--------------------+--------------------+

Epoch loss:0.14014370747456564

+--------------------+--------------------+--------------------+--------------------+
|      Accuracy      |     Precision      |       Recall       |         F1         |
+--------------------+--------------------+--------------------+--------------------+
| 0.9041095890410958 | 0.9046674518068556 | 0.9041095890410958 | 0.9042182877876958 |
+--------------------+--------------------+--------------------+--------------------+

Epoch loss:0.08374768602081022

+--------------------+--------------------+--------------------+--------------------+
|      Accuracy      |     Precision      |       Recall       |         F1         |
+--------------------+--------------------+--------------------+--------------------+
| 0.9041095890410958 | 0.9041617941864349 | 0.9041095890410958 | 0.9039638866122883 |
+--------------------+--------------------+--------------------+--------------------+

Epoch loss:0.09480690028289956

+--------------------+--------------------+--------------------+--------------------+
|      Accuracy      |     Precision      |       Recall       |         F1         |
+--------------------+--------------------+--------------------+--------------------+
| 0.8493150684931506 | 0.8650788709007888 | 0.8493150684931506 | 0.8493150684931506 |
+--------------------+--------------------+--------------------+--------------------+

Epoch loss:0.08199719659603473

+--------------------+--------------------+--------------------+--------------------+
|      Accuracy      |     Precision      |       Recall       |         F1         |
+--------------------+--------------------+--------------------+--------------------+
| 0.8904109589041096 | 0.8921619116283859 | 0.8904109589041096 | 0.8906175747432797 |
+--------------------+--------------------+--------------------+--------------------+

Epoch loss:0.06792820353966716

+-------------------+--------------------+-------------------+--------------------+
|      Accuracy     |     Precision      |       Recall      |         F1         |
+-------------------+--------------------+-------------------+--------------------+
| 0.863013698630137 | 0.8750387404698444 | 0.863013698630137 | 0.8631679624830311 |
+-------------------+--------------------+-------------------+--------------------+

Epoch loss:0.012641009278584758

+--------------------+-------------------+--------------------+--------------------+
|      Accuracy      |     Precision     |       Recall       |         F1         |
+--------------------+-------------------+--------------------+--------------------+
| 0.9178082191780822 | 0.923690814101773 | 0.9178082191780822 | 0.9179936141724174 |
+--------------------+-------------------+--------------------+--------------------+

Epoch loss:0.17422579689311962

+--------------------+--------------------+--------------------+--------------------+
|      Accuracy      |     Precision      |       Recall       |         F1         |
+--------------------+--------------------+--------------------+--------------------+
| 0.8493150684931506 | 0.8528631371097125 | 0.8493150684931506 | 0.8496554071300944 |
+--------------------+--------------------+--------------------+--------------------+

Epoch loss:0.005766288607556602

+--------------------+--------------------+--------------------+--------------------+
|      Accuracy      |     Precision      |       Recall       |         F1         |
+--------------------+--------------------+--------------------+--------------------+
| 0.9041095890410958 | 0.9075959521165001 | 0.9041095890410958 | 0.9043261681736965 |
+--------------------+--------------------+--------------------+--------------------+

Epoch loss:0.08366306104957806

+--------------------+--------------------+--------------------+-------------------+
|      Accuracy      |     Precision      |       Recall       |         F1        |
+--------------------+--------------------+--------------------+-------------------+
| 0.8767123287671232 | 0.8773218454926754 | 0.8767123287671232 | 0.876852084298466 |
+--------------------+--------------------+--------------------+-------------------+

Epoch loss:0.06575575869271952

+-------------------+-------------------+-------------------+--------------------+
|      Accuracy     |     Precision     |       Recall      |         F1         |
+-------------------+-------------------+-------------------+--------------------+
| 0.863013698630137 | 0.868814019498951 | 0.863013698630137 | 0.8633226902873622 |
+-------------------+-------------------+-------------------+--------------------+

Epoch loss:0.022060880241408398

+--------------------+--------------------+--------------------+--------------------+
|      Accuracy      |     Precision      |       Recall       |         F1         |
+--------------------+--------------------+--------------------+--------------------+
| 0.8767123287671232 | 0.8783370500159285 | 0.8767123287671232 | 0.8760049984674511 |
+--------------------+--------------------+--------------------+--------------------+

Epoch loss:0.17939212654099443

+-------------------+-------------------+-------------------+-------------------+
|      Accuracy     |     Precision     |       Recall      |         F1        |
+-------------------+-------------------+-------------------+-------------------+
| 0.863013698630137 | 0.863013698630137 | 0.863013698630137 | 0.863013698630137 |
+-------------------+-------------------+-------------------+-------------------+

Epoch loss:0.16156603143238882

+--------------------+--------------------+--------------------+--------------------+
|      Accuracy      |     Precision      |       Recall       |         F1         |
+--------------------+--------------------+--------------------+--------------------+
| 0.8904109589041096 | 0.9027459245025723 | 0.8904109589041096 | 0.8905343699864248 |
+--------------------+--------------------+--------------------+--------------------+

Epoch loss:0.1631953601931641

+--------------------+--------------------+--------------------+-------------------+
|      Accuracy      |     Precision      |       Recall       |         F1        |
+--------------------+--------------------+--------------------+-------------------+
| 0.9178082191780822 | 0.9186499168823515 | 0.9178082191780822 | 0.917526311393251 |
+--------------------+--------------------+--------------------+-------------------+

Epoch loss:0.10396392738166557

+--------------------+--------------------+--------------------+--------------------+
|      Accuracy      |     Precision      |       Recall       |         F1         |
+--------------------+--------------------+--------------------+--------------------+
| 0.8904109589041096 | 0.9027459245025723 | 0.8904109589041096 | 0.8905343699864248 |
+--------------------+--------------------+--------------------+--------------------+

Epoch loss:0.06334688396372638

+--------------------+--------------------+--------------------+--------------------+
|      Accuracy      |     Precision      |       Recall       |         F1         |
+--------------------+--------------------+--------------------+--------------------+
| 0.9041095890410958 | 0.9075959521165001 | 0.9041095890410958 | 0.9043261681736965 |
+--------------------+--------------------+--------------------+--------------------+

Epoch loss:0.0801533419021315

+--------------------+--------------------+--------------------+--------------------+
|      Accuracy      |     Precision      |       Recall       |         F1         |
+--------------------+--------------------+--------------------+--------------------+
| 0.8904109589041096 | 0.8904109589041096 | 0.8904109589041096 | 0.8904109589041096 |
+--------------------+--------------------+--------------------+--------------------+

Epoch loss:0.058319628911477406

+--------------------+--------------------+--------------------+--------------------+
|      Accuracy      |     Precision      |       Recall       |         F1         |
+--------------------+--------------------+--------------------+--------------------+
| 0.8767123287671232 | 0.8802295446131063 | 0.8767123287671232 | 0.8769907876518955 |
+--------------------+--------------------+--------------------+--------------------+

Epoch loss:0.07198113799992284

+--------------------+--------------------+--------------------+--------------------+
|      Accuracy      |     Precision      |       Recall       |         F1         |
+--------------------+--------------------+--------------------+--------------------+
| 0.8904109589041096 | 0.8921619116283859 | 0.8904109589041096 | 0.8906175747432797 |
+--------------------+--------------------+--------------------+--------------------+

Epoch loss:0.14476916258132339

+--------------------+--------------------+--------------------+--------------------+
|      Accuracy      |     Precision      |       Recall       |         F1         |
+--------------------+--------------------+--------------------+--------------------+
| 0.9041095890410958 | 0.9075959521165001 | 0.9041095890410958 | 0.9043261681736965 |
+--------------------+--------------------+--------------------+--------------------+

Epoch loss:0.109923858601989

+--------------------+--------------------+--------------------+--------------------+
|      Accuracy      |     Precision      |       Recall       |         F1         |
+--------------------+--------------------+--------------------+--------------------+
| 0.9178082191780822 | 0.9178082191780822 | 0.9178082191780822 | 0.9178082191780822 |
+--------------------+--------------------+--------------------+--------------------+

Epoch loss:0.0640407947264196

+--------------------+-------------------+--------------------+--------------------+
|      Accuracy      |     Precision     |       Recall       |         F1         |
+--------------------+-------------------+--------------------+--------------------+
| 0.8904109589041096 | 0.896252416800362 | 0.8904109589041096 | 0.8906581522298898 |
+--------------------+-------------------+--------------------+--------------------+

Epoch loss:0.006058573762770693

+--------------------+--------------------+--------------------+--------------------+
|      Accuracy      |     Precision      |       Recall       |         F1         |
+--------------------+--------------------+--------------------+--------------------+
| 0.8904109589041096 | 0.8921619116283859 | 0.8904109589041096 | 0.8906175747432797 |
+--------------------+--------------------+--------------------+--------------------+

Epoch loss:0.114049951693827

+--------------------+--------------------+--------------------+--------------------+
|      Accuracy      |     Precision      |       Recall       |         F1         |
+--------------------+--------------------+--------------------+--------------------+
| 0.9315068493150684 | 0.9349623596198938 | 0.9315068493150684 | 0.9316615486954974 |
+--------------------+--------------------+--------------------+--------------------+

Epoch loss:0.010991036663803876

+--------------------+-------------------+--------------------+--------------------+
|      Accuracy      |     Precision     |       Recall       |         F1         |
+--------------------+-------------------+--------------------+--------------------+
| 0.8767123287671232 | 0.876670564650852 | 0.8767123287671232 | 0.8765249970729423 |
+--------------------+-------------------+--------------------+--------------------+

Epoch loss:0.0737086381988368

+--------------------+--------------------+--------------------+--------------------+
|      Accuracy      |     Precision      |       Recall       |         F1         |
+--------------------+--------------------+--------------------+--------------------+
| 0.8767123287671232 | 0.8854155937789678 | 0.8767123287671232 | 0.8769438549102837 |
+--------------------+--------------------+--------------------+--------------------+

Epoch loss:0.22874362789701896

+--------------------+-------------------+--------------------+--------------------+
|      Accuracy      |     Precision     |       Recall       |         F1         |
+--------------------+-------------------+--------------------+--------------------+
| 0.8904109589041096 | 0.896252416800362 | 0.8904109589041096 | 0.8906581522298898 |
+--------------------+-------------------+--------------------+--------------------+

Epoch loss:0.05990565003828594

+--------------------+--------------------+--------------------+--------------------+
|      Accuracy      |     Precision      |       Recall       |         F1         |
+--------------------+--------------------+--------------------+--------------------+
| 0.8904109589041096 | 0.9027459245025723 | 0.8904109589041096 | 0.8905343699864248 |
+--------------------+--------------------+--------------------+--------------------+

Epoch loss:0.020490750837024195

+--------------------+--------------------+--------------------+--------------------+
|      Accuracy      |     Precision      |       Recall       |         F1         |
+--------------------+--------------------+--------------------+--------------------+
| 0.8904109589041096 | 0.9027459245025723 | 0.8904109589041096 | 0.8905343699864248 |
+--------------------+--------------------+--------------------+--------------------+

Epoch loss:0.0017943093710749275

+--------------------+-------------------+--------------------+--------------------+
|      Accuracy      |     Precision     |       Recall       |         F1         |
+--------------------+-------------------+--------------------+--------------------+
| 0.8904109589041096 | 0.896252416800362 | 0.8904109589041096 | 0.8906581522298898 |
+--------------------+-------------------+--------------------+--------------------+

Epoch loss:0.1676558855369473

+--------------------+--------------------+--------------------+--------------------+
|      Accuracy      |     Precision      |       Recall       |         F1         |
+--------------------+--------------------+--------------------+--------------------+
| 0.9041095890410958 | 0.9075959521165001 | 0.9041095890410958 | 0.9043261681736965 |
+--------------------+--------------------+--------------------+--------------------+

Epoch loss:0.18083175750584318

+--------------------+--------------------+--------------------+--------------------+
|      Accuracy      |     Precision      |       Recall       |         F1         |
+--------------------+--------------------+--------------------+--------------------+
| 0.9041095890410958 | 0.9129673498815531 | 0.9041095890410958 | 0.9042896649302207 |
+--------------------+--------------------+--------------------+--------------------+

Epoch loss:0.08431803230967574

+-------------------+--------------------+-------------------+--------------------+
|      Accuracy     |     Precision      |       Recall      |         F1         |
+-------------------+--------------------+-------------------+--------------------+
| 0.863013698630137 | 0.8633924625970583 | 0.863013698630137 | 0.8625438523220849 |
+-------------------+--------------------+-------------------+--------------------+

Epoch loss:0.12104016121596889

+--------------------+--------------------+--------------------+--------------------+
|      Accuracy      |     Precision      |       Recall       |         F1         |
+--------------------+--------------------+--------------------+--------------------+
| 0.8904109589041096 | 0.8921619116283859 | 0.8904109589041096 | 0.8906175747432797 |
+--------------------+--------------------+--------------------+--------------------+

Epoch loss:0.06064932360497037

+--------------------+--------------------+--------------------+--------------------+
|      Accuracy      |     Precision      |       Recall       |         F1         |
+--------------------+--------------------+--------------------+--------------------+
| 0.9178082191780822 | 0.9194973735709135 | 0.9178082191780822 | 0.9179631810574599 |
+--------------------+--------------------+--------------------+--------------------+

Epoch loss:0.2181163152064011

+--------------------+--------------------+--------------------+--------------------+
|      Accuracy      |     Precision      |       Recall       |         F1         |
+--------------------+--------------------+--------------------+--------------------+
| 0.8767123287671232 | 0.8854155937789678 | 0.8767123287671232 | 0.8769438549102837 |
+--------------------+--------------------+--------------------+--------------------+

Epoch loss:0.12769301655383578

+--------------------+-------------------+--------------------+--------------------+
|      Accuracy      |     Precision     |       Recall       |         F1         |
+--------------------+-------------------+--------------------+--------------------+
| 0.8904109589041096 | 0.896252416800362 | 0.8904109589041096 | 0.8906581522298898 |
+--------------------+-------------------+--------------------+--------------------+

Epoch loss:0.05724710922001688

+--------------------+-------------------+--------------------+--------------------+
|      Accuracy      |     Precision     |       Recall       |         F1         |
+--------------------+-------------------+--------------------+--------------------+
| 0.8904109589041096 | 0.896252416800362 | 0.8904109589041096 | 0.8906581522298898 |
+--------------------+-------------------+--------------------+--------------------+

Epoch loss:0.10552209594408345

+--------------------+--------------------+--------------------+--------------------+
|      Accuracy      |     Precision      |       Recall       |         F1         |
+--------------------+--------------------+--------------------+--------------------+
| 0.8767123287671232 | 0.8854155937789678 | 0.8767123287671232 | 0.8769438549102837 |
+--------------------+--------------------+--------------------+--------------------+

Epoch loss:0.07004924140824031

+-------------------+--------------------+-------------------+--------------------+
|      Accuracy     |     Precision      |       Recall      |         F1         |
+-------------------+--------------------+-------------------+--------------------+
| 0.863013698630137 | 0.8648264496858585 | 0.863013698630137 | 0.8632719684290997 |
+-------------------+--------------------+-------------------+--------------------+

Epoch loss:0.12748271300899117

+--------------------+-------------------+--------------------+--------------------+
|      Accuracy      |     Precision     |       Recall       |         F1         |
+--------------------+-------------------+--------------------+--------------------+
| 0.9178082191780822 | 0.923690814101773 | 0.9178082191780822 | 0.9179936141724174 |
+--------------------+-------------------+--------------------+--------------------+

Epoch loss:0.07394513431801555

+--------------------+--------------------+--------------------+--------------------+
|      Accuracy      |     Precision      |       Recall       |         F1         |
+--------------------+--------------------+--------------------+--------------------+
| 0.9041095890410958 | 0.9075959521165001 | 0.9041095890410958 | 0.9043261681736965 |
+--------------------+--------------------+--------------------+--------------------+

Epoch loss:0.06304089795156753

+-------------------+--------------------+-------------------+--------------------+
|      Accuracy     |     Precision      |       Recall      |         F1         |
+-------------------+--------------------+-------------------+--------------------+
| 0.863013698630137 | 0.8633924625970583 | 0.863013698630137 | 0.8625438523220849 |
+-------------------+--------------------+-------------------+--------------------+

Epoch loss:0.017791704355437685

+--------------------+--------------------+--------------------+-------------------+
|      Accuracy      |     Precision      |       Recall       |         F1        |
+--------------------+--------------------+--------------------+-------------------+
| 0.8767123287671232 | 0.8773218454926754 | 0.8767123287671232 | 0.876852084298466 |
+--------------------+--------------------+--------------------+-------------------+

Epoch loss:0.1356722711965672

+-------------------+-------------------+-------------------+--------------------+
|      Accuracy     |     Precision     |       Recall      |         F1         |
+-------------------+-------------------+-------------------+--------------------+
| 0.863013698630137 | 0.868814019498951 | 0.863013698630137 | 0.8633226902873622 |
+-------------------+-------------------+-------------------+--------------------+

Epoch loss:0.1388216779312428

+--------------------+-------------------+--------------------+--------------------+
|      Accuracy      |     Precision     |       Recall       |         F1         |
+--------------------+-------------------+--------------------+--------------------+
| 0.9178082191780822 | 0.923690814101773 | 0.9178082191780822 | 0.9179936141724174 |
+--------------------+-------------------+--------------------+--------------------+

Epoch loss:0.05639868290477471

+--------------------+-------------------+--------------------+--------------------+
|      Accuracy      |     Precision     |       Recall       |         F1         |
+--------------------+-------------------+--------------------+--------------------+
| 0.8904109589041096 | 0.896252416800362 | 0.8904109589041096 | 0.8906581522298898 |
+--------------------+-------------------+--------------------+--------------------+

Epoch loss:0.0680985303334421

+--------------------+--------------------+--------------------+--------------------+
|      Accuracy      |     Precision      |       Recall       |         F1         |
+--------------------+--------------------+--------------------+--------------------+
| 0.8904109589041096 | 0.8921619116283859 | 0.8904109589041096 | 0.8906175747432797 |
+--------------------+--------------------+--------------------+--------------------+

Epoch loss:0.03982327775590675

+--------------------+-------------------+--------------------+--------------------+
|      Accuracy      |     Precision     |       Recall       |         F1         |
+--------------------+-------------------+--------------------+--------------------+
| 0.8904109589041096 | 0.896252416800362 | 0.8904109589041096 | 0.8906581522298898 |
+--------------------+-------------------+--------------------+--------------------+

Epoch loss:0.19282881020133022

+--------------------+--------------------+--------------------+--------------------+
|      Accuracy      |     Precision      |       Recall       |         F1         |
+--------------------+--------------------+--------------------+--------------------+
| 0.8904109589041096 | 0.8904109589041096 | 0.8904109589041096 | 0.8904109589041096 |
+--------------------+--------------------+--------------------+--------------------+

Epoch loss:0.0466490030433666

+-------------------+--------------------+-------------------+--------------------+
|      Accuracy     |     Precision      |       Recall      |         F1         |
+-------------------+--------------------+-------------------+--------------------+
| 0.863013698630137 | 0.8648264496858585 | 0.863013698630137 | 0.8632719684290997 |
+-------------------+--------------------+-------------------+--------------------+

Epoch loss:0.14889080458776685

+--------------------+-------------------+--------------------+--------------------+
|      Accuracy      |     Precision     |       Recall       |         F1         |
+--------------------+-------------------+--------------------+--------------------+
| 0.8904109589041096 | 0.896252416800362 | 0.8904109589041096 | 0.8906581522298898 |
+--------------------+-------------------+--------------------+--------------------+

Epoch loss:0.012319195653723108

+--------------------+--------------------+--------------------+--------------------+
|      Accuracy      |     Precision      |       Recall       |         F1         |
+--------------------+--------------------+--------------------+--------------------+
| 0.8767123287671232 | 0.8802295446131063 | 0.8767123287671232 | 0.8769907876518955 |
+--------------------+--------------------+--------------------+--------------------+

Epoch loss:0.0034256571432946144

+--------------------+--------------------+--------------------+--------------------+
|      Accuracy      |     Precision      |       Recall       |         F1         |
+--------------------+--------------------+--------------------+--------------------+
| 0.8904109589041096 | 0.8904109589041096 | 0.8904109589041096 | 0.8904109589041096 |
+--------------------+--------------------+--------------------+--------------------+

Epoch loss:0.0521805105998378

+-------------------+--------------------+-------------------+--------------------+
|      Accuracy     |     Precision      |       Recall      |         F1         |
+-------------------+--------------------+-------------------+--------------------+
| 0.821917808219178 | 0.8227142402038866 | 0.821917808219178 | 0.8208961088974293 |
+-------------------+--------------------+-------------------+--------------------+

Epoch loss:0.06795116435991075

+--------------------+--------------------+--------------------+--------------------+
|      Accuracy      |     Precision      |       Recall       |         F1         |
+--------------------+--------------------+--------------------+--------------------+
| 0.9041095890410958 | 0.9129673498815531 | 0.9041095890410958 | 0.9042896649302207 |
+--------------------+--------------------+--------------------+--------------------+

Epoch loss:0.06751274806029291

+--------------------+--------------------+--------------------+--------------------+
|      Accuracy      |     Precision      |       Recall       |         F1         |
+--------------------+--------------------+--------------------+--------------------+
| 0.9041095890410958 | 0.9046674518068556 | 0.9041095890410958 | 0.9042182877876958 |
+--------------------+--------------------+--------------------+--------------------+

Epoch loss:0.0010051099651152845

+--------------------+-------------------+--------------------+--------------------+
|      Accuracy      |     Precision     |       Recall       |         F1         |
+--------------------+-------------------+--------------------+--------------------+
| 0.8904109589041096 | 0.896252416800362 | 0.8904109589041096 | 0.8906581522298898 |
+--------------------+-------------------+--------------------+--------------------+

Epoch loss:3.3008168129599867e-06

+--------------------+-------------------+--------------------+--------------------+
|      Accuracy      |     Precision     |       Recall       |         F1         |
+--------------------+-------------------+--------------------+--------------------+
| 0.8767123287671232 | 0.876670564650852 | 0.8767123287671232 | 0.8765249970729423 |
+--------------------+-------------------+--------------------+--------------------+

Epoch loss:0.051360890254858634

+--------------------+-------------------+--------------------+--------------------+
|      Accuracy      |     Precision     |       Recall       |         F1         |
+--------------------+-------------------+--------------------+--------------------+
| 0.8904109589041096 | 0.896252416800362 | 0.8904109589041096 | 0.8906581522298898 |
+--------------------+-------------------+--------------------+--------------------+

Epoch loss:5.39600361258306e-07

+--------------------+--------------------+--------------------+--------------------+
|      Accuracy      |     Precision      |       Recall       |         F1         |
+--------------------+--------------------+--------------------+--------------------+
| 0.8904109589041096 | 0.8921619116283859 | 0.8904109589041096 | 0.8906175747432797 |
+--------------------+--------------------+--------------------+--------------------+

Epoch loss:0.12327788135892637

+--------------------+--------------------+--------------------+--------------------+
|      Accuracy      |     Precision      |       Recall       |         F1         |
+--------------------+--------------------+--------------------+--------------------+
| 0.9315068493150684 | 0.9349623596198938 | 0.9315068493150684 | 0.9316615486954974 |
+--------------------+--------------------+--------------------+--------------------+

Epoch loss:0.04446471255955289

+--------------------+-------------------+--------------------+--------------------+
|      Accuracy      |     Precision     |       Recall       |         F1         |
+--------------------+-------------------+--------------------+--------------------+
| 0.9178082191780822 | 0.923690814101773 | 0.9178082191780822 | 0.9179936141724174 |
+--------------------+-------------------+--------------------+--------------------+

Epoch loss:0.018824546859794025

+--------------------+--------------------+--------------------+--------------------+
|      Accuracy      |     Precision      |       Recall       |         F1         |
+--------------------+--------------------+--------------------+--------------------+
| 0.9452054794520548 | 0.9468328355134412 | 0.9452054794520548 | 0.9453087873716398 |
+--------------------+--------------------+--------------------+--------------------+

Epoch loss:0.1637048814425525

+--------------------+--------------------+--------------------+--------------------+
|      Accuracy      |     Precision      |       Recall       |         F1         |
+--------------------+--------------------+--------------------+--------------------+
| 0.9178082191780822 | 0.9304531085353003 | 0.9178082191780822 | 0.9179007774898186 |
+--------------------+--------------------+--------------------+--------------------+

Epoch loss:0.09210153493610496

+--------------------+-------------------+--------------------+--------------------+
|      Accuracy      |     Precision     |       Recall       |         F1         |
+--------------------+-------------------+--------------------+--------------------+
| 0.8904109589041096 | 0.896252416800362 | 0.8904109589041096 | 0.8906581522298898 |
+--------------------+-------------------+--------------------+--------------------+

Epoch loss:0.08005036988680297

+--------------------+--------------------+--------------------+--------------------+
|      Accuracy      |     Precision      |       Recall       |         F1         |
+--------------------+--------------------+--------------------+--------------------+
| 0.9041095890410958 | 0.9075959521165001 | 0.9041095890410958 | 0.9043261681736965 |
+--------------------+--------------------+--------------------+--------------------+

Epoch loss:0.09111731887549306

+--------------------+--------------------+--------------------+--------------------+
|      Accuracy      |     Precision      |       Recall       |         F1         |
+--------------------+--------------------+--------------------+--------------------+
| 0.9041095890410958 | 0.9046674518068556 | 0.9041095890410958 | 0.9042182877876958 |
+--------------------+--------------------+--------------------+--------------------+

Epoch loss:0.040525159831731945

+--------------------+--------------------+--------------------+--------------------+
|      Accuracy      |     Precision      |       Recall       |         F1         |
+--------------------+--------------------+--------------------+--------------------+
| 0.8767123287671232 | 0.8802295446131063 | 0.8767123287671232 | 0.8769907876518955 |
+--------------------+--------------------+--------------------+--------------------+

Epoch loss:0.07880002235627796

+--------------------+--------------------+--------------------+--------------------+
|      Accuracy      |     Precision      |       Recall       |         F1         |
+--------------------+--------------------+--------------------+--------------------+
| 0.9178082191780822 | 0.9178082191780822 | 0.9178082191780822 | 0.9178082191780822 |
+--------------------+--------------------+--------------------+--------------------+

Epoch loss:0.12381158160650027

+--------------------+--------------------+--------------------+--------------------+
|      Accuracy      |     Precision      |       Recall       |         F1         |
+--------------------+--------------------+--------------------+--------------------+
| 0.8904109589041096 | 0.8921619116283859 | 0.8904109589041096 | 0.8906175747432797 |
+--------------------+--------------------+--------------------+--------------------+

Epoch loss:0.089322111280317

+--------------------+--------------------+--------------------+--------------------+
|      Accuracy      |     Precision      |       Recall       |         F1         |
+--------------------+--------------------+--------------------+--------------------+
| 0.8904109589041096 | 0.8921619116283859 | 0.8904109589041096 | 0.8906175747432797 |
+--------------------+--------------------+--------------------+--------------------+

Epoch loss:0.12313410979147048

+--------------------+--------------------+--------------------+--------------------+
|      Accuracy      |     Precision      |       Recall       |         F1         |
+--------------------+--------------------+--------------------+--------------------+
| 0.9452054794520548 | 0.9468328355134412 | 0.9452054794520548 | 0.9453087873716398 |
+--------------------+--------------------+--------------------+--------------------+

Epoch loss:0.07638808743202362

+--------------------+--------------------+--------------------+--------------------+
|      Accuracy      |     Precision      |       Recall       |         F1         |
+--------------------+--------------------+--------------------+--------------------+
| 0.9041095890410958 | 0.9075959521165001 | 0.9041095890410958 | 0.9043261681736965 |
+--------------------+--------------------+--------------------+--------------------+

Epoch loss:0.17155986644348997

+--------------------+--------------------+--------------------+--------------------+
|      Accuracy      |     Precision      |       Recall       |         F1         |
+--------------------+--------------------+--------------------+--------------------+
| 0.9178082191780822 | 0.9194973735709135 | 0.9178082191780822 | 0.9179631810574599 |
+--------------------+--------------------+--------------------+--------------------+

Epoch loss:0.04450139535945877

+--------------------+--------------------+--------------------+--------------------+
|      Accuracy      |     Precision      |       Recall       |         F1         |
+--------------------+--------------------+--------------------+--------------------+
| 0.9315068493150684 | 0.9320130581210355 | 0.9315068493150684 | 0.9315844912769256 |
+--------------------+--------------------+--------------------+--------------------+

Epoch loss:0.0972087411473414

+--------------------+--------------------+--------------------+--------------------+
|      Accuracy      |     Precision      |       Recall       |         F1         |
+--------------------+--------------------+--------------------+--------------------+
| 0.8904109589041096 | 0.8921619116283859 | 0.8904109589041096 | 0.8906175747432797 |
+--------------------+--------------------+--------------------+--------------------+

Epoch loss:0.01945314614372545

+--------------------+--------------------+--------------------+--------------------+
|      Accuracy      |     Precision      |       Recall       |         F1         |
+--------------------+--------------------+--------------------+--------------------+
| 0.9178082191780822 | 0.9178082191780822 | 0.9178082191780822 | 0.9178082191780822 |
+--------------------+--------------------+--------------------+--------------------+

Epoch loss:0.03277589271465943

+--------------------+--------------------+--------------------+--------------------+
|      Accuracy      |     Precision      |       Recall       |         F1         |
+--------------------+--------------------+--------------------+--------------------+
| 0.9452054794520548 | 0.9452054794520548 | 0.9452054794520548 | 0.9452054794520548 |
+--------------------+--------------------+--------------------+--------------------+

Epoch loss:0.002022503545671116

+--------------------+--------------------+--------------------+--------------------+
|      Accuracy      |     Precision      |       Recall       |         F1         |
+--------------------+--------------------+--------------------+--------------------+
| 0.8904109589041096 | 0.8910211897397051 | 0.8904109589041096 | 0.8900350818576679 |
+--------------------+--------------------+--------------------+--------------------+

Epoch loss:0.15777570329680576

+--------------------+--------------------+--------------------+--------------------+
|      Accuracy      |     Precision      |       Recall       |         F1         |
+--------------------+--------------------+--------------------+--------------------+
| 0.8904109589041096 | 0.9027459245025723 | 0.8904109589041096 | 0.8905343699864248 |
+--------------------+--------------------+--------------------+--------------------+

Epoch loss:0.04987648445466304

+-------------------+-------------------+-------------------+--------------------+
|      Accuracy     |     Precision     |       Recall      |         F1         |
+-------------------+-------------------+-------------------+--------------------+
| 0.863013698630137 | 0.868814019498951 | 0.863013698630137 | 0.8633226902873622 |
+-------------------+-------------------+-------------------+--------------------+

Epoch loss:0.0896646743370639

+--------------------+--------------------+--------------------+--------------------+
|      Accuracy      |     Precision      |       Recall       |         F1         |
+--------------------+--------------------+--------------------+--------------------+
| 0.8904109589041096 | 0.8921619116283859 | 0.8904109589041096 | 0.8906175747432797 |
+--------------------+--------------------+--------------------+--------------------+

Epoch loss:0.02611196140531068

+--------------------+--------------------+--------------------+--------------------+
|      Accuracy      |     Precision      |       Recall       |         F1         |
+--------------------+--------------------+--------------------+--------------------+
| 0.9041095890410958 | 0.9129673498815531 | 0.9041095890410958 | 0.9042896649302207 |
+--------------------+--------------------+--------------------+--------------------+

Epoch loss:9.193734795807216e-07

+--------------------+--------------------+--------------------+--------------------+
|      Accuracy      |     Precision      |       Recall       |         F1         |
+--------------------+--------------------+--------------------+--------------------+
| 0.8904109589041096 | 0.8921619116283859 | 0.8904109589041096 | 0.8906175747432797 |
+--------------------+--------------------+--------------------+--------------------+

Epoch loss:0.028489372214419044

+--------------------+--------------------+--------------------+--------------------+
|      Accuracy      |     Precision      |       Recall       |         F1         |
+--------------------+--------------------+--------------------+--------------------+
| 0.9041095890410958 | 0.9075959521165001 | 0.9041095890410958 | 0.9043261681736965 |
+--------------------+--------------------+--------------------+--------------------+

Epoch loss:0.13613481487032864

+--------------------+--------------------+--------------------+--------------------+
|      Accuracy      |     Precision      |       Recall       |         F1         |
+--------------------+--------------------+--------------------+--------------------+
| 0.9041095890410958 | 0.9075959521165001 | 0.9041095890410958 | 0.9043261681736965 |
+--------------------+--------------------+--------------------+--------------------+

Epoch loss:0.1409998019825914

+--------------------+--------------------+--------------------+--------------------+
|      Accuracy      |     Precision      |       Recall       |         F1         |
+--------------------+--------------------+--------------------+--------------------+
| 0.9041095890410958 | 0.9075959521165001 | 0.9041095890410958 | 0.9043261681736965 |
+--------------------+--------------------+--------------------+--------------------+

Epoch loss:0.10630472680364932

+--------------------+--------------------+--------------------+--------------------+
|      Accuracy      |     Precision      |       Recall       |         F1         |
+--------------------+--------------------+--------------------+--------------------+
| 0.8904109589041096 | 0.8904109589041096 | 0.8904109589041096 | 0.8904109589041096 |
+--------------------+--------------------+--------------------+--------------------+

Epoch loss:0.051933837033269876

+--------------------+-------------------+--------------------+--------------------+
|      Accuracy      |     Precision     |       Recall       |         F1         |
+--------------------+-------------------+--------------------+--------------------+
| 0.8767123287671232 | 0.876670564650852 | 0.8767123287671232 | 0.8765249970729423 |
+--------------------+-------------------+--------------------+--------------------+

Epoch loss:0.13987233596629128

+--------------------+--------------------+--------------------+--------------------+
|      Accuracy      |     Precision      |       Recall       |         F1         |
+--------------------+--------------------+--------------------+--------------------+
| 0.9315068493150684 | 0.9316530237220181 | 0.9315068493150684 | 0.9314027761516346 |
+--------------------+--------------------+--------------------+--------------------+

Epoch loss:0.011116808410863464

+--------------------+--------------------+--------------------+--------------------+
|      Accuracy      |     Precision      |       Recall       |         F1         |
+--------------------+--------------------+--------------------+--------------------+
| 0.8904109589041096 | 0.8904109589041096 | 0.8904109589041096 | 0.8904109589041096 |
+--------------------+--------------------+--------------------+--------------------+

Epoch loss:0.015350607551505663

+--------------------+--------------------+--------------------+--------------------+
|      Accuracy      |     Precision      |       Recall       |         F1         |
+--------------------+--------------------+--------------------+--------------------+
| 0.9178082191780822 | 0.9194973735709135 | 0.9178082191780822 | 0.9179631810574599 |
+--------------------+--------------------+--------------------+--------------------+

Epoch loss:0.06629808773177685

+-------------------+--------------------+-------------------+--------------------+
|      Accuracy     |     Precision      |       Recall      |         F1         |
+-------------------+--------------------+-------------------+--------------------+
| 0.821917808219178 | 0.8227142402038866 | 0.821917808219178 | 0.8208961088974293 |
+-------------------+--------------------+-------------------+--------------------+

Epoch loss:0.060147735804339575

+--------------------+-------------------+--------------------+--------------------+
|      Accuracy      |     Precision     |       Recall       |         F1         |
+--------------------+-------------------+--------------------+--------------------+
| 0.8904109589041096 | 0.896252416800362 | 0.8904109589041096 | 0.8906581522298898 |
+--------------------+-------------------+--------------------+--------------------+

Epoch loss:0.1551522779471403

+--------------------+--------------------+--------------------+--------------------+
|      Accuracy      |     Precision      |       Recall       |         F1         |
+--------------------+--------------------+--------------------+--------------------+
| 0.8767123287671232 | 0.8802295446131063 | 0.8767123287671232 | 0.8769907876518955 |
+--------------------+--------------------+--------------------+--------------------+

optimizer:
Adam (
Parameter Group 0
    amsgrad: False
    betas: (0.5, 0.5)
    capturable: False
    decoupled_weight_decay: False
    differentiable: False
    eps: 1e-08
    foreach: None
    fused: None
    lr: 0.0001
    maximize: False
    weight_decay: 0
)
model:
VGG(
  (features): Sequential(
    (0): Conv2d(3, 64, kernel_size=(3, 3), stride=(1, 1), padding=(1, 1))
    (1): ReLU(inplace=True)
    (2): MaxPool2d(kernel_size=2, stride=2, padding=0, dilation=1, ceil_mode=False)
    (3): Conv2d(64, 128, kernel_size=(3, 3), stride=(1, 1), padding=(1, 1))
    (4): ReLU(inplace=True)
    (5): MaxPool2d(kernel_size=2, stride=2, padding=0, dilation=1, ceil_mode=False)
    (6): Conv2d(128, 256, kernel_size=(3, 3), stride=(1, 1), padding=(1, 1))
    (7): ReLU(inplace=True)
    (8): Conv2d(256, 256, kernel_size=(3, 3), stride=(1, 1), padding=(1, 1))
    (9): ReLU(inplace=True)
    (10): MaxPool2d(kernel_size=2, stride=2, padding=0, dilation=1, ceil_mode=False)
    (11): Conv2d(256, 512, kernel_size=(3, 3), stride=(1, 1), padding=(1, 1))
    (12): ReLU(inplace=True)
    (13): Conv2d(512, 512, kernel_size=(3, 3), stride=(1, 1), padding=(1, 1))
    (14): ReLU(inplace=True)
    (15): MaxPool2d(kernel_size=2, stride=2, padding=0, dilation=1, ceil_mode=False)
    (16): Conv2d(512, 512, kernel_size=(3, 3), stride=(1, 1), padding=(1, 1))
    (17): ReLU(inplace=True)
    (18): Conv2d(512, 512, kernel_size=(3, 3), stride=(1, 1), padding=(1, 1))
    (19): ReLU(inplace=True)
    (20): MaxPool2d(kernel_size=2, stride=2, padding=0, dilation=1, ceil_mode=False)
  )
  (classifier): Sequential(
    (0): Linear(in_features=25088, out_features=4096, bias=True)
    (1): ReLU(inplace=True)
    (2): Dropout(p=0.5, inplace=False)
    (3): Linear(in_features=4096, out_features=4096, bias=True)
    (4): ReLU(inplace=True)
    (5): Dropout(p=0.5, inplace=False)
    (6): Linear(in_features=4096, out_features=2, bias=True)
  )
)

TEST

+--------------------+--------------------+--------------------+--------------------+
|      Accuracy      |     Precision      |       Recall       |         F1         |
+--------------------+--------------------+--------------------+--------------------+
| 0.8767123287671232 | 0.8802295446131063 | 0.8767123287671232 | 0.8769907876518955 |
+--------------------+--------------------+--------------------+--------------------+


              precision    recall  f1-score   support

           0     0.9250    0.9024    0.9136        41
           1     0.8857    0.9118    0.8986        34

    accuracy                         0.9067        75
   macro avg     0.9054    0.9071    0.9061        75
weighted avg     0.9072    0.9067    0.9068        75



[[37  4]
 [ 3 31]]

