Read csv file.......
Training device information:
+--------------------+-------------------------+---------------------------------+
|   number of gpu    |    applied gpu index    |         applied gpu name        |
+--------------------+-------------------------+---------------------------------+
|         2          |            0            |     NVIDIA GeForce RTX 3090     |
+--------------------+-------------------------+---------------------------------+

Use data information file:/home/zhangxiaohan/constitution/baseline/data.csv
Loading data from path: /home/zhangxiaohan/constitution/data/face......
data information:
+----------------------+----------------+----------------+---------------+----------+
|  number of samples   |  train number  |  valid number  |  test number  | percent  |
+----------------------+----------------+----------------+---------------+----------+
|         738          |      590       |       73       |       75      |   0.8    |
+----------------------+----------------+----------------+---------------+----------+

Classes information:
+------------+------------+
|     0      |     1      |
+------------+------------+
|     0      |     1      |
+------------+------------+

Train information:
+--------------------+-----------------+-----------------+----------+---------------------+----------+----------+-----------------------------------------------------------------------+
|       theme        |      resize     |    batch size   |  epoch   |    learning rate    |  beta1   |  beta2   |                            directory of log                           |
+--------------------+-----------------+-----------------+----------+---------------------+----------+----------+-----------------------------------------------------------------------+
|    constitution    |    (224, 224)   |        16       |   300    |        0.0001       |   0.5    |  0.999   |            /home/zhangxiaohan/constitution/baseline/workdir           |
+--------------------+-----------------+-----------------+----------+---------------------+----------+----------+-----------------------------------------------------------------------+

Train begins......
Epoch loss:0.5030105943615372

+--------------------+---------------------+--------------------+---------------------+
|      Accuracy      |      Precision      |       Recall       |          F1         |
+--------------------+---------------------+--------------------+---------------------+
| 0.3013698630136986 | 0.09082379433289547 | 0.3013698630136986 | 0.13958183129055515 |
+--------------------+---------------------+--------------------+---------------------+

Epoch loss:0.3672035151236766

+--------------------+--------------------+--------------------+--------------------+
|      Accuracy      |     Precision      |       Recall       |         F1         |
+--------------------+--------------------+--------------------+--------------------+
| 0.8356164383561644 | 0.8670489540193267 | 0.8356164383561644 | 0.8412662825370492 |
+--------------------+--------------------+--------------------+--------------------+

Epoch loss:0.31208289897925146

+--------------------+--------------------+--------------------+--------------------+
|      Accuracy      |     Precision      |       Recall       |         F1         |
+--------------------+--------------------+--------------------+--------------------+
| 0.6575342465753424 | 0.7727927664550618 | 0.6575342465753424 | 0.6699780203658732 |
+--------------------+--------------------+--------------------+--------------------+

Epoch loss:0.2771409747971071

+--------------------+-------------------+--------------------+--------------------+
|      Accuracy      |     Precision     |       Recall       |         F1         |
+--------------------+-------------------+--------------------+--------------------+
| 0.9041095890410958 | 0.903588880877994 | 0.9041095890410958 | 0.9019712662880054 |
+--------------------+-------------------+--------------------+--------------------+

Epoch loss:0.2805810003868631

+-------------------+--------------------+-------------------+--------------------+
|      Accuracy     |     Precision      |       Recall      |         F1         |
+-------------------+--------------------+-------------------+--------------------+
| 0.863013698630137 | 0.8933418286078367 | 0.863013698630137 | 0.8677219021142075 |
+-------------------+--------------------+-------------------+--------------------+

Epoch loss:0.2380416820178161

+--------------------+--------------------+--------------------+--------------------+
|      Accuracy      |     Precision      |       Recall       |         F1         |
+--------------------+--------------------+--------------------+--------------------+
| 0.9041095890410958 | 0.9178413076566739 | 0.9041095890410958 | 0.9065305546028608 |
+--------------------+--------------------+--------------------+--------------------+

Epoch loss:0.21920136875800184

+--------------------+-------------------+--------------------+-------------------+
|      Accuracy      |     Precision     |       Recall       |         F1        |
+--------------------+-------------------+--------------------+-------------------+
| 0.8767123287671232 | 0.900985528406407 | 0.8767123287671232 | 0.880631070019933 |
+--------------------+-------------------+--------------------+-------------------+

Epoch loss:0.23752561810652953

+--------------------+--------------------+--------------------+--------------------+
|      Accuracy      |     Precision      |       Recall       |         F1         |
+--------------------+--------------------+--------------------+--------------------+
| 0.8082191780821918 | 0.8495258166491043 | 0.8082191780821918 | 0.7750433002676744 |
+--------------------+--------------------+--------------------+--------------------+

Epoch loss:0.1900938791097016

+--------------------+-------------------+--------------------+--------------------+
|      Accuracy      |     Precision     |       Recall       |         F1         |
+--------------------+-------------------+--------------------+--------------------+
| 0.8082191780821918 | 0.882800608828006 | 0.8082191780821918 | 0.8161098466955813 |
+--------------------+-------------------+--------------------+--------------------+

Epoch loss:0.22798937116120313

+--------------------+--------------------+--------------------+--------------------+
|      Accuracy      |     Precision      |       Recall       |         F1         |
+--------------------+--------------------+--------------------+--------------------+
| 0.8904109589041096 | 0.9007241665358833 | 0.8904109589041096 | 0.8927406579069985 |
+--------------------+--------------------+--------------------+--------------------+

Epoch loss:0.16133778826711145

+--------------------+--------------------+--------------------+--------------------+
|      Accuracy      |     Precision      |       Recall       |         F1         |
+--------------------+--------------------+--------------------+--------------------+
| 0.7397260273972602 | 0.8603407951887738 | 0.7397260273972602 | 0.7491832954780635 |
+--------------------+--------------------+--------------------+--------------------+

Epoch loss:0.19293382733657555

+--------------------+--------------------+--------------------+--------------------+
|      Accuracy      |     Precision      |       Recall       |         F1         |
+--------------------+--------------------+--------------------+--------------------+
| 0.8493150684931506 | 0.8573972602739727 | 0.8493150684931506 | 0.8518410570290489 |
+--------------------+--------------------+--------------------+--------------------+

Epoch loss:0.16202914674539823

+--------------------+--------------------+--------------------+--------------------+
|      Accuracy      |     Precision      |       Recall       |         F1         |
+--------------------+--------------------+--------------------+--------------------+
| 0.9452054794520548 | 0.9480710092256082 | 0.9452054794520548 | 0.9458487194758786 |
+--------------------+--------------------+--------------------+--------------------+

Epoch loss:0.1900703322670951

+-------------------+--------------------+-------------------+-------------------+
|      Accuracy     |     Precision      |       Recall      |         F1        |
+-------------------+--------------------+-------------------+-------------------+
| 0.863013698630137 | 0.9058219178082192 | 0.863013698630137 | 0.868252707740498 |
+-------------------+--------------------+-------------------+-------------------+

Epoch loss:0.16228529599470062

+--------------------+--------------------+--------------------+--------------------+
|      Accuracy      |     Precision      |       Recall       |         F1         |
+--------------------+--------------------+--------------------+--------------------+
| 0.9041095890410958 | 0.9272555503070383 | 0.9041095890410958 | 0.9071574989043923 |
+--------------------+--------------------+--------------------+--------------------+

Epoch loss:0.1430100597113975

+--------------------+--------------------+--------------------+--------------------+
|      Accuracy      |     Precision      |       Recall       |         F1         |
+--------------------+--------------------+--------------------+--------------------+
| 0.4931506849315068 | 0.8110053401439516 | 0.4931506849315068 | 0.4646554527833066 |
+--------------------+--------------------+--------------------+--------------------+

Epoch loss:0.09933855088830397

+--------------------+--------------------+--------------------+--------------------+
|      Accuracy      |     Precision      |       Recall       |         F1         |
+--------------------+--------------------+--------------------+--------------------+
| 0.9315068493150684 | 0.9441907661085743 | 0.9315068493150684 | 0.9332361104306148 |
+--------------------+--------------------+--------------------+--------------------+

Epoch loss:0.18403419546587896

+--------------------+--------------------+--------------------+--------------------+
|      Accuracy      |     Precision      |       Recall       |         F1         |
+--------------------+--------------------+--------------------+--------------------+
| 0.8767123287671232 | 0.8914918492047734 | 0.8767123287671232 | 0.8798249987751068 |
+--------------------+--------------------+--------------------+--------------------+

Epoch loss:0.11199406711888071

+--------------------+--------------------+--------------------+-------------------+
|      Accuracy      |     Precision      |       Recall       |         F1        |
+--------------------+--------------------+--------------------+-------------------+
| 0.6712328767123288 | 0.8427635497319833 | 0.6712328767123288 | 0.678671046922457 |
+--------------------+--------------------+--------------------+-------------------+

Epoch loss:0.11413031533310139

+--------------------+-------------------+--------------------+--------------------+
|      Accuracy      |     Precision     |       Recall       |         F1         |
+--------------------+-------------------+--------------------+--------------------+
| 0.8493150684931506 | 0.876049491825011 | 0.8493150684931506 | 0.8315351355719885 |
+--------------------+-------------------+--------------------+--------------------+

Epoch loss:0.10831280746748922

+-------------------+--------------------+-------------------+--------------------+
|      Accuracy     |     Precision      |       Recall      |         F1         |
+-------------------+--------------------+-------------------+--------------------+
| 0.821917808219178 | 0.8880626223091975 | 0.821917808219178 | 0.8292194238096395 |
+-------------------+--------------------+-------------------+--------------------+

Epoch loss:0.1206070326671407

+--------------------+--------------------+--------------------+--------------------+
|      Accuracy      |     Precision      |       Recall       |         F1         |
+--------------------+--------------------+--------------------+--------------------+
| 0.9041095890410958 | 0.9178413076566739 | 0.9041095890410958 | 0.9065305546028608 |
+--------------------+--------------------+--------------------+--------------------+

Epoch loss:0.14800632758871526

+--------------------+--------------------+--------------------+--------------------+
|      Accuracy      |     Precision      |       Recall       |         F1         |
+--------------------+--------------------+--------------------+--------------------+
| 0.8904109589041096 | 0.9007241665358833 | 0.8904109589041096 | 0.8927406579069985 |
+--------------------+--------------------+--------------------+--------------------+

Epoch loss:0.07121122606425874

+--------------------+--------------------+--------------------+--------------------+
|      Accuracy      |     Precision      |       Recall       |         F1         |
+--------------------+--------------------+--------------------+--------------------+
| 0.8904109589041096 | 0.8944413381791071 | 0.8904109589041096 | 0.8916974389517571 |
+--------------------+--------------------+--------------------+--------------------+

Epoch loss:0.10400169571182011

+--------------------+-------------------+--------------------+--------------------+
|      Accuracy      |     Precision     |       Recall       |         F1         |
+--------------------+-------------------+--------------------+--------------------+
| 0.9041095890410958 | 0.905670041691483 | 0.9041095890410958 | 0.9047003330470034 |
+--------------------+-------------------+--------------------+--------------------+

Epoch loss:0.12140260483264118

+--------------------+--------------------+--------------------+--------------------+
|      Accuracy      |     Precision      |       Recall       |         F1         |
+--------------------+--------------------+--------------------+--------------------+
| 0.9452054794520548 | 0.9480710092256082 | 0.9452054794520548 | 0.9458487194758786 |
+--------------------+--------------------+--------------------+--------------------+

Epoch loss:0.06594166062721932

+--------------------+--------------------+--------------------+--------------------+
|      Accuracy      |     Precision      |       Recall       |         F1         |
+--------------------+--------------------+--------------------+--------------------+
| 0.9178082191780822 | 0.9171362109072112 | 0.9178082191780822 | 0.9166415776004817 |
+--------------------+--------------------+--------------------+--------------------+

Epoch loss:0.08825670899760381

+-------------------+--------------------+-------------------+--------------------+
|      Accuracy     |     Precision      |       Recall      |         F1         |
+-------------------+--------------------+-------------------+--------------------+
| 0.863013698630137 | 0.8719028823509901 | 0.863013698630137 | 0.8527743185277431 |
+-------------------+--------------------+-------------------+--------------------+

Epoch loss:0.08696187696989148

+--------------------+--------------------+--------------------+--------------------+
|      Accuracy      |     Precision      |       Recall       |         F1         |
+--------------------+--------------------+--------------------+--------------------+
| 0.8767123287671232 | 0.8914918492047734 | 0.8767123287671232 | 0.8798249987751068 |
+--------------------+--------------------+--------------------+--------------------+

Epoch loss:0.05202815168524614

+--------------------+-------------------+--------------------+--------------------+
|      Accuracy      |     Precision     |       Recall       |         F1         |
+--------------------+-------------------+--------------------+--------------------+
| 0.9315068493150684 | 0.930992523458277 | 0.9315068493150684 | 0.9310429083531023 |
+--------------------+-------------------+--------------------+--------------------+

Epoch loss:0.1266415379500973

+--------------------+--------------------+--------------------+--------------------+
|      Accuracy      |     Precision      |       Recall       |         F1         |
+--------------------+--------------------+--------------------+--------------------+
| 0.8904109589041096 | 0.9007241665358833 | 0.8904109589041096 | 0.8927406579069985 |
+--------------------+--------------------+--------------------+--------------------+

Epoch loss:0.036169887463738386

+--------------------+--------------------+--------------------+--------------------+
|      Accuracy      |     Precision      |       Recall       |         F1         |
+--------------------+--------------------+--------------------+--------------------+
| 0.8767123287671232 | 0.9125055236411842 | 0.8767123287671232 | 0.8812146174305272 |
+--------------------+--------------------+--------------------+--------------------+

Epoch loss:0.06696190507736409

+--------------------+--------------------+--------------------+--------------------+
|      Accuracy      |     Precision      |       Recall       |         F1         |
+--------------------+--------------------+--------------------+--------------------+
| 0.9041095890410958 | 0.9178413076566739 | 0.9041095890410958 | 0.9065305546028608 |
+--------------------+--------------------+--------------------+--------------------+

Epoch loss:0.09177644987200462

+--------------------+--------------------+--------------------+--------------------+
|      Accuracy      |     Precision      |       Recall       |         F1         |
+--------------------+--------------------+--------------------+--------------------+
| 0.9315068493150684 | 0.9327456819535438 | 0.9315068493150684 | 0.9319288093192881 |
+--------------------+--------------------+--------------------+--------------------+

Epoch loss:0.06919930799631402

+--------------------+--------------------+--------------------+--------------------+
|      Accuracy      |     Precision      |       Recall       |         F1         |
+--------------------+--------------------+--------------------+--------------------+
| 0.9315068493150684 | 0.9327456819535438 | 0.9315068493150684 | 0.9319288093192881 |
+--------------------+--------------------+--------------------+--------------------+

Epoch loss:0.07298935826307766

+-------------------+--------------------+-------------------+--------------------+
|      Accuracy     |     Precision      |       Recall      |         F1         |
+-------------------+--------------------+-------------------+--------------------+
| 0.863013698630137 | 0.8828440965427267 | 0.863013698630137 | 0.8669520547945205 |
+-------------------+--------------------+-------------------+--------------------+

Epoch loss:0.041318188405696406

+--------------------+--------------------+--------------------+--------------------+
|      Accuracy      |     Precision      |       Recall       |         F1         |
+--------------------+--------------------+--------------------+--------------------+
| 0.8904109589041096 | 0.9091324200913243 | 0.8904109589041096 | 0.8935616438356165 |
+--------------------+--------------------+--------------------+--------------------+

Epoch loss:0.0871544605423067

+--------------------+--------------------+--------------------+--------------------+
|      Accuracy      |     Precision      |       Recall       |         F1         |
+--------------------+--------------------+--------------------+--------------------+
| 0.9452054794520548 | 0.9452054794520548 | 0.9452054794520548 | 0.9452054794520548 |
+--------------------+--------------------+--------------------+--------------------+

Epoch loss:0.06802521456926558

+-------------------+--------------------+-------------------+-------------------+
|      Accuracy     |     Precision      |       Recall      |         F1        |
+-------------------+--------------------+-------------------+-------------------+
| 0.863013698630137 | 0.9058219178082192 | 0.863013698630137 | 0.868252707740498 |
+-------------------+--------------------+-------------------+-------------------+

Epoch loss:0.036551454649196714

+-------------------+--------------------+-------------------+-------------------+
|      Accuracy     |     Precision      |       Recall      |         F1        |
+-------------------+--------------------+-------------------+-------------------+
| 0.863013698630137 | 0.9058219178082192 | 0.863013698630137 | 0.868252707740498 |
+-------------------+--------------------+-------------------+-------------------+

Epoch loss:0.06718411568687549

+--------------------+--------------------+--------------------+--------------------+
|      Accuracy      |     Precision      |       Recall       |         F1         |
+--------------------+--------------------+--------------------+--------------------+
| 0.9315068493150684 | 0.9327456819535438 | 0.9315068493150684 | 0.9319288093192881 |
+--------------------+--------------------+--------------------+--------------------+

Epoch loss:0.07472567067708115

+--------------------+--------------------+--------------------+--------------------+
|      Accuracy      |     Precision      |       Recall       |         F1         |
+--------------------+--------------------+--------------------+--------------------+
| 0.9315068493150684 | 0.9376223091976517 | 0.9315068493150684 | 0.9287165699916947 |
+--------------------+--------------------+--------------------+--------------------+

Epoch loss:0.07667424864406269

+--------------------+--------------------+--------------------+--------------------+
|      Accuracy      |     Precision      |       Recall       |         F1         |
+--------------------+--------------------+--------------------+--------------------+
| 0.9315068493150684 | 0.9327456819535438 | 0.9315068493150684 | 0.9319288093192881 |
+--------------------+--------------------+--------------------+--------------------+

Epoch loss:0.037173547645137216

+--------------------+--------------------+--------------------+--------------------+
|      Accuracy      |     Precision      |       Recall       |         F1         |
+--------------------+--------------------+--------------------+--------------------+
| 0.8904109589041096 | 0.8944413381791071 | 0.8904109589041096 | 0.8916974389517571 |
+--------------------+--------------------+--------------------+--------------------+

Epoch loss:0.09910769275597271

+--------------------+--------------------+--------------------+--------------------+
|      Accuracy      |     Precision      |       Recall       |         F1         |
+--------------------+--------------------+--------------------+--------------------+
| 0.9178082191780822 | 0.9171362109072112 | 0.9178082191780822 | 0.9166415776004817 |
+--------------------+--------------------+--------------------+--------------------+

Epoch loss:0.022356579078650858

+--------------------+--------------------+--------------------+--------------------+
|      Accuracy      |     Precision      |       Recall       |         F1         |
+--------------------+--------------------+--------------------+--------------------+
| 0.8356164383561644 | 0.8936341659951652 | 0.8356164383561644 | 0.8422700587084149 |
+--------------------+--------------------+--------------------+--------------------+

Epoch loss:0.031650278097446506

+--------------------+-------------------+--------------------+--------------------+
|      Accuracy      |     Precision     |       Recall       |         F1         |
+--------------------+-------------------+--------------------+--------------------+
| 0.9041095890410958 | 0.905670041691483 | 0.9041095890410958 | 0.9047003330470034 |
+--------------------+-------------------+--------------------+--------------------+

Epoch loss:0.05963482296843919

+--------------------+--------------------+--------------------+--------------------+
|      Accuracy      |     Precision      |       Recall       |         F1         |
+--------------------+--------------------+--------------------+--------------------+
| 0.9041095890410958 | 0.9178413076566739 | 0.9041095890410958 | 0.9065305546028608 |
+--------------------+--------------------+--------------------+--------------------+

Epoch loss:0.08286837529000901

+--------------------+--------------------+--------------------+--------------------+
|      Accuracy      |     Precision      |       Recall       |         F1         |
+--------------------+--------------------+--------------------+--------------------+
| 0.8767123287671232 | 0.8914918492047734 | 0.8767123287671232 | 0.8798249987751068 |
+--------------------+--------------------+--------------------+--------------------+

Epoch loss:0.04696996175610095

+--------------------+--------------------+--------------------+--------------------+
|      Accuracy      |     Precision      |       Recall       |         F1         |
+--------------------+--------------------+--------------------+--------------------+
| 0.9178082191780822 | 0.9271797861130417 | 0.9178082191780822 | 0.9195554934302488 |
+--------------------+--------------------+--------------------+--------------------+

Epoch loss:0.05780801217888192

+--------------------+--------------------+--------------------+--------------------+
|      Accuracy      |     Precision      |       Recall       |         F1         |
+--------------------+--------------------+--------------------+--------------------+
| 0.9315068493150684 | 0.9372260273972604 | 0.9315068493150684 | 0.9326550259222948 |
+--------------------+--------------------+--------------------+--------------------+

Epoch loss:0.034949714826054974

+--------------------+--------------------+--------------------+--------------------+
|      Accuracy      |     Precision      |       Recall       |         F1         |
+--------------------+--------------------+--------------------+--------------------+
| 0.9178082191780822 | 0.9354207436399216 | 0.9178082191780822 | 0.9201712328767123 |
+--------------------+--------------------+--------------------+--------------------+

Epoch loss:0.04780388079047584

+--------------------+--------------------+--------------------+--------------------+
|      Accuracy      |     Precision      |       Recall       |         F1         |
+--------------------+--------------------+--------------------+--------------------+
| 0.8356164383561644 | 0.8670489540193267 | 0.8356164383561644 | 0.8412662825370492 |
+--------------------+--------------------+--------------------+--------------------+

Epoch loss:0.04091165438483192

+--------------------+--------------------+--------------------+--------------------+
|      Accuracy      |     Precision      |       Recall       |         F1         |
+--------------------+--------------------+--------------------+--------------------+
| 0.9315068493150684 | 0.9327456819535438 | 0.9315068493150684 | 0.9319288093192881 |
+--------------------+--------------------+--------------------+--------------------+

Epoch loss:0.031976352302228554

+--------------------+-------------------+--------------------+--------------------+
|      Accuracy      |     Precision     |       Recall       |         F1         |
+--------------------+-------------------+--------------------+--------------------+
| 0.9315068493150684 | 0.930992523458277 | 0.9315068493150684 | 0.9310429083531023 |
+--------------------+-------------------+--------------------+--------------------+

Epoch loss:0.06808361896637015

+--------------------+--------------------+--------------------+--------------------+
|      Accuracy      |     Precision      |       Recall       |         F1         |
+--------------------+--------------------+--------------------+--------------------+
| 0.9452054794520548 | 0.9536354056902002 | 0.9452054794520548 | 0.9463703289534992 |
+--------------------+--------------------+--------------------+--------------------+

Epoch loss:0.031760082658021584

+--------------------+--------------------+--------------------+--------------------+
|      Accuracy      |     Precision      |       Recall       |         F1         |
+--------------------+--------------------+--------------------+--------------------+
| 0.9178082191780822 | 0.9178082191780822 | 0.9178082191780822 | 0.9178082191780822 |
+--------------------+--------------------+--------------------+--------------------+

Epoch loss:0.04005168474159782

+--------------------+--------------------+--------------------+--------------------+
|      Accuracy      |     Precision      |       Recall       |         F1         |
+--------------------+--------------------+--------------------+--------------------+
| 0.8904109589041096 | 0.9091324200913243 | 0.8904109589041096 | 0.8935616438356165 |
+--------------------+--------------------+--------------------+--------------------+

Epoch loss:0.025301502180367162

+--------------------+-------------------+--------------------+-------------------+
|      Accuracy      |     Precision     |       Recall       |         F1        |
+--------------------+-------------------+--------------------+-------------------+
| 0.8767123287671232 | 0.900985528406407 | 0.8767123287671232 | 0.880631070019933 |
+--------------------+-------------------+--------------------+-------------------+

Epoch loss:0.034555939093430375

+--------------------+--------------------+--------------------+--------------------+
|      Accuracy      |     Precision      |       Recall       |         F1         |
+--------------------+--------------------+--------------------+--------------------+
| 0.9315068493150684 | 0.9372260273972604 | 0.9315068493150684 | 0.9326550259222948 |
+--------------------+--------------------+--------------------+--------------------+

Epoch loss:0.040289619180986995

+--------------------+--------------------+--------------------+--------------------+
|      Accuracy      |     Precision      |       Recall       |         F1         |
+--------------------+--------------------+--------------------+--------------------+
| 0.9315068493150684 | 0.9327456819535438 | 0.9315068493150684 | 0.9319288093192881 |
+--------------------+--------------------+--------------------+--------------------+

Epoch loss:0.04154547676276903

+--------------------+--------------------+--------------------+--------------------+
|      Accuracy      |     Precision      |       Recall       |         F1         |
+--------------------+--------------------+--------------------+--------------------+
| 0.9726027397260274 | 0.9726027397260274 | 0.9726027397260274 | 0.9726027397260274 |
+--------------------+--------------------+--------------------+--------------------+

Epoch loss:0.014501415469370643

+-------------------+--------------------+-------------------+-------------------+
|      Accuracy     |     Precision      |       Recall      |         F1        |
+-------------------+--------------------+-------------------+-------------------+
| 0.863013698630137 | 0.9058219178082192 | 0.863013698630137 | 0.868252707740498 |
+-------------------+--------------------+-------------------+-------------------+

Epoch loss:0.018006925883791818

+--------------------+--------------------+--------------------+--------------------+
|      Accuracy      |     Precision      |       Recall       |         F1         |
+--------------------+--------------------+--------------------+--------------------+
| 0.9452054794520548 | 0.9480710092256082 | 0.9452054794520548 | 0.9458487194758786 |
+--------------------+--------------------+--------------------+--------------------+

Epoch loss:0.039623791602553936

+--------------------+--------------------+--------------------+--------------------+
|      Accuracy      |     Precision      |       Recall       |         F1         |
+--------------------+--------------------+--------------------+--------------------+
| 0.8356164383561644 | 0.8793643501503507 | 0.8356164383561644 | 0.8419032492885977 |
+--------------------+--------------------+--------------------+--------------------+

Epoch loss:0.05208322435700629

+--------------------+--------------------+--------------------+--------------------+
|      Accuracy      |     Precision      |       Recall       |         F1         |
+--------------------+--------------------+--------------------+--------------------+
| 0.6575342465753424 | 0.8143183300717547 | 0.6575342465753424 | 0.6664630721889081 |
+--------------------+--------------------+--------------------+--------------------+

Epoch loss:0.019091510173328406

+--------------------+--------------------+--------------------+--------------------+
|      Accuracy      |     Precision      |       Recall       |         F1         |
+--------------------+--------------------+--------------------+--------------------+
| 0.8082191780821918 | 0.8529067824924824 | 0.8082191780821918 | 0.8155537908366972 |
+--------------------+--------------------+--------------------+--------------------+

Epoch loss:0.03701502271281709

+--------------------+--------------------+--------------------+--------------------+
|      Accuracy      |     Precision      |       Recall       |         F1         |
+--------------------+--------------------+--------------------+--------------------+
| 0.9452054794520548 | 0.9453864047557509 | 0.9452054794520548 | 0.9444277184003211 |
+--------------------+--------------------+--------------------+--------------------+

Epoch loss:0.06591510887788113

+--------------------+-------------------+--------------------+--------------------+
|      Accuracy      |     Precision     |       Recall       |         F1         |
+--------------------+-------------------+--------------------+--------------------+
| 0.9041095890410958 | 0.903588880877994 | 0.9041095890410958 | 0.9019712662880054 |
+--------------------+-------------------+--------------------+--------------------+

Epoch loss:0.041755928483965095

+-------------------+--------------------+-------------------+--------------------+
|      Accuracy     |     Precision      |       Recall      |         F1         |
+-------------------+--------------------+-------------------+--------------------+
| 0.863013698630137 | 0.8933418286078367 | 0.863013698630137 | 0.8677219021142075 |
+-------------------+--------------------+-------------------+--------------------+

Epoch loss:0.051145362214466895

+--------------------+--------------------+--------------------+--------------------+
|      Accuracy      |     Precision      |       Recall       |         F1         |
+--------------------+--------------------+--------------------+--------------------+
| 0.9315068493150684 | 0.9441907661085743 | 0.9315068493150684 | 0.9332361104306148 |
+--------------------+--------------------+--------------------+--------------------+

Epoch loss:0.04650846824001378

+--------------------+--------------------+--------------------+--------------------+
|      Accuracy      |     Precision      |       Recall       |         F1         |
+--------------------+--------------------+--------------------+--------------------+
| 0.9041095890410958 | 0.9178413076566739 | 0.9041095890410958 | 0.9065305546028608 |
+--------------------+--------------------+--------------------+--------------------+

Epoch loss:0.052102301803667636

+--------------------+--------------------+--------------------+--------------------+
|      Accuracy      |     Precision      |       Recall       |         F1         |
+--------------------+--------------------+--------------------+--------------------+
| 0.9178082191780822 | 0.9271797861130417 | 0.9178082191780822 | 0.9195554934302488 |
+--------------------+--------------------+--------------------+--------------------+

Epoch loss:0.024716617537361908

+--------------------+--------------------+--------------------+--------------------+
|      Accuracy      |     Precision      |       Recall       |         F1         |
+--------------------+--------------------+--------------------+--------------------+
| 0.9041095890410958 | 0.9272555503070383 | 0.9041095890410958 | 0.9071574989043923 |
+--------------------+--------------------+--------------------+--------------------+

Epoch loss:0.023870299267326953

+-------------------+--------------------+-------------------+--------------------+
|      Accuracy     |     Precision      |       Recall      |         F1         |
+-------------------+--------------------+-------------------+--------------------+
| 0.863013698630137 | 0.8742685469587248 | 0.863013698630137 | 0.8659258223837479 |
+-------------------+--------------------+-------------------+--------------------+

Epoch loss:0.027437244046415947

+--------------------+--------------------+--------------------+--------------------+
|      Accuracy      |     Precision      |       Recall       |         F1         |
+--------------------+--------------------+--------------------+--------------------+
| 0.9041095890410958 | 0.9106164383561643 | 0.9041095890410958 | 0.9057170362912129 |
+--------------------+--------------------+--------------------+--------------------+

Epoch loss:0.029938838460922754

+--------------------+--------------------+--------------------+--------------------+
|      Accuracy      |     Precision      |       Recall       |         F1         |
+--------------------+--------------------+--------------------+--------------------+
| 0.9178082191780822 | 0.9354207436399216 | 0.9178082191780822 | 0.9201712328767123 |
+--------------------+--------------------+--------------------+--------------------+

Epoch loss:0.02984847844526165

+--------------------+--------------------+--------------------+--------------------+
|      Accuracy      |     Precision      |       Recall       |         F1         |
+--------------------+--------------------+--------------------+--------------------+
| 0.9041095890410958 | 0.9032063826584376 | 0.9041095890410958 | 0.9034600716943433 |
+--------------------+--------------------+--------------------+--------------------+

Epoch loss:0.018594977175878838

+--------------------+--------------------+--------------------+--------------------+
|      Accuracy      |     Precision      |       Recall       |         F1         |
+--------------------+--------------------+--------------------+--------------------+
| 0.9315068493150684 | 0.9441907661085743 | 0.9315068493150684 | 0.9332361104306148 |
+--------------------+--------------------+--------------------+--------------------+

Epoch loss:0.030533428687286267

+--------------------+--------------------+--------------------+--------------------+
|      Accuracy      |     Precision      |       Recall       |         F1         |
+--------------------+--------------------+--------------------+--------------------+
| 0.8356164383561644 | 0.8936341659951652 | 0.8356164383561644 | 0.8422700587084149 |
+--------------------+--------------------+--------------------+--------------------+

Epoch loss:0.02272494491690186

+-------------------+--------------------+-------------------+--------------------+
|      Accuracy     |     Precision      |       Recall      |         F1         |
+-------------------+--------------------+-------------------+--------------------+
| 0.958904109589041 | 0.9638356164383561 | 0.958904109589041 | 0.9595930155533771 |
+-------------------+--------------------+-------------------+--------------------+

Epoch loss:0.02899575624691831

+--------------------+--------------------+--------------------+--------------------+
|      Accuracy      |     Precision      |       Recall       |         F1         |
+--------------------+--------------------+--------------------+--------------------+
| 0.9178082191780822 | 0.9212561737023577 | 0.9178082191780822 | 0.9187730792138176 |
+--------------------+--------------------+--------------------+--------------------+

Epoch loss:0.02959228533391807

+--------------------+--------------------+--------------------+--------------------+
|      Accuracy      |     Precision      |       Recall       |         F1         |
+--------------------+--------------------+--------------------+--------------------+
| 0.9726027397260274 | 0.9748858447488583 | 0.9726027397260274 | 0.9729243597379392 |
+--------------------+--------------------+--------------------+--------------------+

Epoch loss:0.00409693047852154

+--------------------+--------------------+--------------------+--------------------+
|      Accuracy      |     Precision      |       Recall       |         F1         |
+--------------------+--------------------+--------------------+--------------------+
| 0.8904109589041096 | 0.9091324200913243 | 0.8904109589041096 | 0.8935616438356165 |
+--------------------+--------------------+--------------------+--------------------+

Epoch loss:0.06086461445278707

+-------------------+--------------------+-------------------+--------------------+
|      Accuracy     |     Precision      |       Recall      |         F1         |
+-------------------+--------------------+-------------------+--------------------+
| 0.958904109589041 | 0.9598213222156046 | 0.958904109589041 | 0.9591572855915729 |
+-------------------+--------------------+-------------------+--------------------+

Epoch loss:0.022686193870654462

+--------------------+--------------------+--------------------+--------------------+
|      Accuracy      |     Precision      |       Recall       |         F1         |
+--------------------+--------------------+--------------------+--------------------+
| 0.9726027397260274 | 0.9726027397260274 | 0.9726027397260274 | 0.9726027397260274 |
+--------------------+--------------------+--------------------+--------------------+

Epoch loss:0.053103621530236504

+--------------------+--------------------+--------------------+--------------------+
|      Accuracy      |     Precision      |       Recall       |         F1         |
+--------------------+--------------------+--------------------+--------------------+
| 0.8767123287671232 | 0.8914918492047734 | 0.8767123287671232 | 0.8798249987751068 |
+--------------------+--------------------+--------------------+--------------------+

Epoch loss:0.018833878126555202

+--------------------+--------------------+--------------------+--------------------+
|      Accuracy      |     Precision      |       Recall       |         F1         |
+--------------------+--------------------+--------------------+--------------------+
| 0.9315068493150684 | 0.9327456819535438 | 0.9315068493150684 | 0.9319288093192881 |
+--------------------+--------------------+--------------------+--------------------+

Epoch loss:0.03570324401074243

+--------------------+--------------------+--------------------+--------------------+
|      Accuracy      |     Precision      |       Recall       |         F1         |
+--------------------+--------------------+--------------------+--------------------+
| 0.9452054794520548 | 0.9480710092256082 | 0.9452054794520548 | 0.9458487194758786 |
+--------------------+--------------------+--------------------+--------------------+

Epoch loss:0.014620664988760345

+--------------------+--------------------+--------------------+--------------------+
|      Accuracy      |     Precision      |       Recall       |         F1         |
+--------------------+--------------------+--------------------+--------------------+
| 0.9178082191780822 | 0.9212561737023577 | 0.9178082191780822 | 0.9187730792138176 |
+--------------------+--------------------+--------------------+--------------------+

Epoch loss:0.013769346179410728

+--------------------+--------------------+--------------------+--------------------+
|      Accuracy      |     Precision      |       Recall       |         F1         |
+--------------------+--------------------+--------------------+--------------------+
| 0.9041095890410958 | 0.9032063826584376 | 0.9041095890410958 | 0.9034600716943433 |
+--------------------+--------------------+--------------------+--------------------+

Epoch loss:0.04425903449800069

+-------------------+--------------------+-------------------+--------------------+
|      Accuracy     |     Precision      |       Recall      |         F1         |
+-------------------+--------------------+-------------------+--------------------+
| 0.958904109589041 | 0.9598213222156046 | 0.958904109589041 | 0.9591572855915729 |
+-------------------+--------------------+-------------------+--------------------+

Epoch loss:0.014796531462608883

+--------------------+--------------------+--------------------+--------------------+
|      Accuracy      |     Precision      |       Recall       |         F1         |
+--------------------+--------------------+--------------------+--------------------+
| 0.9315068493150684 | 0.9327456819535438 | 0.9315068493150684 | 0.9319288093192881 |
+--------------------+--------------------+--------------------+--------------------+

Epoch loss:0.01842818841184969

+--------------------+--------------------+--------------------+--------------------+
|      Accuracy      |     Precision      |       Recall       |         F1         |
+--------------------+--------------------+--------------------+--------------------+
| 0.9315068493150684 | 0.9327456819535438 | 0.9315068493150684 | 0.9319288093192881 |
+--------------------+--------------------+--------------------+--------------------+

Epoch loss:0.02209021053420509

+--------------------+--------------------+--------------------+--------------------+
|      Accuracy      |     Precision      |       Recall       |         F1         |
+--------------------+--------------------+--------------------+--------------------+
| 0.8904109589041096 | 0.9196347031963469 | 0.8904109589041096 | 0.8941775216913661 |
+--------------------+--------------------+--------------------+--------------------+

Epoch loss:0.029335017542728787

+--------------------+--------------------+--------------------+--------------------+
|      Accuracy      |     Precision      |       Recall       |         F1         |
+--------------------+--------------------+--------------------+--------------------+
| 0.9178082191780822 | 0.9354207436399216 | 0.9178082191780822 | 0.9201712328767123 |
+--------------------+--------------------+--------------------+--------------------+

Epoch loss:0.01984556173546652

+--------------------+--------------------+--------------------+--------------------+
|      Accuracy      |     Precision      |       Recall       |         F1         |
+--------------------+--------------------+--------------------+--------------------+
| 0.9041095890410958 | 0.9106164383561643 | 0.9041095890410958 | 0.9057170362912129 |
+--------------------+--------------------+--------------------+--------------------+

Epoch loss:0.034038557815921265

+--------------------+--------------------+--------------------+--------------------+
|      Accuracy      |     Precision      |       Recall       |         F1         |
+--------------------+--------------------+--------------------+--------------------+
| 0.9452054794520548 | 0.9536354056902002 | 0.9452054794520548 | 0.9463703289534992 |
+--------------------+--------------------+--------------------+--------------------+

Epoch loss:0.024647546385482645

+--------------------+--------------------+--------------------+--------------------+
|      Accuracy      |     Precision      |       Recall       |         F1         |
+--------------------+--------------------+--------------------+--------------------+
| 0.8356164383561644 | 0.8793643501503507 | 0.8356164383561644 | 0.8419032492885977 |
+--------------------+--------------------+--------------------+--------------------+

Epoch loss:0.013805419722954154

+--------------------+--------------------+--------------------+--------------------+
|      Accuracy      |     Precision      |       Recall       |         F1         |
+--------------------+--------------------+--------------------+--------------------+
| 0.9041095890410958 | 0.9272555503070383 | 0.9041095890410958 | 0.9071574989043923 |
+--------------------+--------------------+--------------------+--------------------+

Epoch loss:0.019986785020444438

+--------------------+--------------------+--------------------+--------------------+
|      Accuracy      |     Precision      |       Recall       |         F1         |
+--------------------+--------------------+--------------------+--------------------+
| 0.8904109589041096 | 0.9196347031963469 | 0.8904109589041096 | 0.8941775216913661 |
+--------------------+--------------------+--------------------+--------------------+

Epoch loss:0.013213652179311376

+--------------------+--------------------+--------------------+--------------------+
|      Accuracy      |     Precision      |       Recall       |         F1         |
+--------------------+--------------------+--------------------+--------------------+
| 0.8904109589041096 | 0.8944413381791071 | 0.8904109589041096 | 0.8916974389517571 |
+--------------------+--------------------+--------------------+--------------------+

Epoch loss:0.024029295754085193

+--------------------+-------------------+--------------------+-------------------+
|      Accuracy      |     Precision     |       Recall       |         F1        |
+--------------------+-------------------+--------------------+-------------------+
| 0.8767123287671232 | 0.900985528406407 | 0.8767123287671232 | 0.880631070019933 |
+--------------------+-------------------+--------------------+-------------------+

Epoch loss:0.002049430317090601

+--------------------+--------------------+--------------------+--------------------+
|      Accuracy      |     Precision      |       Recall       |         F1         |
+--------------------+--------------------+--------------------+--------------------+
| 0.9726027397260274 | 0.9748858447488583 | 0.9726027397260274 | 0.9729243597379392 |
+--------------------+--------------------+--------------------+--------------------+

Epoch loss:0.03229792962045738

+--------------------+--------------------+--------------------+--------------------+
|      Accuracy      |     Precision      |       Recall       |         F1         |
+--------------------+--------------------+--------------------+--------------------+
| 0.9315068493150684 | 0.9327456819535438 | 0.9315068493150684 | 0.9319288093192881 |
+--------------------+--------------------+--------------------+--------------------+

Epoch loss:0.01220330089202164

+--------------------+--------------------+--------------------+--------------------+
|      Accuracy      |     Precision      |       Recall       |         F1         |
+--------------------+--------------------+--------------------+--------------------+
| 0.9178082191780822 | 0.9212561737023577 | 0.9178082191780822 | 0.9187730792138176 |
+--------------------+--------------------+--------------------+--------------------+

Epoch loss:0.009579059753273337

+-------------------+--------------------+-------------------+--------------------+
|      Accuracy     |     Precision      |       Recall      |         F1         |
+-------------------+--------------------+-------------------+--------------------+
| 0.958904109589041 | 0.9598213222156046 | 0.958904109589041 | 0.9591572855915729 |
+-------------------+--------------------+-------------------+--------------------+

Epoch loss:0.012890896618476266

+--------------------+--------------------+--------------------+--------------------+
|      Accuracy      |     Precision      |       Recall       |         F1         |
+--------------------+--------------------+--------------------+--------------------+
| 0.9452054794520548 | 0.9536354056902002 | 0.9452054794520548 | 0.9463703289534992 |
+--------------------+--------------------+--------------------+--------------------+

Epoch loss:0.01713610382274676

+-------------------+--------------------+-------------------+--------------------+
|      Accuracy     |     Precision      |       Recall      |         F1         |
+-------------------+--------------------+-------------------+--------------------+
| 0.958904109589041 | 0.9598213222156046 | 0.958904109589041 | 0.9591572855915729 |
+-------------------+--------------------+-------------------+--------------------+

Epoch loss:0.008012890857525339

+--------------------+--------------------+--------------------+--------------------+
|      Accuracy      |     Precision      |       Recall       |         F1         |
+--------------------+--------------------+--------------------+--------------------+
| 0.9315068493150684 | 0.9441907661085743 | 0.9315068493150684 | 0.9332361104306148 |
+--------------------+--------------------+--------------------+--------------------+

Epoch loss:0.04532328563643537

+--------------------+--------------------+--------------------+--------------------+
|      Accuracy      |     Precision      |       Recall       |         F1         |
+--------------------+--------------------+--------------------+--------------------+
| 0.8493150684931506 | 0.8861498642762451 | 0.8493150684931506 | 0.8548178657484222 |
+--------------------+--------------------+--------------------+--------------------+

Epoch loss:0.001072902169433697

+--------------------+--------------------+--------------------+--------------------+
|      Accuracy      |     Precision      |       Recall       |         F1         |
+--------------------+--------------------+--------------------+--------------------+
| 0.9452054794520548 | 0.9536354056902002 | 0.9452054794520548 | 0.9463703289534992 |
+--------------------+--------------------+--------------------+--------------------+

Epoch loss:0.0358141108776107

+--------------------+-------------------+--------------------+--------------------+
|      Accuracy      |     Precision     |       Recall       |         F1         |
+--------------------+-------------------+--------------------+--------------------+
| 0.9041095890410958 | 0.905670041691483 | 0.9041095890410958 | 0.9047003330470034 |
+--------------------+-------------------+--------------------+--------------------+

Epoch loss:0.018529215915800645

+--------------------+--------------------+--------------------+--------------------+
|      Accuracy      |     Precision      |       Recall       |         F1         |
+--------------------+--------------------+--------------------+--------------------+
| 0.9178082191780822 | 0.9354207436399216 | 0.9178082191780822 | 0.9201712328767123 |
+--------------------+--------------------+--------------------+--------------------+

Epoch loss:0.0019421142511008827

+--------------------+--------------------+--------------------+--------------------+
|      Accuracy      |     Precision      |       Recall       |         F1         |
+--------------------+--------------------+--------------------+--------------------+
| 0.8356164383561644 | 0.8936341659951652 | 0.8356164383561644 | 0.8422700587084149 |
+--------------------+--------------------+--------------------+--------------------+

Epoch loss:0.003943002651886224

+--------------------+--------------------+--------------------+--------------------+
|      Accuracy      |     Precision      |       Recall       |         F1         |
+--------------------+--------------------+--------------------+--------------------+
| 0.9315068493150684 | 0.9327456819535438 | 0.9315068493150684 | 0.9319288093192881 |
+--------------------+--------------------+--------------------+--------------------+

Epoch loss:0.0006355657135545729

+--------------------+--------------------+--------------------+--------------------+
|      Accuracy      |     Precision      |       Recall       |         F1         |
+--------------------+--------------------+--------------------+--------------------+
| 0.9315068493150684 | 0.9323880477449331 | 0.9315068493150684 | 0.9299794759200037 |
+--------------------+--------------------+--------------------+--------------------+

Epoch loss:0.03872992464008468

+--------------------+--------------------+--------------------+--------------------+
|      Accuracy      |     Precision      |       Recall       |         F1         |
+--------------------+--------------------+--------------------+--------------------+
| 0.9178082191780822 | 0.9354207436399216 | 0.9178082191780822 | 0.9201712328767123 |
+--------------------+--------------------+--------------------+--------------------+

Epoch loss:0.020438335920745603

+--------------------+--------------------+--------------------+--------------------+
|      Accuracy      |     Precision      |       Recall       |         F1         |
+--------------------+--------------------+--------------------+--------------------+
| 0.9452054794520548 | 0.9480710092256082 | 0.9452054794520548 | 0.9458487194758786 |
+--------------------+--------------------+--------------------+--------------------+

Epoch loss:0.004508147330197956

+--------------------+-------------------+--------------------+-------------------+
|      Accuracy      |     Precision     |       Recall       |         F1        |
+--------------------+-------------------+--------------------+-------------------+
| 0.8767123287671232 | 0.900985528406407 | 0.8767123287671232 | 0.880631070019933 |
+--------------------+-------------------+--------------------+-------------------+

Epoch loss:0.009817236872607308

+--------------------+--------------------+--------------------+--------------------+
|      Accuracy      |     Precision      |       Recall       |         F1         |
+--------------------+--------------------+--------------------+--------------------+
| 0.9315068493150684 | 0.9441907661085743 | 0.9315068493150684 | 0.9332361104306148 |
+--------------------+--------------------+--------------------+--------------------+

Epoch loss:0.006869770852015075

+--------------------+--------------------+--------------------+--------------------+
|      Accuracy      |     Precision      |       Recall       |         F1         |
+--------------------+--------------------+--------------------+--------------------+
| 0.9452054794520548 | 0.9453864047557509 | 0.9452054794520548 | 0.9444277184003211 |
+--------------------+--------------------+--------------------+--------------------+

Epoch loss:0.026225978446635205

+--------------------+--------------------+--------------------+--------------------+
|      Accuracy      |     Precision      |       Recall       |         F1         |
+--------------------+--------------------+--------------------+--------------------+
| 0.9178082191780822 | 0.9212561737023577 | 0.9178082191780822 | 0.9187730792138176 |
+--------------------+--------------------+--------------------+--------------------+

Epoch loss:0.00774259487884377

+--------------------+--------------------+--------------------+--------------------+
|      Accuracy      |     Precision      |       Recall       |         F1         |
+--------------------+--------------------+--------------------+--------------------+
| 0.9315068493150684 | 0.9327456819535438 | 0.9315068493150684 | 0.9319288093192881 |
+--------------------+--------------------+--------------------+--------------------+

Epoch loss:0.007995164436851143

+--------------------+--------------------+--------------------+--------------------+
|      Accuracy      |     Precision      |       Recall       |         F1         |
+--------------------+--------------------+--------------------+--------------------+
| 0.9178082191780822 | 0.9212561737023577 | 0.9178082191780822 | 0.9187730792138176 |
+--------------------+--------------------+--------------------+--------------------+

Epoch loss:0.010237772048427018

+-------------------+--------------------+-------------------+--------------------+
|      Accuracy     |     Precision      |       Recall      |         F1         |
+-------------------+--------------------+-------------------+--------------------+
| 0.863013698630137 | 0.8828440965427267 | 0.863013698630137 | 0.8669520547945205 |
+-------------------+--------------------+-------------------+--------------------+

Epoch loss:0.010157259791620632

+--------------------+--------------------+--------------------+--------------------+
|      Accuracy      |     Precision      |       Recall       |         F1         |
+--------------------+--------------------+--------------------+--------------------+
| 0.8356164383561644 | 0.8565557729941292 | 0.8356164383561644 | 0.8403424657534246 |
+--------------------+--------------------+--------------------+--------------------+

Epoch loss:0.0045189060621119905

+--------------------+--------------------+--------------------+--------------------+
|      Accuracy      |     Precision      |       Recall       |         F1         |
+--------------------+--------------------+--------------------+--------------------+
| 0.8767123287671232 | 0.8914918492047734 | 0.8767123287671232 | 0.8798249987751068 |
+--------------------+--------------------+--------------------+--------------------+

Epoch loss:0.042596798676826794

+--------------------+--------------------+--------------------+--------------------+
|      Accuracy      |     Precision      |       Recall       |         F1         |
+--------------------+--------------------+--------------------+--------------------+
| 0.9041095890410958 | 0.9106164383561643 | 0.9041095890410958 | 0.9057170362912129 |
+--------------------+--------------------+--------------------+--------------------+

Epoch loss:0.0177705339137761

+--------------------+--------------------+--------------------+--------------------+
|      Accuracy      |     Precision      |       Recall       |         F1         |
+--------------------+--------------------+--------------------+--------------------+
| 0.9178082191780822 | 0.9178082191780822 | 0.9178082191780822 | 0.9178082191780822 |
+--------------------+--------------------+--------------------+--------------------+

Epoch loss:0.016918707822244063

+--------------------+--------------------+--------------------+--------------------+
|      Accuracy      |     Precision      |       Recall       |         F1         |
+--------------------+--------------------+--------------------+--------------------+
| 0.9452054794520548 | 0.9452054794520548 | 0.9452054794520548 | 0.9452054794520548 |
+--------------------+--------------------+--------------------+--------------------+

Epoch loss:0.014772986068930438

+--------------------+-------------------+--------------------+-------------------+
|      Accuracy      |     Precision     |       Recall       |         F1        |
+--------------------+-------------------+--------------------+-------------------+
| 0.8767123287671232 | 0.900985528406407 | 0.8767123287671232 | 0.880631070019933 |
+--------------------+-------------------+--------------------+-------------------+

Epoch loss:0.02926880736899921

+--------------------+--------------------+--------------------+--------------------+
|      Accuracy      |     Precision      |       Recall       |         F1         |
+--------------------+--------------------+--------------------+--------------------+
| 0.9178082191780822 | 0.9271797861130417 | 0.9178082191780822 | 0.9195554934302488 |
+--------------------+--------------------+--------------------+--------------------+

Epoch loss:0.0018680587689693475

+--------------------+--------------------+--------------------+--------------------+
|      Accuracy      |     Precision      |       Recall       |         F1         |
+--------------------+--------------------+--------------------+--------------------+
| 0.9178082191780822 | 0.9271797861130417 | 0.9178082191780822 | 0.9195554934302488 |
+--------------------+--------------------+--------------------+--------------------+

Epoch loss:0.022909135504820627

+--------------------+--------------------+--------------------+--------------------+
|      Accuracy      |     Precision      |       Recall       |         F1         |
+--------------------+--------------------+--------------------+--------------------+
| 0.8904109589041096 | 0.9196347031963469 | 0.8904109589041096 | 0.8941775216913661 |
+--------------------+--------------------+--------------------+--------------------+

Epoch loss:0.00393645820905045

+--------------------+--------------------+--------------------+--------------------+
|      Accuracy      |     Precision      |       Recall       |         F1         |
+--------------------+--------------------+--------------------+--------------------+
| 0.8904109589041096 | 0.9091324200913243 | 0.8904109589041096 | 0.8935616438356165 |
+--------------------+--------------------+--------------------+--------------------+

Epoch loss:0.0009817351555226025

+--------------------+--------------------+--------------------+--------------------+
|      Accuracy      |     Precision      |       Recall       |         F1         |
+--------------------+--------------------+--------------------+--------------------+
| 0.8904109589041096 | 0.9091324200913243 | 0.8904109589041096 | 0.8935616438356165 |
+--------------------+--------------------+--------------------+--------------------+

Epoch loss:0.0345954661707623

+--------------------+--------------------+--------------------+--------------------+
|      Accuracy      |     Precision      |       Recall       |         F1         |
+--------------------+--------------------+--------------------+--------------------+
| 0.9178082191780822 | 0.9354207436399216 | 0.9178082191780822 | 0.9201712328767123 |
+--------------------+--------------------+--------------------+--------------------+

Epoch loss:0.003334950201248317

+--------------------+--------------------+--------------------+--------------------+
|      Accuracy      |     Precision      |       Recall       |         F1         |
+--------------------+--------------------+--------------------+--------------------+
| 0.9315068493150684 | 0.9327456819535438 | 0.9315068493150684 | 0.9319288093192881 |
+--------------------+--------------------+--------------------+--------------------+

Epoch loss:0.010764979932915829

+-------------------+--------------------+-------------------+--------------------+
|      Accuracy     |     Precision      |       Recall      |         F1         |
+-------------------+--------------------+-------------------+--------------------+
| 0.863013698630137 | 0.8828440965427267 | 0.863013698630137 | 0.8669520547945205 |
+-------------------+--------------------+-------------------+--------------------+

Epoch loss:0.010395823827165768

+--------------------+--------------------+--------------------+--------------------+
|      Accuracy      |     Precision      |       Recall       |         F1         |
+--------------------+--------------------+--------------------+--------------------+
| 0.8904109589041096 | 0.9091324200913243 | 0.8904109589041096 | 0.8935616438356165 |
+--------------------+--------------------+--------------------+--------------------+

Epoch loss:0.0018620887189576402

+--------------------+--------------------+--------------------+--------------------+
|      Accuracy      |     Precision      |       Recall       |         F1         |
+--------------------+--------------------+--------------------+--------------------+
| 0.8904109589041096 | 0.9196347031963469 | 0.8904109589041096 | 0.8941775216913661 |
+--------------------+--------------------+--------------------+--------------------+

Epoch loss:0.014887934340269842

+-------------------+--------------------+-------------------+--------------------+
|      Accuracy     |     Precision      |       Recall      |         F1         |
+-------------------+--------------------+-------------------+--------------------+
| 0.958904109589041 | 0.9587786642581164 | 0.958904109589041 | 0.9586257450118616 |
+-------------------+--------------------+-------------------+--------------------+

Epoch loss:0.02389172502822521

+--------------------+--------------------+--------------------+--------------------+
|      Accuracy      |     Precision      |       Recall       |         F1         |
+--------------------+--------------------+--------------------+--------------------+
| 0.8904109589041096 | 0.9007241665358833 | 0.8904109589041096 | 0.8927406579069985 |
+--------------------+--------------------+--------------------+--------------------+

Epoch loss:0.005471394439899533

+--------------------+--------------------+--------------------+--------------------+
|      Accuracy      |     Precision      |       Recall       |         F1         |
+--------------------+--------------------+--------------------+--------------------+
| 0.9178082191780822 | 0.9271797861130417 | 0.9178082191780822 | 0.9195554934302488 |
+--------------------+--------------------+--------------------+--------------------+

Epoch loss:0.0021575255969955125

+--------------------+--------------------+--------------------+--------------------+
|      Accuracy      |     Precision      |       Recall       |         F1         |
+--------------------+--------------------+--------------------+--------------------+
| 0.9041095890410958 | 0.9272555503070383 | 0.9041095890410958 | 0.9071574989043923 |
+--------------------+--------------------+--------------------+--------------------+

Epoch loss:0.0008258666583438984

+--------------------+--------------------+--------------------+--------------------+
|      Accuracy      |     Precision      |       Recall       |         F1         |
+--------------------+--------------------+--------------------+--------------------+
| 0.9178082191780822 | 0.9212561737023577 | 0.9178082191780822 | 0.9187730792138176 |
+--------------------+--------------------+--------------------+--------------------+

Epoch loss:0.011985722912709504

+-------------------+--------------------+-------------------+--------------------+
|      Accuracy     |     Precision      |       Recall      |         F1         |
+-------------------+--------------------+-------------------+--------------------+
| 0.958904109589041 | 0.9598213222156046 | 0.958904109589041 | 0.9591572855915729 |
+-------------------+--------------------+-------------------+--------------------+

Epoch loss:0.029072377932604015

+--------------------+--------------------+--------------------+--------------------+
|      Accuracy      |     Precision      |       Recall       |         F1         |
+--------------------+--------------------+--------------------+--------------------+
| 0.9041095890410958 | 0.9178413076566739 | 0.9041095890410958 | 0.9065305546028608 |
+--------------------+--------------------+--------------------+--------------------+

Epoch loss:0.0028571894000644503

+--------------------+--------------------+--------------------+--------------------+
|      Accuracy      |     Precision      |       Recall       |         F1         |
+--------------------+--------------------+--------------------+--------------------+
| 0.9041095890410958 | 0.9106164383561643 | 0.9041095890410958 | 0.9057170362912129 |
+--------------------+--------------------+--------------------+--------------------+

Epoch loss:0.02151655281642354

+--------------------+--------------------+--------------------+--------------------+
|      Accuracy      |     Precision      |       Recall       |         F1         |
+--------------------+--------------------+--------------------+--------------------+
| 0.9315068493150684 | 0.9372260273972604 | 0.9315068493150684 | 0.9326550259222948 |
+--------------------+--------------------+--------------------+--------------------+

Epoch loss:0.032319884612535515

+--------------------+--------------------+--------------------+--------------------+
|      Accuracy      |     Precision      |       Recall       |         F1         |
+--------------------+--------------------+--------------------+--------------------+
| 0.8904109589041096 | 0.9091324200913243 | 0.8904109589041096 | 0.8935616438356165 |
+--------------------+--------------------+--------------------+--------------------+

Epoch loss:0.005408635505354294

+-------------------+--------------------+-------------------+--------------------+
|      Accuracy     |     Precision      |       Recall      |         F1         |
+-------------------+--------------------+-------------------+--------------------+
| 0.958904109589041 | 0.9598213222156046 | 0.958904109589041 | 0.9591572855915729 |
+-------------------+--------------------+-------------------+--------------------+

Epoch loss:0.03443011638045758

+--------------------+--------------------+--------------------+--------------------+
|      Accuracy      |     Precision      |       Recall       |         F1         |
+--------------------+--------------------+--------------------+--------------------+
| 0.9178082191780822 | 0.9212561737023577 | 0.9178082191780822 | 0.9187730792138176 |
+--------------------+--------------------+--------------------+--------------------+

Epoch loss:0.021537350290775775

+-------------------+--------------------+-------------------+--------------------+
|      Accuracy     |     Precision      |       Recall      |         F1         |
+-------------------+--------------------+-------------------+--------------------+
| 0.863013698630137 | 0.8933418286078367 | 0.863013698630137 | 0.8677219021142075 |
+-------------------+--------------------+-------------------+--------------------+

Epoch loss:0.04346664552060871

+-------------------+--------------------+-------------------+--------------------+
|      Accuracy     |     Precision      |       Recall      |         F1         |
+-------------------+--------------------+-------------------+--------------------+
| 0.958904109589041 | 0.9598213222156046 | 0.958904109589041 | 0.9591572855915729 |
+-------------------+--------------------+-------------------+--------------------+

Epoch loss:0.0072279729831294815

+--------------------+-------------------+--------------------+-------------------+
|      Accuracy      |     Precision     |       Recall       |         F1        |
+--------------------+-------------------+--------------------+-------------------+
| 0.8767123287671232 | 0.900985528406407 | 0.8767123287671232 | 0.880631070019933 |
+--------------------+-------------------+--------------------+-------------------+

Epoch loss:0.007852855827647201

+--------------------+--------------------+--------------------+--------------------+
|      Accuracy      |     Precision      |       Recall       |         F1         |
+--------------------+--------------------+--------------------+--------------------+
| 0.9452054794520548 | 0.9480710092256082 | 0.9452054794520548 | 0.9458487194758786 |
+--------------------+--------------------+--------------------+--------------------+

Epoch loss:0.0030501519435269468

+-------------------+--------------------+-------------------+--------------------+
|      Accuracy     |     Precision      |       Recall      |         F1         |
+-------------------+--------------------+-------------------+--------------------+
| 0.958904109589041 | 0.9598213222156046 | 0.958904109589041 | 0.9591572855915729 |
+-------------------+--------------------+-------------------+--------------------+

Epoch loss:0.018221507036999974

+--------------------+--------------------+--------------------+--------------------+
|      Accuracy      |     Precision      |       Recall       |         F1         |
+--------------------+--------------------+--------------------+--------------------+
| 0.9178082191780822 | 0.9354207436399216 | 0.9178082191780822 | 0.9201712328767123 |
+--------------------+--------------------+--------------------+--------------------+

Epoch loss:0.0001258369749435231

+--------------------+--------------------+--------------------+--------------------+
|      Accuracy      |     Precision      |       Recall       |         F1         |
+--------------------+--------------------+--------------------+--------------------+
| 0.8904109589041096 | 0.9091324200913243 | 0.8904109589041096 | 0.8935616438356165 |
+--------------------+--------------------+--------------------+--------------------+

Epoch loss:0.009962874772914798

+--------------------+--------------------+--------------------+--------------------+
|      Accuracy      |     Precision      |       Recall       |         F1         |
+--------------------+--------------------+--------------------+--------------------+
| 0.9315068493150684 | 0.9372260273972604 | 0.9315068493150684 | 0.9326550259222948 |
+--------------------+--------------------+--------------------+--------------------+

Epoch loss:0.019782166607016503

+--------------------+--------------------+--------------------+--------------------+
|      Accuracy      |     Precision      |       Recall       |         F1         |
+--------------------+--------------------+--------------------+--------------------+
| 0.9315068493150684 | 0.9327456819535438 | 0.9315068493150684 | 0.9319288093192881 |
+--------------------+--------------------+--------------------+--------------------+

Epoch loss:0.015117819696438533

+-------------------+--------------------+-------------------+--------------------+
|      Accuracy     |     Precision      |       Recall      |         F1         |
+-------------------+--------------------+-------------------+--------------------+
| 0.958904109589041 | 0.9598213222156046 | 0.958904109589041 | 0.9591572855915729 |
+-------------------+--------------------+-------------------+--------------------+

Epoch loss:0.0022755451839471313

+--------------------+--------------------+--------------------+--------------------+
|      Accuracy      |     Precision      |       Recall       |         F1         |
+--------------------+--------------------+--------------------+--------------------+
| 0.9041095890410958 | 0.9272555503070383 | 0.9041095890410958 | 0.9071574989043923 |
+--------------------+--------------------+--------------------+--------------------+

Epoch loss:0.00558043654683745

+--------------------+--------------------+--------------------+--------------------+
|      Accuracy      |     Precision      |       Recall       |         F1         |
+--------------------+--------------------+--------------------+--------------------+
| 0.9315068493150684 | 0.9372260273972604 | 0.9315068493150684 | 0.9326550259222948 |
+--------------------+--------------------+--------------------+--------------------+

Epoch loss:0.025900768410178476

+-------------------+--------------------+-------------------+--------------------+
|      Accuracy     |     Precision      |       Recall      |         F1         |
+-------------------+--------------------+-------------------+--------------------+
| 0.863013698630137 | 0.8933418286078367 | 0.863013698630137 | 0.8677219021142075 |
+-------------------+--------------------+-------------------+--------------------+

Epoch loss:0.014158501734816883

+--------------------+--------------------+--------------------+--------------------+
|      Accuracy      |     Precision      |       Recall       |         F1         |
+--------------------+--------------------+--------------------+--------------------+
| 0.9041095890410958 | 0.9272555503070383 | 0.9041095890410958 | 0.9071574989043923 |
+--------------------+--------------------+--------------------+--------------------+

Epoch loss:0.003165684268553075

+--------------------+-------------------+--------------------+--------------------+
|      Accuracy      |     Precision     |       Recall       |         F1         |
+--------------------+-------------------+--------------------+--------------------+
| 0.9041095890410958 | 0.905670041691483 | 0.9041095890410958 | 0.9047003330470034 |
+--------------------+-------------------+--------------------+--------------------+

Epoch loss:0.0003882042080254513

+--------------------+--------------------+--------------------+--------------------+
|      Accuracy      |     Precision      |       Recall       |         F1         |
+--------------------+--------------------+--------------------+--------------------+
| 0.9178082191780822 | 0.9212561737023577 | 0.9178082191780822 | 0.9187730792138176 |
+--------------------+--------------------+--------------------+--------------------+

Epoch loss:0.0007220258183758611

+--------------------+--------------------+--------------------+--------------------+
|      Accuracy      |     Precision      |       Recall       |         F1         |
+--------------------+--------------------+--------------------+--------------------+
| 0.8904109589041096 | 0.8904109589041096 | 0.8904109589041096 | 0.8904109589041096 |
+--------------------+--------------------+--------------------+--------------------+

Epoch loss:0.01880836153248835

+--------------------+--------------------+--------------------+--------------------+
|      Accuracy      |     Precision      |       Recall       |         F1         |
+--------------------+--------------------+--------------------+--------------------+
| 0.8904109589041096 | 0.9091324200913243 | 0.8904109589041096 | 0.8935616438356165 |
+--------------------+--------------------+--------------------+--------------------+

Epoch loss:0.00974211140320273

+--------------------+--------------------+--------------------+--------------------+
|      Accuracy      |     Precision      |       Recall       |         F1         |
+--------------------+--------------------+--------------------+--------------------+
| 0.9315068493150684 | 0.9372260273972604 | 0.9315068493150684 | 0.9326550259222948 |
+--------------------+--------------------+--------------------+--------------------+

Epoch loss:0.005026532165909164

+--------------------+--------------------+--------------------+--------------------+
|      Accuracy      |     Precision      |       Recall       |         F1         |
+--------------------+--------------------+--------------------+--------------------+
| 0.8767123287671232 | 0.9125055236411842 | 0.8767123287671232 | 0.8812146174305272 |
+--------------------+--------------------+--------------------+--------------------+

Epoch loss:0.018597678939941895

+--------------------+--------------------+--------------------+--------------------+
|      Accuracy      |     Precision      |       Recall       |         F1         |
+--------------------+--------------------+--------------------+--------------------+
| 0.8767123287671232 | 0.8914918492047734 | 0.8767123287671232 | 0.8798249987751068 |
+--------------------+--------------------+--------------------+--------------------+

Epoch loss:0.00010284119497425212

+--------------------+-------------------+--------------------+--------------------+
|      Accuracy      |     Precision     |       Recall       |         F1         |
+--------------------+-------------------+--------------------+--------------------+
| 0.9315068493150684 | 0.930992523458277 | 0.9315068493150684 | 0.9310429083531023 |
+--------------------+-------------------+--------------------+--------------------+

Epoch loss:0.018663427088515004

+--------------------+--------------------+--------------------+--------------------+
|      Accuracy      |     Precision      |       Recall       |         F1         |
+--------------------+--------------------+--------------------+--------------------+
| 0.9041095890410958 | 0.9178413076566739 | 0.9041095890410958 | 0.9065305546028608 |
+--------------------+--------------------+--------------------+--------------------+

Epoch loss:0.004861698180280201

+-------------------+--------------------+-------------------+--------------------+
|      Accuracy     |     Precision      |       Recall      |         F1         |
+-------------------+--------------------+-------------------+--------------------+
| 0.958904109589041 | 0.9598213222156046 | 0.958904109589041 | 0.9591572855915729 |
+-------------------+--------------------+-------------------+--------------------+

Epoch loss:0.00010655049894225644

+--------------------+-------------------+--------------------+-------------------+
|      Accuracy      |     Precision     |       Recall       |         F1        |
+--------------------+-------------------+--------------------+-------------------+
| 0.8767123287671232 | 0.900985528406407 | 0.8767123287671232 | 0.880631070019933 |
+--------------------+-------------------+--------------------+-------------------+

Epoch loss:0.003359753626825045

+--------------------+--------------------+--------------------+--------------------+
|      Accuracy      |     Precision      |       Recall       |         F1         |
+--------------------+--------------------+--------------------+--------------------+
| 0.9452054794520548 | 0.9480710092256082 | 0.9452054794520548 | 0.9458487194758786 |
+--------------------+--------------------+--------------------+--------------------+

Epoch loss:0.02020821410560007

+--------------------+--------------------+--------------------+--------------------+
|      Accuracy      |     Precision      |       Recall       |         F1         |
+--------------------+--------------------+--------------------+--------------------+
| 0.9452054794520548 | 0.9480710092256082 | 0.9452054794520548 | 0.9458487194758786 |
+--------------------+--------------------+--------------------+--------------------+

Epoch loss:0.001971500706267558

+-------------------+--------------------+-------------------+--------------------+
|      Accuracy     |     Precision      |       Recall      |         F1         |
+-------------------+--------------------+-------------------+--------------------+
| 0.958904109589041 | 0.9598213222156046 | 0.958904109589041 | 0.9591572855915729 |
+-------------------+--------------------+-------------------+--------------------+

Epoch loss:0.003953350243493739

+-------------------+--------------------+-------------------+--------------------+
|      Accuracy     |     Precision      |       Recall      |         F1         |
+-------------------+--------------------+-------------------+--------------------+
| 0.958904109589041 | 0.9598213222156046 | 0.958904109589041 | 0.9591572855915729 |
+-------------------+--------------------+-------------------+--------------------+

Epoch loss:0.0001582103628844817

+--------------------+--------------------+--------------------+--------------------+
|      Accuracy      |     Precision      |       Recall       |         F1         |
+--------------------+--------------------+--------------------+--------------------+
| 0.9726027397260274 | 0.9736365986042905 | 0.9726027397260274 | 0.9722138592001606 |
+--------------------+--------------------+--------------------+--------------------+

Epoch loss:0.006649676672417391

+--------------------+--------------------+--------------------+--------------------+
|      Accuracy      |     Precision      |       Recall       |         F1         |
+--------------------+--------------------+--------------------+--------------------+
| 0.8493150684931506 | 0.8995433789954339 | 0.8493150684931506 | 0.8552762306186964 |
+--------------------+--------------------+--------------------+--------------------+

Epoch loss:0.01591111892189208

+-------------------+--------------------+-------------------+--------------------+
|      Accuracy     |     Precision      |       Recall      |         F1         |
+-------------------+--------------------+-------------------+--------------------+
| 0.958904109589041 | 0.9638356164383561 | 0.958904109589041 | 0.9595930155533771 |
+-------------------+--------------------+-------------------+--------------------+

Epoch loss:0.048189102696811065

+--------------------+--------------------+--------------------+--------------------+
|      Accuracy      |     Precision      |       Recall       |         F1         |
+--------------------+--------------------+--------------------+--------------------+
| 0.8904109589041096 | 0.9196347031963469 | 0.8904109589041096 | 0.8941775216913661 |
+--------------------+--------------------+--------------------+--------------------+

Epoch loss:0.02059229140262048

+--------------------+-------------------+--------------------+--------------------+
|      Accuracy      |     Precision     |       Recall       |         F1         |
+--------------------+-------------------+--------------------+--------------------+
| 0.9315068493150684 | 0.930992523458277 | 0.9315068493150684 | 0.9310429083531023 |
+--------------------+-------------------+--------------------+--------------------+

Epoch loss:0.002913305671568565

+-------------------+--------------------+-------------------+--------------------+
|      Accuracy     |     Precision      |       Recall      |         F1         |
+-------------------+--------------------+-------------------+--------------------+
| 0.958904109589041 | 0.9638356164383561 | 0.958904109589041 | 0.9595930155533771 |
+-------------------+--------------------+-------------------+--------------------+

Epoch loss:0.00024782534723603904

+--------------------+--------------------+--------------------+--------------------+
|      Accuracy      |     Precision      |       Recall       |         F1         |
+--------------------+--------------------+--------------------+--------------------+
| 0.8767123287671232 | 0.8914918492047734 | 0.8767123287671232 | 0.8798249987751068 |
+--------------------+--------------------+--------------------+--------------------+

Epoch loss:0.0024141574000664224

+--------------------+--------------------+--------------------+--------------------+
|      Accuracy      |     Precision      |       Recall       |         F1         |
+--------------------+--------------------+--------------------+--------------------+
| 0.8767123287671232 | 0.8914918492047734 | 0.8767123287671232 | 0.8798249987751068 |
+--------------------+--------------------+--------------------+--------------------+

Epoch loss:0.00013534441493380023

+--------------------+--------------------+--------------------+--------------------+
|      Accuracy      |     Precision      |       Recall       |         F1         |
+--------------------+--------------------+--------------------+--------------------+
| 0.9041095890410958 | 0.9178413076566739 | 0.9041095890410958 | 0.9065305546028608 |
+--------------------+--------------------+--------------------+--------------------+

Epoch loss:0.00023195750858475875

+--------------------+--------------------+--------------------+--------------------+
|      Accuracy      |     Precision      |       Recall       |         F1         |
+--------------------+--------------------+--------------------+--------------------+
| 0.9452054794520548 | 0.9536354056902002 | 0.9452054794520548 | 0.9463703289534992 |
+--------------------+--------------------+--------------------+--------------------+

Epoch loss:0.000859040995370951

+--------------------+--------------------+--------------------+--------------------+
|      Accuracy      |     Precision      |       Recall       |         F1         |
+--------------------+--------------------+--------------------+--------------------+
| 0.8767123287671232 | 0.9125055236411842 | 0.8767123287671232 | 0.8812146174305272 |
+--------------------+--------------------+--------------------+--------------------+

Epoch loss:0.03149519526312909

+--------------------+--------------------+--------------------+--------------------+
|      Accuracy      |     Precision      |       Recall       |         F1         |
+--------------------+--------------------+--------------------+--------------------+
| 0.9041095890410958 | 0.9074191320363763 | 0.9041095890410958 | 0.9002031979883728 |
+--------------------+--------------------+--------------------+--------------------+

Epoch loss:0.00040719108880250934

+--------------------+--------------------+--------------------+--------------------+
|      Accuracy      |     Precision      |       Recall       |         F1         |
+--------------------+--------------------+--------------------+--------------------+
| 0.8904109589041096 | 0.9091324200913243 | 0.8904109589041096 | 0.8935616438356165 |
+--------------------+--------------------+--------------------+--------------------+

Epoch loss:0.02151906331775855

+--------------------+--------------------+--------------------+--------------------+
|      Accuracy      |     Precision      |       Recall       |         F1         |
+--------------------+--------------------+--------------------+--------------------+
| 0.9041095890410958 | 0.9272555503070383 | 0.9041095890410958 | 0.9071574989043923 |
+--------------------+--------------------+--------------------+--------------------+

Epoch loss:0.0001233275577069816

+--------------------+--------------------+--------------------+--------------------+
|      Accuracy      |     Precision      |       Recall       |         F1         |
+--------------------+--------------------+--------------------+--------------------+
| 0.9315068493150684 | 0.9327456819535438 | 0.9315068493150684 | 0.9319288093192881 |
+--------------------+--------------------+--------------------+--------------------+

Epoch loss:9.41160695323963e-07

+--------------------+--------------------+--------------------+--------------------+
|      Accuracy      |     Precision      |       Recall       |         F1         |
+--------------------+--------------------+--------------------+--------------------+
| 0.9041095890410958 | 0.9272555503070383 | 0.9041095890410958 | 0.9071574989043923 |
+--------------------+--------------------+--------------------+--------------------+

Epoch loss:0.02038655678486664

+--------------------+--------------------+--------------------+--------------------+
|      Accuracy      |     Precision      |       Recall       |         F1         |
+--------------------+--------------------+--------------------+--------------------+
| 0.8493150684931506 | 0.8651423907528732 | 0.8493150684931506 | 0.8531194429473525 |
+--------------------+--------------------+--------------------+--------------------+

Epoch loss:1.1487086466261292e-05

+--------------------+--------------------+--------------------+--------------------+
|      Accuracy      |     Precision      |       Recall       |         F1         |
+--------------------+--------------------+--------------------+--------------------+
| 0.9041095890410958 | 0.9178413076566739 | 0.9041095890410958 | 0.9065305546028608 |
+--------------------+--------------------+--------------------+--------------------+

Epoch loss:0.0019667148650390643

+-------------------+--------------------+-------------------+-------------------+
|      Accuracy     |     Precision      |       Recall      |         F1        |
+-------------------+--------------------+-------------------+-------------------+
| 0.863013698630137 | 0.9058219178082192 | 0.863013698630137 | 0.868252707740498 |
+-------------------+--------------------+-------------------+-------------------+

Epoch loss:0.023355219818933064

+--------------------+--------------------+--------------------+--------------------+
|      Accuracy      |     Precision      |       Recall       |         F1         |
+--------------------+--------------------+--------------------+--------------------+
| 0.9452054794520548 | 0.9480710092256082 | 0.9452054794520548 | 0.9458487194758786 |
+--------------------+--------------------+--------------------+--------------------+

Epoch loss:0.00511416798769916

+--------------------+--------------------+--------------------+--------------------+
|      Accuracy      |     Precision      |       Recall       |         F1         |
+--------------------+--------------------+--------------------+--------------------+
| 0.9178082191780822 | 0.9212561737023577 | 0.9178082191780822 | 0.9187730792138176 |
+--------------------+--------------------+--------------------+--------------------+

Epoch loss:0.02047656384109565

+-------------------+--------------------+-------------------+--------------------+
|      Accuracy     |     Precision      |       Recall      |         F1         |
+-------------------+--------------------+-------------------+--------------------+
| 0.958904109589041 | 0.9598213222156046 | 0.958904109589041 | 0.9591572855915729 |
+-------------------+--------------------+-------------------+--------------------+

Epoch loss:0.001404544922112979

+--------------------+--------------------+--------------------+--------------------+
|      Accuracy      |     Precision      |       Recall       |         F1         |
+--------------------+--------------------+--------------------+--------------------+
| 0.8904109589041096 | 0.9007241665358833 | 0.8904109589041096 | 0.8927406579069985 |
+--------------------+--------------------+--------------------+--------------------+

Epoch loss:5.397003203851676e-06

+--------------------+--------------------+--------------------+--------------------+
|      Accuracy      |     Precision      |       Recall       |         F1         |
+--------------------+--------------------+--------------------+--------------------+
| 0.9178082191780822 | 0.9271797861130417 | 0.9178082191780822 | 0.9195554934302488 |
+--------------------+--------------------+--------------------+--------------------+

Epoch loss:0.012666997769138615

+--------------------+--------------------+--------------------+--------------------+
|      Accuracy      |     Precision      |       Recall       |         F1         |
+--------------------+--------------------+--------------------+--------------------+
| 0.8904109589041096 | 0.9091324200913243 | 0.8904109589041096 | 0.8935616438356165 |
+--------------------+--------------------+--------------------+--------------------+

Epoch loss:0.006217677461930939

+--------------------+--------------------+--------------------+--------------------+
|      Accuracy      |     Precision      |       Recall       |         F1         |
+--------------------+--------------------+--------------------+--------------------+
| 0.8904109589041096 | 0.9196347031963469 | 0.8904109589041096 | 0.8941775216913661 |
+--------------------+--------------------+--------------------+--------------------+

Epoch loss:0.06343839205438617

+--------------------+--------------------+--------------------+--------------------+
|      Accuracy      |     Precision      |       Recall       |         F1         |
+--------------------+--------------------+--------------------+--------------------+
| 0.9178082191780822 | 0.9271797861130417 | 0.9178082191780822 | 0.9195554934302488 |
+--------------------+--------------------+--------------------+--------------------+

Epoch loss:0.011847980277965013

+--------------------+--------------------+--------------------+--------------------+
|      Accuracy      |     Precision      |       Recall       |         F1         |
+--------------------+--------------------+--------------------+--------------------+
| 0.9041095890410958 | 0.9272555503070383 | 0.9041095890410958 | 0.9071574989043923 |
+--------------------+--------------------+--------------------+--------------------+

Epoch loss:6.137014890847767e-05

+--------------------+--------------------+--------------------+--------------------+
|      Accuracy      |     Precision      |       Recall       |         F1         |
+--------------------+--------------------+--------------------+--------------------+
| 0.8904109589041096 | 0.9196347031963469 | 0.8904109589041096 | 0.8941775216913661 |
+--------------------+--------------------+--------------------+--------------------+

Epoch loss:0.04085466070162894

+--------------------+--------------------+--------------------+--------------------+
|      Accuracy      |     Precision      |       Recall       |         F1         |
+--------------------+--------------------+--------------------+--------------------+
| 0.8904109589041096 | 0.9091324200913243 | 0.8904109589041096 | 0.8935616438356165 |
+--------------------+--------------------+--------------------+--------------------+

Epoch loss:0.0042513214719673694

+--------------------+--------------------+--------------------+--------------------+
|      Accuracy      |     Precision      |       Recall       |         F1         |
+--------------------+--------------------+--------------------+--------------------+
| 0.8904109589041096 | 0.9091324200913243 | 0.8904109589041096 | 0.8935616438356165 |
+--------------------+--------------------+--------------------+--------------------+

Epoch loss:0.0022361034231331693

+--------------------+--------------------+--------------------+--------------------+
|      Accuracy      |     Precision      |       Recall       |         F1         |
+--------------------+--------------------+--------------------+--------------------+
| 0.9315068493150684 | 0.9327456819535438 | 0.9315068493150684 | 0.9319288093192881 |
+--------------------+--------------------+--------------------+--------------------+

Epoch loss:0.007264264941987247

+-------------------+--------------------+-------------------+--------------------+
|      Accuracy     |     Precision      |       Recall      |         F1         |
+-------------------+--------------------+-------------------+--------------------+
| 0.958904109589041 | 0.9611872146118721 | 0.958904109589041 | 0.9579876855520023 |
+-------------------+--------------------+-------------------+--------------------+

Epoch loss:0.0011701205775985798

+--------------------+--------------------+--------------------+--------------------+
|      Accuracy      |     Precision      |       Recall       |         F1         |
+--------------------+--------------------+--------------------+--------------------+
| 0.9041095890410958 | 0.9272555503070383 | 0.9041095890410958 | 0.9071574989043923 |
+--------------------+--------------------+--------------------+--------------------+

Epoch loss:0.004809214248430813

+--------------------+--------------------+--------------------+--------------------+
|      Accuracy      |     Precision      |       Recall       |         F1         |
+--------------------+--------------------+--------------------+--------------------+
| 0.9726027397260274 | 0.9748858447488583 | 0.9726027397260274 | 0.9729243597379392 |
+--------------------+--------------------+--------------------+--------------------+

Epoch loss:2.1781983785071423e-05

+--------------------+--------------------+--------------------+--------------------+
|      Accuracy      |     Precision      |       Recall       |         F1         |
+--------------------+--------------------+--------------------+--------------------+
| 0.9726027397260274 | 0.9726027397260274 | 0.9726027397260274 | 0.9726027397260274 |
+--------------------+--------------------+--------------------+--------------------+

Epoch loss:0.00010394678094947816

+--------------------+--------------------+--------------------+--------------------+
|      Accuracy      |     Precision      |       Recall       |         F1         |
+--------------------+--------------------+--------------------+--------------------+
| 0.9452054794520548 | 0.9480710092256082 | 0.9452054794520548 | 0.9458487194758786 |
+--------------------+--------------------+--------------------+--------------------+

Epoch loss:0.003742167978017342

+-------------------+--------------------+-------------------+-------------------+
|      Accuracy     |     Precision      |       Recall      |         F1        |
+-------------------+--------------------+-------------------+-------------------+
| 0.863013698630137 | 0.9058219178082192 | 0.863013698630137 | 0.868252707740498 |
+-------------------+--------------------+-------------------+-------------------+

Epoch loss:0.00013631539250375118

+--------------------+--------------------+--------------------+--------------------+
|      Accuracy      |     Precision      |       Recall       |         F1         |
+--------------------+--------------------+--------------------+--------------------+
| 0.9041095890410958 | 0.9178413076566739 | 0.9041095890410958 | 0.9065305546028608 |
+--------------------+--------------------+--------------------+--------------------+

Epoch loss:4.826396339834642e-06

+--------------------+--------------------+--------------------+--------------------+
|      Accuracy      |     Precision      |       Recall       |         F1         |
+--------------------+--------------------+--------------------+--------------------+
| 0.9315068493150684 | 0.9372260273972604 | 0.9315068493150684 | 0.9326550259222948 |
+--------------------+--------------------+--------------------+--------------------+

Epoch loss:0.012111414205587062

+--------------------+--------------------+--------------------+--------------------+
|      Accuracy      |     Precision      |       Recall       |         F1         |
+--------------------+--------------------+--------------------+--------------------+
| 0.8767123287671232 | 0.9125055236411842 | 0.8767123287671232 | 0.8812146174305272 |
+--------------------+--------------------+--------------------+--------------------+

Epoch loss:0.001389145324634693

+--------------------+-------------------+--------------------+--------------------+
|      Accuracy      |     Precision     |       Recall       |         F1         |
+--------------------+-------------------+--------------------+--------------------+
| 0.9041095890410958 | 0.905670041691483 | 0.9041095890410958 | 0.9047003330470034 |
+--------------------+-------------------+--------------------+--------------------+

Epoch loss:0.007465891871313787

+--------------------+--------------------+--------------------+--------------------+
|      Accuracy      |     Precision      |       Recall       |         F1         |
+--------------------+--------------------+--------------------+--------------------+
| 0.9452054794520548 | 0.9536354056902002 | 0.9452054794520548 | 0.9463703289534992 |
+--------------------+--------------------+--------------------+--------------------+

Epoch loss:2.40161135036545e-06

+--------------------+--------------------+--------------------+--------------------+
|      Accuracy      |     Precision      |       Recall       |         F1         |
+--------------------+--------------------+--------------------+--------------------+
| 0.9452054794520548 | 0.9480710092256082 | 0.9452054794520548 | 0.9458487194758786 |
+--------------------+--------------------+--------------------+--------------------+

Epoch loss:0.00014855107189750273

+--------------------+--------------------+--------------------+--------------------+
|      Accuracy      |     Precision      |       Recall       |         F1         |
+--------------------+--------------------+--------------------+--------------------+
| 0.9178082191780822 | 0.9178082191780822 | 0.9178082191780822 | 0.9178082191780822 |
+--------------------+--------------------+--------------------+--------------------+

Epoch loss:0.0004952241921579035

+--------------------+--------------------+--------------------+--------------------+
|      Accuracy      |     Precision      |       Recall       |         F1         |
+--------------------+--------------------+--------------------+--------------------+
| 0.9315068493150684 | 0.9372260273972604 | 0.9315068493150684 | 0.9326550259222948 |
+--------------------+--------------------+--------------------+--------------------+

Epoch loss:1.3605770543749545e-05

+--------------------+-------------------+--------------------+--------------------+
|      Accuracy      |     Precision     |       Recall       |         F1         |
+--------------------+-------------------+--------------------+--------------------+
| 0.9315068493150684 | 0.930992523458277 | 0.9315068493150684 | 0.9310429083531023 |
+--------------------+-------------------+--------------------+--------------------+

Epoch loss:0.004904725559900067

+--------------------+--------------------+--------------------+--------------------+
|      Accuracy      |     Precision      |       Recall       |         F1         |
+--------------------+--------------------+--------------------+--------------------+
| 0.9041095890410958 | 0.9178413076566739 | 0.9041095890410958 | 0.9065305546028608 |
+--------------------+--------------------+--------------------+--------------------+

Epoch loss:0.02194945295898746

+--------------------+--------------------+--------------------+--------------------+
|      Accuracy      |     Precision      |       Recall       |         F1         |
+--------------------+--------------------+--------------------+--------------------+
| 0.9041095890410958 | 0.9106164383561643 | 0.9041095890410958 | 0.9057170362912129 |
+--------------------+--------------------+--------------------+--------------------+

Epoch loss:0.009713031607586853

+--------------------+--------------------+--------------------+--------------------+
|      Accuracy      |     Precision      |       Recall       |         F1         |
+--------------------+--------------------+--------------------+--------------------+
| 0.9315068493150684 | 0.9327456819535438 | 0.9315068493150684 | 0.9319288093192881 |
+--------------------+--------------------+--------------------+--------------------+

Epoch loss:0.017967708629817124

+--------------------+--------------------+--------------------+--------------------+
|      Accuracy      |     Precision      |       Recall       |         F1         |
+--------------------+--------------------+--------------------+--------------------+
| 0.9315068493150684 | 0.9441907661085743 | 0.9315068493150684 | 0.9332361104306148 |
+--------------------+--------------------+--------------------+--------------------+

Epoch loss:0.00016986317143328632

+--------------------+--------------------+--------------------+--------------------+
|      Accuracy      |     Precision      |       Recall       |         F1         |
+--------------------+--------------------+--------------------+--------------------+
| 0.9726027397260274 | 0.9748858447488583 | 0.9726027397260274 | 0.9729243597379392 |
+--------------------+--------------------+--------------------+--------------------+

Epoch loss:0.00013550852280826104

+--------------------+--------------------+--------------------+--------------------+
|      Accuracy      |     Precision      |       Recall       |         F1         |
+--------------------+--------------------+--------------------+--------------------+
| 0.9315068493150684 | 0.9372260273972604 | 0.9315068493150684 | 0.9326550259222948 |
+--------------------+--------------------+--------------------+--------------------+

Epoch loss:0.015398244514546537

+--------------------+--------------------+--------------------+--------------------+
|      Accuracy      |     Precision      |       Recall       |         F1         |
+--------------------+--------------------+--------------------+--------------------+
| 0.9452054794520548 | 0.9536354056902002 | 0.9452054794520548 | 0.9463703289534992 |
+--------------------+--------------------+--------------------+--------------------+

Epoch loss:0.00029623751916268233

+--------------------+--------------------+--------------------+--------------------+
|      Accuracy      |     Precision      |       Recall       |         F1         |
+--------------------+--------------------+--------------------+--------------------+
| 0.9315068493150684 | 0.9372260273972604 | 0.9315068493150684 | 0.9326550259222948 |
+--------------------+--------------------+--------------------+--------------------+

Epoch loss:0.0009739304442088676

+--------------------+--------------------+--------------------+--------------------+
|      Accuracy      |     Precision      |       Recall       |         F1         |
+--------------------+--------------------+--------------------+--------------------+
| 0.9863013698630136 | 0.9868969624776652 | 0.9863013698630136 | 0.9863857618638576 |
+--------------------+--------------------+--------------------+--------------------+

Epoch loss:0.021636427847705

+--------------------+--------------------+--------------------+--------------------+
|      Accuracy      |     Precision      |       Recall       |         F1         |
+--------------------+--------------------+--------------------+--------------------+
| 0.9178082191780822 | 0.9271797861130417 | 0.9178082191780822 | 0.9195554934302488 |
+--------------------+--------------------+--------------------+--------------------+

Epoch loss:1.6191612731787465e-06

+--------------------+--------------------+--------------------+--------------------+
|      Accuracy      |     Precision      |       Recall       |         F1         |
+--------------------+--------------------+--------------------+--------------------+
| 0.9041095890410958 | 0.9106164383561643 | 0.9041095890410958 | 0.9057170362912129 |
+--------------------+--------------------+--------------------+--------------------+

Epoch loss:4.7107555054692585e-05

+--------------------+--------------------+--------------------+--------------------+
|      Accuracy      |     Precision      |       Recall       |         F1         |
+--------------------+--------------------+--------------------+--------------------+
| 0.9178082191780822 | 0.9271797861130417 | 0.9178082191780822 | 0.9195554934302488 |
+--------------------+--------------------+--------------------+--------------------+

Epoch loss:0.010900258961857165

+--------------------+--------------------+--------------------+--------------------+
|      Accuracy      |     Precision      |       Recall       |         F1         |
+--------------------+--------------------+--------------------+--------------------+
| 0.9315068493150684 | 0.9327456819535438 | 0.9315068493150684 | 0.9319288093192881 |
+--------------------+--------------------+--------------------+--------------------+

Epoch loss:0.0056517947255698515

+--------------------+--------------------+--------------------+--------------------+
|      Accuracy      |     Precision      |       Recall       |         F1         |
+--------------------+--------------------+--------------------+--------------------+
| 0.9041095890410958 | 0.9106164383561643 | 0.9041095890410958 | 0.9057170362912129 |
+--------------------+--------------------+--------------------+--------------------+

Epoch loss:0.0183838193347915

+--------------------+-------------------+--------------------+--------------------+
|      Accuracy      |     Precision     |       Recall       |         F1         |
+--------------------+-------------------+--------------------+--------------------+
| 0.9315068493150684 | 0.930992523458277 | 0.9315068493150684 | 0.9310429083531023 |
+--------------------+-------------------+--------------------+--------------------+

Epoch loss:0.0044796702301396355

+--------------------+--------------------+--------------------+--------------------+
|      Accuracy      |     Precision      |       Recall       |         F1         |
+--------------------+--------------------+--------------------+--------------------+
| 0.9452054794520548 | 0.9480710092256082 | 0.9452054794520548 | 0.9458487194758786 |
+--------------------+--------------------+--------------------+--------------------+

Epoch loss:0.008573555559765684

+--------------------+-------------------+--------------------+--------------------+
|      Accuracy      |     Precision     |       Recall       |         F1         |
+--------------------+-------------------+--------------------+--------------------+
| 0.9315068493150684 | 0.930992523458277 | 0.9315068493150684 | 0.9310429083531023 |
+--------------------+-------------------+--------------------+--------------------+

Epoch loss:3.040402172600127e-05

+--------------------+-------------------+--------------------+--------------------+
|      Accuracy      |     Precision     |       Recall       |         F1         |
+--------------------+-------------------+--------------------+--------------------+
| 0.9041095890410958 | 0.905670041691483 | 0.9041095890410958 | 0.9047003330470034 |
+--------------------+-------------------+--------------------+--------------------+

Epoch loss:8.224038943856467e-05

+-------------------+--------------------+-------------------+--------------------+
|      Accuracy     |     Precision      |       Recall      |         F1         |
+-------------------+--------------------+-------------------+--------------------+
| 0.958904109589041 | 0.9587786642581164 | 0.958904109589041 | 0.9586257450118616 |
+-------------------+--------------------+-------------------+--------------------+

Epoch loss:0.02599277941038905

+--------------------+--------------------+--------------------+--------------------+
|      Accuracy      |     Precision      |       Recall       |         F1         |
+--------------------+--------------------+--------------------+--------------------+
| 0.9315068493150684 | 0.9441907661085743 | 0.9315068493150684 | 0.9332361104306148 |
+--------------------+--------------------+--------------------+--------------------+

Epoch loss:0.08765911410993206

+--------------------+-------------------+--------------------+--------------------+
|      Accuracy      |     Precision     |       Recall       |         F1         |
+--------------------+-------------------+--------------------+--------------------+
| 0.9315068493150684 | 0.930992523458277 | 0.9315068493150684 | 0.9310429083531023 |
+--------------------+-------------------+--------------------+--------------------+

Epoch loss:4.944986261451906e-05

+--------------------+--------------------+--------------------+--------------------+
|      Accuracy      |     Precision      |       Recall       |         F1         |
+--------------------+--------------------+--------------------+--------------------+
| 0.8767123287671232 | 0.8785944014294224 | 0.8767123287671232 | 0.8774718567747186 |
+--------------------+--------------------+--------------------+--------------------+

Epoch loss:3.6625166959176555e-05

+--------------------+--------------------+--------------------+--------------------+
|      Accuracy      |     Precision      |       Recall       |         F1         |
+--------------------+--------------------+--------------------+--------------------+
| 0.9863013698630136 | 0.9868969624776652 | 0.9863013698630136 | 0.9863857618638576 |
+--------------------+--------------------+--------------------+--------------------+

Epoch loss:4.3653217452822367e-07

+--------------------+--------------------+--------------------+--------------------+
|      Accuracy      |     Precision      |       Recall       |         F1         |
+--------------------+--------------------+--------------------+--------------------+
| 0.9178082191780822 | 0.9271797861130417 | 0.9178082191780822 | 0.9195554934302488 |
+--------------------+--------------------+--------------------+--------------------+

Epoch loss:1.8432442281558883e-05

+--------------------+--------------------+--------------------+--------------------+
|      Accuracy      |     Precision      |       Recall       |         F1         |
+--------------------+--------------------+--------------------+--------------------+
| 0.9041095890410958 | 0.9106164383561643 | 0.9041095890410958 | 0.9057170362912129 |
+--------------------+--------------------+--------------------+--------------------+

Epoch loss:0.0006207134502644933

+--------------------+--------------------+--------------------+--------------------+
|      Accuracy      |     Precision      |       Recall       |         F1         |
+--------------------+--------------------+--------------------+--------------------+
| 0.9452054794520548 | 0.9480710092256082 | 0.9452054794520548 | 0.9458487194758786 |
+--------------------+--------------------+--------------------+--------------------+

Epoch loss:1.9287405953478004e-05

+--------------------+--------------------+--------------------+--------------------+
|      Accuracy      |     Precision      |       Recall       |         F1         |
+--------------------+--------------------+--------------------+--------------------+
| 0.9178082191780822 | 0.9354207436399216 | 0.9178082191780822 | 0.9201712328767123 |
+--------------------+--------------------+--------------------+--------------------+

Epoch loss:0.0007025569614180831

+--------------------+--------------------+--------------------+--------------------+
|      Accuracy      |     Precision      |       Recall       |         F1         |
+--------------------+--------------------+--------------------+--------------------+
| 0.9178082191780822 | 0.9212561737023577 | 0.9178082191780822 | 0.9187730792138176 |
+--------------------+--------------------+--------------------+--------------------+

Epoch loss:6.299749779626674e-05

+--------------------+--------------------+--------------------+--------------------+
|      Accuracy      |     Precision      |       Recall       |         F1         |
+--------------------+--------------------+--------------------+--------------------+
| 0.9452054794520548 | 0.9452054794520548 | 0.9452054794520548 | 0.9452054794520548 |
+--------------------+--------------------+--------------------+--------------------+

Epoch loss:5.1549657035513664e-08

+--------------------+--------------------+--------------------+--------------------+
|      Accuracy      |     Precision      |       Recall       |         F1         |
+--------------------+--------------------+--------------------+--------------------+
| 0.8904109589041096 | 0.9091324200913243 | 0.8904109589041096 | 0.8935616438356165 |
+--------------------+--------------------+--------------------+--------------------+

Epoch loss:2.7233699780949784e-06

+--------------------+--------------------+--------------------+--------------------+
|      Accuracy      |     Precision      |       Recall       |         F1         |
+--------------------+--------------------+--------------------+--------------------+
| 0.8904109589041096 | 0.9007241665358833 | 0.8904109589041096 | 0.8927406579069985 |
+--------------------+--------------------+--------------------+--------------------+

Epoch loss:0.02749317155439417

+--------------------+--------------------+--------------------+--------------------+
|      Accuracy      |     Precision      |       Recall       |         F1         |
+--------------------+--------------------+--------------------+--------------------+
| 0.9315068493150684 | 0.9327456819535438 | 0.9315068493150684 | 0.9319288093192881 |
+--------------------+--------------------+--------------------+--------------------+

Epoch loss:0.005055340847008727

+-------------------+--------------------+-------------------+--------------------+
|      Accuracy     |     Precision      |       Recall      |         F1         |
+-------------------+--------------------+-------------------+--------------------+
| 0.958904109589041 | 0.9598213222156046 | 0.958904109589041 | 0.9591572855915729 |
+-------------------+--------------------+-------------------+--------------------+

Epoch loss:0.001240648742632945

+--------------------+--------------------+--------------------+--------------------+
|      Accuracy      |     Precision      |       Recall       |         F1         |
+--------------------+--------------------+--------------------+--------------------+
| 0.8767123287671232 | 0.9125055236411842 | 0.8767123287671232 | 0.8812146174305272 |
+--------------------+--------------------+--------------------+--------------------+

Epoch loss:0.009742999568599298

+-------------------+--------------------+-------------------+--------------------+
|      Accuracy     |     Precision      |       Recall      |         F1         |
+-------------------+--------------------+-------------------+--------------------+
| 0.958904109589041 | 0.9598213222156046 | 0.958904109589041 | 0.9591572855915729 |
+-------------------+--------------------+-------------------+--------------------+

Epoch loss:0.000122676826413771

+--------------------+--------------------+--------------------+--------------------+
|      Accuracy      |     Precision      |       Recall       |         F1         |
+--------------------+--------------------+--------------------+--------------------+
| 0.9452054794520548 | 0.9536354056902002 | 0.9452054794520548 | 0.9463703289534992 |
+--------------------+--------------------+--------------------+--------------------+

Epoch loss:0.0075549658664048926

+--------------------+--------------------+--------------------+--------------------+
|      Accuracy      |     Precision      |       Recall       |         F1         |
+--------------------+--------------------+--------------------+--------------------+
| 0.9726027397260274 | 0.9748858447488583 | 0.9726027397260274 | 0.9729243597379392 |
+--------------------+--------------------+--------------------+--------------------+

Epoch loss:0.002307885851749551

+-------------------+--------------------+-------------------+--------------------+
|      Accuracy     |     Precision      |       Recall      |         F1         |
+-------------------+--------------------+-------------------+--------------------+
| 0.958904109589041 | 0.9638356164383561 | 0.958904109589041 | 0.9595930155533771 |
+-------------------+--------------------+-------------------+--------------------+

Epoch loss:7.0639430419786864e-06

+--------------------+-------------------+--------------------+-------------------+
|      Accuracy      |     Precision     |       Recall       |         F1        |
+--------------------+-------------------+--------------------+-------------------+
| 0.8767123287671232 | 0.900985528406407 | 0.8767123287671232 | 0.880631070019933 |
+--------------------+-------------------+--------------------+-------------------+

Epoch loss:0.00043742388254980786

+--------------------+--------------------+--------------------+--------------------+
|      Accuracy      |     Precision      |       Recall       |         F1         |
+--------------------+--------------------+--------------------+--------------------+
| 0.9178082191780822 | 0.9271797861130417 | 0.9178082191780822 | 0.9195554934302488 |
+--------------------+--------------------+--------------------+--------------------+

Epoch loss:0.010781660038016875

+--------------------+--------------------+--------------------+--------------------+
|      Accuracy      |     Precision      |       Recall       |         F1         |
+--------------------+--------------------+--------------------+--------------------+
| 0.9315068493150684 | 0.9372260273972604 | 0.9315068493150684 | 0.9326550259222948 |
+--------------------+--------------------+--------------------+--------------------+

Epoch loss:2.449503589524899e-06

+--------------------+--------------------+--------------------+--------------------+
|      Accuracy      |     Precision      |       Recall       |         F1         |
+--------------------+--------------------+--------------------+--------------------+
| 0.9315068493150684 | 0.9372260273972604 | 0.9315068493150684 | 0.9326550259222948 |
+--------------------+--------------------+--------------------+--------------------+

Epoch loss:5.433077043010743e-06

+--------------------+--------------------+--------------------+--------------------+
|      Accuracy      |     Precision      |       Recall       |         F1         |
+--------------------+--------------------+--------------------+--------------------+
| 0.8904109589041096 | 0.9196347031963469 | 0.8904109589041096 | 0.8941775216913661 |
+--------------------+--------------------+--------------------+--------------------+

Epoch loss:4.0675726306690995e-08

+--------------------+--------------------+--------------------+--------------------+
|      Accuracy      |     Precision      |       Recall       |         F1         |
+--------------------+--------------------+--------------------+--------------------+
| 0.9315068493150684 | 0.9372260273972604 | 0.9315068493150684 | 0.9326550259222948 |
+--------------------+--------------------+--------------------+--------------------+

Epoch loss:5.235541129762451e-09

+--------------------+--------------------+--------------------+--------------------+
|      Accuracy      |     Precision      |       Recall       |         F1         |
+--------------------+--------------------+--------------------+--------------------+
| 0.9178082191780822 | 0.9271797861130417 | 0.9178082191780822 | 0.9195554934302488 |
+--------------------+--------------------+--------------------+--------------------+

Epoch loss:1.2082021029292768e-09

+--------------------+--------------------+--------------------+--------------------+
|      Accuracy      |     Precision      |       Recall       |         F1         |
+--------------------+--------------------+--------------------+--------------------+
| 0.9452054794520548 | 0.9480710092256082 | 0.9452054794520548 | 0.9458487194758786 |
+--------------------+--------------------+--------------------+--------------------+

Epoch loss:1.6109361652446616e-09

+--------------------+--------------------+--------------------+--------------------+
|      Accuracy      |     Precision      |       Recall       |         F1         |
+--------------------+--------------------+--------------------+--------------------+
| 0.9178082191780822 | 0.9354207436399216 | 0.9178082191780822 | 0.9201712328767123 |
+--------------------+--------------------+--------------------+--------------------+

Epoch loss:1.4383359128358378e-09

+-------------------+--------------------+-------------------+--------------------+
|      Accuracy     |     Precision      |       Recall      |         F1         |
+-------------------+--------------------+-------------------+--------------------+
| 0.958904109589041 | 0.9638356164383561 | 0.958904109589041 | 0.9595930155533771 |
+-------------------+--------------------+-------------------+--------------------+

Epoch loss:2.215037174700861e-09

+--------------------+--------------------+--------------------+--------------------+
|      Accuracy      |     Precision      |       Recall       |         F1         |
+--------------------+--------------------+--------------------+--------------------+
| 0.9452054794520548 | 0.9536354056902002 | 0.9452054794520548 | 0.9463703289534992 |
+--------------------+--------------------+--------------------+--------------------+

Epoch loss:2.0036416115287426e-05

+--------------------+--------------------+--------------------+--------------------+
|      Accuracy      |     Precision      |       Recall       |         F1         |
+--------------------+--------------------+--------------------+--------------------+
| 0.8767123287671232 | 0.9125055236411842 | 0.8767123287671232 | 0.8812146174305272 |
+--------------------+--------------------+--------------------+--------------------+

Epoch loss:5.6180890198245715e-08

+--------------------+--------------------+--------------------+--------------------+
|      Accuracy      |     Precision      |       Recall       |         F1         |
+--------------------+--------------------+--------------------+--------------------+
| 0.9315068493150684 | 0.9372260273972604 | 0.9315068493150684 | 0.9326550259222948 |
+--------------------+--------------------+--------------------+--------------------+

Epoch loss:9.879188862215082e-06

+--------------------+--------------------+--------------------+--------------------+
|      Accuracy      |     Precision      |       Recall       |         F1         |
+--------------------+--------------------+--------------------+--------------------+
| 0.9726027397260274 | 0.9748858447488583 | 0.9726027397260274 | 0.9729243597379392 |
+--------------------+--------------------+--------------------+--------------------+

Epoch loss:3.6245910873301024e-08

+-------------------+--------------------+-------------------+--------------------+
|      Accuracy     |     Precision      |       Recall      |         F1         |
+-------------------+--------------------+-------------------+--------------------+
| 0.958904109589041 | 0.9598213222156046 | 0.958904109589041 | 0.9591572855915729 |
+-------------------+--------------------+-------------------+--------------------+

Epoch loss:0.001086573450759543

+--------------------+--------------------+--------------------+--------------------+
|      Accuracy      |     Precision      |       Recall       |         F1         |
+--------------------+--------------------+--------------------+--------------------+
| 0.9178082191780822 | 0.9271797861130417 | 0.9178082191780822 | 0.9195554934302488 |
+--------------------+--------------------+--------------------+--------------------+

Epoch loss:7.623353774136257e-05

+--------------------+--------------------+--------------------+--------------------+
|      Accuracy      |     Precision      |       Recall       |         F1         |
+--------------------+--------------------+--------------------+--------------------+
| 0.9726027397260274 | 0.9726027397260274 | 0.9726027397260274 | 0.9726027397260274 |
+--------------------+--------------------+--------------------+--------------------+

Epoch loss:0.0018247922475366069

+-------------------+--------------------+-------------------+--------------------+
|      Accuracy     |     Precision      |       Recall      |         F1         |
+-------------------+--------------------+-------------------+--------------------+
| 0.958904109589041 | 0.9638356164383561 | 0.958904109589041 | 0.9595930155533771 |
+-------------------+--------------------+-------------------+--------------------+

Epoch loss:1.0629181017634053e-07

+--------------------+--------------------+--------------------+--------------------+
|      Accuracy      |     Precision      |       Recall       |         F1         |
+--------------------+--------------------+--------------------+--------------------+
| 0.9452054794520548 | 0.9452054794520548 | 0.9452054794520548 | 0.9452054794520548 |
+--------------------+--------------------+--------------------+--------------------+

Epoch loss:1.9733911969986772e-08

+--------------------+--------------------+--------------------+--------------------+
|      Accuracy      |     Precision      |       Recall       |         F1         |
+--------------------+--------------------+--------------------+--------------------+
| 0.9178082191780822 | 0.9271797861130417 | 0.9178082191780822 | 0.9195554934302488 |
+--------------------+--------------------+--------------------+--------------------+

Epoch loss:1.537750828551688e-05

+-------------------+--------------------+-------------------+--------------------+
|      Accuracy     |     Precision      |       Recall      |         F1         |
+-------------------+--------------------+-------------------+--------------------+
| 0.863013698630137 | 0.8742685469587248 | 0.863013698630137 | 0.8659258223837479 |
+-------------------+--------------------+-------------------+--------------------+

Epoch loss:1.2686102762876778e-08

+--------------------+--------------------+--------------------+--------------------+
|      Accuracy      |     Precision      |       Recall       |         F1         |
+--------------------+--------------------+--------------------+--------------------+
| 0.9041095890410958 | 0.9106164383561643 | 0.9041095890410958 | 0.9057170362912129 |
+--------------------+--------------------+--------------------+--------------------+

Epoch loss:6.124172338372847e-05

+--------------------+--------------------+--------------------+--------------------+
|      Accuracy      |     Precision      |       Recall       |         F1         |
+--------------------+--------------------+--------------------+--------------------+
| 0.9178082191780822 | 0.9178082191780822 | 0.9178082191780822 | 0.9178082191780822 |
+--------------------+--------------------+--------------------+--------------------+

Epoch loss:0.000702130673962826

+--------------------+--------------------+--------------------+--------------------+
|      Accuracy      |     Precision      |       Recall       |         F1         |
+--------------------+--------------------+--------------------+--------------------+
| 0.9178082191780822 | 0.9212561737023577 | 0.9178082191780822 | 0.9187730792138176 |
+--------------------+--------------------+--------------------+--------------------+

Epoch loss:5.881129151218622e-06

+--------------------+--------------------+--------------------+--------------------+
|      Accuracy      |     Precision      |       Recall       |         F1         |
+--------------------+--------------------+--------------------+--------------------+
| 0.9178082191780822 | 0.9354207436399216 | 0.9178082191780822 | 0.9201712328767123 |
+--------------------+--------------------+--------------------+--------------------+

Epoch loss:2.2479678312652465e-05

+--------------------+--------------------+--------------------+--------------------+
|      Accuracy      |     Precision      |       Recall       |         F1         |
+--------------------+--------------------+--------------------+--------------------+
| 0.9041095890410958 | 0.9106164383561643 | 0.9041095890410958 | 0.9057170362912129 |
+--------------------+--------------------+--------------------+--------------------+

Epoch loss:7.584277085518613e-07

+--------------------+--------------------+--------------------+--------------------+
|      Accuracy      |     Precision      |       Recall       |         F1         |
+--------------------+--------------------+--------------------+--------------------+
| 0.9452054794520548 | 0.9480710092256082 | 0.9452054794520548 | 0.9458487194758786 |
+--------------------+--------------------+--------------------+--------------------+

Epoch loss:2.0438336005005601e-07

+-------------------+--------------------+-------------------+--------------------+
|      Accuracy     |     Precision      |       Recall      |         F1         |
+-------------------+--------------------+-------------------+--------------------+
| 0.958904109589041 | 0.9598213222156046 | 0.958904109589041 | 0.9591572855915729 |
+-------------------+--------------------+-------------------+--------------------+

Epoch loss:0.0001063174314302518

+--------------------+--------------------+--------------------+--------------------+
|      Accuracy      |     Precision      |       Recall       |         F1         |
+--------------------+--------------------+--------------------+--------------------+
| 0.9315068493150684 | 0.9441907661085743 | 0.9315068493150684 | 0.9332361104306148 |
+--------------------+--------------------+--------------------+--------------------+

Epoch loss:2.1744903392741214e-06

+--------------------+--------------------+--------------------+--------------------+
|      Accuracy      |     Precision      |       Recall       |         F1         |
+--------------------+--------------------+--------------------+--------------------+
| 0.9178082191780822 | 0.9271797861130417 | 0.9178082191780822 | 0.9195554934302488 |
+--------------------+--------------------+--------------------+--------------------+

Epoch loss:8.437053785944945e-05

+--------------------+--------------------+--------------------+--------------------+
|      Accuracy      |     Precision      |       Recall       |         F1         |
+--------------------+--------------------+--------------------+--------------------+
| 0.8767123287671232 | 0.9125055236411842 | 0.8767123287671232 | 0.8812146174305272 |
+--------------------+--------------------+--------------------+--------------------+

Epoch loss:4.2648541424325275e-06

+--------------------+--------------------+--------------------+--------------------+
|      Accuracy      |     Precision      |       Recall       |         F1         |
+--------------------+--------------------+--------------------+--------------------+
| 0.9726027397260274 | 0.9726027397260274 | 0.9726027397260274 | 0.9726027397260274 |
+--------------------+--------------------+--------------------+--------------------+

optimizer:
Adam (
Parameter Group 0
    amsgrad: False
    betas: (0.5, 0.5)
    capturable: False
    decoupled_weight_decay: False
    differentiable: False
    eps: 1e-08
    foreach: None
    fused: None
    lr: 0.0001
    maximize: False
    weight_decay: 0
)
model:
ResNet(
  (conv1): Conv2d(3, 64, kernel_size=(7, 7), stride=(2, 2), padding=(3, 3), bias=False)
  (bn1): BatchNorm2d(64, eps=1e-05, momentum=0.1, affine=True, track_running_stats=True)
  (relu): ReLU(inplace=True)
  (maxpool): MaxPool2d(kernel_size=3, stride=2, padding=1, dilation=1, ceil_mode=False)
  (layer1): Sequential(
    (0): BasicBlock(
      (conv1): Conv2d(64, 64, kernel_size=(3, 3), stride=(1, 1), padding=(1, 1), bias=False)
      (bn1): BatchNorm2d(64, eps=1e-05, momentum=0.1, affine=True, track_running_stats=True)
      (relu): ReLU()
      (conv2): Conv2d(64, 64, kernel_size=(3, 3), stride=(1, 1), padding=(1, 1), bias=False)
      (bn2): BatchNorm2d(64, eps=1e-05, momentum=0.1, affine=True, track_running_stats=True)
    )
    (1): BasicBlock(
      (conv1): Conv2d(64, 64, kernel_size=(3, 3), stride=(1, 1), padding=(1, 1), bias=False)
      (bn1): BatchNorm2d(64, eps=1e-05, momentum=0.1, affine=True, track_running_stats=True)
      (relu): ReLU()
      (conv2): Conv2d(64, 64, kernel_size=(3, 3), stride=(1, 1), padding=(1, 1), bias=False)
      (bn2): BatchNorm2d(64, eps=1e-05, momentum=0.1, affine=True, track_running_stats=True)
    )
    (2): BasicBlock(
      (conv1): Conv2d(64, 64, kernel_size=(3, 3), stride=(1, 1), padding=(1, 1), bias=False)
      (bn1): BatchNorm2d(64, eps=1e-05, momentum=0.1, affine=True, track_running_stats=True)
      (relu): ReLU()
      (conv2): Conv2d(64, 64, kernel_size=(3, 3), stride=(1, 1), padding=(1, 1), bias=False)
      (bn2): BatchNorm2d(64, eps=1e-05, momentum=0.1, affine=True, track_running_stats=True)
    )
  )
  (layer2): Sequential(
    (0): BasicBlock(
      (conv1): Conv2d(64, 128, kernel_size=(3, 3), stride=(2, 2), padding=(1, 1), bias=False)
      (bn1): BatchNorm2d(128, eps=1e-05, momentum=0.1, affine=True, track_running_stats=True)
      (relu): ReLU()
      (conv2): Conv2d(128, 128, kernel_size=(3, 3), stride=(1, 1), padding=(1, 1), bias=False)
      (bn2): BatchNorm2d(128, eps=1e-05, momentum=0.1, affine=True, track_running_stats=True)
      (downsample): Sequential(
        (0): Conv2d(64, 128, kernel_size=(1, 1), stride=(2, 2), bias=False)
        (1): BatchNorm2d(128, eps=1e-05, momentum=0.1, affine=True, track_running_stats=True)
      )
    )
    (1): BasicBlock(
      (conv1): Conv2d(128, 128, kernel_size=(3, 3), stride=(1, 1), padding=(1, 1), bias=False)
      (bn1): BatchNorm2d(128, eps=1e-05, momentum=0.1, affine=True, track_running_stats=True)
      (relu): ReLU()
      (conv2): Conv2d(128, 128, kernel_size=(3, 3), stride=(1, 1), padding=(1, 1), bias=False)
      (bn2): BatchNorm2d(128, eps=1e-05, momentum=0.1, affine=True, track_running_stats=True)
    )
    (2): BasicBlock(
      (conv1): Conv2d(128, 128, kernel_size=(3, 3), stride=(1, 1), padding=(1, 1), bias=False)
      (bn1): BatchNorm2d(128, eps=1e-05, momentum=0.1, affine=True, track_running_stats=True)
      (relu): ReLU()
      (conv2): Conv2d(128, 128, kernel_size=(3, 3), stride=(1, 1), padding=(1, 1), bias=False)
      (bn2): BatchNorm2d(128, eps=1e-05, momentum=0.1, affine=True, track_running_stats=True)
    )
    (3): BasicBlock(
      (conv1): Conv2d(128, 128, kernel_size=(3, 3), stride=(1, 1), padding=(1, 1), bias=False)
      (bn1): BatchNorm2d(128, eps=1e-05, momentum=0.1, affine=True, track_running_stats=True)
      (relu): ReLU()
      (conv2): Conv2d(128, 128, kernel_size=(3, 3), stride=(1, 1), padding=(1, 1), bias=False)
      (bn2): BatchNorm2d(128, eps=1e-05, momentum=0.1, affine=True, track_running_stats=True)
    )
  )
  (layer3): Sequential(
    (0): BasicBlock(
      (conv1): Conv2d(128, 256, kernel_size=(3, 3), stride=(2, 2), padding=(1, 1), bias=False)
      (bn1): BatchNorm2d(256, eps=1e-05, momentum=0.1, affine=True, track_running_stats=True)
      (relu): ReLU()
      (conv2): Conv2d(256, 256, kernel_size=(3, 3), stride=(1, 1), padding=(1, 1), bias=False)
      (bn2): BatchNorm2d(256, eps=1e-05, momentum=0.1, affine=True, track_running_stats=True)
      (downsample): Sequential(
        (0): Conv2d(128, 256, kernel_size=(1, 1), stride=(2, 2), bias=False)
        (1): BatchNorm2d(256, eps=1e-05, momentum=0.1, affine=True, track_running_stats=True)
      )
    )
    (1): BasicBlock(
      (conv1): Conv2d(256, 256, kernel_size=(3, 3), stride=(1, 1), padding=(1, 1), bias=False)
      (bn1): BatchNorm2d(256, eps=1e-05, momentum=0.1, affine=True, track_running_stats=True)
      (relu): ReLU()
      (conv2): Conv2d(256, 256, kernel_size=(3, 3), stride=(1, 1), padding=(1, 1), bias=False)
      (bn2): BatchNorm2d(256, eps=1e-05, momentum=0.1, affine=True, track_running_stats=True)
    )
    (2): BasicBlock(
      (conv1): Conv2d(256, 256, kernel_size=(3, 3), stride=(1, 1), padding=(1, 1), bias=False)
      (bn1): BatchNorm2d(256, eps=1e-05, momentum=0.1, affine=True, track_running_stats=True)
      (relu): ReLU()
      (conv2): Conv2d(256, 256, kernel_size=(3, 3), stride=(1, 1), padding=(1, 1), bias=False)
      (bn2): BatchNorm2d(256, eps=1e-05, momentum=0.1, affine=True, track_running_stats=True)
    )
    (3): BasicBlock(
      (conv1): Conv2d(256, 256, kernel_size=(3, 3), stride=(1, 1), padding=(1, 1), bias=False)
      (bn1): BatchNorm2d(256, eps=1e-05, momentum=0.1, affine=True, track_running_stats=True)
      (relu): ReLU()
      (conv2): Conv2d(256, 256, kernel_size=(3, 3), stride=(1, 1), padding=(1, 1), bias=False)
      (bn2): BatchNorm2d(256, eps=1e-05, momentum=0.1, affine=True, track_running_stats=True)
    )
    (4): BasicBlock(
      (conv1): Conv2d(256, 256, kernel_size=(3, 3), stride=(1, 1), padding=(1, 1), bias=False)
      (bn1): BatchNorm2d(256, eps=1e-05, momentum=0.1, affine=True, track_running_stats=True)
      (relu): ReLU()
      (conv2): Conv2d(256, 256, kernel_size=(3, 3), stride=(1, 1), padding=(1, 1), bias=False)
      (bn2): BatchNorm2d(256, eps=1e-05, momentum=0.1, affine=True, track_running_stats=True)
    )
    (5): BasicBlock(
      (conv1): Conv2d(256, 256, kernel_size=(3, 3), stride=(1, 1), padding=(1, 1), bias=False)
      (bn1): BatchNorm2d(256, eps=1e-05, momentum=0.1, affine=True, track_running_stats=True)
      (relu): ReLU()
      (conv2): Conv2d(256, 256, kernel_size=(3, 3), stride=(1, 1), padding=(1, 1), bias=False)
      (bn2): BatchNorm2d(256, eps=1e-05, momentum=0.1, affine=True, track_running_stats=True)
    )
  )
  (layer4): Sequential(
    (0): BasicBlock(
      (conv1): Conv2d(256, 512, kernel_size=(3, 3), stride=(2, 2), padding=(1, 1), bias=False)
      (bn1): BatchNorm2d(512, eps=1e-05, momentum=0.1, affine=True, track_running_stats=True)
      (relu): ReLU()
      (conv2): Conv2d(512, 512, kernel_size=(3, 3), stride=(1, 1), padding=(1, 1), bias=False)
      (bn2): BatchNorm2d(512, eps=1e-05, momentum=0.1, affine=True, track_running_stats=True)
      (downsample): Sequential(
        (0): Conv2d(256, 512, kernel_size=(1, 1), stride=(2, 2), bias=False)
        (1): BatchNorm2d(512, eps=1e-05, momentum=0.1, affine=True, track_running_stats=True)
      )
    )
    (1): BasicBlock(
      (conv1): Conv2d(512, 512, kernel_size=(3, 3), stride=(1, 1), padding=(1, 1), bias=False)
      (bn1): BatchNorm2d(512, eps=1e-05, momentum=0.1, affine=True, track_running_stats=True)
      (relu): ReLU()
      (conv2): Conv2d(512, 512, kernel_size=(3, 3), stride=(1, 1), padding=(1, 1), bias=False)
      (bn2): BatchNorm2d(512, eps=1e-05, momentum=0.1, affine=True, track_running_stats=True)
    )
    (2): BasicBlock(
      (conv1): Conv2d(512, 512, kernel_size=(3, 3), stride=(1, 1), padding=(1, 1), bias=False)
      (bn1): BatchNorm2d(512, eps=1e-05, momentum=0.1, affine=True, track_running_stats=True)
      (relu): ReLU()
      (conv2): Conv2d(512, 512, kernel_size=(3, 3), stride=(1, 1), padding=(1, 1), bias=False)
      (bn2): BatchNorm2d(512, eps=1e-05, momentum=0.1, affine=True, track_running_stats=True)
    )
  )
  (avgpool): AdaptiveAvgPool2d(output_size=(1, 1))
  (fc): Linear(in_features=512, out_features=2, bias=True)
)

