Read csv file.......
Training device information:
+--------------------+-------------------------+---------------------------------+
|   number of gpu    |    applied gpu index    |         applied gpu name        |
+--------------------+-------------------------+---------------------------------+
|         2          |            0            |     NVIDIA GeForce RTX 3090     |
+--------------------+-------------------------+---------------------------------+

Use data information file:/home/zhangxiaohan/constitution/baseline/data.csv
Loading data from path: /home/zhangxiaohan/constitution/data/face......
data information:
+----------------------+----------------+----------------+---------------+----------+
|  number of samples   |  train number  |  valid number  |  test number  | percent  |
+----------------------+----------------+----------------+---------------+----------+
|         738          |      590       |       73       |       75      |   0.8    |
+----------------------+----------------+----------------+---------------+----------+

Classes information:
+------------+------------+
|     0      |     1      |
+------------+------------+
|     0      |     1      |
+------------+------------+

Train information:
+--------------------+-----------------+-----------------+----------+---------------------+----------+----------+-----------------------------------------------------------------------+
|       theme        |      resize     |    batch size   |  epoch   |    learning rate    |  beta1   |  beta2   |                            directory of log                           |
+--------------------+-----------------+-----------------+----------+---------------------+----------+----------+-----------------------------------------------------------------------+
|    constitution    |    (224, 224)   |        16       |   300    |        0.0001       |   0.5    |  0.999   |            /home/zhangxiaohan/constitution/baseline/workdir           |
+--------------------+-----------------+-----------------+----------+---------------------+----------+----------+-----------------------------------------------------------------------+

Train begins......
Epoch loss:0.6825019024513863

+--------------------+--------------------+--------------------+--------------------+
|      Accuracy      |     Precision      |       Recall       |         F1         |
+--------------------+--------------------+--------------------+--------------------+
| 0.6712328767123288 | 0.4505535747795084 | 0.6712328767123288 | 0.5391870649000674 |
+--------------------+--------------------+--------------------+--------------------+

Epoch loss:0.6772478400049983

+--------------------+--------------------+--------------------+--------------------+
|      Accuracy      |     Precision      |       Recall       |         F1         |
+--------------------+--------------------+--------------------+--------------------+
| 0.6712328767123288 | 0.4505535747795084 | 0.6712328767123288 | 0.5391870649000674 |
+--------------------+--------------------+--------------------+--------------------+

Epoch loss:0.673307753898002

+--------------------+--------------------+--------------------+--------------------+
|      Accuracy      |     Precision      |       Recall       |         F1         |
+--------------------+--------------------+--------------------+--------------------+
| 0.6712328767123288 | 0.4505535747795084 | 0.6712328767123288 | 0.5391870649000674 |
+--------------------+--------------------+--------------------+--------------------+

Epoch loss:0.6736745592710134

+--------------------+--------------------+--------------------+--------------------+
|      Accuracy      |     Precision      |       Recall       |         F1         |
+--------------------+--------------------+--------------------+--------------------+
| 0.6712328767123288 | 0.4505535747795084 | 0.6712328767123288 | 0.5391870649000674 |
+--------------------+--------------------+--------------------+--------------------+

Epoch loss:0.6761769281851279

+--------------------+--------------------+--------------------+--------------------+
|      Accuracy      |     Precision      |       Recall       |         F1         |
+--------------------+--------------------+--------------------+--------------------+
| 0.6712328767123288 | 0.4505535747795084 | 0.6712328767123288 | 0.5391870649000674 |
+--------------------+--------------------+--------------------+--------------------+

Epoch loss:0.67536676896585

+--------------------+--------------------+--------------------+--------------------+
|      Accuracy      |     Precision      |       Recall       |         F1         |
+--------------------+--------------------+--------------------+--------------------+
| 0.6712328767123288 | 0.4505535747795084 | 0.6712328767123288 | 0.5391870649000674 |
+--------------------+--------------------+--------------------+--------------------+

Epoch loss:0.6727989428752178

+--------------------+--------------------+--------------------+--------------------+
|      Accuracy      |     Precision      |       Recall       |         F1         |
+--------------------+--------------------+--------------------+--------------------+
| 0.6712328767123288 | 0.4505535747795084 | 0.6712328767123288 | 0.5391870649000674 |
+--------------------+--------------------+--------------------+--------------------+

Epoch loss:0.6740548159625079

+--------------------+--------------------+--------------------+--------------------+
|      Accuracy      |     Precision      |       Recall       |         F1         |
+--------------------+--------------------+--------------------+--------------------+
| 0.6712328767123288 | 0.4505535747795084 | 0.6712328767123288 | 0.5391870649000674 |
+--------------------+--------------------+--------------------+--------------------+

Epoch loss:0.6720935750652004

+--------------------+--------------------+--------------------+--------------------+
|      Accuracy      |     Precision      |       Recall       |         F1         |
+--------------------+--------------------+--------------------+--------------------+
| 0.6712328767123288 | 0.4505535747795084 | 0.6712328767123288 | 0.5391870649000674 |
+--------------------+--------------------+--------------------+--------------------+

Epoch loss:0.6720566717354027

+--------------------+--------------------+--------------------+--------------------+
|      Accuracy      |     Precision      |       Recall       |         F1         |
+--------------------+--------------------+--------------------+--------------------+
| 0.6712328767123288 | 0.4505535747795084 | 0.6712328767123288 | 0.5391870649000674 |
+--------------------+--------------------+--------------------+--------------------+

Epoch loss:0.6732316854837779

+--------------------+--------------------+--------------------+--------------------+
|      Accuracy      |     Precision      |       Recall       |         F1         |
+--------------------+--------------------+--------------------+--------------------+
| 0.6712328767123288 | 0.4505535747795084 | 0.6712328767123288 | 0.5391870649000674 |
+--------------------+--------------------+--------------------+--------------------+

Epoch loss:0.6747788319716582

+--------------------+--------------------+--------------------+--------------------+
|      Accuracy      |     Precision      |       Recall       |         F1         |
+--------------------+--------------------+--------------------+--------------------+
| 0.6712328767123288 | 0.4505535747795084 | 0.6712328767123288 | 0.5391870649000674 |
+--------------------+--------------------+--------------------+--------------------+

Epoch loss:0.6732857130669259

+--------------------+--------------------+--------------------+--------------------+
|      Accuracy      |     Precision      |       Recall       |         F1         |
+--------------------+--------------------+--------------------+--------------------+
| 0.6712328767123288 | 0.4505535747795084 | 0.6712328767123288 | 0.5391870649000674 |
+--------------------+--------------------+--------------------+--------------------+

Epoch loss:0.674684147577028

+--------------------+--------------------+--------------------+--------------------+
|      Accuracy      |     Precision      |       Recall       |         F1         |
+--------------------+--------------------+--------------------+--------------------+
| 0.6712328767123288 | 0.4505535747795084 | 0.6712328767123288 | 0.5391870649000674 |
+--------------------+--------------------+--------------------+--------------------+

Epoch loss:0.6730700811824283

+--------------------+--------------------+--------------------+--------------------+
|      Accuracy      |     Precision      |       Recall       |         F1         |
+--------------------+--------------------+--------------------+--------------------+
| 0.6712328767123288 | 0.4505535747795084 | 0.6712328767123288 | 0.5391870649000674 |
+--------------------+--------------------+--------------------+--------------------+

Epoch loss:0.6742135576299719

+--------------------+--------------------+--------------------+--------------------+
|      Accuracy      |     Precision      |       Recall       |         F1         |
+--------------------+--------------------+--------------------+--------------------+
| 0.6712328767123288 | 0.4505535747795084 | 0.6712328767123288 | 0.5391870649000674 |
+--------------------+--------------------+--------------------+--------------------+

Epoch loss:0.6757807441659875

+--------------------+--------------------+--------------------+--------------------+
|      Accuracy      |     Precision      |       Recall       |         F1         |
+--------------------+--------------------+--------------------+--------------------+
| 0.6712328767123288 | 0.4505535747795084 | 0.6712328767123288 | 0.5391870649000674 |
+--------------------+--------------------+--------------------+--------------------+

Epoch loss:0.6720979519792505

+--------------------+--------------------+--------------------+--------------------+
|      Accuracy      |     Precision      |       Recall       |         F1         |
+--------------------+--------------------+--------------------+--------------------+
| 0.6712328767123288 | 0.4505535747795084 | 0.6712328767123288 | 0.5391870649000674 |
+--------------------+--------------------+--------------------+--------------------+

Epoch loss:0.6775961888803018

+--------------------+--------------------+--------------------+--------------------+
|      Accuracy      |     Precision      |       Recall       |         F1         |
+--------------------+--------------------+--------------------+--------------------+
| 0.6712328767123288 | 0.4505535747795084 | 0.6712328767123288 | 0.5391870649000674 |
+--------------------+--------------------+--------------------+--------------------+

Epoch loss:0.6728977432122102

+--------------------+--------------------+--------------------+--------------------+
|      Accuracy      |     Precision      |       Recall       |         F1         |
+--------------------+--------------------+--------------------+--------------------+
| 0.6712328767123288 | 0.4505535747795084 | 0.6712328767123288 | 0.5391870649000674 |
+--------------------+--------------------+--------------------+--------------------+

Epoch loss:0.6741028266984064

+--------------------+--------------------+--------------------+--------------------+
|      Accuracy      |     Precision      |       Recall       |         F1         |
+--------------------+--------------------+--------------------+--------------------+
| 0.6712328767123288 | 0.4505535747795084 | 0.6712328767123288 | 0.5391870649000674 |
+--------------------+--------------------+--------------------+--------------------+

Epoch loss:0.6703689565529695

+--------------------+--------------------+--------------------+--------------------+
|      Accuracy      |     Precision      |       Recall       |         F1         |
+--------------------+--------------------+--------------------+--------------------+
| 0.6712328767123288 | 0.4505535747795084 | 0.6712328767123288 | 0.5391870649000674 |
+--------------------+--------------------+--------------------+--------------------+

Epoch loss:0.673538322384293

+--------------------+--------------------+--------------------+--------------------+
|      Accuracy      |     Precision      |       Recall       |         F1         |
+--------------------+--------------------+--------------------+--------------------+
| 0.6712328767123288 | 0.4505535747795084 | 0.6712328767123288 | 0.5391870649000674 |
+--------------------+--------------------+--------------------+--------------------+

Epoch loss:0.6740361564868206

+--------------------+--------------------+--------------------+--------------------+
|      Accuracy      |     Precision      |       Recall       |         F1         |
+--------------------+--------------------+--------------------+--------------------+
| 0.6712328767123288 | 0.4505535747795084 | 0.6712328767123288 | 0.5391870649000674 |
+--------------------+--------------------+--------------------+--------------------+

Epoch loss:0.6724546310063955

+--------------------+--------------------+--------------------+--------------------+
|      Accuracy      |     Precision      |       Recall       |         F1         |
+--------------------+--------------------+--------------------+--------------------+
| 0.6712328767123288 | 0.4505535747795084 | 0.6712328767123288 | 0.5391870649000674 |
+--------------------+--------------------+--------------------+--------------------+

Epoch loss:0.6714444192680152

+--------------------+--------------------+--------------------+--------------------+
|      Accuracy      |     Precision      |       Recall       |         F1         |
+--------------------+--------------------+--------------------+--------------------+
| 0.6712328767123288 | 0.4505535747795084 | 0.6712328767123288 | 0.5391870649000674 |
+--------------------+--------------------+--------------------+--------------------+

Epoch loss:0.6724288592467437

+--------------------+--------------------+--------------------+--------------------+
|      Accuracy      |     Precision      |       Recall       |         F1         |
+--------------------+--------------------+--------------------+--------------------+
| 0.6712328767123288 | 0.4505535747795084 | 0.6712328767123288 | 0.5391870649000674 |
+--------------------+--------------------+--------------------+--------------------+

Epoch loss:0.6740104507755589

+--------------------+--------------------+--------------------+--------------------+
|      Accuracy      |     Precision      |       Recall       |         F1         |
+--------------------+--------------------+--------------------+--------------------+
| 0.6712328767123288 | 0.4505535747795084 | 0.6712328767123288 | 0.5391870649000674 |
+--------------------+--------------------+--------------------+--------------------+

Epoch loss:0.6744640888394536

+--------------------+--------------------+--------------------+--------------------+
|      Accuracy      |     Precision      |       Recall       |         F1         |
+--------------------+--------------------+--------------------+--------------------+
| 0.6712328767123288 | 0.4505535747795084 | 0.6712328767123288 | 0.5391870649000674 |
+--------------------+--------------------+--------------------+--------------------+

Epoch loss:0.6732284829423234

+--------------------+--------------------+--------------------+--------------------+
|      Accuracy      |     Precision      |       Recall       |         F1         |
+--------------------+--------------------+--------------------+--------------------+
| 0.6712328767123288 | 0.4505535747795084 | 0.6712328767123288 | 0.5391870649000674 |
+--------------------+--------------------+--------------------+--------------------+

Epoch loss:0.6707399278073698

+--------------------+--------------------+--------------------+--------------------+
|      Accuracy      |     Precision      |       Recall       |         F1         |
+--------------------+--------------------+--------------------+--------------------+
| 0.6712328767123288 | 0.4505535747795084 | 0.6712328767123288 | 0.5391870649000674 |
+--------------------+--------------------+--------------------+--------------------+

Epoch loss:0.6726773816186029

+--------------------+--------------------+--------------------+--------------------+
|      Accuracy      |     Precision      |       Recall       |         F1         |
+--------------------+--------------------+--------------------+--------------------+
| 0.6712328767123288 | 0.4505535747795084 | 0.6712328767123288 | 0.5391870649000674 |
+--------------------+--------------------+--------------------+--------------------+

Epoch loss:0.672738342671781

+--------------------+--------------------+--------------------+--------------------+
|      Accuracy      |     Precision      |       Recall       |         F1         |
+--------------------+--------------------+--------------------+--------------------+
| 0.6712328767123288 | 0.4505535747795084 | 0.6712328767123288 | 0.5391870649000674 |
+--------------------+--------------------+--------------------+--------------------+

Epoch loss:0.6735680344942454

+--------------------+--------------------+--------------------+--------------------+
|      Accuracy      |     Precision      |       Recall       |         F1         |
+--------------------+--------------------+--------------------+--------------------+
| 0.6712328767123288 | 0.4505535747795084 | 0.6712328767123288 | 0.5391870649000674 |
+--------------------+--------------------+--------------------+--------------------+

Epoch loss:0.6746968739741558

+--------------------+--------------------+--------------------+--------------------+
|      Accuracy      |     Precision      |       Recall       |         F1         |
+--------------------+--------------------+--------------------+--------------------+
| 0.6712328767123288 | 0.4505535747795084 | 0.6712328767123288 | 0.5391870649000674 |
+--------------------+--------------------+--------------------+--------------------+

Epoch loss:0.6736544467307426

+--------------------+--------------------+--------------------+--------------------+
|      Accuracy      |     Precision      |       Recall       |         F1         |
+--------------------+--------------------+--------------------+--------------------+
| 0.6712328767123288 | 0.4505535747795084 | 0.6712328767123288 | 0.5391870649000674 |
+--------------------+--------------------+--------------------+--------------------+

Epoch loss:0.6736437307821738

+--------------------+--------------------+--------------------+--------------------+
|      Accuracy      |     Precision      |       Recall       |         F1         |
+--------------------+--------------------+--------------------+--------------------+
| 0.6712328767123288 | 0.4505535747795084 | 0.6712328767123288 | 0.5391870649000674 |
+--------------------+--------------------+--------------------+--------------------+

Epoch loss:0.6746189481503254

+--------------------+--------------------+--------------------+--------------------+
|      Accuracy      |     Precision      |       Recall       |         F1         |
+--------------------+--------------------+--------------------+--------------------+
| 0.6712328767123288 | 0.4505535747795084 | 0.6712328767123288 | 0.5391870649000674 |
+--------------------+--------------------+--------------------+--------------------+

Epoch loss:0.6756515599585868

+--------------------+--------------------+--------------------+--------------------+
|      Accuracy      |     Precision      |       Recall       |         F1         |
+--------------------+--------------------+--------------------+--------------------+
| 0.6712328767123288 | 0.4505535747795084 | 0.6712328767123288 | 0.5391870649000674 |
+--------------------+--------------------+--------------------+--------------------+

Epoch loss:0.6739832968325228

+--------------------+--------------------+--------------------+--------------------+
|      Accuracy      |     Precision      |       Recall       |         F1         |
+--------------------+--------------------+--------------------+--------------------+
| 0.6712328767123288 | 0.4505535747795084 | 0.6712328767123288 | 0.5391870649000674 |
+--------------------+--------------------+--------------------+--------------------+

Epoch loss:0.6759769062738161

+--------------------+--------------------+--------------------+--------------------+
|      Accuracy      |     Precision      |       Recall       |         F1         |
+--------------------+--------------------+--------------------+--------------------+
| 0.6712328767123288 | 0.4505535747795084 | 0.6712328767123288 | 0.5391870649000674 |
+--------------------+--------------------+--------------------+--------------------+

Epoch loss:0.6728860478143435

+--------------------+--------------------+--------------------+--------------------+
|      Accuracy      |     Precision      |       Recall       |         F1         |
+--------------------+--------------------+--------------------+--------------------+
| 0.6712328767123288 | 0.4505535747795084 | 0.6712328767123288 | 0.5391870649000674 |
+--------------------+--------------------+--------------------+--------------------+

Epoch loss:0.6748260179081479

+--------------------+--------------------+--------------------+--------------------+
|      Accuracy      |     Precision      |       Recall       |         F1         |
+--------------------+--------------------+--------------------+--------------------+
| 0.6712328767123288 | 0.4505535747795084 | 0.6712328767123288 | 0.5391870649000674 |
+--------------------+--------------------+--------------------+--------------------+

Epoch loss:0.6723355747557975

+--------------------+--------------------+--------------------+--------------------+
|      Accuracy      |     Precision      |       Recall       |         F1         |
+--------------------+--------------------+--------------------+--------------------+
| 0.6712328767123288 | 0.4505535747795084 | 0.6712328767123288 | 0.5391870649000674 |
+--------------------+--------------------+--------------------+--------------------+

Epoch loss:0.6738723983635774

+--------------------+--------------------+--------------------+--------------------+
|      Accuracy      |     Precision      |       Recall       |         F1         |
+--------------------+--------------------+--------------------+--------------------+
| 0.6712328767123288 | 0.4505535747795084 | 0.6712328767123288 | 0.5391870649000674 |
+--------------------+--------------------+--------------------+--------------------+

Epoch loss:0.6722920053714031

+--------------------+--------------------+--------------------+--------------------+
|      Accuracy      |     Precision      |       Recall       |         F1         |
+--------------------+--------------------+--------------------+--------------------+
| 0.6712328767123288 | 0.4505535747795084 | 0.6712328767123288 | 0.5391870649000674 |
+--------------------+--------------------+--------------------+--------------------+

Epoch loss:0.673253824581971

+--------------------+--------------------+--------------------+--------------------+
|      Accuracy      |     Precision      |       Recall       |         F1         |
+--------------------+--------------------+--------------------+--------------------+
| 0.6712328767123288 | 0.4505535747795084 | 0.6712328767123288 | 0.5391870649000674 |
+--------------------+--------------------+--------------------+--------------------+

Epoch loss:0.6715261565672385

+--------------------+--------------------+--------------------+--------------------+
|      Accuracy      |     Precision      |       Recall       |         F1         |
+--------------------+--------------------+--------------------+--------------------+
| 0.6712328767123288 | 0.4505535747795084 | 0.6712328767123288 | 0.5391870649000674 |
+--------------------+--------------------+--------------------+--------------------+

Epoch loss:0.674356768260131

+--------------------+--------------------+--------------------+--------------------+
|      Accuracy      |     Precision      |       Recall       |         F1         |
+--------------------+--------------------+--------------------+--------------------+
| 0.6712328767123288 | 0.4505535747795084 | 0.6712328767123288 | 0.5391870649000674 |
+--------------------+--------------------+--------------------+--------------------+

Epoch loss:0.6735302757572483

+--------------------+--------------------+--------------------+--------------------+
|      Accuracy      |     Precision      |       Recall       |         F1         |
+--------------------+--------------------+--------------------+--------------------+
| 0.6712328767123288 | 0.4505535747795084 | 0.6712328767123288 | 0.5391870649000674 |
+--------------------+--------------------+--------------------+--------------------+

Epoch loss:0.6749835868139524

+--------------------+--------------------+--------------------+--------------------+
|      Accuracy      |     Precision      |       Recall       |         F1         |
+--------------------+--------------------+--------------------+--------------------+
| 0.6712328767123288 | 0.4505535747795084 | 0.6712328767123288 | 0.5391870649000674 |
+--------------------+--------------------+--------------------+--------------------+

Epoch loss:0.6726596307110142

+--------------------+--------------------+--------------------+--------------------+
|      Accuracy      |     Precision      |       Recall       |         F1         |
+--------------------+--------------------+--------------------+--------------------+
| 0.6712328767123288 | 0.4505535747795084 | 0.6712328767123288 | 0.5391870649000674 |
+--------------------+--------------------+--------------------+--------------------+

Epoch loss:0.6741195820473336

+--------------------+--------------------+--------------------+--------------------+
|      Accuracy      |     Precision      |       Recall       |         F1         |
+--------------------+--------------------+--------------------+--------------------+
| 0.6712328767123288 | 0.4505535747795084 | 0.6712328767123288 | 0.5391870649000674 |
+--------------------+--------------------+--------------------+--------------------+

Epoch loss:0.6742640298766058

+--------------------+--------------------+--------------------+--------------------+
|      Accuracy      |     Precision      |       Recall       |         F1         |
+--------------------+--------------------+--------------------+--------------------+
| 0.6712328767123288 | 0.4505535747795084 | 0.6712328767123288 | 0.5391870649000674 |
+--------------------+--------------------+--------------------+--------------------+

Epoch loss:0.672180805657361

+--------------------+--------------------+--------------------+--------------------+
|      Accuracy      |     Precision      |       Recall       |         F1         |
+--------------------+--------------------+--------------------+--------------------+
| 0.6712328767123288 | 0.4505535747795084 | 0.6712328767123288 | 0.5391870649000674 |
+--------------------+--------------------+--------------------+--------------------+

Epoch loss:0.6736344840075519

+--------------------+--------------------+--------------------+--------------------+
|      Accuracy      |     Precision      |       Recall       |         F1         |
+--------------------+--------------------+--------------------+--------------------+
| 0.6712328767123288 | 0.4505535747795084 | 0.6712328767123288 | 0.5391870649000674 |
+--------------------+--------------------+--------------------+--------------------+

Epoch loss:0.6738052738679422

+--------------------+--------------------+--------------------+--------------------+
|      Accuracy      |     Precision      |       Recall       |         F1         |
+--------------------+--------------------+--------------------+--------------------+
| 0.6712328767123288 | 0.4505535747795084 | 0.6712328767123288 | 0.5391870649000674 |
+--------------------+--------------------+--------------------+--------------------+

Epoch loss:0.6739915706015922

+--------------------+--------------------+--------------------+--------------------+
|      Accuracy      |     Precision      |       Recall       |         F1         |
+--------------------+--------------------+--------------------+--------------------+
| 0.6712328767123288 | 0.4505535747795084 | 0.6712328767123288 | 0.5391870649000674 |
+--------------------+--------------------+--------------------+--------------------+

Epoch loss:0.6749326441739056

+--------------------+--------------------+--------------------+--------------------+
|      Accuracy      |     Precision      |       Recall       |         F1         |
+--------------------+--------------------+--------------------+--------------------+
| 0.6712328767123288 | 0.4505535747795084 | 0.6712328767123288 | 0.5391870649000674 |
+--------------------+--------------------+--------------------+--------------------+

Epoch loss:0.6739676095343925

+--------------------+--------------------+--------------------+--------------------+
|      Accuracy      |     Precision      |       Recall       |         F1         |
+--------------------+--------------------+--------------------+--------------------+
| 0.6712328767123288 | 0.4505535747795084 | 0.6712328767123288 | 0.5391870649000674 |
+--------------------+--------------------+--------------------+--------------------+

Epoch loss:0.6735885304373663

+--------------------+--------------------+--------------------+--------------------+
|      Accuracy      |     Precision      |       Recall       |         F1         |
+--------------------+--------------------+--------------------+--------------------+
| 0.6712328767123288 | 0.4505535747795084 | 0.6712328767123288 | 0.5391870649000674 |
+--------------------+--------------------+--------------------+--------------------+

Epoch loss:0.6745120721894342

+--------------------+--------------------+--------------------+--------------------+
|      Accuracy      |     Precision      |       Recall       |         F1         |
+--------------------+--------------------+--------------------+--------------------+
| 0.6712328767123288 | 0.4505535747795084 | 0.6712328767123288 | 0.5391870649000674 |
+--------------------+--------------------+--------------------+--------------------+

Epoch loss:0.6728375618522232

+--------------------+--------------------+--------------------+--------------------+
|      Accuracy      |     Precision      |       Recall       |         F1         |
+--------------------+--------------------+--------------------+--------------------+
| 0.6712328767123288 | 0.4505535747795084 | 0.6712328767123288 | 0.5391870649000674 |
+--------------------+--------------------+--------------------+--------------------+

Epoch loss:0.6712843356905757

+--------------------+--------------------+--------------------+--------------------+
|      Accuracy      |     Precision      |       Recall       |         F1         |
+--------------------+--------------------+--------------------+--------------------+
| 0.6712328767123288 | 0.4505535747795084 | 0.6712328767123288 | 0.5391870649000674 |
+--------------------+--------------------+--------------------+--------------------+

Epoch loss:0.6726451403385884

+--------------------+--------------------+--------------------+--------------------+
|      Accuracy      |     Precision      |       Recall       |         F1         |
+--------------------+--------------------+--------------------+--------------------+
| 0.6712328767123288 | 0.4505535747795084 | 0.6712328767123288 | 0.5391870649000674 |
+--------------------+--------------------+--------------------+--------------------+

Epoch loss:0.6733556019293295

+--------------------+--------------------+--------------------+--------------------+
|      Accuracy      |     Precision      |       Recall       |         F1         |
+--------------------+--------------------+--------------------+--------------------+
| 0.6712328767123288 | 0.4505535747795084 | 0.6712328767123288 | 0.5391870649000674 |
+--------------------+--------------------+--------------------+--------------------+

Epoch loss:0.6733039247023093

+--------------------+--------------------+--------------------+--------------------+
|      Accuracy      |     Precision      |       Recall       |         F1         |
+--------------------+--------------------+--------------------+--------------------+
| 0.6712328767123288 | 0.4505535747795084 | 0.6712328767123288 | 0.5391870649000674 |
+--------------------+--------------------+--------------------+--------------------+

Epoch loss:0.6742881504265038

+--------------------+--------------------+--------------------+--------------------+
|      Accuracy      |     Precision      |       Recall       |         F1         |
+--------------------+--------------------+--------------------+--------------------+
| 0.6712328767123288 | 0.4505535747795084 | 0.6712328767123288 | 0.5391870649000674 |
+--------------------+--------------------+--------------------+--------------------+

Epoch loss:0.6723139221603806

+--------------------+--------------------+--------------------+--------------------+
|      Accuracy      |     Precision      |       Recall       |         F1         |
+--------------------+--------------------+--------------------+--------------------+
| 0.6712328767123288 | 0.4505535747795084 | 0.6712328767123288 | 0.5391870649000674 |
+--------------------+--------------------+--------------------+--------------------+

Epoch loss:0.6738417664089719

+--------------------+--------------------+--------------------+--------------------+
|      Accuracy      |     Precision      |       Recall       |         F1         |
+--------------------+--------------------+--------------------+--------------------+
| 0.6712328767123288 | 0.4505535747795084 | 0.6712328767123288 | 0.5391870649000674 |
+--------------------+--------------------+--------------------+--------------------+

Epoch loss:0.6734175198786968

+--------------------+--------------------+--------------------+--------------------+
|      Accuracy      |     Precision      |       Recall       |         F1         |
+--------------------+--------------------+--------------------+--------------------+
| 0.6712328767123288 | 0.4505535747795084 | 0.6712328767123288 | 0.5391870649000674 |
+--------------------+--------------------+--------------------+--------------------+

Epoch loss:0.6725937724113464

+--------------------+--------------------+--------------------+--------------------+
|      Accuracy      |     Precision      |       Recall       |         F1         |
+--------------------+--------------------+--------------------+--------------------+
| 0.6712328767123288 | 0.4505535747795084 | 0.6712328767123288 | 0.5391870649000674 |
+--------------------+--------------------+--------------------+--------------------+

Epoch loss:0.6725386381149292

+--------------------+--------------------+--------------------+--------------------+
|      Accuracy      |     Precision      |       Recall       |         F1         |
+--------------------+--------------------+--------------------+--------------------+
| 0.6712328767123288 | 0.4505535747795084 | 0.6712328767123288 | 0.5391870649000674 |
+--------------------+--------------------+--------------------+--------------------+

Epoch loss:0.6733326992473087

+--------------------+--------------------+--------------------+--------------------+
|      Accuracy      |     Precision      |       Recall       |         F1         |
+--------------------+--------------------+--------------------+--------------------+
| 0.6712328767123288 | 0.4505535747795084 | 0.6712328767123288 | 0.5391870649000674 |
+--------------------+--------------------+--------------------+--------------------+

Epoch loss:0.6717815012545199

+--------------------+--------------------+--------------------+--------------------+
|      Accuracy      |     Precision      |       Recall       |         F1         |
+--------------------+--------------------+--------------------+--------------------+
| 0.6712328767123288 | 0.4505535747795084 | 0.6712328767123288 | 0.5391870649000674 |
+--------------------+--------------------+--------------------+--------------------+

Epoch loss:0.6733060527492214

+--------------------+--------------------+--------------------+--------------------+
|      Accuracy      |     Precision      |       Recall       |         F1         |
+--------------------+--------------------+--------------------+--------------------+
| 0.6712328767123288 | 0.4505535747795084 | 0.6712328767123288 | 0.5391870649000674 |
+--------------------+--------------------+--------------------+--------------------+

Epoch loss:0.6728523808556635

+--------------------+--------------------+--------------------+--------------------+
|      Accuracy      |     Precision      |       Recall       |         F1         |
+--------------------+--------------------+--------------------+--------------------+
| 0.6712328767123288 | 0.4505535747795084 | 0.6712328767123288 | 0.5391870649000674 |
+--------------------+--------------------+--------------------+--------------------+

Epoch loss:0.6732216622378375

+--------------------+--------------------+--------------------+--------------------+
|      Accuracy      |     Precision      |       Recall       |         F1         |
+--------------------+--------------------+--------------------+--------------------+
| 0.6712328767123288 | 0.4505535747795084 | 0.6712328767123288 | 0.5391870649000674 |
+--------------------+--------------------+--------------------+--------------------+

Epoch loss:0.6735967945408177

+--------------------+--------------------+--------------------+--------------------+
|      Accuracy      |     Precision      |       Recall       |         F1         |
+--------------------+--------------------+--------------------+--------------------+
| 0.6712328767123288 | 0.4505535747795084 | 0.6712328767123288 | 0.5391870649000674 |
+--------------------+--------------------+--------------------+--------------------+

Epoch loss:0.6722384401269861

+--------------------+--------------------+--------------------+--------------------+
|      Accuracy      |     Precision      |       Recall       |         F1         |
+--------------------+--------------------+--------------------+--------------------+
| 0.6712328767123288 | 0.4505535747795084 | 0.6712328767123288 | 0.5391870649000674 |
+--------------------+--------------------+--------------------+--------------------+

Epoch loss:0.6711346329869451

+--------------------+--------------------+--------------------+--------------------+
|      Accuracy      |     Precision      |       Recall       |         F1         |
+--------------------+--------------------+--------------------+--------------------+
| 0.6712328767123288 | 0.4505535747795084 | 0.6712328767123288 | 0.5391870649000674 |
+--------------------+--------------------+--------------------+--------------------+

Epoch loss:0.6729744849978266

+--------------------+--------------------+--------------------+--------------------+
|      Accuracy      |     Precision      |       Recall       |         F1         |
+--------------------+--------------------+--------------------+--------------------+
| 0.6712328767123288 | 0.4505535747795084 | 0.6712328767123288 | 0.5391870649000674 |
+--------------------+--------------------+--------------------+--------------------+

Epoch loss:0.6696608147105655

+--------------------+--------------------+--------------------+--------------------+
|      Accuracy      |     Precision      |       Recall       |         F1         |
+--------------------+--------------------+--------------------+--------------------+
| 0.6712328767123288 | 0.4505535747795084 | 0.6712328767123288 | 0.5391870649000674 |
+--------------------+--------------------+--------------------+--------------------+

Epoch loss:0.674344544475143

+--------------------+--------------------+--------------------+--------------------+
|      Accuracy      |     Precision      |       Recall       |         F1         |
+--------------------+--------------------+--------------------+--------------------+
| 0.6712328767123288 | 0.4505535747795084 | 0.6712328767123288 | 0.5391870649000674 |
+--------------------+--------------------+--------------------+--------------------+

Epoch loss:0.6725282910707835

+--------------------+--------------------+--------------------+--------------------+
|      Accuracy      |     Precision      |       Recall       |         F1         |
+--------------------+--------------------+--------------------+--------------------+
| 0.6712328767123288 | 0.4505535747795084 | 0.6712328767123288 | 0.5391870649000674 |
+--------------------+--------------------+--------------------+--------------------+

Epoch loss:0.674009803179148

+--------------------+--------------------+--------------------+--------------------+
|      Accuracy      |     Precision      |       Recall       |         F1         |
+--------------------+--------------------+--------------------+--------------------+
| 0.6712328767123288 | 0.4505535747795084 | 0.6712328767123288 | 0.5391870649000674 |
+--------------------+--------------------+--------------------+--------------------+

Epoch loss:0.6720381411346229

+--------------------+--------------------+--------------------+--------------------+
|      Accuracy      |     Precision      |       Recall       |         F1         |
+--------------------+--------------------+--------------------+--------------------+
| 0.6712328767123288 | 0.4505535747795084 | 0.6712328767123288 | 0.5391870649000674 |
+--------------------+--------------------+--------------------+--------------------+

Epoch loss:0.6733291261904949

+--------------------+--------------------+--------------------+--------------------+
|      Accuracy      |     Precision      |       Recall       |         F1         |
+--------------------+--------------------+--------------------+--------------------+
| 0.6712328767123288 | 0.4505535747795084 | 0.6712328767123288 | 0.5391870649000674 |
+--------------------+--------------------+--------------------+--------------------+

Epoch loss:0.6729706090849799

+--------------------+--------------------+--------------------+--------------------+
|      Accuracy      |     Precision      |       Recall       |         F1         |
+--------------------+--------------------+--------------------+--------------------+
| 0.6712328767123288 | 0.4505535747795084 | 0.6712328767123288 | 0.5391870649000674 |
+--------------------+--------------------+--------------------+--------------------+

Epoch loss:0.6721642049583229

+--------------------+--------------------+--------------------+--------------------+
|      Accuracy      |     Precision      |       Recall       |         F1         |
+--------------------+--------------------+--------------------+--------------------+
| 0.6712328767123288 | 0.4505535747795084 | 0.6712328767123288 | 0.5391870649000674 |
+--------------------+--------------------+--------------------+--------------------+

Epoch loss:0.6733229015324567

+--------------------+--------------------+--------------------+--------------------+
|      Accuracy      |     Precision      |       Recall       |         F1         |
+--------------------+--------------------+--------------------+--------------------+
| 0.6712328767123288 | 0.4505535747795084 | 0.6712328767123288 | 0.5391870649000674 |
+--------------------+--------------------+--------------------+--------------------+

Epoch loss:0.672634612869572

+--------------------+--------------------+--------------------+--------------------+
|      Accuracy      |     Precision      |       Recall       |         F1         |
+--------------------+--------------------+--------------------+--------------------+
| 0.6712328767123288 | 0.4505535747795084 | 0.6712328767123288 | 0.5391870649000674 |
+--------------------+--------------------+--------------------+--------------------+

Epoch loss:0.6729655958510734

+--------------------+--------------------+--------------------+--------------------+
|      Accuracy      |     Precision      |       Recall       |         F1         |
+--------------------+--------------------+--------------------+--------------------+
| 0.6712328767123288 | 0.4505535747795084 | 0.6712328767123288 | 0.5391870649000674 |
+--------------------+--------------------+--------------------+--------------------+

Epoch loss:0.6718901798531816

+--------------------+--------------------+--------------------+--------------------+
|      Accuracy      |     Precision      |       Recall       |         F1         |
+--------------------+--------------------+--------------------+--------------------+
| 0.6712328767123288 | 0.4505535747795084 | 0.6712328767123288 | 0.5391870649000674 |
+--------------------+--------------------+--------------------+--------------------+

Epoch loss:0.673929158094767

+--------------------+--------------------+--------------------+--------------------+
|      Accuracy      |     Precision      |       Recall       |         F1         |
+--------------------+--------------------+--------------------+--------------------+
| 0.6712328767123288 | 0.4505535747795084 | 0.6712328767123288 | 0.5391870649000674 |
+--------------------+--------------------+--------------------+--------------------+

Epoch loss:0.671851797683819

+--------------------+--------------------+--------------------+--------------------+
|      Accuracy      |     Precision      |       Recall       |         F1         |
+--------------------+--------------------+--------------------+--------------------+
| 0.6712328767123288 | 0.4505535747795084 | 0.6712328767123288 | 0.5391870649000674 |
+--------------------+--------------------+--------------------+--------------------+

Epoch loss:0.6726459764145516

+--------------------+--------------------+--------------------+--------------------+
|      Accuracy      |     Precision      |       Recall       |         F1         |
+--------------------+--------------------+--------------------+--------------------+
| 0.6712328767123288 | 0.4505535747795084 | 0.6712328767123288 | 0.5391870649000674 |
+--------------------+--------------------+--------------------+--------------------+

Epoch loss:0.6743115863284549

+--------------------+--------------------+--------------------+--------------------+
|      Accuracy      |     Precision      |       Recall       |         F1         |
+--------------------+--------------------+--------------------+--------------------+
| 0.6712328767123288 | 0.4505535747795084 | 0.6712328767123288 | 0.5391870649000674 |
+--------------------+--------------------+--------------------+--------------------+

Epoch loss:0.6722160384461686

+--------------------+--------------------+--------------------+--------------------+
|      Accuracy      |     Precision      |       Recall       |         F1         |
+--------------------+--------------------+--------------------+--------------------+
| 0.6712328767123288 | 0.4505535747795084 | 0.6712328767123288 | 0.5391870649000674 |
+--------------------+--------------------+--------------------+--------------------+

Epoch loss:0.6733266662906956

+--------------------+--------------------+--------------------+--------------------+
|      Accuracy      |     Precision      |       Recall       |         F1         |
+--------------------+--------------------+--------------------+--------------------+
| 0.6712328767123288 | 0.4505535747795084 | 0.6712328767123288 | 0.5391870649000674 |
+--------------------+--------------------+--------------------+--------------------+

Epoch loss:0.6722955784282169

+--------------------+--------------------+--------------------+--------------------+
|      Accuracy      |     Precision      |       Recall       |         F1         |
+--------------------+--------------------+--------------------+--------------------+
| 0.6712328767123288 | 0.4505535747795084 | 0.6712328767123288 | 0.5391870649000674 |
+--------------------+--------------------+--------------------+--------------------+

Epoch loss:0.6722417022730853

+--------------------+--------------------+--------------------+--------------------+
|      Accuracy      |     Precision      |       Recall       |         F1         |
+--------------------+--------------------+--------------------+--------------------+
| 0.6712328767123288 | 0.4505535747795084 | 0.6712328767123288 | 0.5391870649000674 |
+--------------------+--------------------+--------------------+--------------------+

Epoch loss:0.6717539220242887

+--------------------+--------------------+--------------------+--------------------+
|      Accuracy      |     Precision      |       Recall       |         F1         |
+--------------------+--------------------+--------------------+--------------------+
| 0.6712328767123288 | 0.4505535747795084 | 0.6712328767123288 | 0.5391870649000674 |
+--------------------+--------------------+--------------------+--------------------+

Epoch loss:0.6727079410810728

+--------------------+--------------------+--------------------+--------------------+
|      Accuracy      |     Precision      |       Recall       |         F1         |
+--------------------+--------------------+--------------------+--------------------+
| 0.6712328767123288 | 0.4505535747795084 | 0.6712328767123288 | 0.5391870649000674 |
+--------------------+--------------------+--------------------+--------------------+

Epoch loss:0.671358538640512

+--------------------+--------------------+--------------------+--------------------+
|      Accuracy      |     Precision      |       Recall       |         F1         |
+--------------------+--------------------+--------------------+--------------------+
| 0.6712328767123288 | 0.4505535747795084 | 0.6712328767123288 | 0.5391870649000674 |
+--------------------+--------------------+--------------------+--------------------+

Epoch loss:0.6737598180770874

+--------------------+--------------------+--------------------+--------------------+
|      Accuracy      |     Precision      |       Recall       |         F1         |
+--------------------+--------------------+--------------------+--------------------+
| 0.6712328767123288 | 0.4505535747795084 | 0.6712328767123288 | 0.5391870649000674 |
+--------------------+--------------------+--------------------+--------------------+

Epoch loss:0.6733905238074225

+--------------------+--------------------+--------------------+--------------------+
|      Accuracy      |     Precision      |       Recall       |         F1         |
+--------------------+--------------------+--------------------+--------------------+
| 0.6712328767123288 | 0.4505535747795084 | 0.6712328767123288 | 0.5391870649000674 |
+--------------------+--------------------+--------------------+--------------------+

Epoch loss:0.6734573051736161

+--------------------+--------------------+--------------------+--------------------+
|      Accuracy      |     Precision      |       Recall       |         F1         |
+--------------------+--------------------+--------------------+--------------------+
| 0.6712328767123288 | 0.4505535747795084 | 0.6712328767123288 | 0.5391870649000674 |
+--------------------+--------------------+--------------------+--------------------+

Epoch loss:0.6727081505027978

+--------------------+--------------------+--------------------+--------------------+
|      Accuracy      |     Precision      |       Recall       |         F1         |
+--------------------+--------------------+--------------------+--------------------+
| 0.6712328767123288 | 0.4505535747795084 | 0.6712328767123288 | 0.5391870649000674 |
+--------------------+--------------------+--------------------+--------------------+

Epoch loss:0.6730495997377344

+--------------------+--------------------+--------------------+--------------------+
|      Accuracy      |     Precision      |       Recall       |         F1         |
+--------------------+--------------------+--------------------+--------------------+
| 0.6712328767123288 | 0.4505535747795084 | 0.6712328767123288 | 0.5391870649000674 |
+--------------------+--------------------+--------------------+--------------------+

Epoch loss:0.6729884469831312

+--------------------+--------------------+--------------------+--------------------+
|      Accuracy      |     Precision      |       Recall       |         F1         |
+--------------------+--------------------+--------------------+--------------------+
| 0.6712328767123288 | 0.4505535747795084 | 0.6712328767123288 | 0.5391870649000674 |
+--------------------+--------------------+--------------------+--------------------+

Epoch loss:0.6734401390359208

+--------------------+--------------------+--------------------+--------------------+
|      Accuracy      |     Precision      |       Recall       |         F1         |
+--------------------+--------------------+--------------------+--------------------+
| 0.6712328767123288 | 0.4505535747795084 | 0.6712328767123288 | 0.5391870649000674 |
+--------------------+--------------------+--------------------+--------------------+

Epoch loss:0.6727642900234944

+--------------------+--------------------+--------------------+--------------------+
|      Accuracy      |     Precision      |       Recall       |         F1         |
+--------------------+--------------------+--------------------+--------------------+
| 0.6712328767123288 | 0.4505535747795084 | 0.6712328767123288 | 0.5391870649000674 |
+--------------------+--------------------+--------------------+--------------------+

Epoch loss:0.672764918288669

+--------------------+--------------------+--------------------+--------------------+
|      Accuracy      |     Precision      |       Recall       |         F1         |
+--------------------+--------------------+--------------------+--------------------+
| 0.6712328767123288 | 0.4505535747795084 | 0.6712328767123288 | 0.5391870649000674 |
+--------------------+--------------------+--------------------+--------------------+

Epoch loss:0.6722512857334034

+--------------------+--------------------+--------------------+--------------------+
|      Accuracy      |     Precision      |       Recall       |         F1         |
+--------------------+--------------------+--------------------+--------------------+
| 0.6712328767123288 | 0.4505535747795084 | 0.6712328767123288 | 0.5391870649000674 |
+--------------------+--------------------+--------------------+--------------------+

Epoch loss:0.6727189373325657

+--------------------+--------------------+--------------------+--------------------+
|      Accuracy      |     Precision      |       Recall       |         F1         |
+--------------------+--------------------+--------------------+--------------------+
| 0.6712328767123288 | 0.4505535747795084 | 0.6712328767123288 | 0.5391870649000674 |
+--------------------+--------------------+--------------------+--------------------+

Epoch loss:0.671572786730689

+--------------------+--------------------+--------------------+--------------------+
|      Accuracy      |     Precision      |       Recall       |         F1         |
+--------------------+--------------------+--------------------+--------------------+
| 0.6712328767123288 | 0.4505535747795084 | 0.6712328767123288 | 0.5391870649000674 |
+--------------------+--------------------+--------------------+--------------------+

Epoch loss:0.6738991012444367

+--------------------+--------------------+--------------------+--------------------+
|      Accuracy      |     Precision      |       Recall       |         F1         |
+--------------------+--------------------+--------------------+--------------------+
| 0.6712328767123288 | 0.4505535747795084 | 0.6712328767123288 | 0.5391870649000674 |
+--------------------+--------------------+--------------------+--------------------+

Epoch loss:0.6733063282193364

+--------------------+--------------------+--------------------+--------------------+
|      Accuracy      |     Precision      |       Recall       |         F1         |
+--------------------+--------------------+--------------------+--------------------+
| 0.6712328767123288 | 0.4505535747795084 | 0.6712328767123288 | 0.5391870649000674 |
+--------------------+--------------------+--------------------+--------------------+

Epoch loss:0.6734939459207896

+--------------------+--------------------+--------------------+--------------------+
|      Accuracy      |     Precision      |       Recall       |         F1         |
+--------------------+--------------------+--------------------+--------------------+
| 0.6712328767123288 | 0.4505535747795084 | 0.6712328767123288 | 0.5391870649000674 |
+--------------------+--------------------+--------------------+--------------------+

Epoch loss:0.6722412850405719

+--------------------+--------------------+--------------------+--------------------+
|      Accuracy      |     Precision      |       Recall       |         F1         |
+--------------------+--------------------+--------------------+--------------------+
| 0.6712328767123288 | 0.4505535747795084 | 0.6712328767123288 | 0.5391870649000674 |
+--------------------+--------------------+--------------------+--------------------+

Epoch loss:0.6732623947633279

+--------------------+--------------------+--------------------+--------------------+
|      Accuracy      |     Precision      |       Recall       |         F1         |
+--------------------+--------------------+--------------------+--------------------+
| 0.6712328767123288 | 0.4505535747795084 | 0.6712328767123288 | 0.5391870649000674 |
+--------------------+--------------------+--------------------+--------------------+

Epoch loss:0.6726621389389038

+--------------------+--------------------+--------------------+--------------------+
|      Accuracy      |     Precision      |       Recall       |         F1         |
+--------------------+--------------------+--------------------+--------------------+
| 0.6712328767123288 | 0.4505535747795084 | 0.6712328767123288 | 0.5391870649000674 |
+--------------------+--------------------+--------------------+--------------------+

Epoch loss:0.671905018187858

+--------------------+--------------------+--------------------+--------------------+
|      Accuracy      |     Precision      |       Recall       |         F1         |
+--------------------+--------------------+--------------------+--------------------+
| 0.6712328767123288 | 0.4505535747795084 | 0.6712328767123288 | 0.5391870649000674 |
+--------------------+--------------------+--------------------+--------------------+

Epoch loss:0.6727847988541061

+--------------------+--------------------+--------------------+--------------------+
|      Accuracy      |     Precision      |       Recall       |         F1         |
+--------------------+--------------------+--------------------+--------------------+
| 0.6712328767123288 | 0.4505535747795084 | 0.6712328767123288 | 0.5391870649000674 |
+--------------------+--------------------+--------------------+--------------------+

Epoch loss:0.672562748999209

+--------------------+--------------------+--------------------+--------------------+
|      Accuracy      |     Precision      |       Recall       |         F1         |
+--------------------+--------------------+--------------------+--------------------+
| 0.6712328767123288 | 0.4505535747795084 | 0.6712328767123288 | 0.5391870649000674 |
+--------------------+--------------------+--------------------+--------------------+

Epoch loss:0.6722886046847781

+--------------------+--------------------+--------------------+--------------------+
|      Accuracy      |     Precision      |       Recall       |         F1         |
+--------------------+--------------------+--------------------+--------------------+
| 0.6712328767123288 | 0.4505535747795084 | 0.6712328767123288 | 0.5391870649000674 |
+--------------------+--------------------+--------------------+--------------------+

Epoch loss:0.6727911846057789

+--------------------+--------------------+--------------------+--------------------+
|      Accuracy      |     Precision      |       Recall       |         F1         |
+--------------------+--------------------+--------------------+--------------------+
| 0.6712328767123288 | 0.4505535747795084 | 0.6712328767123288 | 0.5391870649000674 |
+--------------------+--------------------+--------------------+--------------------+

Epoch loss:0.6720891562668053

+--------------------+--------------------+--------------------+--------------------+
|      Accuracy      |     Precision      |       Recall       |         F1         |
+--------------------+--------------------+--------------------+--------------------+
| 0.6712328767123288 | 0.4505535747795084 | 0.6712328767123288 | 0.5391870649000674 |
+--------------------+--------------------+--------------------+--------------------+

Epoch loss:0.6730040940078529

+--------------------+--------------------+--------------------+--------------------+
|      Accuracy      |     Precision      |       Recall       |         F1         |
+--------------------+--------------------+--------------------+--------------------+
| 0.6712328767123288 | 0.4505535747795084 | 0.6712328767123288 | 0.5391870649000674 |
+--------------------+--------------------+--------------------+--------------------+

Epoch loss:0.6722865507409379

+--------------------+--------------------+--------------------+--------------------+
|      Accuracy      |     Precision      |       Recall       |         F1         |
+--------------------+--------------------+--------------------+--------------------+
| 0.6712328767123288 | 0.4505535747795084 | 0.6712328767123288 | 0.5391870649000674 |
+--------------------+--------------------+--------------------+--------------------+

Epoch loss:0.6729432521639643

+--------------------+--------------------+--------------------+--------------------+
|      Accuracy      |     Precision      |       Recall       |         F1         |
+--------------------+--------------------+--------------------+--------------------+
| 0.6712328767123288 | 0.4505535747795084 | 0.6712328767123288 | 0.5391870649000674 |
+--------------------+--------------------+--------------------+--------------------+

Epoch loss:0.6735270957689028

+--------------------+--------------------+--------------------+--------------------+
|      Accuracy      |     Precision      |       Recall       |         F1         |
+--------------------+--------------------+--------------------+--------------------+
| 0.6712328767123288 | 0.4505535747795084 | 0.6712328767123288 | 0.5391870649000674 |
+--------------------+--------------------+--------------------+--------------------+

Epoch loss:0.6717596940092139

+--------------------+--------------------+--------------------+--------------------+
|      Accuracy      |     Precision      |       Recall       |         F1         |
+--------------------+--------------------+--------------------+--------------------+
| 0.6712328767123288 | 0.4505535747795084 | 0.6712328767123288 | 0.5391870649000674 |
+--------------------+--------------------+--------------------+--------------------+

Epoch loss:0.6725623172682684

+--------------------+--------------------+--------------------+--------------------+
|      Accuracy      |     Precision      |       Recall       |         F1         |
+--------------------+--------------------+--------------------+--------------------+
| 0.6712328767123288 | 0.4505535747795084 | 0.6712328767123288 | 0.5391870649000674 |
+--------------------+--------------------+--------------------+--------------------+

Epoch loss:0.6717028762843158

+--------------------+--------------------+--------------------+--------------------+
|      Accuracy      |     Precision      |       Recall       |         F1         |
+--------------------+--------------------+--------------------+--------------------+
| 0.6712328767123288 | 0.4505535747795084 | 0.6712328767123288 | 0.5391870649000674 |
+--------------------+--------------------+--------------------+--------------------+

Epoch loss:0.6727728650376603

+--------------------+--------------------+--------------------+--------------------+
|      Accuracy      |     Precision      |       Recall       |         F1         |
+--------------------+--------------------+--------------------+--------------------+
| 0.6712328767123288 | 0.4505535747795084 | 0.6712328767123288 | 0.5391870649000674 |
+--------------------+--------------------+--------------------+--------------------+

Epoch loss:0.6723818762882335

+--------------------+--------------------+--------------------+--------------------+
|      Accuracy      |     Precision      |       Recall       |         F1         |
+--------------------+--------------------+--------------------+--------------------+
| 0.6712328767123288 | 0.4505535747795084 | 0.6712328767123288 | 0.5391870649000674 |
+--------------------+--------------------+--------------------+--------------------+

Epoch loss:0.6721981844386539

+--------------------+--------------------+--------------------+--------------------+
|      Accuracy      |     Precision      |       Recall       |         F1         |
+--------------------+--------------------+--------------------+--------------------+
| 0.6712328767123288 | 0.4505535747795084 | 0.6712328767123288 | 0.5391870649000674 |
+--------------------+--------------------+--------------------+--------------------+

Epoch loss:0.6730768084526062

+--------------------+--------------------+--------------------+--------------------+
|      Accuracy      |     Precision      |       Recall       |         F1         |
+--------------------+--------------------+--------------------+--------------------+
| 0.6712328767123288 | 0.4505535747795084 | 0.6712328767123288 | 0.5391870649000674 |
+--------------------+--------------------+--------------------+--------------------+

Epoch loss:0.6721674284419498

+--------------------+--------------------+--------------------+--------------------+
|      Accuracy      |     Precision      |       Recall       |         F1         |
+--------------------+--------------------+--------------------+--------------------+
| 0.6712328767123288 | 0.4505535747795084 | 0.6712328767123288 | 0.5391870649000674 |
+--------------------+--------------------+--------------------+--------------------+

Epoch loss:0.6725088760659501

+--------------------+--------------------+--------------------+--------------------+
|      Accuracy      |     Precision      |       Recall       |         F1         |
+--------------------+--------------------+--------------------+--------------------+
| 0.6712328767123288 | 0.4505535747795084 | 0.6712328767123288 | 0.5391870649000674 |
+--------------------+--------------------+--------------------+--------------------+

Epoch loss:0.6712485229646837

+--------------------+--------------------+--------------------+--------------------+
|      Accuracy      |     Precision      |       Recall       |         F1         |
+--------------------+--------------------+--------------------+--------------------+
| 0.6712328767123288 | 0.4505535747795084 | 0.6712328767123288 | 0.5391870649000674 |
+--------------------+--------------------+--------------------+--------------------+

Epoch loss:0.6718098134607882

+--------------------+--------------------+--------------------+--------------------+
|      Accuracy      |     Precision      |       Recall       |         F1         |
+--------------------+--------------------+--------------------+--------------------+
| 0.6712328767123288 | 0.4505535747795084 | 0.6712328767123288 | 0.5391870649000674 |
+--------------------+--------------------+--------------------+--------------------+

Epoch loss:0.6727886151623081

+--------------------+--------------------+--------------------+--------------------+
|      Accuracy      |     Precision      |       Recall       |         F1         |
+--------------------+--------------------+--------------------+--------------------+
| 0.6712328767123288 | 0.4505535747795084 | 0.6712328767123288 | 0.5391870649000674 |
+--------------------+--------------------+--------------------+--------------------+

Epoch loss:0.6717711445447561

+--------------------+--------------------+--------------------+--------------------+
|      Accuracy      |     Precision      |       Recall       |         F1         |
+--------------------+--------------------+--------------------+--------------------+
| 0.6712328767123288 | 0.4505535747795084 | 0.6712328767123288 | 0.5391870649000674 |
+--------------------+--------------------+--------------------+--------------------+

Epoch loss:0.6717596569576779

+--------------------+--------------------+--------------------+--------------------+
|      Accuracy      |     Precision      |       Recall       |         F1         |
+--------------------+--------------------+--------------------+--------------------+
| 0.6712328767123288 | 0.4505535747795084 | 0.6712328767123288 | 0.5391870649000674 |
+--------------------+--------------------+--------------------+--------------------+

Epoch loss:0.673252695315593

+--------------------+--------------------+--------------------+--------------------+
|      Accuracy      |     Precision      |       Recall       |         F1         |
+--------------------+--------------------+--------------------+--------------------+
| 0.6712328767123288 | 0.4505535747795084 | 0.6712328767123288 | 0.5391870649000674 |
+--------------------+--------------------+--------------------+--------------------+

Epoch loss:0.6719660179035084

+--------------------+--------------------+--------------------+--------------------+
|      Accuracy      |     Precision      |       Recall       |         F1         |
+--------------------+--------------------+--------------------+--------------------+
| 0.6712328767123288 | 0.4505535747795084 | 0.6712328767123288 | 0.5391870649000674 |
+--------------------+--------------------+--------------------+--------------------+

Epoch loss:0.6720665258330267

+--------------------+--------------------+--------------------+--------------------+
|      Accuracy      |     Precision      |       Recall       |         F1         |
+--------------------+--------------------+--------------------+--------------------+
| 0.6712328767123288 | 0.4505535747795084 | 0.6712328767123288 | 0.5391870649000674 |
+--------------------+--------------------+--------------------+--------------------+

Epoch loss:0.6729070979195673

+--------------------+--------------------+--------------------+--------------------+
|      Accuracy      |     Precision      |       Recall       |         F1         |
+--------------------+--------------------+--------------------+--------------------+
| 0.6712328767123288 | 0.4505535747795084 | 0.6712328767123288 | 0.5391870649000674 |
+--------------------+--------------------+--------------------+--------------------+

Epoch loss:0.6729403218707523

+--------------------+--------------------+--------------------+--------------------+
|      Accuracy      |     Precision      |       Recall       |         F1         |
+--------------------+--------------------+--------------------+--------------------+
| 0.6712328767123288 | 0.4505535747795084 | 0.6712328767123288 | 0.5391870649000674 |
+--------------------+--------------------+--------------------+--------------------+

Epoch loss:0.6723820019412685

+--------------------+--------------------+--------------------+--------------------+
|      Accuracy      |     Precision      |       Recall       |         F1         |
+--------------------+--------------------+--------------------+--------------------+
| 0.6712328767123288 | 0.4505535747795084 | 0.6712328767123288 | 0.5391870649000674 |
+--------------------+--------------------+--------------------+--------------------+

Epoch loss:0.6730726103524904

+--------------------+--------------------+--------------------+--------------------+
|      Accuracy      |     Precision      |       Recall       |         F1         |
+--------------------+--------------------+--------------------+--------------------+
| 0.6712328767123288 | 0.4505535747795084 | 0.6712328767123288 | 0.5391870649000674 |
+--------------------+--------------------+--------------------+--------------------+

Epoch loss:0.6727169027199617

+--------------------+--------------------+--------------------+--------------------+
|      Accuracy      |     Precision      |       Recall       |         F1         |
+--------------------+--------------------+--------------------+--------------------+
| 0.6712328767123288 | 0.4505535747795084 | 0.6712328767123288 | 0.5391870649000674 |
+--------------------+--------------------+--------------------+--------------------+

Epoch loss:0.6721962867556391

+--------------------+--------------------+--------------------+--------------------+
|      Accuracy      |     Precision      |       Recall       |         F1         |
+--------------------+--------------------+--------------------+--------------------+
| 0.6712328767123288 | 0.4505535747795084 | 0.6712328767123288 | 0.5391870649000674 |
+--------------------+--------------------+--------------------+--------------------+

Epoch loss:0.6718916699693009

+--------------------+--------------------+--------------------+--------------------+
|      Accuracy      |     Precision      |       Recall       |         F1         |
+--------------------+--------------------+--------------------+--------------------+
| 0.6712328767123288 | 0.4505535747795084 | 0.6712328767123288 | 0.5391870649000674 |
+--------------------+--------------------+--------------------+--------------------+

Epoch loss:0.6726776055387549

+--------------------+--------------------+--------------------+--------------------+
|      Accuracy      |     Precision      |       Recall       |         F1         |
+--------------------+--------------------+--------------------+--------------------+
| 0.6712328767123288 | 0.4505535747795084 | 0.6712328767123288 | 0.5391870649000674 |
+--------------------+--------------------+--------------------+--------------------+

Epoch loss:0.6720521933323628

+--------------------+--------------------+--------------------+--------------------+
|      Accuracy      |     Precision      |       Recall       |         F1         |
+--------------------+--------------------+--------------------+--------------------+
| 0.6712328767123288 | 0.4505535747795084 | 0.6712328767123288 | 0.5391870649000674 |
+--------------------+--------------------+--------------------+--------------------+

Epoch loss:0.6724244774998845

+--------------------+--------------------+--------------------+--------------------+
|      Accuracy      |     Precision      |       Recall       |         F1         |
+--------------------+--------------------+--------------------+--------------------+
| 0.6712328767123288 | 0.4505535747795084 | 0.6712328767123288 | 0.5391870649000674 |
+--------------------+--------------------+--------------------+--------------------+

Epoch loss:0.6721886106439539

+--------------------+--------------------+--------------------+--------------------+
|      Accuracy      |     Precision      |       Recall       |         F1         |
+--------------------+--------------------+--------------------+--------------------+
| 0.6712328767123288 | 0.4505535747795084 | 0.6712328767123288 | 0.5391870649000674 |
+--------------------+--------------------+--------------------+--------------------+

Epoch loss:0.6731507455980456

+--------------------+--------------------+--------------------+--------------------+
|      Accuracy      |     Precision      |       Recall       |         F1         |
+--------------------+--------------------+--------------------+--------------------+
| 0.6712328767123288 | 0.4505535747795084 | 0.6712328767123288 | 0.5391870649000674 |
+--------------------+--------------------+--------------------+--------------------+

Epoch loss:0.6724750399589539

+--------------------+--------------------+--------------------+--------------------+
|      Accuracy      |     Precision      |       Recall       |         F1         |
+--------------------+--------------------+--------------------+--------------------+
| 0.6712328767123288 | 0.4505535747795084 | 0.6712328767123288 | 0.5391870649000674 |
+--------------------+--------------------+--------------------+--------------------+

Epoch loss:0.6722569497855934

+--------------------+--------------------+--------------------+--------------------+
|      Accuracy      |     Precision      |       Recall       |         F1         |
+--------------------+--------------------+--------------------+--------------------+
| 0.6712328767123288 | 0.4505535747795084 | 0.6712328767123288 | 0.5391870649000674 |
+--------------------+--------------------+--------------------+--------------------+

Epoch loss:0.6722913835499738

+--------------------+--------------------+--------------------+--------------------+
|      Accuracy      |     Precision      |       Recall       |         F1         |
+--------------------+--------------------+--------------------+--------------------+
| 0.6712328767123288 | 0.4505535747795084 | 0.6712328767123288 | 0.5391870649000674 |
+--------------------+--------------------+--------------------+--------------------+

Epoch loss:0.6727963396020837

+--------------------+--------------------+--------------------+--------------------+
|      Accuracy      |     Precision      |       Recall       |         F1         |
+--------------------+--------------------+--------------------+--------------------+
| 0.6712328767123288 | 0.4505535747795084 | 0.6712328767123288 | 0.5391870649000674 |
+--------------------+--------------------+--------------------+--------------------+

Epoch loss:0.6722809205184112

+--------------------+--------------------+--------------------+--------------------+
|      Accuracy      |     Precision      |       Recall       |         F1         |
+--------------------+--------------------+--------------------+--------------------+
| 0.6712328767123288 | 0.4505535747795084 | 0.6712328767123288 | 0.5391870649000674 |
+--------------------+--------------------+--------------------+--------------------+

Epoch loss:0.6714524723388053

+--------------------+--------------------+--------------------+--------------------+
|      Accuracy      |     Precision      |       Recall       |         F1         |
+--------------------+--------------------+--------------------+--------------------+
| 0.6712328767123288 | 0.4505535747795084 | 0.6712328767123288 | 0.5391870649000674 |
+--------------------+--------------------+--------------------+--------------------+

Epoch loss:0.6725217087848766

+--------------------+--------------------+--------------------+--------------------+
|      Accuracy      |     Precision      |       Recall       |         F1         |
+--------------------+--------------------+--------------------+--------------------+
| 0.6712328767123288 | 0.4505535747795084 | 0.6712328767123288 | 0.5391870649000674 |
+--------------------+--------------------+--------------------+--------------------+

Epoch loss:0.6723439451810476

+--------------------+--------------------+--------------------+--------------------+
|      Accuracy      |     Precision      |       Recall       |         F1         |
+--------------------+--------------------+--------------------+--------------------+
| 0.6712328767123288 | 0.4505535747795084 | 0.6712328767123288 | 0.5391870649000674 |
+--------------------+--------------------+--------------------+--------------------+

Epoch loss:0.6721955312264932

+--------------------+--------------------+--------------------+--------------------+
|      Accuracy      |     Precision      |       Recall       |         F1         |
+--------------------+--------------------+--------------------+--------------------+
| 0.6712328767123288 | 0.4505535747795084 | 0.6712328767123288 | 0.5391870649000674 |
+--------------------+--------------------+--------------------+--------------------+

Epoch loss:0.6721472579079706

+--------------------+--------------------+--------------------+--------------------+
|      Accuracy      |     Precision      |       Recall       |         F1         |
+--------------------+--------------------+--------------------+--------------------+
| 0.6712328767123288 | 0.4505535747795084 | 0.6712328767123288 | 0.5391870649000674 |
+--------------------+--------------------+--------------------+--------------------+

Epoch loss:0.6724450282148413

+--------------------+--------------------+--------------------+--------------------+
|      Accuracy      |     Precision      |       Recall       |         F1         |
+--------------------+--------------------+--------------------+--------------------+
| 0.6712328767123288 | 0.4505535747795084 | 0.6712328767123288 | 0.5391870649000674 |
+--------------------+--------------------+--------------------+--------------------+

Epoch loss:0.6729322784655803

+--------------------+--------------------+--------------------+--------------------+
|      Accuracy      |     Precision      |       Recall       |         F1         |
+--------------------+--------------------+--------------------+--------------------+
| 0.6712328767123288 | 0.4505535747795084 | 0.6712328767123288 | 0.5391870649000674 |
+--------------------+--------------------+--------------------+--------------------+

Epoch loss:0.6733408248102343

+--------------------+--------------------+--------------------+--------------------+
|      Accuracy      |     Precision      |       Recall       |         F1         |
+--------------------+--------------------+--------------------+--------------------+
| 0.6712328767123288 | 0.4505535747795084 | 0.6712328767123288 | 0.5391870649000674 |
+--------------------+--------------------+--------------------+--------------------+

Epoch loss:0.6723178077388454

+--------------------+--------------------+--------------------+--------------------+
|      Accuracy      |     Precision      |       Recall       |         F1         |
+--------------------+--------------------+--------------------+--------------------+
| 0.6712328767123288 | 0.4505535747795084 | 0.6712328767123288 | 0.5391870649000674 |
+--------------------+--------------------+--------------------+--------------------+

Epoch loss:0.6724570973499401

+--------------------+--------------------+--------------------+--------------------+
|      Accuracy      |     Precision      |       Recall       |         F1         |
+--------------------+--------------------+--------------------+--------------------+
| 0.6712328767123288 | 0.4505535747795084 | 0.6712328767123288 | 0.5391870649000674 |
+--------------------+--------------------+--------------------+--------------------+

Epoch loss:0.6731433594549024

+--------------------+--------------------+--------------------+--------------------+
|      Accuracy      |     Precision      |       Recall       |         F1         |
+--------------------+--------------------+--------------------+--------------------+
| 0.6712328767123288 | 0.4505535747795084 | 0.6712328767123288 | 0.5391870649000674 |
+--------------------+--------------------+--------------------+--------------------+

Epoch loss:0.6726184873967558

+--------------------+--------------------+--------------------+--------------------+
|      Accuracy      |     Precision      |       Recall       |         F1         |
+--------------------+--------------------+--------------------+--------------------+
| 0.6712328767123288 | 0.4505535747795084 | 0.6712328767123288 | 0.5391870649000674 |
+--------------------+--------------------+--------------------+--------------------+

Epoch loss:0.6722979271734083

+--------------------+--------------------+--------------------+--------------------+
|      Accuracy      |     Precision      |       Recall       |         F1         |
+--------------------+--------------------+--------------------+--------------------+
| 0.6712328767123288 | 0.4505535747795084 | 0.6712328767123288 | 0.5391870649000674 |
+--------------------+--------------------+--------------------+--------------------+

Epoch loss:0.6721816771739239

+--------------------+--------------------+--------------------+--------------------+
|      Accuracy      |     Precision      |       Recall       |         F1         |
+--------------------+--------------------+--------------------+--------------------+
| 0.6712328767123288 | 0.4505535747795084 | 0.6712328767123288 | 0.5391870649000674 |
+--------------------+--------------------+--------------------+--------------------+

Epoch loss:0.6723437856983494

+--------------------+--------------------+--------------------+--------------------+
|      Accuracy      |     Precision      |       Recall       |         F1         |
+--------------------+--------------------+--------------------+--------------------+
| 0.6712328767123288 | 0.4505535747795084 | 0.6712328767123288 | 0.5391870649000674 |
+--------------------+--------------------+--------------------+--------------------+

Epoch loss:0.6724666920868126

+--------------------+--------------------+--------------------+--------------------+
|      Accuracy      |     Precision      |       Recall       |         F1         |
+--------------------+--------------------+--------------------+--------------------+
| 0.6712328767123288 | 0.4505535747795084 | 0.6712328767123288 | 0.5391870649000674 |
+--------------------+--------------------+--------------------+--------------------+

Epoch loss:0.6719940594724707

+--------------------+--------------------+--------------------+--------------------+
|      Accuracy      |     Precision      |       Recall       |         F1         |
+--------------------+--------------------+--------------------+--------------------+
| 0.6712328767123288 | 0.4505535747795084 | 0.6712328767123288 | 0.5391870649000674 |
+--------------------+--------------------+--------------------+--------------------+

Epoch loss:0.6720918239773931

+--------------------+--------------------+--------------------+--------------------+
|      Accuracy      |     Precision      |       Recall       |         F1         |
+--------------------+--------------------+--------------------+--------------------+
| 0.6712328767123288 | 0.4505535747795084 | 0.6712328767123288 | 0.5391870649000674 |
+--------------------+--------------------+--------------------+--------------------+

Epoch loss:0.6718084425539583

+--------------------+--------------------+--------------------+--------------------+
|      Accuracy      |     Precision      |       Recall       |         F1         |
+--------------------+--------------------+--------------------+--------------------+
| 0.6712328767123288 | 0.4505535747795084 | 0.6712328767123288 | 0.5391870649000674 |
+--------------------+--------------------+--------------------+--------------------+

Epoch loss:0.6720690775561977

+--------------------+--------------------+--------------------+--------------------+
|      Accuracy      |     Precision      |       Recall       |         F1         |
+--------------------+--------------------+--------------------+--------------------+
| 0.6712328767123288 | 0.4505535747795084 | 0.6712328767123288 | 0.5391870649000674 |
+--------------------+--------------------+--------------------+--------------------+

Epoch loss:0.6723258672533808

+--------------------+--------------------+--------------------+--------------------+
|      Accuracy      |     Precision      |       Recall       |         F1         |
+--------------------+--------------------+--------------------+--------------------+
| 0.6712328767123288 | 0.4505535747795084 | 0.6712328767123288 | 0.5391870649000674 |
+--------------------+--------------------+--------------------+--------------------+

Epoch loss:0.6729081385844463

+--------------------+--------------------+--------------------+--------------------+
|      Accuracy      |     Precision      |       Recall       |         F1         |
+--------------------+--------------------+--------------------+--------------------+
| 0.6712328767123288 | 0.4505535747795084 | 0.6712328767123288 | 0.5391870649000674 |
+--------------------+--------------------+--------------------+--------------------+

Epoch loss:0.6725247647311237

+--------------------+--------------------+--------------------+--------------------+
|      Accuracy      |     Precision      |       Recall       |         F1         |
+--------------------+--------------------+--------------------+--------------------+
| 0.6712328767123288 | 0.4505535747795084 | 0.6712328767123288 | 0.5391870649000674 |
+--------------------+--------------------+--------------------+--------------------+

Epoch loss:0.6729272491223103

+--------------------+--------------------+--------------------+--------------------+
|      Accuracy      |     Precision      |       Recall       |         F1         |
+--------------------+--------------------+--------------------+--------------------+
| 0.6712328767123288 | 0.4505535747795084 | 0.6712328767123288 | 0.5391870649000674 |
+--------------------+--------------------+--------------------+--------------------+

Epoch loss:0.6716931558944084

+--------------------+--------------------+--------------------+--------------------+
|      Accuracy      |     Precision      |       Recall       |         F1         |
+--------------------+--------------------+--------------------+--------------------+
| 0.6712328767123288 | 0.4505535747795084 | 0.6712328767123288 | 0.5391870649000674 |
+--------------------+--------------------+--------------------+--------------------+

Epoch loss:0.6722075633100562

+--------------------+--------------------+--------------------+--------------------+
|      Accuracy      |     Precision      |       Recall       |         F1         |
+--------------------+--------------------+--------------------+--------------------+
| 0.6712328767123288 | 0.4505535747795084 | 0.6712328767123288 | 0.5391870649000674 |
+--------------------+--------------------+--------------------+--------------------+

Epoch loss:0.6715953575598227

+--------------------+--------------------+--------------------+--------------------+
|      Accuracy      |     Precision      |       Recall       |         F1         |
+--------------------+--------------------+--------------------+--------------------+
| 0.6712328767123288 | 0.4505535747795084 | 0.6712328767123288 | 0.5391870649000674 |
+--------------------+--------------------+--------------------+--------------------+

Epoch loss:0.6713752762691395

+--------------------+--------------------+--------------------+--------------------+
|      Accuracy      |     Precision      |       Recall       |         F1         |
+--------------------+--------------------+--------------------+--------------------+
| 0.6712328767123288 | 0.4505535747795084 | 0.6712328767123288 | 0.5391870649000674 |
+--------------------+--------------------+--------------------+--------------------+

Epoch loss:0.6715476802877478

+--------------------+--------------------+--------------------+--------------------+
|      Accuracy      |     Precision      |       Recall       |         F1         |
+--------------------+--------------------+--------------------+--------------------+
| 0.6712328767123288 | 0.4505535747795084 | 0.6712328767123288 | 0.5391870649000674 |
+--------------------+--------------------+--------------------+--------------------+

Epoch loss:0.6717461685876589

+--------------------+--------------------+--------------------+--------------------+
|      Accuracy      |     Precision      |       Recall       |         F1         |
+--------------------+--------------------+--------------------+--------------------+
| 0.6712328767123288 | 0.4505535747795084 | 0.6712328767123288 | 0.5391870649000674 |
+--------------------+--------------------+--------------------+--------------------+

Epoch loss:0.6715330384873055

+--------------------+--------------------+--------------------+--------------------+
|      Accuracy      |     Precision      |       Recall       |         F1         |
+--------------------+--------------------+--------------------+--------------------+
| 0.6712328767123288 | 0.4505535747795084 | 0.6712328767123288 | 0.5391870649000674 |
+--------------------+--------------------+--------------------+--------------------+

Epoch loss:0.6721309439556019

+--------------------+--------------------+--------------------+--------------------+
|      Accuracy      |     Precision      |       Recall       |         F1         |
+--------------------+--------------------+--------------------+--------------------+
| 0.6712328767123288 | 0.4505535747795084 | 0.6712328767123288 | 0.5391870649000674 |
+--------------------+--------------------+--------------------+--------------------+

Epoch loss:0.6724243695671493

+--------------------+--------------------+--------------------+--------------------+
|      Accuracy      |     Precision      |       Recall       |         F1         |
+--------------------+--------------------+--------------------+--------------------+
| 0.6712328767123288 | 0.4505535747795084 | 0.6712328767123288 | 0.5391870649000674 |
+--------------------+--------------------+--------------------+--------------------+

Epoch loss:0.6724366191271189

+--------------------+--------------------+--------------------+--------------------+
|      Accuracy      |     Precision      |       Recall       |         F1         |
+--------------------+--------------------+--------------------+--------------------+
| 0.6712328767123288 | 0.4505535747795084 | 0.6712328767123288 | 0.5391870649000674 |
+--------------------+--------------------+--------------------+--------------------+

Epoch loss:0.6714138743039724

+--------------------+--------------------+--------------------+--------------------+
|      Accuracy      |     Precision      |       Recall       |         F1         |
+--------------------+--------------------+--------------------+--------------------+
| 0.6712328767123288 | 0.4505535747795084 | 0.6712328767123288 | 0.5391870649000674 |
+--------------------+--------------------+--------------------+--------------------+

Epoch loss:0.6717216340271203

+--------------------+--------------------+--------------------+--------------------+
|      Accuracy      |     Precision      |       Recall       |         F1         |
+--------------------+--------------------+--------------------+--------------------+
| 0.6712328767123288 | 0.4505535747795084 | 0.6712328767123288 | 0.5391870649000674 |
+--------------------+--------------------+--------------------+--------------------+

Epoch loss:0.6723433571892816

+--------------------+--------------------+--------------------+--------------------+
|      Accuracy      |     Precision      |       Recall       |         F1         |
+--------------------+--------------------+--------------------+--------------------+
| 0.6712328767123288 | 0.4505535747795084 | 0.6712328767123288 | 0.5391870649000674 |
+--------------------+--------------------+--------------------+--------------------+

Epoch loss:0.6716350349220069

+--------------------+--------------------+--------------------+--------------------+
|      Accuracy      |     Precision      |       Recall       |         F1         |
+--------------------+--------------------+--------------------+--------------------+
| 0.6712328767123288 | 0.4505535747795084 | 0.6712328767123288 | 0.5391870649000674 |
+--------------------+--------------------+--------------------+--------------------+

Epoch loss:0.6728469713314159

+--------------------+--------------------+--------------------+--------------------+
|      Accuracy      |     Precision      |       Recall       |         F1         |
+--------------------+--------------------+--------------------+--------------------+
| 0.6712328767123288 | 0.4505535747795084 | 0.6712328767123288 | 0.5391870649000674 |
+--------------------+--------------------+--------------------+--------------------+

Epoch loss:0.6719838090845056

+--------------------+--------------------+--------------------+--------------------+
|      Accuracy      |     Precision      |       Recall       |         F1         |
+--------------------+--------------------+--------------------+--------------------+
| 0.6712328767123288 | 0.4505535747795084 | 0.6712328767123288 | 0.5391870649000674 |
+--------------------+--------------------+--------------------+--------------------+

Epoch loss:0.6725007972201785

+--------------------+--------------------+--------------------+--------------------+
|      Accuracy      |     Precision      |       Recall       |         F1         |
+--------------------+--------------------+--------------------+--------------------+
| 0.6712328767123288 | 0.4505535747795084 | 0.6712328767123288 | 0.5391870649000674 |
+--------------------+--------------------+--------------------+--------------------+

Epoch loss:0.6723674809610521

+--------------------+--------------------+--------------------+--------------------+
|      Accuracy      |     Precision      |       Recall       |         F1         |
+--------------------+--------------------+--------------------+--------------------+
| 0.6712328767123288 | 0.4505535747795084 | 0.6712328767123288 | 0.5391870649000674 |
+--------------------+--------------------+--------------------+--------------------+

Epoch loss:0.6722773442397246

+--------------------+--------------------+--------------------+--------------------+
|      Accuracy      |     Precision      |       Recall       |         F1         |
+--------------------+--------------------+--------------------+--------------------+
| 0.6712328767123288 | 0.4505535747795084 | 0.6712328767123288 | 0.5391870649000674 |
+--------------------+--------------------+--------------------+--------------------+

Epoch loss:0.6724425151541427

+--------------------+--------------------+--------------------+--------------------+
|      Accuracy      |     Precision      |       Recall       |         F1         |
+--------------------+--------------------+--------------------+--------------------+
| 0.6712328767123288 | 0.4505535747795084 | 0.6712328767123288 | 0.5391870649000674 |
+--------------------+--------------------+--------------------+--------------------+

Epoch loss:0.6729088844479741

+--------------------+--------------------+--------------------+--------------------+
|      Accuracy      |     Precision      |       Recall       |         F1         |
+--------------------+--------------------+--------------------+--------------------+
| 0.6712328767123288 | 0.4505535747795084 | 0.6712328767123288 | 0.5391870649000674 |
+--------------------+--------------------+--------------------+--------------------+

Epoch loss:0.6717866353086523

+--------------------+--------------------+--------------------+--------------------+
|      Accuracy      |     Precision      |       Recall       |         F1         |
+--------------------+--------------------+--------------------+--------------------+
| 0.6712328767123288 | 0.4505535747795084 | 0.6712328767123288 | 0.5391870649000674 |
+--------------------+--------------------+--------------------+--------------------+

Epoch loss:0.6712328566087259

+--------------------+--------------------+--------------------+--------------------+
|      Accuracy      |     Precision      |       Recall       |         F1         |
+--------------------+--------------------+--------------------+--------------------+
| 0.6712328767123288 | 0.4505535747795084 | 0.6712328767123288 | 0.5391870649000674 |
+--------------------+--------------------+--------------------+--------------------+

Epoch loss:0.6723732223381867

+--------------------+--------------------+--------------------+--------------------+
|      Accuracy      |     Precision      |       Recall       |         F1         |
+--------------------+--------------------+--------------------+--------------------+
| 0.6712328767123288 | 0.4505535747795084 | 0.6712328767123288 | 0.5391870649000674 |
+--------------------+--------------------+--------------------+--------------------+

Epoch loss:0.6722410675641652

+--------------------+--------------------+--------------------+--------------------+
|      Accuracy      |     Precision      |       Recall       |         F1         |
+--------------------+--------------------+--------------------+--------------------+
| 0.6712328767123288 | 0.4505535747795084 | 0.6712328767123288 | 0.5391870649000674 |
+--------------------+--------------------+--------------------+--------------------+

Epoch loss:0.6716429462303987

+--------------------+--------------------+--------------------+--------------------+
|      Accuracy      |     Precision      |       Recall       |         F1         |
+--------------------+--------------------+--------------------+--------------------+
| 0.6712328767123288 | 0.4505535747795084 | 0.6712328767123288 | 0.5391870649000674 |
+--------------------+--------------------+--------------------+--------------------+

Epoch loss:0.6723142298492225

+--------------------+--------------------+--------------------+--------------------+
|      Accuracy      |     Precision      |       Recall       |         F1         |
+--------------------+--------------------+--------------------+--------------------+
| 0.6712328767123288 | 0.4505535747795084 | 0.6712328767123288 | 0.5391870649000674 |
+--------------------+--------------------+--------------------+--------------------+

Epoch loss:0.6713074703474302

+--------------------+--------------------+--------------------+--------------------+
|      Accuracy      |     Precision      |       Recall       |         F1         |
+--------------------+--------------------+--------------------+--------------------+
| 0.6712328767123288 | 0.4505535747795084 | 0.6712328767123288 | 0.5391870649000674 |
+--------------------+--------------------+--------------------+--------------------+

Epoch loss:0.6724894965017164

+--------------------+--------------------+--------------------+--------------------+
|      Accuracy      |     Precision      |       Recall       |         F1         |
+--------------------+--------------------+--------------------+--------------------+
| 0.6712328767123288 | 0.4505535747795084 | 0.6712328767123288 | 0.5391870649000674 |
+--------------------+--------------------+--------------------+--------------------+

Epoch loss:0.6717777203869175

+--------------------+--------------------+--------------------+--------------------+
|      Accuracy      |     Precision      |       Recall       |         F1         |
+--------------------+--------------------+--------------------+--------------------+
| 0.6712328767123288 | 0.4505535747795084 | 0.6712328767123288 | 0.5391870649000674 |
+--------------------+--------------------+--------------------+--------------------+

Epoch loss:0.6713822484016418

+--------------------+--------------------+--------------------+--------------------+
|      Accuracy      |     Precision      |       Recall       |         F1         |
+--------------------+--------------------+--------------------+--------------------+
| 0.6712328767123288 | 0.4505535747795084 | 0.6712328767123288 | 0.5391870649000674 |
+--------------------+--------------------+--------------------+--------------------+

Epoch loss:0.6722104581626686

+--------------------+--------------------+--------------------+--------------------+
|      Accuracy      |     Precision      |       Recall       |         F1         |
+--------------------+--------------------+--------------------+--------------------+
| 0.6712328767123288 | 0.4505535747795084 | 0.6712328767123288 | 0.5391870649000674 |
+--------------------+--------------------+--------------------+--------------------+

Epoch loss:0.6702846594758936

+--------------------+--------------------+--------------------+--------------------+
|      Accuracy      |     Precision      |       Recall       |         F1         |
+--------------------+--------------------+--------------------+--------------------+
| 0.6712328767123288 | 0.4505535747795084 | 0.6712328767123288 | 0.5391870649000674 |
+--------------------+--------------------+--------------------+--------------------+

Epoch loss:0.6729080403173292

+--------------------+--------------------+--------------------+--------------------+
|      Accuracy      |     Precision      |       Recall       |         F1         |
+--------------------+--------------------+--------------------+--------------------+
| 0.6712328767123288 | 0.4505535747795084 | 0.6712328767123288 | 0.5391870649000674 |
+--------------------+--------------------+--------------------+--------------------+

Epoch loss:0.6726329761582452

+--------------------+--------------------+--------------------+--------------------+
|      Accuracy      |     Precision      |       Recall       |         F1         |
+--------------------+--------------------+--------------------+--------------------+
| 0.6712328767123288 | 0.4505535747795084 | 0.6712328767123288 | 0.5391870649000674 |
+--------------------+--------------------+--------------------+--------------------+

Epoch loss:0.6727086208962105

+--------------------+--------------------+--------------------+--------------------+
|      Accuracy      |     Precision      |       Recall       |         F1         |
+--------------------+--------------------+--------------------+--------------------+
| 0.6712328767123288 | 0.4505535747795084 | 0.6712328767123288 | 0.5391870649000674 |
+--------------------+--------------------+--------------------+--------------------+

Epoch loss:0.6716629814457249

+--------------------+--------------------+--------------------+--------------------+
|      Accuracy      |     Precision      |       Recall       |         F1         |
+--------------------+--------------------+--------------------+--------------------+
| 0.6712328767123288 | 0.4505535747795084 | 0.6712328767123288 | 0.5391870649000674 |
+--------------------+--------------------+--------------------+--------------------+

Epoch loss:0.6717284885612694

+--------------------+--------------------+--------------------+--------------------+
|      Accuracy      |     Precision      |       Recall       |         F1         |
+--------------------+--------------------+--------------------+--------------------+
| 0.6712328767123288 | 0.4505535747795084 | 0.6712328767123288 | 0.5391870649000674 |
+--------------------+--------------------+--------------------+--------------------+

Epoch loss:0.672064940671663

+--------------------+--------------------+--------------------+--------------------+
|      Accuracy      |     Precision      |       Recall       |         F1         |
+--------------------+--------------------+--------------------+--------------------+
| 0.6712328767123288 | 0.4505535747795084 | 0.6712328767123288 | 0.5391870649000674 |
+--------------------+--------------------+--------------------+--------------------+

Epoch loss:0.6722291111946106

+--------------------+--------------------+--------------------+--------------------+
|      Accuracy      |     Precision      |       Recall       |         F1         |
+--------------------+--------------------+--------------------+--------------------+
| 0.6712328767123288 | 0.4505535747795084 | 0.6712328767123288 | 0.5391870649000674 |
+--------------------+--------------------+--------------------+--------------------+

Epoch loss:0.6719716674572712

+--------------------+--------------------+--------------------+--------------------+
|      Accuracy      |     Precision      |       Recall       |         F1         |
+--------------------+--------------------+--------------------+--------------------+
| 0.6712328767123288 | 0.4505535747795084 | 0.6712328767123288 | 0.5391870649000674 |
+--------------------+--------------------+--------------------+--------------------+

Epoch loss:0.6724068119719222

+--------------------+--------------------+--------------------+--------------------+
|      Accuracy      |     Precision      |       Recall       |         F1         |
+--------------------+--------------------+--------------------+--------------------+
| 0.6712328767123288 | 0.4505535747795084 | 0.6712328767123288 | 0.5391870649000674 |
+--------------------+--------------------+--------------------+--------------------+

Epoch loss:0.6726792084204184

+--------------------+--------------------+--------------------+--------------------+
|      Accuracy      |     Precision      |       Recall       |         F1         |
+--------------------+--------------------+--------------------+--------------------+
| 0.6712328767123288 | 0.4505535747795084 | 0.6712328767123288 | 0.5391870649000674 |
+--------------------+--------------------+--------------------+--------------------+

Epoch loss:0.672084088261063

+--------------------+--------------------+--------------------+--------------------+
|      Accuracy      |     Precision      |       Recall       |         F1         |
+--------------------+--------------------+--------------------+--------------------+
| 0.6712328767123288 | 0.4505535747795084 | 0.6712328767123288 | 0.5391870649000674 |
+--------------------+--------------------+--------------------+--------------------+

Epoch loss:0.6712997201326731

+--------------------+--------------------+--------------------+--------------------+
|      Accuracy      |     Precision      |       Recall       |         F1         |
+--------------------+--------------------+--------------------+--------------------+
| 0.6712328767123288 | 0.4505535747795084 | 0.6712328767123288 | 0.5391870649000674 |
+--------------------+--------------------+--------------------+--------------------+

Epoch loss:0.6719216414400049

+--------------------+--------------------+--------------------+--------------------+
|      Accuracy      |     Precision      |       Recall       |         F1         |
+--------------------+--------------------+--------------------+--------------------+
| 0.6712328767123288 | 0.4505535747795084 | 0.6712328767123288 | 0.5391870649000674 |
+--------------------+--------------------+--------------------+--------------------+

Epoch loss:0.6732102696960037

+--------------------+--------------------+--------------------+--------------------+
|      Accuracy      |     Precision      |       Recall       |         F1         |
+--------------------+--------------------+--------------------+--------------------+
| 0.6712328767123288 | 0.4505535747795084 | 0.6712328767123288 | 0.5391870649000674 |
+--------------------+--------------------+--------------------+--------------------+

Epoch loss:0.6733944448264869

+--------------------+--------------------+--------------------+--------------------+
|      Accuracy      |     Precision      |       Recall       |         F1         |
+--------------------+--------------------+--------------------+--------------------+
| 0.6712328767123288 | 0.4505535747795084 | 0.6712328767123288 | 0.5391870649000674 |
+--------------------+--------------------+--------------------+--------------------+

Epoch loss:0.6726518128369305

+--------------------+--------------------+--------------------+--------------------+
|      Accuracy      |     Precision      |       Recall       |         F1         |
+--------------------+--------------------+--------------------+--------------------+
| 0.6712328767123288 | 0.4505535747795084 | 0.6712328767123288 | 0.5391870649000674 |
+--------------------+--------------------+--------------------+--------------------+

Epoch loss:0.6720046578226863

+--------------------+--------------------+--------------------+--------------------+
|      Accuracy      |     Precision      |       Recall       |         F1         |
+--------------------+--------------------+--------------------+--------------------+
| 0.6712328767123288 | 0.4505535747795084 | 0.6712328767123288 | 0.5391870649000674 |
+--------------------+--------------------+--------------------+--------------------+

Epoch loss:0.6724813870481543

+--------------------+--------------------+--------------------+--------------------+
|      Accuracy      |     Precision      |       Recall       |         F1         |
+--------------------+--------------------+--------------------+--------------------+
| 0.6712328767123288 | 0.4505535747795084 | 0.6712328767123288 | 0.5391870649000674 |
+--------------------+--------------------+--------------------+--------------------+

Epoch loss:0.6725542899724599

+--------------------+--------------------+--------------------+--------------------+
|      Accuracy      |     Precision      |       Recall       |         F1         |
+--------------------+--------------------+--------------------+--------------------+
| 0.6712328767123288 | 0.4505535747795084 | 0.6712328767123288 | 0.5391870649000674 |
+--------------------+--------------------+--------------------+--------------------+

Epoch loss:0.6717487058124026

+--------------------+--------------------+--------------------+--------------------+
|      Accuracy      |     Precision      |       Recall       |         F1         |
+--------------------+--------------------+--------------------+--------------------+
| 0.6712328767123288 | 0.4505535747795084 | 0.6712328767123288 | 0.5391870649000674 |
+--------------------+--------------------+--------------------+--------------------+

Epoch loss:0.6727192111917444

+--------------------+--------------------+--------------------+--------------------+
|      Accuracy      |     Precision      |       Recall       |         F1         |
+--------------------+--------------------+--------------------+--------------------+
| 0.6712328767123288 | 0.4505535747795084 | 0.6712328767123288 | 0.5391870649000674 |
+--------------------+--------------------+--------------------+--------------------+

Epoch loss:0.6721190133610287

+--------------------+--------------------+--------------------+--------------------+
|      Accuracy      |     Precision      |       Recall       |         F1         |
+--------------------+--------------------+--------------------+--------------------+
| 0.6712328767123288 | 0.4505535747795084 | 0.6712328767123288 | 0.5391870649000674 |
+--------------------+--------------------+--------------------+--------------------+

Epoch loss:0.6712800361014701

+--------------------+--------------------+--------------------+--------------------+
|      Accuracy      |     Precision      |       Recall       |         F1         |
+--------------------+--------------------+--------------------+--------------------+
| 0.6712328767123288 | 0.4505535747795084 | 0.6712328767123288 | 0.5391870649000674 |
+--------------------+--------------------+--------------------+--------------------+

Epoch loss:0.6727794537673125

+--------------------+--------------------+--------------------+--------------------+
|      Accuracy      |     Precision      |       Recall       |         F1         |
+--------------------+--------------------+--------------------+--------------------+
| 0.6712328767123288 | 0.4505535747795084 | 0.6712328767123288 | 0.5391870649000674 |
+--------------------+--------------------+--------------------+--------------------+

Epoch loss:0.6727330910192953

+--------------------+--------------------+--------------------+--------------------+
|      Accuracy      |     Precision      |       Recall       |         F1         |
+--------------------+--------------------+--------------------+--------------------+
| 0.6712328767123288 | 0.4505535747795084 | 0.6712328767123288 | 0.5391870649000674 |
+--------------------+--------------------+--------------------+--------------------+

Epoch loss:0.6719938081664008

+--------------------+--------------------+--------------------+--------------------+
|      Accuracy      |     Precision      |       Recall       |         F1         |
+--------------------+--------------------+--------------------+--------------------+
| 0.6712328767123288 | 0.4505535747795084 | 0.6712328767123288 | 0.5391870649000674 |
+--------------------+--------------------+--------------------+--------------------+

Epoch loss:0.6728127260465879

+--------------------+--------------------+--------------------+--------------------+
|      Accuracy      |     Precision      |       Recall       |         F1         |
+--------------------+--------------------+--------------------+--------------------+
| 0.6712328767123288 | 0.4505535747795084 | 0.6712328767123288 | 0.5391870649000674 |
+--------------------+--------------------+--------------------+--------------------+

Epoch loss:0.6725105304975767

+--------------------+--------------------+--------------------+--------------------+
|      Accuracy      |     Precision      |       Recall       |         F1         |
+--------------------+--------------------+--------------------+--------------------+
| 0.6712328767123288 | 0.4505535747795084 | 0.6712328767123288 | 0.5391870649000674 |
+--------------------+--------------------+--------------------+--------------------+

Epoch loss:0.6728551887177132

+--------------------+--------------------+--------------------+--------------------+
|      Accuracy      |     Precision      |       Recall       |         F1         |
+--------------------+--------------------+--------------------+--------------------+
| 0.6712328767123288 | 0.4505535747795084 | 0.6712328767123288 | 0.5391870649000674 |
+--------------------+--------------------+--------------------+--------------------+

Epoch loss:0.6719702659426509

+--------------------+--------------------+--------------------+--------------------+
|      Accuracy      |     Precision      |       Recall       |         F1         |
+--------------------+--------------------+--------------------+--------------------+
| 0.6712328767123288 | 0.4505535747795084 | 0.6712328767123288 | 0.5391870649000674 |
+--------------------+--------------------+--------------------+--------------------+

Epoch loss:0.6717319520744117

+--------------------+--------------------+--------------------+--------------------+
|      Accuracy      |     Precision      |       Recall       |         F1         |
+--------------------+--------------------+--------------------+--------------------+
| 0.6712328767123288 | 0.4505535747795084 | 0.6712328767123288 | 0.5391870649000674 |
+--------------------+--------------------+--------------------+--------------------+

Epoch loss:0.6717434831567712

+--------------------+--------------------+--------------------+--------------------+
|      Accuracy      |     Precision      |       Recall       |         F1         |
+--------------------+--------------------+--------------------+--------------------+
| 0.6712328767123288 | 0.4505535747795084 | 0.6712328767123288 | 0.5391870649000674 |
+--------------------+--------------------+--------------------+--------------------+

Epoch loss:0.6725334315686613

+--------------------+--------------------+--------------------+--------------------+
|      Accuracy      |     Precision      |       Recall       |         F1         |
+--------------------+--------------------+--------------------+--------------------+
| 0.6712328767123288 | 0.4505535747795084 | 0.6712328767123288 | 0.5391870649000674 |
+--------------------+--------------------+--------------------+--------------------+

Epoch loss:0.6723476616111962

+--------------------+--------------------+--------------------+--------------------+
|      Accuracy      |     Precision      |       Recall       |         F1         |
+--------------------+--------------------+--------------------+--------------------+
| 0.6712328767123288 | 0.4505535747795084 | 0.6712328767123288 | 0.5391870649000674 |
+--------------------+--------------------+--------------------+--------------------+

Epoch loss:0.6714733903472488

+--------------------+--------------------+--------------------+--------------------+
|      Accuracy      |     Precision      |       Recall       |         F1         |
+--------------------+--------------------+--------------------+--------------------+
| 0.6712328767123288 | 0.4505535747795084 | 0.6712328767123288 | 0.5391870649000674 |
+--------------------+--------------------+--------------------+--------------------+

Epoch loss:0.6717828850488405

+--------------------+--------------------+--------------------+--------------------+
|      Accuracy      |     Precision      |       Recall       |         F1         |
+--------------------+--------------------+--------------------+--------------------+
| 0.6712328767123288 | 0.4505535747795084 | 0.6712328767123288 | 0.5391870649000674 |
+--------------------+--------------------+--------------------+--------------------+

Epoch loss:0.6716758721583599

+--------------------+--------------------+--------------------+--------------------+
|      Accuracy      |     Precision      |       Recall       |         F1         |
+--------------------+--------------------+--------------------+--------------------+
| 0.6712328767123288 | 0.4505535747795084 | 0.6712328767123288 | 0.5391870649000674 |
+--------------------+--------------------+--------------------+--------------------+

Epoch loss:0.6724736674411876

+--------------------+--------------------+--------------------+--------------------+
|      Accuracy      |     Precision      |       Recall       |         F1         |
+--------------------+--------------------+--------------------+--------------------+
| 0.6712328767123288 | 0.4505535747795084 | 0.6712328767123288 | 0.5391870649000674 |
+--------------------+--------------------+--------------------+--------------------+

Epoch loss:0.6725431567913777

+--------------------+--------------------+--------------------+--------------------+
|      Accuracy      |     Precision      |       Recall       |         F1         |
+--------------------+--------------------+--------------------+--------------------+
| 0.6712328767123288 | 0.4505535747795084 | 0.6712328767123288 | 0.5391870649000674 |
+--------------------+--------------------+--------------------+--------------------+

Epoch loss:0.672104933777371

+--------------------+--------------------+--------------------+--------------------+
|      Accuracy      |     Precision      |       Recall       |         F1         |
+--------------------+--------------------+--------------------+--------------------+
| 0.6712328767123288 | 0.4505535747795084 | 0.6712328767123288 | 0.5391870649000674 |
+--------------------+--------------------+--------------------+--------------------+

Epoch loss:0.6713876063759262

+--------------------+--------------------+--------------------+--------------------+
|      Accuracy      |     Precision      |       Recall       |         F1         |
+--------------------+--------------------+--------------------+--------------------+
| 0.6712328767123288 | 0.4505535747795084 | 0.6712328767123288 | 0.5391870649000674 |
+--------------------+--------------------+--------------------+--------------------+

Epoch loss:0.6734871509912852

+--------------------+--------------------+--------------------+--------------------+
|      Accuracy      |     Precision      |       Recall       |         F1         |
+--------------------+--------------------+--------------------+--------------------+
| 0.6712328767123288 | 0.4505535747795084 | 0.6712328767123288 | 0.5391870649000674 |
+--------------------+--------------------+--------------------+--------------------+

Epoch loss:0.6730512267834431

+--------------------+--------------------+--------------------+--------------------+
|      Accuracy      |     Precision      |       Recall       |         F1         |
+--------------------+--------------------+--------------------+--------------------+
| 0.6712328767123288 | 0.4505535747795084 | 0.6712328767123288 | 0.5391870649000674 |
+--------------------+--------------------+--------------------+--------------------+

Epoch loss:0.6726222312128222

+--------------------+--------------------+--------------------+--------------------+
|      Accuracy      |     Precision      |       Recall       |         F1         |
+--------------------+--------------------+--------------------+--------------------+
| 0.6712328767123288 | 0.4505535747795084 | 0.6712328767123288 | 0.5391870649000674 |
+--------------------+--------------------+--------------------+--------------------+

Epoch loss:0.6718549502862466

+--------------------+--------------------+--------------------+--------------------+
|      Accuracy      |     Precision      |       Recall       |         F1         |
+--------------------+--------------------+--------------------+--------------------+
| 0.6712328767123288 | 0.4505535747795084 | 0.6712328767123288 | 0.5391870649000674 |
+--------------------+--------------------+--------------------+--------------------+

Epoch loss:0.6722545623779297

+--------------------+--------------------+--------------------+--------------------+
|      Accuracy      |     Precision      |       Recall       |         F1         |
+--------------------+--------------------+--------------------+--------------------+
| 0.6712328767123288 | 0.4505535747795084 | 0.6712328767123288 | 0.5391870649000674 |
+--------------------+--------------------+--------------------+--------------------+

Epoch loss:0.6714831687308647

+--------------------+--------------------+--------------------+--------------------+
|      Accuracy      |     Precision      |       Recall       |         F1         |
+--------------------+--------------------+--------------------+--------------------+
| 0.6712328767123288 | 0.4505535747795084 | 0.6712328767123288 | 0.5391870649000674 |
+--------------------+--------------------+--------------------+--------------------+

Epoch loss:0.6730673506453231

+--------------------+--------------------+--------------------+--------------------+
|      Accuracy      |     Precision      |       Recall       |         F1         |
+--------------------+--------------------+--------------------+--------------------+
| 0.6712328767123288 | 0.4505535747795084 | 0.6712328767123288 | 0.5391870649000674 |
+--------------------+--------------------+--------------------+--------------------+

Epoch loss:0.6724117253277753

+--------------------+--------------------+--------------------+--------------------+
|      Accuracy      |     Precision      |       Recall       |         F1         |
+--------------------+--------------------+--------------------+--------------------+
| 0.6712328767123288 | 0.4505535747795084 | 0.6712328767123288 | 0.5391870649000674 |
+--------------------+--------------------+--------------------+--------------------+

Epoch loss:0.6714999144141739

+--------------------+--------------------+--------------------+--------------------+
|      Accuracy      |     Precision      |       Recall       |         F1         |
+--------------------+--------------------+--------------------+--------------------+
| 0.6712328767123288 | 0.4505535747795084 | 0.6712328767123288 | 0.5391870649000674 |
+--------------------+--------------------+--------------------+--------------------+

Epoch loss:0.6722930105956825

+--------------------+--------------------+--------------------+--------------------+
|      Accuracy      |     Precision      |       Recall       |         F1         |
+--------------------+--------------------+--------------------+--------------------+
| 0.6712328767123288 | 0.4505535747795084 | 0.6712328767123288 | 0.5391870649000674 |
+--------------------+--------------------+--------------------+--------------------+

Epoch loss:0.6728175959071597

+--------------------+--------------------+--------------------+--------------------+
|      Accuracy      |     Precision      |       Recall       |         F1         |
+--------------------+--------------------+--------------------+--------------------+
| 0.6712328767123288 | 0.4505535747795084 | 0.6712328767123288 | 0.5391870649000674 |
+--------------------+--------------------+--------------------+--------------------+

Epoch loss:0.6724528009827072

+--------------------+--------------------+--------------------+--------------------+
|      Accuracy      |     Precision      |       Recall       |         F1         |
+--------------------+--------------------+--------------------+--------------------+
| 0.6712328767123288 | 0.4505535747795084 | 0.6712328767123288 | 0.5391870649000674 |
+--------------------+--------------------+--------------------+--------------------+

Epoch loss:0.6714751978178282

+--------------------+--------------------+--------------------+--------------------+
|      Accuracy      |     Precision      |       Recall       |         F1         |
+--------------------+--------------------+--------------------+--------------------+
| 0.6712328767123288 | 0.4505535747795084 | 0.6712328767123288 | 0.5391870649000674 |
+--------------------+--------------------+--------------------+--------------------+

Epoch loss:0.6720683316926699

+--------------------+--------------------+--------------------+--------------------+
|      Accuracy      |     Precision      |       Recall       |         F1         |
+--------------------+--------------------+--------------------+--------------------+
| 0.6712328767123288 | 0.4505535747795084 | 0.6712328767123288 | 0.5391870649000674 |
+--------------------+--------------------+--------------------+--------------------+

Epoch loss:0.6718988305813557

+--------------------+--------------------+--------------------+--------------------+
|      Accuracy      |     Precision      |       Recall       |         F1         |
+--------------------+--------------------+--------------------+--------------------+
| 0.6712328767123288 | 0.4505535747795084 | 0.6712328767123288 | 0.5391870649000674 |
+--------------------+--------------------+--------------------+--------------------+

Epoch loss:0.6707694643252605

+--------------------+--------------------+--------------------+--------------------+
|      Accuracy      |     Precision      |       Recall       |         F1         |
+--------------------+--------------------+--------------------+--------------------+
| 0.6712328767123288 | 0.4505535747795084 | 0.6712328767123288 | 0.5391870649000674 |
+--------------------+--------------------+--------------------+--------------------+

Epoch loss:0.6723603541786606

+--------------------+--------------------+--------------------+--------------------+
|      Accuracy      |     Precision      |       Recall       |         F1         |
+--------------------+--------------------+--------------------+--------------------+
| 0.6712328767123288 | 0.4505535747795084 | 0.6712328767123288 | 0.5391870649000674 |
+--------------------+--------------------+--------------------+--------------------+

Epoch loss:0.6723404381726239

+--------------------+--------------------+--------------------+--------------------+
|      Accuracy      |     Precision      |       Recall       |         F1         |
+--------------------+--------------------+--------------------+--------------------+
| 0.6712328767123288 | 0.4505535747795084 | 0.6712328767123288 | 0.5391870649000674 |
+--------------------+--------------------+--------------------+--------------------+

Epoch loss:0.6724831461906433

+--------------------+--------------------+--------------------+--------------------+
|      Accuracy      |     Precision      |       Recall       |         F1         |
+--------------------+--------------------+--------------------+--------------------+
| 0.6712328767123288 | 0.4505535747795084 | 0.6712328767123288 | 0.5391870649000674 |
+--------------------+--------------------+--------------------+--------------------+

Epoch loss:0.6712179328944232

+--------------------+--------------------+--------------------+--------------------+
|      Accuracy      |     Precision      |       Recall       |         F1         |
+--------------------+--------------------+--------------------+--------------------+
| 0.6712328767123288 | 0.4505535747795084 | 0.6712328767123288 | 0.5391870649000674 |
+--------------------+--------------------+--------------------+--------------------+

Epoch loss:0.6716327618908238

+--------------------+--------------------+--------------------+--------------------+
|      Accuracy      |     Precision      |       Recall       |         F1         |
+--------------------+--------------------+--------------------+--------------------+
| 0.6712328767123288 | 0.4505535747795084 | 0.6712328767123288 | 0.5391870649000674 |
+--------------------+--------------------+--------------------+--------------------+

Epoch loss:0.6717312787030194

+--------------------+--------------------+--------------------+--------------------+
|      Accuracy      |     Precision      |       Recall       |         F1         |
+--------------------+--------------------+--------------------+--------------------+
| 0.6712328767123288 | 0.4505535747795084 | 0.6712328767123288 | 0.5391870649000674 |
+--------------------+--------------------+--------------------+--------------------+

Epoch loss:0.6727334148175007

+--------------------+--------------------+--------------------+--------------------+
|      Accuracy      |     Precision      |       Recall       |         F1         |
+--------------------+--------------------+--------------------+--------------------+
| 0.6712328767123288 | 0.4505535747795084 | 0.6712328767123288 | 0.5391870649000674 |
+--------------------+--------------------+--------------------+--------------------+

Epoch loss:0.6726618183625711

+--------------------+--------------------+--------------------+--------------------+
|      Accuracy      |     Precision      |       Recall       |         F1         |
+--------------------+--------------------+--------------------+--------------------+
| 0.6712328767123288 | 0.4505535747795084 | 0.6712328767123288 | 0.5391870649000674 |
+--------------------+--------------------+--------------------+--------------------+

Epoch loss:0.6720544341448191

+--------------------+--------------------+--------------------+--------------------+
|      Accuracy      |     Precision      |       Recall       |         F1         |
+--------------------+--------------------+--------------------+--------------------+
| 0.6712328767123288 | 0.4505535747795084 | 0.6712328767123288 | 0.5391870649000674 |
+--------------------+--------------------+--------------------+--------------------+

Epoch loss:0.6721588743699564

+--------------------+--------------------+--------------------+--------------------+
|      Accuracy      |     Precision      |       Recall       |         F1         |
+--------------------+--------------------+--------------------+--------------------+
| 0.6712328767123288 | 0.4505535747795084 | 0.6712328767123288 | 0.5391870649000674 |
+--------------------+--------------------+--------------------+--------------------+

Epoch loss:0.672230694745038

+--------------------+--------------------+--------------------+--------------------+
|      Accuracy      |     Precision      |       Recall       |         F1         |
+--------------------+--------------------+--------------------+--------------------+
| 0.6712328767123288 | 0.4505535747795084 | 0.6712328767123288 | 0.5391870649000674 |
+--------------------+--------------------+--------------------+--------------------+

Epoch loss:0.6726427223231342

+--------------------+--------------------+--------------------+--------------------+
|      Accuracy      |     Precision      |       Recall       |         F1         |
+--------------------+--------------------+--------------------+--------------------+
| 0.6712328767123288 | 0.4505535747795084 | 0.6712328767123288 | 0.5391870649000674 |
+--------------------+--------------------+--------------------+--------------------+

Epoch loss:0.671945020959184

+--------------------+--------------------+--------------------+--------------------+
|      Accuracy      |     Precision      |       Recall       |         F1         |
+--------------------+--------------------+--------------------+--------------------+
| 0.6712328767123288 | 0.4505535747795084 | 0.6712328767123288 | 0.5391870649000674 |
+--------------------+--------------------+--------------------+--------------------+

Epoch loss:0.6722973262941515

+--------------------+--------------------+--------------------+--------------------+
|      Accuracy      |     Precision      |       Recall       |         F1         |
+--------------------+--------------------+--------------------+--------------------+
| 0.6712328767123288 | 0.4505535747795084 | 0.6712328767123288 | 0.5391870649000674 |
+--------------------+--------------------+--------------------+--------------------+

Epoch loss:0.6719474502511926

+--------------------+--------------------+--------------------+--------------------+
|      Accuracy      |     Precision      |       Recall       |         F1         |
+--------------------+--------------------+--------------------+--------------------+
| 0.6712328767123288 | 0.4505535747795084 | 0.6712328767123288 | 0.5391870649000674 |
+--------------------+--------------------+--------------------+--------------------+

Epoch loss:0.6722142116443531

+--------------------+--------------------+--------------------+--------------------+
|      Accuracy      |     Precision      |       Recall       |         F1         |
+--------------------+--------------------+--------------------+--------------------+
| 0.6712328767123288 | 0.4505535747795084 | 0.6712328767123288 | 0.5391870649000674 |
+--------------------+--------------------+--------------------+--------------------+

Epoch loss:0.6729514163893622

+--------------------+--------------------+--------------------+--------------------+
|      Accuracy      |     Precision      |       Recall       |         F1         |
+--------------------+--------------------+--------------------+--------------------+
| 0.6712328767123288 | 0.4505535747795084 | 0.6712328767123288 | 0.5391870649000674 |
+--------------------+--------------------+--------------------+--------------------+

Epoch loss:0.6717135277954308

+--------------------+--------------------+--------------------+--------------------+
|      Accuracy      |     Precision      |       Recall       |         F1         |
+--------------------+--------------------+--------------------+--------------------+
| 0.6712328767123288 | 0.4505535747795084 | 0.6712328767123288 | 0.5391870649000674 |
+--------------------+--------------------+--------------------+--------------------+

Epoch loss:0.6718813164814098

+--------------------+--------------------+--------------------+--------------------+
|      Accuracy      |     Precision      |       Recall       |         F1         |
+--------------------+--------------------+--------------------+--------------------+
| 0.6712328767123288 | 0.4505535747795084 | 0.6712328767123288 | 0.5391870649000674 |
+--------------------+--------------------+--------------------+--------------------+

optimizer:
Adam (
Parameter Group 0
    amsgrad: False
    betas: (0.5, 0.5)
    capturable: False
    decoupled_weight_decay: False
    differentiable: False
    eps: 1e-08
    foreach: None
    fused: None
    lr: 0.0001
    maximize: False
    weight_decay: 0
)
model:
VGG(
  (features): Sequential(
    (0): Conv2d(3, 64, kernel_size=(3, 3), stride=(1, 1), padding=(1, 1))
    (1): ReLU(inplace=True)
    (2): Conv2d(64, 64, kernel_size=(3, 3), stride=(1, 1), padding=(1, 1))
    (3): ReLU(inplace=True)
    (4): MaxPool2d(kernel_size=2, stride=2, padding=0, dilation=1, ceil_mode=False)
    (5): Conv2d(64, 128, kernel_size=(3, 3), stride=(1, 1), padding=(1, 1))
    (6): ReLU(inplace=True)
    (7): Conv2d(128, 128, kernel_size=(3, 3), stride=(1, 1), padding=(1, 1))
    (8): ReLU(inplace=True)
    (9): MaxPool2d(kernel_size=2, stride=2, padding=0, dilation=1, ceil_mode=False)
    (10): Conv2d(128, 256, kernel_size=(3, 3), stride=(1, 1), padding=(1, 1))
    (11): ReLU(inplace=True)
    (12): Conv2d(256, 256, kernel_size=(3, 3), stride=(1, 1), padding=(1, 1))
    (13): ReLU(inplace=True)
    (14): Conv2d(256, 256, kernel_size=(3, 3), stride=(1, 1), padding=(1, 1))
    (15): ReLU(inplace=True)
    (16): MaxPool2d(kernel_size=2, stride=2, padding=0, dilation=1, ceil_mode=False)
    (17): Conv2d(256, 512, kernel_size=(3, 3), stride=(1, 1), padding=(1, 1))
    (18): ReLU(inplace=True)
    (19): Conv2d(512, 512, kernel_size=(3, 3), stride=(1, 1), padding=(1, 1))
    (20): ReLU(inplace=True)
    (21): Conv2d(512, 512, kernel_size=(3, 3), stride=(1, 1), padding=(1, 1))
    (22): ReLU(inplace=True)
    (23): MaxPool2d(kernel_size=2, stride=2, padding=0, dilation=1, ceil_mode=False)
    (24): Conv2d(512, 512, kernel_size=(3, 3), stride=(1, 1), padding=(1, 1))
    (25): ReLU(inplace=True)
    (26): Conv2d(512, 512, kernel_size=(3, 3), stride=(1, 1), padding=(1, 1))
    (27): ReLU(inplace=True)
    (28): Conv2d(512, 512, kernel_size=(3, 3), stride=(1, 1), padding=(1, 1))
    (29): ReLU(inplace=True)
    (30): MaxPool2d(kernel_size=2, stride=2, padding=0, dilation=1, ceil_mode=False)
  )
  (classifier): Sequential(
    (0): Linear(in_features=25088, out_features=4096, bias=True)
    (1): ReLU(inplace=True)
    (2): Dropout(p=0.5, inplace=False)
    (3): Linear(in_features=4096, out_features=4096, bias=True)
    (4): ReLU(inplace=True)
    (5): Dropout(p=0.5, inplace=False)
    (6): Linear(in_features=4096, out_features=2, bias=True)
  )
)

TEST

+--------------------+--------------------+--------------------+--------------------+
|      Accuracy      |     Precision      |       Recall       |         F1         |
+--------------------+--------------------+--------------------+--------------------+
| 0.6712328767123288 | 0.4505535747795084 | 0.6712328767123288 | 0.5391870649000674 |
+--------------------+--------------------+--------------------+--------------------+


              precision    recall  f1-score   support

           0     0.5733    1.0000    0.7288        43
           1     0.0000    0.0000    0.0000        32

    accuracy                         0.5733        75
   macro avg     0.2867    0.5000    0.3644        75
weighted avg     0.3287    0.5733    0.4179        75



[[43  0]
 [32  0]]

