2025-08-08 07:54:18,441 - root - 

2025-08-08 07:54:18,441 - root - ==================== Start Training ====================
2025-08-08 07:54:18,441 - root - seed: 2023
2025-08-08 07:54:18,441 - root - model: Model(
  (fc): Sequential(
    (0): Linear(in_features=768, out_features=256, bias=True)
    (1): ReLU()
    (2): Linear(in_features=256, out_features=128, bias=True)
    (3): ReLU()
    (4): Linear(in_features=128, out_features=3, bias=True)
  )
)
2025-08-08 07:54:18,441 - root - batch_size: 32
2025-08-08 07:54:18,441 - root - n_epochs: 1000
2025-08-08 07:54:18,441 - root - lr: 0.001
2025-08-08 07:54:18,442 - root - early_stop: 50
2025-08-08 07:54:18,442 - root - loss_fn: CrossEntropyLoss()
2025-08-08 07:54:18,442 - root - optimizer: Adam (
Parameter Group 0
    amsgrad: False
    betas: (0.9, 0.999)
    capturable: False
    decoupled_weight_decay: False
    differentiable: False
    eps: 1e-08
    foreach: None
    fused: None
    lr: 0.001
    maximize: False
    weight_decay: 0
)
2025-08-08 07:54:18,442 - root - scheduler: <torch.optim.lr_scheduler.ReduceLROnPlateau object at 0x7a1f16543d30>
2025-08-08 07:54:19,232 - root - Training on cuda
2025-08-08 07:54:20,801 - root - Epoch 1: train_loss: 1.0935, train_acc: 0.4040, dev_loss: 1.0788, dev_acc: 0.4138, time: 1.6
2025-08-08 07:54:21,828 - root - Epoch 2: train_loss: 1.0859, train_acc: 0.3838, dev_loss: 1.0837, dev_acc: 0.4138, time: 1.0
2025-08-08 07:54:22,850 - root - Epoch 3: train_loss: 1.0743, train_acc: 0.4127, dev_loss: 1.0781, dev_acc: 0.4080, time: 1.0
2025-08-08 07:54:23,872 - root - Epoch 4: train_loss: 1.0542, train_acc: 0.4271, dev_loss: 1.1008, dev_acc: 0.3908, time: 1.0
2025-08-08 07:54:24,893 - root - Epoch 5: train_loss: 1.0417, train_acc: 0.4517, dev_loss: 1.0879, dev_acc: 0.4598, time: 1.0
2025-08-08 07:54:25,918 - root - Epoch 6: train_loss: 1.0178, train_acc: 0.4848, dev_loss: 1.0849, dev_acc: 0.3851, time: 1.0
2025-08-08 07:54:26,937 - root - Epoch 7: train_loss: 0.9921, train_acc: 0.5065, dev_loss: 1.0992, dev_acc: 0.4310, time: 1.0
2025-08-08 07:54:27,957 - root - Epoch 8: train_loss: 1.0061, train_acc: 0.4791, dev_loss: 1.0706, dev_acc: 0.4655, time: 1.0
2025-08-08 07:54:28,977 - root - Epoch 9: train_loss: 0.9428, train_acc: 0.5483, dev_loss: 1.1286, dev_acc: 0.4310, time: 1.0
2025-08-08 07:54:29,997 - root - Epoch 10: train_loss: 0.8893, train_acc: 0.5859, dev_loss: 1.1248, dev_acc: 0.4713, time: 1.0
2025-08-08 07:54:31,023 - root - Epoch 11: train_loss: 0.8266, train_acc: 0.6190, dev_loss: 1.1927, dev_acc: 0.4253, time: 1.0
2025-08-08 07:54:32,044 - root - Epoch 12: train_loss: 0.7532, train_acc: 0.6609, dev_loss: 1.2492, dev_acc: 0.4540, time: 1.0
2025-08-08 07:54:33,066 - root - Epoch 13: train_loss: 0.6971, train_acc: 0.6941, dev_loss: 1.3226, dev_acc: 0.4540, time: 1.0
2025-08-08 07:54:34,088 - root - Epoch 14: train_loss: 0.6647, train_acc: 0.7229, dev_loss: 1.4059, dev_acc: 0.4310, time: 1.0
2025-08-08 07:54:35,105 - root - Epoch 15: train_loss: 0.6322, train_acc: 0.7143, dev_loss: 1.5294, dev_acc: 0.4080, time: 1.0
2025-08-08 07:54:36,125 - root - Epoch 16: train_loss: 0.5892, train_acc: 0.7677, dev_loss: 1.7188, dev_acc: 0.3908, time: 1.0
2025-08-08 07:54:37,147 - root - Epoch 17: train_loss: 0.5357, train_acc: 0.7864, dev_loss: 1.4526, dev_acc: 0.4310, time: 1.0
2025-08-08 07:54:38,167 - root - Epoch 18: train_loss: 0.4577, train_acc: 0.8225, dev_loss: 1.6415, dev_acc: 0.4483, time: 1.0
2025-08-08 07:54:39,187 - root - Epoch 19: train_loss: 0.4341, train_acc: 0.8326, dev_loss: 1.6732, dev_acc: 0.4080, time: 1.0
2025-08-08 07:54:40,209 - root - Epoch 20: train_loss: 0.3373, train_acc: 0.8947, dev_loss: 1.7738, dev_acc: 0.4310, time: 1.0
2025-08-08 07:54:41,231 - root - Epoch 21: train_loss: 0.2891, train_acc: 0.9206, dev_loss: 2.0689, dev_acc: 0.4368, time: 1.0
2025-08-08 07:54:42,251 - root - Epoch 22: train_loss: 0.2650, train_acc: 0.9177, dev_loss: 2.0087, dev_acc: 0.4368, time: 1.0
2025-08-08 07:54:43,274 - root - Epoch 23: train_loss: 0.1923, train_acc: 0.9524, dev_loss: 2.2878, dev_acc: 0.4425, time: 1.0
2025-08-08 07:54:44,293 - root - Epoch 24: train_loss: 0.1524, train_acc: 0.9625, dev_loss: 2.2632, dev_acc: 0.4425, time: 1.0
2025-08-08 07:54:45,316 - root - Epoch 25: train_loss: 0.1219, train_acc: 0.9798, dev_loss: 2.5163, dev_acc: 0.4310, time: 1.0
2025-08-08 07:54:46,336 - root - Epoch 26: train_loss: 0.1036, train_acc: 0.9769, dev_loss: 2.5620, dev_acc: 0.4023, time: 1.0
2025-08-08 07:54:47,355 - root - Epoch 27: train_loss: 0.0897, train_acc: 0.9870, dev_loss: 2.6215, dev_acc: 0.3851, time: 1.0
2025-08-08 07:54:48,378 - root - Epoch 28: train_loss: 0.0689, train_acc: 0.9942, dev_loss: 2.7874, dev_acc: 0.4310, time: 1.0
2025-08-08 07:54:49,398 - root - Epoch 29: train_loss: 0.0496, train_acc: 0.9942, dev_loss: 2.8474, dev_acc: 0.4368, time: 1.0
2025-08-08 07:54:50,416 - root - Epoch 30: train_loss: 0.0396, train_acc: 0.9971, dev_loss: 3.0165, dev_acc: 0.4598, time: 1.0
2025-08-08 07:54:51,439 - root - Epoch 31: train_loss: 0.0296, train_acc: 1.0000, dev_loss: 3.1170, dev_acc: 0.4483, time: 1.0
2025-08-08 07:54:52,457 - root - Epoch 32: train_loss: 0.0261, train_acc: 0.9986, dev_loss: 3.1832, dev_acc: 0.4540, time: 1.0
2025-08-08 07:54:53,471 - root - Epoch 33: train_loss: 0.0191, train_acc: 0.9986, dev_loss: 3.2642, dev_acc: 0.4540, time: 1.0
2025-08-08 07:54:54,482 - root - Epoch 34: train_loss: 0.0196, train_acc: 1.0000, dev_loss: 3.2955, dev_acc: 0.4540, time: 1.0
2025-08-08 07:54:55,500 - root - Epoch 35: train_loss: 0.0150, train_acc: 1.0000, dev_loss: 3.4316, dev_acc: 0.4310, time: 1.0
2025-08-08 07:54:56,512 - root - Epoch 36: train_loss: 0.0109, train_acc: 1.0000, dev_loss: 3.4323, dev_acc: 0.4483, time: 1.0
2025-08-08 07:54:57,522 - root - Epoch 37: train_loss: 0.0085, train_acc: 1.0000, dev_loss: 3.4989, dev_acc: 0.4425, time: 1.0
2025-08-08 07:54:58,524 - root - Epoch 38: train_loss: 0.0083, train_acc: 1.0000, dev_loss: 3.6249, dev_acc: 0.4655, time: 1.0
2025-08-08 07:54:59,535 - root - Epoch 39: train_loss: 0.0074, train_acc: 1.0000, dev_loss: 3.5317, dev_acc: 0.4483, time: 1.0
2025-08-08 07:55:00,539 - root - Epoch 40: train_loss: 0.0066, train_acc: 1.0000, dev_loss: 3.6096, dev_acc: 0.4483, time: 1.0
2025-08-08 07:55:01,553 - root - Epoch 41: train_loss: 0.0054, train_acc: 1.0000, dev_loss: 3.7177, dev_acc: 0.4540, time: 1.0
2025-08-08 07:55:02,564 - root - Epoch 42: train_loss: 0.0051, train_acc: 1.0000, dev_loss: 3.7505, dev_acc: 0.4368, time: 1.0
2025-08-08 07:55:03,577 - root - Epoch 43: train_loss: 0.0044, train_acc: 1.0000, dev_loss: 3.7731, dev_acc: 0.4483, time: 1.0
2025-08-08 07:55:04,591 - root - Epoch 44: train_loss: 0.0041, train_acc: 1.0000, dev_loss: 3.8576, dev_acc: 0.4483, time: 1.0
2025-08-08 07:55:05,600 - root - Epoch 45: train_loss: 0.0037, train_acc: 1.0000, dev_loss: 3.9353, dev_acc: 0.4598, time: 1.0
2025-08-08 07:55:06,613 - root - Epoch 46: train_loss: 0.0035, train_acc: 1.0000, dev_loss: 3.9479, dev_acc: 0.4540, time: 1.0
2025-08-08 07:55:07,630 - root - Epoch 47: train_loss: 0.0031, train_acc: 1.0000, dev_loss: 3.9647, dev_acc: 0.4483, time: 1.0
2025-08-08 07:55:08,638 - root - Epoch 48: train_loss: 0.0028, train_acc: 1.0000, dev_loss: 4.0471, dev_acc: 0.4598, time: 1.0
2025-08-08 07:55:09,657 - root - Epoch 49: train_loss: 0.0027, train_acc: 1.0000, dev_loss: 4.0992, dev_acc: 0.4598, time: 1.0
2025-08-08 07:55:10,668 - root - Epoch 50: train_loss: 0.0024, train_acc: 1.0000, dev_loss: 4.1033, dev_acc: 0.4598, time: 1.0
2025-08-08 07:55:11,679 - root - Epoch 51: train_loss: 0.0021, train_acc: 1.0000, dev_loss: 4.1790, dev_acc: 0.4540, time: 1.0
2025-08-08 07:55:12,688 - root - Epoch 52: train_loss: 0.0021, train_acc: 1.0000, dev_loss: 4.2052, dev_acc: 0.4598, time: 1.0
2025-08-08 07:55:13,689 - root - Epoch 53: train_loss: 0.0018, train_acc: 1.0000, dev_loss: 4.2274, dev_acc: 0.4425, time: 1.0
2025-08-08 07:55:14,698 - root - Epoch 54: train_loss: 0.0017, train_acc: 1.0000, dev_loss: 4.2424, dev_acc: 0.4483, time: 1.0
2025-08-08 07:55:15,702 - root - Epoch 55: train_loss: 0.0016, train_acc: 1.0000, dev_loss: 4.3070, dev_acc: 0.4655, time: 1.0
2025-08-08 07:55:16,699 - root - Epoch 56: train_loss: 0.0015, train_acc: 1.0000, dev_loss: 4.3567, dev_acc: 0.4540, time: 1.0
2025-08-08 07:55:17,723 - root - Epoch 57: train_loss: 0.0014, train_acc: 1.0000, dev_loss: 4.3813, dev_acc: 0.4540, time: 1.0
2025-08-08 07:55:18,727 - root - Epoch 58: train_loss: 0.0013, train_acc: 1.0000, dev_loss: 4.3949, dev_acc: 0.4540, time: 1.0
2025-08-08 07:55:19,736 - root - Epoch 59: train_loss: 0.0012, train_acc: 1.0000, dev_loss: 4.4211, dev_acc: 0.4655, time: 1.0
2025-08-08 07:55:20,745 - root - Epoch 60: train_loss: 0.0012, train_acc: 1.0000, dev_loss: 4.4319, dev_acc: 0.4598, time: 1.0
2025-08-08 07:55:20,745 - root - Early Stopped. best_epoch: 10. best_dev_acc: 0.47126436781609193

2025-08-08 07:55:21,003 - root - test_loss: 1.1819040775299072, test_acc: 0.3824884792626728, f1_weighted: 0.3779702974582634
2025-08-08 07:55:21,838 - root - Training on cuda
2025-08-08 07:55:22,867 - root - Epoch 1: train_loss: 0.9320, train_acc: 0.5613, dev_loss: 1.0234, dev_acc: 0.4828, time: 1.0
2025-08-08 07:55:23,896 - root - Epoch 2: train_loss: 0.8851, train_acc: 0.5916, dev_loss: 1.0465, dev_acc: 0.5172, time: 1.0
2025-08-08 07:55:24,934 - root - Epoch 3: train_loss: 0.8599, train_acc: 0.5945, dev_loss: 1.0509, dev_acc: 0.4770, time: 1.0
2025-08-08 07:55:25,949 - root - Epoch 4: train_loss: 0.8170, train_acc: 0.6378, dev_loss: 1.0769, dev_acc: 0.4713, time: 1.0
2025-08-08 07:55:26,970 - root - Epoch 5: train_loss: 0.7581, train_acc: 0.6667, dev_loss: 1.1337, dev_acc: 0.4540, time: 1.0
2025-08-08 07:55:27,991 - root - Epoch 6: train_loss: 0.7197, train_acc: 0.6898, dev_loss: 1.2185, dev_acc: 0.4080, time: 1.0
2025-08-08 07:55:29,012 - root - Epoch 7: train_loss: 0.6859, train_acc: 0.7258, dev_loss: 1.3282, dev_acc: 0.4195, time: 1.0
2025-08-08 07:55:30,034 - root - Epoch 8: train_loss: 0.6096, train_acc: 0.7576, dev_loss: 1.2408, dev_acc: 0.4080, time: 1.0
2025-08-08 07:55:31,047 - root - Epoch 9: train_loss: 0.5637, train_acc: 0.7749, dev_loss: 1.2877, dev_acc: 0.4138, time: 1.0
2025-08-08 07:55:32,058 - root - Epoch 10: train_loss: 0.5371, train_acc: 0.7864, dev_loss: 1.2973, dev_acc: 0.4253, time: 1.0
2025-08-08 07:55:33,084 - root - Epoch 11: train_loss: 0.4802, train_acc: 0.8211, dev_loss: 1.3623, dev_acc: 0.4138, time: 1.0
2025-08-08 07:55:34,101 - root - Epoch 12: train_loss: 0.4532, train_acc: 0.8398, dev_loss: 1.4154, dev_acc: 0.4138, time: 1.0
2025-08-08 07:55:35,121 - root - Epoch 13: train_loss: 0.3849, train_acc: 0.8730, dev_loss: 1.4245, dev_acc: 0.4138, time: 1.0
2025-08-08 07:55:36,143 - root - Epoch 14: train_loss: 0.3594, train_acc: 0.8817, dev_loss: 1.4654, dev_acc: 0.3736, time: 1.0
2025-08-08 07:55:37,170 - root - Epoch 15: train_loss: 0.3463, train_acc: 0.8990, dev_loss: 1.5241, dev_acc: 0.4195, time: 1.0
2025-08-08 07:55:38,182 - root - Epoch 16: train_loss: 0.3101, train_acc: 0.9062, dev_loss: 1.5217, dev_acc: 0.3851, time: 1.0
2025-08-08 07:55:39,202 - root - Epoch 17: train_loss: 0.2922, train_acc: 0.9192, dev_loss: 1.5700, dev_acc: 0.3908, time: 1.0
2025-08-08 07:55:40,225 - root - Epoch 18: train_loss: 0.2799, train_acc: 0.9235, dev_loss: 1.5959, dev_acc: 0.3851, time: 1.0
2025-08-08 07:55:41,245 - root - Epoch 19: train_loss: 0.2601, train_acc: 0.9423, dev_loss: 1.6242, dev_acc: 0.3966, time: 1.0
2025-08-08 07:55:42,273 - root - Epoch 20: train_loss: 0.2470, train_acc: 0.9394, dev_loss: 1.6385, dev_acc: 0.3793, time: 1.0
2025-08-08 07:55:43,296 - root - Epoch 21: train_loss: 0.2326, train_acc: 0.9538, dev_loss: 1.6607, dev_acc: 0.3966, time: 1.0
2025-08-08 07:55:44,311 - root - Epoch 22: train_loss: 0.2308, train_acc: 0.9567, dev_loss: 1.6687, dev_acc: 0.3793, time: 1.0
2025-08-08 07:55:45,334 - root - Epoch 23: train_loss: 0.2149, train_acc: 0.9596, dev_loss: 1.7323, dev_acc: 0.4023, time: 1.0
2025-08-08 07:55:46,354 - root - Epoch 24: train_loss: 0.2135, train_acc: 0.9538, dev_loss: 1.7222, dev_acc: 0.3736, time: 1.0
2025-08-08 07:55:47,388 - root - Epoch 25: train_loss: 0.2032, train_acc: 0.9654, dev_loss: 1.7236, dev_acc: 0.3678, time: 1.0
2025-08-08 07:55:48,391 - root - Epoch 26: train_loss: 0.1966, train_acc: 0.9697, dev_loss: 1.7235, dev_acc: 0.3736, time: 1.0
2025-08-08 07:55:49,394 - root - Epoch 27: train_loss: 0.1942, train_acc: 0.9740, dev_loss: 1.7456, dev_acc: 0.3621, time: 1.0
2025-08-08 07:55:50,394 - root - Epoch 28: train_loss: 0.1890, train_acc: 0.9755, dev_loss: 1.7536, dev_acc: 0.3678, time: 1.0
2025-08-08 07:55:51,399 - root - Epoch 29: train_loss: 0.1856, train_acc: 0.9755, dev_loss: 1.7579, dev_acc: 0.3621, time: 1.0
2025-08-08 07:55:52,383 - root - Epoch 30: train_loss: 0.1813, train_acc: 0.9726, dev_loss: 1.7811, dev_acc: 0.3621, time: 1.0
2025-08-08 07:55:53,388 - root - Epoch 31: train_loss: 0.1773, train_acc: 0.9769, dev_loss: 1.7817, dev_acc: 0.3678, time: 1.0
2025-08-08 07:55:54,397 - root - Epoch 32: train_loss: 0.1767, train_acc: 0.9784, dev_loss: 1.7844, dev_acc: 0.3621, time: 1.0
2025-08-08 07:55:55,400 - root - Epoch 33: train_loss: 0.1736, train_acc: 0.9769, dev_loss: 1.7902, dev_acc: 0.3678, time: 1.0
2025-08-08 07:55:56,395 - root - Epoch 34: train_loss: 0.1734, train_acc: 0.9784, dev_loss: 1.7984, dev_acc: 0.3678, time: 1.0
2025-08-08 07:55:57,397 - root - Epoch 35: train_loss: 0.1695, train_acc: 0.9769, dev_loss: 1.8022, dev_acc: 0.3678, time: 1.0
2025-08-08 07:55:58,400 - root - Epoch 36: train_loss: 0.1690, train_acc: 0.9798, dev_loss: 1.8066, dev_acc: 0.3621, time: 1.0
2025-08-08 07:55:59,407 - root - Epoch 37: train_loss: 0.1661, train_acc: 0.9784, dev_loss: 1.8116, dev_acc: 0.3621, time: 1.0
2025-08-08 07:56:00,413 - root - Epoch 38: train_loss: 0.1651, train_acc: 0.9812, dev_loss: 1.8106, dev_acc: 0.3621, time: 1.0
2025-08-08 07:56:01,415 - root - Epoch 39: train_loss: 0.1635, train_acc: 0.9798, dev_loss: 1.8141, dev_acc: 0.3621, time: 1.0
2025-08-08 07:56:02,413 - root - Epoch 40: train_loss: 0.1643, train_acc: 0.9798, dev_loss: 1.8203, dev_acc: 0.3621, time: 1.0
2025-08-08 07:56:03,408 - root - Epoch 41: train_loss: 0.1647, train_acc: 0.9812, dev_loss: 1.8151, dev_acc: 0.3621, time: 1.0
2025-08-08 07:56:04,409 - root - Epoch 42: train_loss: 0.1620, train_acc: 0.9798, dev_loss: 1.8251, dev_acc: 0.3621, time: 1.0
2025-08-08 07:56:05,416 - root - Epoch 43: train_loss: 0.1611, train_acc: 0.9827, dev_loss: 1.8258, dev_acc: 0.3678, time: 1.0
2025-08-08 07:56:06,423 - root - Epoch 44: train_loss: 0.1623, train_acc: 0.9827, dev_loss: 1.8258, dev_acc: 0.3621, time: 1.0
2025-08-08 07:56:07,423 - root - Epoch 45: train_loss: 0.1620, train_acc: 0.9827, dev_loss: 1.8264, dev_acc: 0.3621, time: 1.0
2025-08-08 07:56:08,442 - root - Epoch 46: train_loss: 0.1595, train_acc: 0.9827, dev_loss: 1.8287, dev_acc: 0.3621, time: 1.0
2025-08-08 07:56:09,447 - root - Epoch 47: train_loss: 0.1591, train_acc: 0.9827, dev_loss: 1.8290, dev_acc: 0.3621, time: 1.0
2025-08-08 07:56:10,459 - root - Epoch 48: train_loss: 0.1596, train_acc: 0.9827, dev_loss: 1.8325, dev_acc: 0.3621, time: 1.0
2025-08-08 07:56:11,454 - root - Epoch 49: train_loss: 0.1581, train_acc: 0.9827, dev_loss: 1.8318, dev_acc: 0.3621, time: 1.0
2025-08-08 07:56:12,459 - root - Epoch 50: train_loss: 0.1583, train_acc: 0.9827, dev_loss: 1.8336, dev_acc: 0.3621, time: 1.0
2025-08-08 07:56:13,471 - root - Epoch 51: train_loss: 0.1583, train_acc: 0.9827, dev_loss: 1.8333, dev_acc: 0.3621, time: 1.0
2025-08-08 07:56:14,474 - root - Epoch 52: train_loss: 0.1590, train_acc: 0.9827, dev_loss: 1.8340, dev_acc: 0.3621, time: 1.0
2025-08-08 07:56:14,474 - root - Early Stopped. best_epoch: 2. best_dev_acc: 0.5172413793103449

2025-08-08 07:56:14,730 - root - test_loss: 0.9031540751457214, test_acc: 0.5576036866359447, f1_weighted: 0.5535398183918142
2025-08-08 07:56:15,324 - root - Training on cuda
2025-08-08 07:56:16,335 - root - Epoch 1: train_loss: 0.8513, train_acc: 0.6277, dev_loss: 1.0212, dev_acc: 0.5287, time: 1.0
2025-08-08 07:56:17,337 - root - Epoch 2: train_loss: 0.8562, train_acc: 0.6306, dev_loss: 1.0207, dev_acc: 0.5287, time: 1.0
2025-08-08 07:56:18,339 - root - Epoch 3: train_loss: 0.8520, train_acc: 0.6320, dev_loss: 1.0204, dev_acc: 0.5230, time: 1.0
2025-08-08 07:56:19,347 - root - Epoch 4: train_loss: 0.8530, train_acc: 0.6306, dev_loss: 1.0203, dev_acc: 0.5230, time: 1.0
2025-08-08 07:56:20,344 - root - Epoch 5: train_loss: 0.8499, train_acc: 0.6335, dev_loss: 1.0201, dev_acc: 0.5230, time: 1.0
2025-08-08 07:56:21,342 - root - Epoch 6: train_loss: 0.8494, train_acc: 0.6349, dev_loss: 1.0200, dev_acc: 0.5230, time: 1.0
2025-08-08 07:56:22,340 - root - Epoch 7: train_loss: 0.8499, train_acc: 0.6349, dev_loss: 1.0199, dev_acc: 0.5230, time: 1.0
2025-08-08 07:56:23,337 - root - Epoch 8: train_loss: 0.8530, train_acc: 0.6378, dev_loss: 1.0199, dev_acc: 0.5230, time: 1.0
2025-08-08 07:56:24,335 - root - Epoch 9: train_loss: 0.8505, train_acc: 0.6349, dev_loss: 1.0198, dev_acc: 0.5230, time: 1.0
2025-08-08 07:56:25,338 - root - Epoch 10: train_loss: 0.8506, train_acc: 0.6335, dev_loss: 1.0198, dev_acc: 0.5230, time: 1.0
2025-08-08 07:56:26,340 - root - Epoch 11: train_loss: 0.8491, train_acc: 0.6335, dev_loss: 1.0197, dev_acc: 0.5230, time: 1.0
2025-08-08 07:56:27,340 - root - Epoch 12: train_loss: 0.8516, train_acc: 0.6335, dev_loss: 1.0197, dev_acc: 0.5230, time: 1.0
2025-08-08 07:56:28,352 - root - Epoch 13: train_loss: 0.8483, train_acc: 0.6335, dev_loss: 1.0197, dev_acc: 0.5172, time: 1.0
2025-08-08 07:56:29,355 - root - Epoch 14: train_loss: 0.8488, train_acc: 0.6335, dev_loss: 1.0197, dev_acc: 0.5115, time: 1.0
2025-08-08 07:56:30,355 - root - Epoch 15: train_loss: 0.8494, train_acc: 0.6335, dev_loss: 1.0196, dev_acc: 0.5115, time: 1.0
2025-08-08 07:56:31,358 - root - Epoch 16: train_loss: 0.8480, train_acc: 0.6335, dev_loss: 1.0196, dev_acc: 0.5115, time: 1.0
2025-08-08 07:56:32,348 - root - Epoch 17: train_loss: 0.8482, train_acc: 0.6335, dev_loss: 1.0196, dev_acc: 0.5115, time: 1.0
2025-08-08 07:56:33,348 - root - Epoch 18: train_loss: 0.8474, train_acc: 0.6349, dev_loss: 1.0196, dev_acc: 0.5115, time: 1.0
2025-08-08 07:56:34,355 - root - Epoch 19: train_loss: 0.8469, train_acc: 0.6349, dev_loss: 1.0196, dev_acc: 0.5115, time: 1.0
2025-08-08 07:56:35,350 - root - Epoch 20: train_loss: 0.8459, train_acc: 0.6349, dev_loss: 1.0196, dev_acc: 0.5115, time: 1.0
2025-08-08 07:56:36,360 - root - Epoch 21: train_loss: 0.8479, train_acc: 0.6349, dev_loss: 1.0196, dev_acc: 0.5115, time: 1.0
2025-08-08 07:56:37,365 - root - Epoch 22: train_loss: 0.8460, train_acc: 0.6349, dev_loss: 1.0196, dev_acc: 0.5115, time: 1.0
2025-08-08 07:56:38,364 - root - Epoch 23: train_loss: 0.8468, train_acc: 0.6349, dev_loss: 1.0196, dev_acc: 0.5115, time: 1.0
2025-08-08 07:56:39,370 - root - Epoch 24: train_loss: 0.8501, train_acc: 0.6349, dev_loss: 1.0196, dev_acc: 0.5115, time: 1.0
2025-08-08 07:56:40,365 - root - Epoch 25: train_loss: 0.8463, train_acc: 0.6349, dev_loss: 1.0196, dev_acc: 0.5115, time: 1.0
2025-08-08 07:56:41,369 - root - Epoch 26: train_loss: 0.8470, train_acc: 0.6349, dev_loss: 1.0196, dev_acc: 0.5115, time: 1.0
2025-08-08 07:56:42,374 - root - Epoch 27: train_loss: 0.8478, train_acc: 0.6349, dev_loss: 1.0196, dev_acc: 0.5115, time: 1.0
2025-08-08 07:56:43,377 - root - Epoch 28: train_loss: 0.8485, train_acc: 0.6349, dev_loss: 1.0196, dev_acc: 0.5115, time: 1.0
2025-08-08 07:56:44,384 - root - Epoch 29: train_loss: 0.8478, train_acc: 0.6349, dev_loss: 1.0196, dev_acc: 0.5115, time: 1.0
2025-08-08 07:56:45,389 - root - Epoch 30: train_loss: 0.8486, train_acc: 0.6349, dev_loss: 1.0195, dev_acc: 0.5115, time: 1.0
2025-08-08 07:56:46,404 - root - Epoch 31: train_loss: 0.8488, train_acc: 0.6349, dev_loss: 1.0195, dev_acc: 0.5115, time: 1.0
2025-08-08 07:56:47,409 - root - Epoch 32: train_loss: 0.8489, train_acc: 0.6349, dev_loss: 1.0196, dev_acc: 0.5115, time: 1.0
2025-08-08 07:56:48,405 - root - Epoch 33: train_loss: 0.8485, train_acc: 0.6349, dev_loss: 1.0195, dev_acc: 0.5115, time: 1.0
2025-08-08 07:56:49,402 - root - Epoch 34: train_loss: 0.8495, train_acc: 0.6349, dev_loss: 1.0195, dev_acc: 0.5115, time: 1.0
2025-08-08 07:56:50,398 - root - Epoch 35: train_loss: 0.8458, train_acc: 0.6349, dev_loss: 1.0195, dev_acc: 0.5115, time: 1.0
2025-08-08 07:56:51,402 - root - Epoch 36: train_loss: 0.8480, train_acc: 0.6349, dev_loss: 1.0195, dev_acc: 0.5115, time: 1.0
2025-08-08 07:56:52,403 - root - Epoch 37: train_loss: 0.8464, train_acc: 0.6349, dev_loss: 1.0195, dev_acc: 0.5115, time: 1.0
2025-08-08 07:56:53,400 - root - Epoch 38: train_loss: 0.8488, train_acc: 0.6349, dev_loss: 1.0195, dev_acc: 0.5115, time: 1.0
2025-08-08 07:56:54,395 - root - Epoch 39: train_loss: 0.8492, train_acc: 0.6349, dev_loss: 1.0195, dev_acc: 0.5115, time: 1.0
2025-08-08 07:56:55,397 - root - Epoch 40: train_loss: 0.8482, train_acc: 0.6349, dev_loss: 1.0195, dev_acc: 0.5115, time: 1.0
2025-08-08 07:56:56,400 - root - Epoch 41: train_loss: 0.8505, train_acc: 0.6349, dev_loss: 1.0195, dev_acc: 0.5115, time: 1.0
2025-08-08 07:56:57,397 - root - Epoch 42: train_loss: 0.8475, train_acc: 0.6349, dev_loss: 1.0195, dev_acc: 0.5115, time: 1.0
2025-08-08 07:56:58,395 - root - Epoch 43: train_loss: 0.8443, train_acc: 0.6349, dev_loss: 1.0195, dev_acc: 0.5115, time: 1.0
2025-08-08 07:56:59,412 - root - Epoch 44: train_loss: 0.8479, train_acc: 0.6349, dev_loss: 1.0195, dev_acc: 0.5115, time: 1.0
2025-08-08 07:57:00,420 - root - Epoch 45: train_loss: 0.8453, train_acc: 0.6349, dev_loss: 1.0195, dev_acc: 0.5115, time: 1.0
2025-08-08 07:57:01,419 - root - Epoch 46: train_loss: 0.8498, train_acc: 0.6349, dev_loss: 1.0195, dev_acc: 0.5115, time: 1.0
2025-08-08 07:57:02,424 - root - Epoch 47: train_loss: 0.8489, train_acc: 0.6349, dev_loss: 1.0195, dev_acc: 0.5115, time: 1.0
2025-08-08 07:57:03,427 - root - Epoch 48: train_loss: 0.8500, train_acc: 0.6349, dev_loss: 1.0195, dev_acc: 0.5115, time: 1.0
2025-08-08 07:57:04,427 - root - Epoch 49: train_loss: 0.8509, train_acc: 0.6349, dev_loss: 1.0195, dev_acc: 0.5115, time: 1.0
2025-08-08 07:57:05,430 - root - Epoch 50: train_loss: 0.8493, train_acc: 0.6349, dev_loss: 1.0195, dev_acc: 0.5115, time: 1.0
2025-08-08 07:57:06,430 - root - Epoch 51: train_loss: 0.8480, train_acc: 0.6349, dev_loss: 1.0195, dev_acc: 0.5115, time: 1.0
2025-08-08 07:57:06,431 - root - Early Stopped. best_epoch: 1. best_dev_acc: 0.5287356321839081

2025-08-08 07:57:06,687 - root - test_loss: 0.831689178943634, test_acc: 0.6589861751152074, f1_weighted: 0.6563307647148653
2025-08-08 07:57:07,281 - root - Training on cuda
2025-08-08 07:57:08,291 - root - Epoch 1: train_loss: 0.8840, train_acc: 0.6046, dev_loss: 0.9595, dev_acc: 0.5517, time: 1.0
2025-08-08 07:57:09,315 - root - Epoch 2: train_loss: 0.8854, train_acc: 0.6046, dev_loss: 0.9595, dev_acc: 0.5517, time: 1.0
2025-08-08 07:57:10,323 - root - Epoch 3: train_loss: 0.8901, train_acc: 0.6046, dev_loss: 0.9595, dev_acc: 0.5517, time: 1.0
2025-08-08 07:57:11,345 - root - Epoch 4: train_loss: 0.8853, train_acc: 0.6046, dev_loss: 0.9595, dev_acc: 0.5517, time: 1.0
2025-08-08 07:57:12,358 - root - Epoch 5: train_loss: 0.8838, train_acc: 0.6046, dev_loss: 0.9595, dev_acc: 0.5517, time: 1.0
2025-08-08 07:57:13,366 - root - Epoch 6: train_loss: 0.8859, train_acc: 0.6046, dev_loss: 0.9595, dev_acc: 0.5517, time: 1.0
2025-08-08 07:57:14,376 - root - Epoch 7: train_loss: 0.8863, train_acc: 0.6046, dev_loss: 0.9595, dev_acc: 0.5517, time: 1.0
2025-08-08 07:57:15,384 - root - Epoch 8: train_loss: 0.8842, train_acc: 0.6046, dev_loss: 0.9595, dev_acc: 0.5517, time: 1.0
2025-08-08 07:57:16,400 - root - Epoch 9: train_loss: 0.8847, train_acc: 0.6046, dev_loss: 0.9595, dev_acc: 0.5517, time: 1.0
2025-08-08 07:57:17,410 - root - Epoch 10: train_loss: 0.8839, train_acc: 0.6046, dev_loss: 0.9595, dev_acc: 0.5517, time: 1.0
2025-08-08 07:57:18,432 - root - Epoch 11: train_loss: 0.8848, train_acc: 0.6046, dev_loss: 0.9595, dev_acc: 0.5517, time: 1.0
2025-08-08 07:57:19,444 - root - Epoch 12: train_loss: 0.8850, train_acc: 0.6046, dev_loss: 0.9595, dev_acc: 0.5517, time: 1.0
2025-08-08 07:57:20,462 - root - Epoch 13: train_loss: 0.8872, train_acc: 0.6046, dev_loss: 0.9595, dev_acc: 0.5517, time: 1.0
2025-08-08 07:57:21,469 - root - Epoch 14: train_loss: 0.8853, train_acc: 0.6046, dev_loss: 0.9595, dev_acc: 0.5517, time: 1.0
2025-08-08 07:57:22,477 - root - Epoch 15: train_loss: 0.8837, train_acc: 0.6046, dev_loss: 0.9595, dev_acc: 0.5517, time: 1.0
2025-08-08 07:57:23,483 - root - Epoch 16: train_loss: 0.8868, train_acc: 0.6046, dev_loss: 0.9595, dev_acc: 0.5517, time: 1.0
2025-08-08 07:57:24,498 - root - Epoch 17: train_loss: 0.8861, train_acc: 0.6046, dev_loss: 0.9595, dev_acc: 0.5517, time: 1.0
2025-08-08 07:57:25,510 - root - Epoch 18: train_loss: 0.8871, train_acc: 0.6046, dev_loss: 0.9595, dev_acc: 0.5517, time: 1.0
2025-08-08 07:57:26,523 - root - Epoch 19: train_loss: 0.8857, train_acc: 0.6046, dev_loss: 0.9595, dev_acc: 0.5517, time: 1.0
2025-08-08 07:57:27,519 - root - Epoch 20: train_loss: 0.8857, train_acc: 0.6046, dev_loss: 0.9595, dev_acc: 0.5517, time: 1.0
2025-08-08 07:57:28,552 - root - Epoch 21: train_loss: 0.8852, train_acc: 0.6046, dev_loss: 0.9595, dev_acc: 0.5517, time: 1.0
2025-08-08 07:57:29,580 - root - Epoch 22: train_loss: 0.8837, train_acc: 0.6046, dev_loss: 0.9594, dev_acc: 0.5517, time: 1.0
2025-08-08 07:57:30,609 - root - Epoch 23: train_loss: 0.8844, train_acc: 0.6046, dev_loss: 0.9594, dev_acc: 0.5517, time: 1.0
2025-08-08 07:57:31,642 - root - Epoch 24: train_loss: 0.8831, train_acc: 0.6046, dev_loss: 0.9594, dev_acc: 0.5517, time: 1.0
2025-08-08 07:57:32,664 - root - Epoch 25: train_loss: 0.8869, train_acc: 0.6046, dev_loss: 0.9594, dev_acc: 0.5517, time: 1.0
2025-08-08 07:57:33,685 - root - Epoch 26: train_loss: 0.8851, train_acc: 0.6046, dev_loss: 0.9594, dev_acc: 0.5517, time: 1.0
2025-08-08 07:57:34,708 - root - Epoch 27: train_loss: 0.8870, train_acc: 0.6046, dev_loss: 0.9594, dev_acc: 0.5517, time: 1.0
2025-08-08 07:57:35,735 - root - Epoch 28: train_loss: 0.8848, train_acc: 0.6046, dev_loss: 0.9594, dev_acc: 0.5517, time: 1.0
2025-08-08 07:57:36,765 - root - Epoch 29: train_loss: 0.8852, train_acc: 0.6046, dev_loss: 0.9594, dev_acc: 0.5517, time: 1.0
2025-08-08 07:57:37,789 - root - Epoch 30: train_loss: 0.8873, train_acc: 0.6046, dev_loss: 0.9594, dev_acc: 0.5517, time: 1.0
2025-08-08 07:57:38,821 - root - Epoch 31: train_loss: 0.8843, train_acc: 0.6046, dev_loss: 0.9594, dev_acc: 0.5517, time: 1.0
2025-08-08 07:57:39,841 - root - Epoch 32: train_loss: 0.8830, train_acc: 0.6046, dev_loss: 0.9594, dev_acc: 0.5517, time: 1.0
2025-08-08 07:57:40,867 - root - Epoch 33: train_loss: 0.8860, train_acc: 0.6046, dev_loss: 0.9594, dev_acc: 0.5517, time: 1.0
2025-08-08 07:57:41,896 - root - Epoch 34: train_loss: 0.8837, train_acc: 0.6046, dev_loss: 0.9594, dev_acc: 0.5517, time: 1.0
2025-08-08 07:57:42,919 - root - Epoch 35: train_loss: 0.8831, train_acc: 0.6046, dev_loss: 0.9594, dev_acc: 0.5517, time: 1.0
2025-08-08 07:57:43,942 - root - Epoch 36: train_loss: 0.8829, train_acc: 0.6046, dev_loss: 0.9594, dev_acc: 0.5517, time: 1.0
2025-08-08 07:57:44,967 - root - Epoch 37: train_loss: 0.8874, train_acc: 0.6046, dev_loss: 0.9594, dev_acc: 0.5517, time: 1.0
2025-08-08 07:57:45,994 - root - Epoch 38: train_loss: 0.8865, train_acc: 0.6046, dev_loss: 0.9594, dev_acc: 0.5517, time: 1.0
2025-08-08 07:57:47,022 - root - Epoch 39: train_loss: 0.8851, train_acc: 0.6046, dev_loss: 0.9594, dev_acc: 0.5517, time: 1.0
2025-08-08 07:57:48,054 - root - Epoch 40: train_loss: 0.8840, train_acc: 0.6046, dev_loss: 0.9594, dev_acc: 0.5517, time: 1.0
2025-08-08 07:57:49,072 - root - Epoch 41: train_loss: 0.8860, train_acc: 0.6046, dev_loss: 0.9594, dev_acc: 0.5517, time: 1.0
2025-08-08 07:57:50,101 - root - Epoch 42: train_loss: 0.8829, train_acc: 0.6046, dev_loss: 0.9594, dev_acc: 0.5517, time: 1.0
2025-08-08 07:57:51,126 - root - Epoch 43: train_loss: 0.8844, train_acc: 0.6046, dev_loss: 0.9594, dev_acc: 0.5517, time: 1.0
2025-08-08 07:57:52,153 - root - Epoch 44: train_loss: 0.8835, train_acc: 0.6046, dev_loss: 0.9594, dev_acc: 0.5517, time: 1.0
2025-08-08 07:57:53,172 - root - Epoch 45: train_loss: 0.8873, train_acc: 0.6046, dev_loss: 0.9594, dev_acc: 0.5517, time: 1.0
2025-08-08 07:57:54,192 - root - Epoch 46: train_loss: 0.8833, train_acc: 0.6046, dev_loss: 0.9594, dev_acc: 0.5517, time: 1.0
2025-08-08 07:57:55,205 - root - Epoch 47: train_loss: 0.8844, train_acc: 0.6046, dev_loss: 0.9594, dev_acc: 0.5517, time: 1.0
2025-08-08 07:57:56,208 - root - Epoch 48: train_loss: 0.8809, train_acc: 0.6046, dev_loss: 0.9594, dev_acc: 0.5517, time: 1.0
2025-08-08 07:57:57,228 - root - Epoch 49: train_loss: 0.8871, train_acc: 0.6046, dev_loss: 0.9594, dev_acc: 0.5517, time: 1.0
2025-08-08 07:57:58,252 - root - Epoch 50: train_loss: 0.8837, train_acc: 0.6046, dev_loss: 0.9594, dev_acc: 0.5517, time: 1.0
2025-08-08 07:57:59,262 - root - Epoch 51: train_loss: 0.8821, train_acc: 0.6046, dev_loss: 0.9594, dev_acc: 0.5517, time: 1.0
2025-08-08 07:57:59,263 - root - Early Stopped. best_epoch: 1. best_dev_acc: 0.5517241379310345

2025-08-08 07:57:59,523 - root - test_loss: 0.7756463885307312, test_acc: 0.728110599078341, f1_weighted: 0.7235825414241224
2025-08-08 07:58:00,115 - root - Training on cuda
2025-08-08 07:58:01,128 - root - Epoch 1: train_loss: 0.8891, train_acc: 0.6052, dev_loss: 0.9268, dev_acc: 0.5747, time: 1.0
2025-08-08 07:58:02,159 - root - Epoch 2: train_loss: 0.8860, train_acc: 0.6052, dev_loss: 0.9268, dev_acc: 0.5747, time: 1.0
2025-08-08 07:58:03,172 - root - Epoch 3: train_loss: 0.8867, train_acc: 0.6052, dev_loss: 0.9268, dev_acc: 0.5747, time: 1.0
2025-08-08 07:58:04,191 - root - Epoch 4: train_loss: 0.8856, train_acc: 0.6052, dev_loss: 0.9268, dev_acc: 0.5747, time: 1.0
2025-08-08 07:58:05,199 - root - Epoch 5: train_loss: 0.8895, train_acc: 0.6052, dev_loss: 0.9268, dev_acc: 0.5747, time: 1.0
2025-08-08 07:58:06,193 - root - Epoch 6: train_loss: 0.8866, train_acc: 0.6052, dev_loss: 0.9268, dev_acc: 0.5747, time: 1.0
2025-08-08 07:58:07,201 - root - Epoch 7: train_loss: 0.8885, train_acc: 0.6052, dev_loss: 0.9268, dev_acc: 0.5747, time: 1.0
2025-08-08 07:58:08,200 - root - Epoch 8: train_loss: 0.8871, train_acc: 0.6052, dev_loss: 0.9268, dev_acc: 0.5747, time: 1.0
2025-08-08 07:58:09,218 - root - Epoch 9: train_loss: 0.8865, train_acc: 0.6052, dev_loss: 0.9268, dev_acc: 0.5747, time: 1.0
2025-08-08 07:58:10,251 - root - Epoch 10: train_loss: 0.8907, train_acc: 0.6052, dev_loss: 0.9268, dev_acc: 0.5747, time: 1.0
2025-08-08 07:58:11,265 - root - Epoch 11: train_loss: 0.8916, train_acc: 0.6052, dev_loss: 0.9268, dev_acc: 0.5747, time: 1.0
2025-08-08 07:58:12,270 - root - Epoch 12: train_loss: 0.8879, train_acc: 0.6052, dev_loss: 0.9268, dev_acc: 0.5747, time: 1.0
2025-08-08 07:58:13,301 - root - Epoch 13: train_loss: 0.8875, train_acc: 0.6052, dev_loss: 0.9268, dev_acc: 0.5747, time: 1.0
2025-08-08 07:58:14,300 - root - Epoch 14: train_loss: 0.8856, train_acc: 0.6052, dev_loss: 0.9268, dev_acc: 0.5747, time: 1.0
2025-08-08 07:58:15,316 - root - Epoch 15: train_loss: 0.8858, train_acc: 0.6052, dev_loss: 0.9268, dev_acc: 0.5747, time: 1.0
2025-08-08 07:58:16,331 - root - Epoch 16: train_loss: 0.8872, train_acc: 0.6052, dev_loss: 0.9268, dev_acc: 0.5747, time: 1.0
2025-08-08 07:58:17,333 - root - Epoch 17: train_loss: 0.8871, train_acc: 0.6052, dev_loss: 0.9268, dev_acc: 0.5747, time: 1.0
2025-08-08 07:58:18,347 - root - Epoch 18: train_loss: 0.8875, train_acc: 0.6052, dev_loss: 0.9268, dev_acc: 0.5747, time: 1.0
2025-08-08 07:58:19,356 - root - Epoch 19: train_loss: 0.8872, train_acc: 0.6052, dev_loss: 0.9268, dev_acc: 0.5747, time: 1.0
2025-08-08 07:58:20,401 - root - Epoch 20: train_loss: 0.8898, train_acc: 0.6052, dev_loss: 0.9268, dev_acc: 0.5747, time: 1.0
2025-08-08 07:58:21,402 - root - Epoch 21: train_loss: 0.8889, train_acc: 0.6052, dev_loss: 0.9268, dev_acc: 0.5747, time: 1.0
2025-08-08 07:58:22,403 - root - Epoch 22: train_loss: 0.8881, train_acc: 0.6052, dev_loss: 0.9268, dev_acc: 0.5747, time: 1.0
2025-08-08 07:58:23,397 - root - Epoch 23: train_loss: 0.8888, train_acc: 0.6052, dev_loss: 0.9267, dev_acc: 0.5747, time: 1.0
2025-08-08 07:58:24,405 - root - Epoch 24: train_loss: 0.8874, train_acc: 0.6052, dev_loss: 0.9267, dev_acc: 0.5747, time: 1.0
2025-08-08 07:58:25,416 - root - Epoch 25: train_loss: 0.8879, train_acc: 0.6052, dev_loss: 0.9267, dev_acc: 0.5747, time: 1.0
2025-08-08 07:58:26,415 - root - Epoch 26: train_loss: 0.8901, train_acc: 0.6052, dev_loss: 0.9267, dev_acc: 0.5747, time: 1.0
2025-08-08 07:58:27,416 - root - Epoch 27: train_loss: 0.8863, train_acc: 0.6052, dev_loss: 0.9267, dev_acc: 0.5747, time: 1.0
2025-08-08 07:58:28,429 - root - Epoch 28: train_loss: 0.8883, train_acc: 0.6052, dev_loss: 0.9267, dev_acc: 0.5747, time: 1.0
2025-08-08 07:58:29,414 - root - Epoch 29: train_loss: 0.8883, train_acc: 0.6052, dev_loss: 0.9267, dev_acc: 0.5747, time: 1.0
2025-08-08 07:58:30,418 - root - Epoch 30: train_loss: 0.8893, train_acc: 0.6052, dev_loss: 0.9267, dev_acc: 0.5747, time: 1.0
2025-08-08 07:58:31,431 - root - Epoch 31: train_loss: 0.8904, train_acc: 0.6052, dev_loss: 0.9267, dev_acc: 0.5747, time: 1.0
2025-08-08 07:58:32,416 - root - Epoch 32: train_loss: 0.8855, train_acc: 0.6052, dev_loss: 0.9267, dev_acc: 0.5747, time: 1.0
2025-08-08 07:58:33,415 - root - Epoch 33: train_loss: 0.8896, train_acc: 0.6052, dev_loss: 0.9267, dev_acc: 0.5747, time: 1.0
2025-08-08 07:58:34,428 - root - Epoch 34: train_loss: 0.8862, train_acc: 0.6052, dev_loss: 0.9267, dev_acc: 0.5747, time: 1.0
2025-08-08 07:58:35,441 - root - Epoch 35: train_loss: 0.8870, train_acc: 0.6052, dev_loss: 0.9267, dev_acc: 0.5747, time: 1.0
2025-08-08 07:58:36,447 - root - Epoch 36: train_loss: 0.8888, train_acc: 0.6052, dev_loss: 0.9267, dev_acc: 0.5747, time: 1.0
2025-08-08 07:58:37,458 - root - Epoch 37: train_loss: 0.8887, train_acc: 0.6052, dev_loss: 0.9267, dev_acc: 0.5747, time: 1.0
2025-08-08 07:58:38,506 - root - Epoch 38: train_loss: 0.8895, train_acc: 0.6052, dev_loss: 0.9267, dev_acc: 0.5747, time: 1.0
2025-08-08 07:58:39,527 - root - Epoch 39: train_loss: 0.8893, train_acc: 0.6052, dev_loss: 0.9267, dev_acc: 0.5747, time: 1.0
2025-08-08 07:58:40,538 - root - Epoch 40: train_loss: 0.8856, train_acc: 0.6052, dev_loss: 0.9267, dev_acc: 0.5747, time: 1.0
2025-08-08 07:58:41,597 - root - Epoch 41: train_loss: 0.8869, train_acc: 0.6052, dev_loss: 0.9267, dev_acc: 0.5747, time: 1.1
2025-08-08 07:58:42,613 - root - Epoch 42: train_loss: 0.8873, train_acc: 0.6052, dev_loss: 0.9267, dev_acc: 0.5747, time: 1.0
2025-08-08 07:58:43,623 - root - Epoch 43: train_loss: 0.8868, train_acc: 0.6052, dev_loss: 0.9267, dev_acc: 0.5747, time: 1.0
2025-08-08 07:58:44,633 - root - Epoch 44: train_loss: 0.8880, train_acc: 0.6052, dev_loss: 0.9267, dev_acc: 0.5747, time: 1.0
2025-08-08 07:58:45,640 - root - Epoch 45: train_loss: 0.8866, train_acc: 0.6052, dev_loss: 0.9267, dev_acc: 0.5747, time: 1.0
2025-08-08 07:58:46,649 - root - Epoch 46: train_loss: 0.8897, train_acc: 0.6052, dev_loss: 0.9267, dev_acc: 0.5747, time: 1.0
2025-08-08 07:58:47,301 - root - Epoch 47: train_loss: 0.8876, train_acc: 0.6052, dev_loss: 0.9267, dev_acc: 0.5747, time: 0.7
2025-08-08 07:58:48,009 - root - Epoch 48: train_loss: 0.8871, train_acc: 0.6052, dev_loss: 0.9267, dev_acc: 0.5747, time: 0.7
2025-08-08 07:58:48,608 - root - Epoch 49: train_loss: 0.8921, train_acc: 0.6052, dev_loss: 0.9266, dev_acc: 0.5747, time: 0.6
2025-08-08 07:58:49,617 - root - Epoch 50: train_loss: 0.8862, train_acc: 0.6052, dev_loss: 0.9266, dev_acc: 0.5747, time: 1.0
2025-08-08 07:58:50,644 - root - Epoch 51: train_loss: 0.8869, train_acc: 0.6052, dev_loss: 0.9266, dev_acc: 0.5747, time: 1.0
2025-08-08 07:58:50,644 - root - Early Stopped. best_epoch: 1. best_dev_acc: 0.5747126436781609

2025-08-08 07:58:50,900 - root - test_loss: 0.7995304465293884, test_acc: 0.7083333333333334, f1_weighted: 0.7047700199683261
2025-08-08 07:59:21,995 - root - 

2025-08-08 07:59:21,995 - root - ==================== Start Training ====================
2025-08-08 07:59:21,995 - root - seed: 2023
2025-08-08 07:59:21,995 - root - model: Model(
  (fc): Sequential(
    (0): Linear(in_features=768, out_features=256, bias=True)
    (1): ReLU()
    (2): Linear(in_features=256, out_features=128, bias=True)
    (3): ReLU()
    (4): Linear(in_features=128, out_features=3, bias=True)
  )
)
2025-08-08 07:59:21,996 - root - batch_size: 32
2025-08-08 07:59:21,996 - root - n_epochs: 1000
2025-08-08 07:59:21,996 - root - lr: 0.001
2025-08-08 07:59:21,996 - root - early_stop: 50
2025-08-08 07:59:21,996 - root - loss_fn: CrossEntropyLoss()
2025-08-08 07:59:21,996 - root - optimizer: Adam (
Parameter Group 0
    amsgrad: False
    betas: (0.9, 0.999)
    capturable: False
    decoupled_weight_decay: False
    differentiable: False
    eps: 1e-08
    foreach: None
    fused: None
    lr: 0.001
    maximize: False
    weight_decay: 0
)
2025-08-08 07:59:21,996 - root - scheduler: <torch.optim.lr_scheduler.ReduceLROnPlateau object at 0x790f50196520>
2025-08-08 07:59:22,789 - root - Training on cuda
2025-08-08 07:59:24,349 - root - Epoch 1: train_loss: 1.0880, train_acc: 0.4113, dev_loss: 1.0737, dev_acc: 0.4195, time: 1.6
2025-08-08 07:59:25,353 - root - Epoch 2: train_loss: 1.0721, train_acc: 0.4228, dev_loss: 1.0675, dev_acc: 0.4368, time: 1.0
2025-08-08 07:59:26,351 - root - Epoch 3: train_loss: 1.0611, train_acc: 0.4271, dev_loss: 1.0735, dev_acc: 0.4310, time: 1.0
2025-08-08 07:59:27,345 - root - Epoch 4: train_loss: 1.0514, train_acc: 0.4574, dev_loss: 1.0891, dev_acc: 0.4540, time: 1.0
2025-08-08 07:59:28,365 - root - Epoch 5: train_loss: 1.0449, train_acc: 0.4416, dev_loss: 1.0913, dev_acc: 0.3966, time: 1.0
2025-08-08 07:59:29,360 - root - Epoch 6: train_loss: 1.0414, train_acc: 0.4618, dev_loss: 1.0802, dev_acc: 0.4368, time: 1.0
2025-08-08 07:59:30,329 - root - Epoch 7: train_loss: 1.0249, train_acc: 0.4675, dev_loss: 1.1101, dev_acc: 0.4023, time: 1.0
2025-08-08 07:59:31,295 - root - Epoch 8: train_loss: 1.0180, train_acc: 0.5195, dev_loss: 1.0995, dev_acc: 0.4310, time: 1.0
2025-08-08 07:59:32,257 - root - Epoch 9: train_loss: 1.0112, train_acc: 0.4993, dev_loss: 1.1230, dev_acc: 0.4023, time: 1.0
2025-08-08 07:59:33,219 - root - Epoch 10: train_loss: 1.0017, train_acc: 0.5108, dev_loss: 1.1422, dev_acc: 0.4368, time: 1.0
2025-08-08 07:59:34,198 - root - Epoch 11: train_loss: 0.9751, train_acc: 0.5079, dev_loss: 1.1288, dev_acc: 0.3563, time: 1.0
2025-08-08 07:59:35,179 - root - Epoch 12: train_loss: 0.9486, train_acc: 0.5426, dev_loss: 1.1262, dev_acc: 0.4310, time: 1.0
2025-08-08 07:59:36,171 - root - Epoch 13: train_loss: 0.9517, train_acc: 0.5195, dev_loss: 1.1663, dev_acc: 0.3908, time: 1.0
2025-08-08 07:59:37,156 - root - Epoch 14: train_loss: 0.9203, train_acc: 0.5613, dev_loss: 1.1942, dev_acc: 0.3161, time: 1.0
2025-08-08 07:59:38,137 - root - Epoch 15: train_loss: 0.8695, train_acc: 0.5830, dev_loss: 1.2714, dev_acc: 0.3851, time: 1.0
2025-08-08 07:59:39,118 - root - Epoch 16: train_loss: 0.8476, train_acc: 0.6118, dev_loss: 1.3571, dev_acc: 0.3563, time: 1.0
2025-08-08 07:59:40,073 - root - Epoch 17: train_loss: 0.7987, train_acc: 0.6479, dev_loss: 1.3011, dev_acc: 0.3736, time: 1.0
2025-08-08 07:59:41,051 - root - Epoch 18: train_loss: 0.8115, train_acc: 0.6407, dev_loss: 1.3196, dev_acc: 0.3736, time: 1.0
2025-08-08 07:59:42,010 - root - Epoch 19: train_loss: 0.7885, train_acc: 0.6479, dev_loss: 1.3973, dev_acc: 0.3908, time: 1.0
2025-08-08 07:59:42,975 - root - Epoch 20: train_loss: 0.7245, train_acc: 0.6811, dev_loss: 1.3680, dev_acc: 0.3506, time: 1.0
2025-08-08 07:59:43,933 - root - Epoch 21: train_loss: 0.6766, train_acc: 0.6883, dev_loss: 1.4731, dev_acc: 0.3621, time: 1.0
2025-08-08 07:59:44,901 - root - Epoch 22: train_loss: 0.6482, train_acc: 0.7201, dev_loss: 1.5531, dev_acc: 0.4138, time: 1.0
2025-08-08 07:59:45,854 - root - Epoch 23: train_loss: 0.6179, train_acc: 0.7359, dev_loss: 1.6593, dev_acc: 0.4138, time: 1.0
2025-08-08 07:59:46,823 - root - Epoch 24: train_loss: 0.6143, train_acc: 0.7287, dev_loss: 1.5956, dev_acc: 0.4195, time: 1.0
2025-08-08 07:59:47,815 - root - Epoch 25: train_loss: 0.5237, train_acc: 0.7835, dev_loss: 1.7051, dev_acc: 0.3448, time: 1.0
2025-08-08 07:59:48,776 - root - Epoch 26: train_loss: 0.5073, train_acc: 0.7893, dev_loss: 1.7793, dev_acc: 0.3563, time: 1.0
2025-08-08 07:59:49,720 - root - Epoch 27: train_loss: 0.4822, train_acc: 0.8196, dev_loss: 1.7842, dev_acc: 0.3621, time: 0.9
2025-08-08 07:59:50,671 - root - Epoch 28: train_loss: 0.5086, train_acc: 0.7980, dev_loss: 1.8849, dev_acc: 0.2816, time: 1.0
2025-08-08 07:59:51,633 - root - Epoch 29: train_loss: 0.4486, train_acc: 0.8341, dev_loss: 1.9158, dev_acc: 0.3391, time: 1.0
2025-08-08 07:59:52,599 - root - Epoch 30: train_loss: 0.3751, train_acc: 0.8629, dev_loss: 2.0328, dev_acc: 0.3218, time: 1.0
2025-08-08 07:59:53,563 - root - Epoch 31: train_loss: 0.3403, train_acc: 0.8730, dev_loss: 2.2145, dev_acc: 0.3851, time: 1.0
2025-08-08 07:59:54,521 - root - Epoch 32: train_loss: 0.3687, train_acc: 0.8586, dev_loss: 2.1695, dev_acc: 0.3966, time: 1.0
2025-08-08 07:59:55,470 - root - Epoch 33: train_loss: 0.3474, train_acc: 0.8644, dev_loss: 2.1576, dev_acc: 0.3448, time: 0.9
2025-08-08 07:59:56,426 - root - Epoch 34: train_loss: 0.2564, train_acc: 0.9250, dev_loss: 2.2591, dev_acc: 0.3276, time: 1.0
2025-08-08 07:59:57,364 - root - Epoch 35: train_loss: 0.2167, train_acc: 0.9380, dev_loss: 2.4283, dev_acc: 0.3161, time: 0.9
2025-08-08 07:59:58,305 - root - Epoch 36: train_loss: 0.1986, train_acc: 0.9380, dev_loss: 2.6095, dev_acc: 0.3333, time: 0.9
2025-08-08 07:59:59,265 - root - Epoch 37: train_loss: 0.2113, train_acc: 0.9250, dev_loss: 2.6966, dev_acc: 0.3793, time: 1.0
2025-08-08 08:00:00,209 - root - Epoch 38: train_loss: 0.2812, train_acc: 0.8831, dev_loss: 2.5154, dev_acc: 0.3793, time: 0.9
2025-08-08 08:00:01,164 - root - Epoch 39: train_loss: 0.1869, train_acc: 0.9423, dev_loss: 2.7510, dev_acc: 0.3046, time: 1.0
2025-08-08 08:00:02,117 - root - Epoch 40: train_loss: 0.1578, train_acc: 0.9495, dev_loss: 2.9453, dev_acc: 0.3333, time: 1.0
2025-08-08 08:00:03,050 - root - Epoch 41: train_loss: 0.1571, train_acc: 0.9495, dev_loss: 3.0246, dev_acc: 0.3563, time: 0.9
2025-08-08 08:00:03,978 - root - Epoch 42: train_loss: 0.1129, train_acc: 0.9654, dev_loss: 3.1389, dev_acc: 0.3276, time: 0.9
2025-08-08 08:00:04,931 - root - Epoch 43: train_loss: 0.1025, train_acc: 0.9740, dev_loss: 3.3291, dev_acc: 0.3046, time: 1.0
2025-08-08 08:00:05,861 - root - Epoch 44: train_loss: 0.0977, train_acc: 0.9740, dev_loss: 3.2076, dev_acc: 0.3621, time: 0.9
2025-08-08 08:00:06,801 - root - Epoch 45: train_loss: 0.0712, train_acc: 0.9913, dev_loss: 3.2313, dev_acc: 0.3391, time: 0.9
2025-08-08 08:00:07,754 - root - Epoch 46: train_loss: 0.0520, train_acc: 0.9971, dev_loss: 3.4783, dev_acc: 0.3046, time: 1.0
2025-08-08 08:00:08,685 - root - Epoch 47: train_loss: 0.0506, train_acc: 0.9942, dev_loss: 3.5585, dev_acc: 0.3793, time: 0.9
2025-08-08 08:00:09,612 - root - Epoch 48: train_loss: 0.0839, train_acc: 0.9798, dev_loss: 3.6373, dev_acc: 0.2874, time: 0.9
2025-08-08 08:00:10,547 - root - Epoch 49: train_loss: 0.0712, train_acc: 0.9870, dev_loss: 3.8847, dev_acc: 0.3046, time: 0.9
2025-08-08 08:00:11,480 - root - Epoch 50: train_loss: 0.0492, train_acc: 0.9928, dev_loss: 3.7255, dev_acc: 0.3678, time: 0.9
2025-08-08 08:00:12,419 - root - Epoch 51: train_loss: 0.0223, train_acc: 1.0000, dev_loss: 3.8700, dev_acc: 0.3448, time: 0.9
2025-08-08 08:00:13,342 - root - Epoch 52: train_loss: 0.0206, train_acc: 0.9986, dev_loss: 3.9098, dev_acc: 0.3678, time: 0.9
2025-08-08 08:00:14,272 - root - Epoch 53: train_loss: 0.0166, train_acc: 1.0000, dev_loss: 3.9552, dev_acc: 0.3736, time: 0.9
2025-08-08 08:00:15,211 - root - Epoch 54: train_loss: 0.0180, train_acc: 1.0000, dev_loss: 4.1106, dev_acc: 0.3908, time: 0.9
2025-08-08 08:00:15,212 - root - Early Stopped. best_epoch: 4. best_dev_acc: 0.4540229885057471

2025-08-08 08:00:15,457 - root - test_loss: 1.0722496509552002, test_acc: 0.4470046082949309, f1_weighted: 0.37857413561372993
2025-08-08 08:00:16,288 - root - Training on cuda
2025-08-08 08:00:17,309 - root - Epoch 1: train_loss: 1.0484, train_acc: 0.4574, dev_loss: 1.0747, dev_acc: 0.4598, time: 1.0
2025-08-08 08:00:18,326 - root - Epoch 2: train_loss: 1.0379, train_acc: 0.4690, dev_loss: 1.0758, dev_acc: 0.4770, time: 1.0
2025-08-08 08:00:19,335 - root - Epoch 3: train_loss: 1.0384, train_acc: 0.4690, dev_loss: 1.0806, dev_acc: 0.4540, time: 1.0
2025-08-08 08:00:20,348 - root - Epoch 4: train_loss: 1.0377, train_acc: 0.4618, dev_loss: 1.1025, dev_acc: 0.4425, time: 1.0
2025-08-08 08:00:21,369 - root - Epoch 5: train_loss: 1.0282, train_acc: 0.4820, dev_loss: 1.0737, dev_acc: 0.4713, time: 1.0
2025-08-08 08:00:22,391 - root - Epoch 6: train_loss: 1.0184, train_acc: 0.4993, dev_loss: 1.0800, dev_acc: 0.4655, time: 1.0
2025-08-08 08:00:23,403 - root - Epoch 7: train_loss: 1.0094, train_acc: 0.5079, dev_loss: 1.0869, dev_acc: 0.4483, time: 1.0
2025-08-08 08:00:24,422 - root - Epoch 8: train_loss: 1.0070, train_acc: 0.5137, dev_loss: 1.0687, dev_acc: 0.4598, time: 1.0
2025-08-08 08:00:25,434 - root - Epoch 9: train_loss: 0.9985, train_acc: 0.5224, dev_loss: 1.0674, dev_acc: 0.4655, time: 1.0
2025-08-08 08:00:26,453 - root - Epoch 10: train_loss: 0.9838, train_acc: 0.5382, dev_loss: 1.0675, dev_acc: 0.5000, time: 1.0
2025-08-08 08:00:27,473 - root - Epoch 11: train_loss: 0.9814, train_acc: 0.5281, dev_loss: 1.0634, dev_acc: 0.4828, time: 1.0
2025-08-08 08:00:28,492 - root - Epoch 12: train_loss: 0.9683, train_acc: 0.5354, dev_loss: 1.0687, dev_acc: 0.4770, time: 1.0
2025-08-08 08:00:29,511 - root - Epoch 13: train_loss: 0.9616, train_acc: 0.5426, dev_loss: 1.0552, dev_acc: 0.4770, time: 1.0
2025-08-08 08:00:30,526 - root - Epoch 14: train_loss: 0.9572, train_acc: 0.5613, dev_loss: 1.0567, dev_acc: 0.4885, time: 1.0
2025-08-08 08:00:31,542 - root - Epoch 15: train_loss: 0.9492, train_acc: 0.5714, dev_loss: 1.0538, dev_acc: 0.4828, time: 1.0
2025-08-08 08:00:32,553 - root - Epoch 16: train_loss: 0.9389, train_acc: 0.5657, dev_loss: 1.0636, dev_acc: 0.4713, time: 1.0
2025-08-08 08:00:33,567 - root - Epoch 17: train_loss: 0.9338, train_acc: 0.5628, dev_loss: 1.0593, dev_acc: 0.4885, time: 1.0
2025-08-08 08:00:34,583 - root - Epoch 18: train_loss: 0.9258, train_acc: 0.5628, dev_loss: 1.0560, dev_acc: 0.4885, time: 1.0
2025-08-08 08:00:35,594 - root - Epoch 19: train_loss: 0.9216, train_acc: 0.5772, dev_loss: 1.0611, dev_acc: 0.4828, time: 1.0
2025-08-08 08:00:36,609 - root - Epoch 20: train_loss: 0.9189, train_acc: 0.5700, dev_loss: 1.0555, dev_acc: 0.4943, time: 1.0
2025-08-08 08:00:37,624 - root - Epoch 21: train_loss: 0.9131, train_acc: 0.5758, dev_loss: 1.0671, dev_acc: 0.4770, time: 1.0
2025-08-08 08:00:38,626 - root - Epoch 22: train_loss: 0.9165, train_acc: 0.5830, dev_loss: 1.0552, dev_acc: 0.4713, time: 1.0
2025-08-08 08:00:39,643 - root - Epoch 23: train_loss: 0.9074, train_acc: 0.5844, dev_loss: 1.0669, dev_acc: 0.4943, time: 1.0
2025-08-08 08:00:40,663 - root - Epoch 24: train_loss: 0.9056, train_acc: 0.5859, dev_loss: 1.0577, dev_acc: 0.4713, time: 1.0
2025-08-08 08:00:41,677 - root - Epoch 25: train_loss: 0.9007, train_acc: 0.5931, dev_loss: 1.0578, dev_acc: 0.4943, time: 1.0
2025-08-08 08:00:42,690 - root - Epoch 26: train_loss: 0.9000, train_acc: 0.5887, dev_loss: 1.0584, dev_acc: 0.4770, time: 1.0
2025-08-08 08:00:43,699 - root - Epoch 27: train_loss: 0.8999, train_acc: 0.5960, dev_loss: 1.0607, dev_acc: 0.4943, time: 1.0
2025-08-08 08:00:44,708 - root - Epoch 28: train_loss: 0.8970, train_acc: 0.5873, dev_loss: 1.0580, dev_acc: 0.4943, time: 1.0
2025-08-08 08:00:45,713 - root - Epoch 29: train_loss: 0.8930, train_acc: 0.5960, dev_loss: 1.0581, dev_acc: 0.4885, time: 1.0
2025-08-08 08:00:46,724 - root - Epoch 30: train_loss: 0.8904, train_acc: 0.5974, dev_loss: 1.0602, dev_acc: 0.4885, time: 1.0
2025-08-08 08:00:47,737 - root - Epoch 31: train_loss: 0.8906, train_acc: 0.5945, dev_loss: 1.0597, dev_acc: 0.4828, time: 1.0
2025-08-08 08:00:48,755 - root - Epoch 32: train_loss: 0.8888, train_acc: 0.5988, dev_loss: 1.0580, dev_acc: 0.4828, time: 1.0
2025-08-08 08:00:49,753 - root - Epoch 33: train_loss: 0.8888, train_acc: 0.6003, dev_loss: 1.0590, dev_acc: 0.4770, time: 1.0
2025-08-08 08:00:50,763 - root - Epoch 34: train_loss: 0.8875, train_acc: 0.6046, dev_loss: 1.0612, dev_acc: 0.4885, time: 1.0
2025-08-08 08:00:51,774 - root - Epoch 35: train_loss: 0.8877, train_acc: 0.6075, dev_loss: 1.0591, dev_acc: 0.4828, time: 1.0
2025-08-08 08:00:52,787 - root - Epoch 36: train_loss: 0.8849, train_acc: 0.6046, dev_loss: 1.0587, dev_acc: 0.4943, time: 1.0
2025-08-08 08:00:53,807 - root - Epoch 37: train_loss: 0.8823, train_acc: 0.6017, dev_loss: 1.0600, dev_acc: 0.4828, time: 1.0
2025-08-08 08:00:54,814 - root - Epoch 38: train_loss: 0.8844, train_acc: 0.6032, dev_loss: 1.0593, dev_acc: 0.4943, time: 1.0
2025-08-08 08:00:55,824 - root - Epoch 39: train_loss: 0.8842, train_acc: 0.6061, dev_loss: 1.0596, dev_acc: 0.4885, time: 1.0
2025-08-08 08:00:56,834 - root - Epoch 40: train_loss: 0.8796, train_acc: 0.6061, dev_loss: 1.0595, dev_acc: 0.4828, time: 1.0
2025-08-08 08:00:57,852 - root - Epoch 41: train_loss: 0.8806, train_acc: 0.6075, dev_loss: 1.0601, dev_acc: 0.4828, time: 1.0
2025-08-08 08:00:58,873 - root - Epoch 42: train_loss: 0.8826, train_acc: 0.6089, dev_loss: 1.0603, dev_acc: 0.4828, time: 1.0
2025-08-08 08:00:59,888 - root - Epoch 43: train_loss: 0.8830, train_acc: 0.6075, dev_loss: 1.0597, dev_acc: 0.4943, time: 1.0
2025-08-08 08:01:00,901 - root - Epoch 44: train_loss: 0.8809, train_acc: 0.6075, dev_loss: 1.0596, dev_acc: 0.4943, time: 1.0
2025-08-08 08:01:01,918 - root - Epoch 45: train_loss: 0.8828, train_acc: 0.6089, dev_loss: 1.0599, dev_acc: 0.4943, time: 1.0
2025-08-08 08:01:02,933 - root - Epoch 46: train_loss: 0.8793, train_acc: 0.6075, dev_loss: 1.0598, dev_acc: 0.4943, time: 1.0
2025-08-08 08:01:03,955 - root - Epoch 47: train_loss: 0.8827, train_acc: 0.6075, dev_loss: 1.0599, dev_acc: 0.4943, time: 1.0
2025-08-08 08:01:04,977 - root - Epoch 48: train_loss: 0.8798, train_acc: 0.6089, dev_loss: 1.0600, dev_acc: 0.4943, time: 1.0
2025-08-08 08:01:05,996 - root - Epoch 49: train_loss: 0.8805, train_acc: 0.6075, dev_loss: 1.0601, dev_acc: 0.4943, time: 1.0
2025-08-08 08:01:07,005 - root - Epoch 50: train_loss: 0.8782, train_acc: 0.6089, dev_loss: 1.0599, dev_acc: 0.4943, time: 1.0
2025-08-08 08:01:08,013 - root - Epoch 51: train_loss: 0.8798, train_acc: 0.6089, dev_loss: 1.0598, dev_acc: 0.4943, time: 1.0
2025-08-08 08:01:09,035 - root - Epoch 52: train_loss: 0.8774, train_acc: 0.6075, dev_loss: 1.0599, dev_acc: 0.4943, time: 1.0
2025-08-08 08:01:10,055 - root - Epoch 53: train_loss: 0.8815, train_acc: 0.6104, dev_loss: 1.0601, dev_acc: 0.4943, time: 1.0
2025-08-08 08:01:11,065 - root - Epoch 54: train_loss: 0.8765, train_acc: 0.6104, dev_loss: 1.0601, dev_acc: 0.4943, time: 1.0
2025-08-08 08:01:12,080 - root - Epoch 55: train_loss: 0.8772, train_acc: 0.6118, dev_loss: 1.0602, dev_acc: 0.4943, time: 1.0
2025-08-08 08:01:13,090 - root - Epoch 56: train_loss: 0.8797, train_acc: 0.6104, dev_loss: 1.0602, dev_acc: 0.4943, time: 1.0
2025-08-08 08:01:14,105 - root - Epoch 57: train_loss: 0.8790, train_acc: 0.6104, dev_loss: 1.0602, dev_acc: 0.4943, time: 1.0
2025-08-08 08:01:15,114 - root - Epoch 58: train_loss: 0.8779, train_acc: 0.6118, dev_loss: 1.0602, dev_acc: 0.4943, time: 1.0
2025-08-08 08:01:16,119 - root - Epoch 59: train_loss: 0.8802, train_acc: 0.6118, dev_loss: 1.0603, dev_acc: 0.4943, time: 1.0
2025-08-08 08:01:17,136 - root - Epoch 60: train_loss: 0.8778, train_acc: 0.6104, dev_loss: 1.0603, dev_acc: 0.4943, time: 1.0
2025-08-08 08:01:17,136 - root - Early Stopped. best_epoch: 10. best_dev_acc: 0.5

2025-08-08 08:01:17,392 - root - test_loss: 1.078279972076416, test_acc: 0.43317972350230416, f1_weighted: 0.38304349075737576
2025-08-08 08:01:17,988 - root - Training on cuda
2025-08-08 08:01:19,008 - root - Epoch 1: train_loss: 0.9920, train_acc: 0.5281, dev_loss: 1.0933, dev_acc: 0.4770, time: 1.0
2025-08-08 08:01:20,036 - root - Epoch 2: train_loss: 0.9933, train_acc: 0.5281, dev_loss: 1.0933, dev_acc: 0.4770, time: 1.0
2025-08-08 08:01:21,056 - root - Epoch 3: train_loss: 0.9906, train_acc: 0.5281, dev_loss: 1.0933, dev_acc: 0.4770, time: 1.0
2025-08-08 08:01:22,077 - root - Epoch 4: train_loss: 0.9942, train_acc: 0.5281, dev_loss: 1.0933, dev_acc: 0.4770, time: 1.0
2025-08-08 08:01:23,099 - root - Epoch 5: train_loss: 0.9928, train_acc: 0.5281, dev_loss: 1.0933, dev_acc: 0.4770, time: 1.0
2025-08-08 08:01:24,119 - root - Epoch 6: train_loss: 0.9934, train_acc: 0.5281, dev_loss: 1.0932, dev_acc: 0.4770, time: 1.0
2025-08-08 08:01:25,138 - root - Epoch 7: train_loss: 0.9898, train_acc: 0.5281, dev_loss: 1.0932, dev_acc: 0.4770, time: 1.0
2025-08-08 08:01:26,159 - root - Epoch 8: train_loss: 0.9917, train_acc: 0.5281, dev_loss: 1.0932, dev_acc: 0.4770, time: 1.0
2025-08-08 08:01:27,176 - root - Epoch 9: train_loss: 0.9916, train_acc: 0.5281, dev_loss: 1.0932, dev_acc: 0.4770, time: 1.0
2025-08-08 08:01:28,198 - root - Epoch 10: train_loss: 0.9924, train_acc: 0.5281, dev_loss: 1.0932, dev_acc: 0.4770, time: 1.0
2025-08-08 08:01:29,220 - root - Epoch 11: train_loss: 0.9911, train_acc: 0.5281, dev_loss: 1.0932, dev_acc: 0.4770, time: 1.0
2025-08-08 08:01:30,239 - root - Epoch 12: train_loss: 0.9909, train_acc: 0.5281, dev_loss: 1.0932, dev_acc: 0.4770, time: 1.0
2025-08-08 08:01:31,263 - root - Epoch 13: train_loss: 0.9921, train_acc: 0.5281, dev_loss: 1.0932, dev_acc: 0.4770, time: 1.0
2025-08-08 08:01:32,285 - root - Epoch 14: train_loss: 0.9921, train_acc: 0.5281, dev_loss: 1.0932, dev_acc: 0.4770, time: 1.0
2025-08-08 08:01:33,304 - root - Epoch 15: train_loss: 0.9910, train_acc: 0.5281, dev_loss: 1.0932, dev_acc: 0.4770, time: 1.0
2025-08-08 08:01:34,323 - root - Epoch 16: train_loss: 0.9915, train_acc: 0.5281, dev_loss: 1.0932, dev_acc: 0.4770, time: 1.0
2025-08-08 08:01:35,342 - root - Epoch 17: train_loss: 0.9915, train_acc: 0.5281, dev_loss: 1.0932, dev_acc: 0.4770, time: 1.0
2025-08-08 08:01:36,354 - root - Epoch 18: train_loss: 0.9909, train_acc: 0.5281, dev_loss: 1.0932, dev_acc: 0.4770, time: 1.0
2025-08-08 08:01:37,371 - root - Epoch 19: train_loss: 0.9936, train_acc: 0.5281, dev_loss: 1.0932, dev_acc: 0.4770, time: 1.0
2025-08-08 08:01:38,378 - root - Epoch 20: train_loss: 0.9911, train_acc: 0.5281, dev_loss: 1.0932, dev_acc: 0.4770, time: 1.0
2025-08-08 08:01:39,389 - root - Epoch 21: train_loss: 0.9899, train_acc: 0.5281, dev_loss: 1.0932, dev_acc: 0.4770, time: 1.0
2025-08-08 08:01:40,406 - root - Epoch 22: train_loss: 0.9911, train_acc: 0.5281, dev_loss: 1.0932, dev_acc: 0.4770, time: 1.0
2025-08-08 08:01:41,412 - root - Epoch 23: train_loss: 0.9906, train_acc: 0.5281, dev_loss: 1.0932, dev_acc: 0.4770, time: 1.0
2025-08-08 08:01:42,421 - root - Epoch 24: train_loss: 0.9919, train_acc: 0.5281, dev_loss: 1.0932, dev_acc: 0.4770, time: 1.0
2025-08-08 08:01:43,430 - root - Epoch 25: train_loss: 0.9906, train_acc: 0.5281, dev_loss: 1.0932, dev_acc: 0.4770, time: 1.0
2025-08-08 08:01:44,445 - root - Epoch 26: train_loss: 0.9930, train_acc: 0.5281, dev_loss: 1.0932, dev_acc: 0.4770, time: 1.0
2025-08-08 08:01:45,456 - root - Epoch 27: train_loss: 0.9924, train_acc: 0.5281, dev_loss: 1.0932, dev_acc: 0.4770, time: 1.0
2025-08-08 08:01:46,461 - root - Epoch 28: train_loss: 0.9927, train_acc: 0.5281, dev_loss: 1.0932, dev_acc: 0.4770, time: 1.0
2025-08-08 08:01:47,467 - root - Epoch 29: train_loss: 0.9917, train_acc: 0.5281, dev_loss: 1.0932, dev_acc: 0.4770, time: 1.0
2025-08-08 08:01:48,478 - root - Epoch 30: train_loss: 0.9917, train_acc: 0.5281, dev_loss: 1.0932, dev_acc: 0.4770, time: 1.0
2025-08-08 08:01:49,488 - root - Epoch 31: train_loss: 0.9919, train_acc: 0.5281, dev_loss: 1.0932, dev_acc: 0.4770, time: 1.0
2025-08-08 08:01:50,501 - root - Epoch 32: train_loss: 0.9915, train_acc: 0.5281, dev_loss: 1.0932, dev_acc: 0.4770, time: 1.0
2025-08-08 08:01:51,508 - root - Epoch 33: train_loss: 0.9902, train_acc: 0.5281, dev_loss: 1.0932, dev_acc: 0.4770, time: 1.0
2025-08-08 08:01:52,520 - root - Epoch 34: train_loss: 0.9912, train_acc: 0.5281, dev_loss: 1.0932, dev_acc: 0.4770, time: 1.0
2025-08-08 08:01:53,534 - root - Epoch 35: train_loss: 0.9906, train_acc: 0.5281, dev_loss: 1.0932, dev_acc: 0.4770, time: 1.0
2025-08-08 08:01:54,543 - root - Epoch 36: train_loss: 0.9920, train_acc: 0.5281, dev_loss: 1.0932, dev_acc: 0.4770, time: 1.0
2025-08-08 08:01:55,557 - root - Epoch 37: train_loss: 0.9927, train_acc: 0.5281, dev_loss: 1.0932, dev_acc: 0.4770, time: 1.0
2025-08-08 08:01:56,571 - root - Epoch 38: train_loss: 0.9915, train_acc: 0.5281, dev_loss: 1.0932, dev_acc: 0.4770, time: 1.0
2025-08-08 08:01:57,588 - root - Epoch 39: train_loss: 0.9923, train_acc: 0.5281, dev_loss: 1.0932, dev_acc: 0.4770, time: 1.0
2025-08-08 08:01:58,599 - root - Epoch 40: train_loss: 0.9902, train_acc: 0.5281, dev_loss: 1.0932, dev_acc: 0.4770, time: 1.0
2025-08-08 08:01:59,608 - root - Epoch 41: train_loss: 0.9920, train_acc: 0.5281, dev_loss: 1.0932, dev_acc: 0.4770, time: 1.0
2025-08-08 08:02:00,620 - root - Epoch 42: train_loss: 0.9910, train_acc: 0.5281, dev_loss: 1.0932, dev_acc: 0.4770, time: 1.0
2025-08-08 08:02:01,632 - root - Epoch 43: train_loss: 0.9907, train_acc: 0.5281, dev_loss: 1.0932, dev_acc: 0.4770, time: 1.0
2025-08-08 08:02:02,636 - root - Epoch 44: train_loss: 0.9953, train_acc: 0.5281, dev_loss: 1.0932, dev_acc: 0.4770, time: 1.0
2025-08-08 08:02:03,653 - root - Epoch 45: train_loss: 0.9921, train_acc: 0.5281, dev_loss: 1.0931, dev_acc: 0.4770, time: 1.0
2025-08-08 08:02:04,662 - root - Epoch 46: train_loss: 0.9905, train_acc: 0.5281, dev_loss: 1.0931, dev_acc: 0.4770, time: 1.0
2025-08-08 08:02:05,668 - root - Epoch 47: train_loss: 0.9921, train_acc: 0.5281, dev_loss: 1.0931, dev_acc: 0.4770, time: 1.0
2025-08-08 08:02:06,672 - root - Epoch 48: train_loss: 0.9922, train_acc: 0.5281, dev_loss: 1.0931, dev_acc: 0.4770, time: 1.0
2025-08-08 08:02:07,681 - root - Epoch 49: train_loss: 0.9910, train_acc: 0.5281, dev_loss: 1.0931, dev_acc: 0.4770, time: 1.0
2025-08-08 08:02:08,698 - root - Epoch 50: train_loss: 0.9914, train_acc: 0.5281, dev_loss: 1.0931, dev_acc: 0.4770, time: 1.0
2025-08-08 08:02:09,712 - root - Epoch 51: train_loss: 0.9917, train_acc: 0.5281, dev_loss: 1.0931, dev_acc: 0.4770, time: 1.0
2025-08-08 08:02:09,713 - root - Early Stopped. best_epoch: 1. best_dev_acc: 0.47701149425287354

2025-08-08 08:02:09,966 - root - test_loss: 1.0019577741622925, test_acc: 0.5023041474654378, f1_weighted: 0.482185006181859
2025-08-08 08:02:10,564 - root - Training on cuda
2025-08-08 08:02:11,589 - root - Epoch 1: train_loss: 1.0089, train_acc: 0.5051, dev_loss: 1.0831, dev_acc: 0.4598, time: 1.0
2025-08-08 08:02:12,614 - root - Epoch 2: train_loss: 1.0070, train_acc: 0.5051, dev_loss: 1.0831, dev_acc: 0.4598, time: 1.0
2025-08-08 08:02:13,636 - root - Epoch 3: train_loss: 1.0042, train_acc: 0.5051, dev_loss: 1.0831, dev_acc: 0.4598, time: 1.0
2025-08-08 08:02:14,656 - root - Epoch 4: train_loss: 1.0044, train_acc: 0.5051, dev_loss: 1.0831, dev_acc: 0.4598, time: 1.0
2025-08-08 08:02:15,677 - root - Epoch 5: train_loss: 1.0035, train_acc: 0.5051, dev_loss: 1.0831, dev_acc: 0.4598, time: 1.0
2025-08-08 08:02:16,697 - root - Epoch 6: train_loss: 1.0062, train_acc: 0.5051, dev_loss: 1.0831, dev_acc: 0.4598, time: 1.0
2025-08-08 08:02:17,712 - root - Epoch 7: train_loss: 1.0055, train_acc: 0.5051, dev_loss: 1.0831, dev_acc: 0.4598, time: 1.0
2025-08-08 08:02:18,734 - root - Epoch 8: train_loss: 1.0048, train_acc: 0.5051, dev_loss: 1.0831, dev_acc: 0.4598, time: 1.0
2025-08-08 08:02:19,756 - root - Epoch 9: train_loss: 1.0029, train_acc: 0.5051, dev_loss: 1.0831, dev_acc: 0.4598, time: 1.0
2025-08-08 08:02:20,778 - root - Epoch 10: train_loss: 1.0055, train_acc: 0.5051, dev_loss: 1.0830, dev_acc: 0.4598, time: 1.0
2025-08-08 08:02:21,799 - root - Epoch 11: train_loss: 1.0049, train_acc: 0.5051, dev_loss: 1.0830, dev_acc: 0.4598, time: 1.0
2025-08-08 08:02:22,819 - root - Epoch 12: train_loss: 1.0054, train_acc: 0.5051, dev_loss: 1.0830, dev_acc: 0.4598, time: 1.0
2025-08-08 08:02:23,841 - root - Epoch 13: train_loss: 1.0081, train_acc: 0.5051, dev_loss: 1.0830, dev_acc: 0.4598, time: 1.0
2025-08-08 08:02:24,863 - root - Epoch 14: train_loss: 1.0055, train_acc: 0.5051, dev_loss: 1.0830, dev_acc: 0.4598, time: 1.0
2025-08-08 08:02:25,885 - root - Epoch 15: train_loss: 1.0040, train_acc: 0.5051, dev_loss: 1.0830, dev_acc: 0.4598, time: 1.0
2025-08-08 08:02:26,907 - root - Epoch 16: train_loss: 1.0062, train_acc: 0.5051, dev_loss: 1.0830, dev_acc: 0.4598, time: 1.0
2025-08-08 08:02:27,929 - root - Epoch 17: train_loss: 1.0065, train_acc: 0.5051, dev_loss: 1.0830, dev_acc: 0.4598, time: 1.0
2025-08-08 08:02:28,951 - root - Epoch 18: train_loss: 1.0035, train_acc: 0.5051, dev_loss: 1.0830, dev_acc: 0.4598, time: 1.0
2025-08-08 08:02:29,972 - root - Epoch 19: train_loss: 1.0075, train_acc: 0.5051, dev_loss: 1.0830, dev_acc: 0.4598, time: 1.0
2025-08-08 08:02:30,994 - root - Epoch 20: train_loss: 1.0021, train_acc: 0.5051, dev_loss: 1.0830, dev_acc: 0.4598, time: 1.0
2025-08-08 08:02:32,018 - root - Epoch 21: train_loss: 1.0032, train_acc: 0.5051, dev_loss: 1.0830, dev_acc: 0.4598, time: 1.0
2025-08-08 08:02:33,040 - root - Epoch 22: train_loss: 1.0049, train_acc: 0.5051, dev_loss: 1.0830, dev_acc: 0.4598, time: 1.0
2025-08-08 08:02:34,059 - root - Epoch 23: train_loss: 1.0058, train_acc: 0.5051, dev_loss: 1.0830, dev_acc: 0.4598, time: 1.0
2025-08-08 08:02:35,081 - root - Epoch 24: train_loss: 1.0069, train_acc: 0.5051, dev_loss: 1.0830, dev_acc: 0.4598, time: 1.0
2025-08-08 08:02:36,103 - root - Epoch 25: train_loss: 1.0059, train_acc: 0.5051, dev_loss: 1.0830, dev_acc: 0.4598, time: 1.0
2025-08-08 08:02:37,120 - root - Epoch 26: train_loss: 1.0059, train_acc: 0.5051, dev_loss: 1.0830, dev_acc: 0.4598, time: 1.0
2025-08-08 08:02:38,142 - root - Epoch 27: train_loss: 1.0046, train_acc: 0.5051, dev_loss: 1.0830, dev_acc: 0.4598, time: 1.0
2025-08-08 08:02:39,166 - root - Epoch 28: train_loss: 1.0055, train_acc: 0.5051, dev_loss: 1.0830, dev_acc: 0.4598, time: 1.0
2025-08-08 08:02:40,194 - root - Epoch 29: train_loss: 1.0034, train_acc: 0.5051, dev_loss: 1.0830, dev_acc: 0.4598, time: 1.0
2025-08-08 08:02:41,217 - root - Epoch 30: train_loss: 1.0101, train_acc: 0.5051, dev_loss: 1.0830, dev_acc: 0.4598, time: 1.0
2025-08-08 08:02:42,231 - root - Epoch 31: train_loss: 1.0057, train_acc: 0.5051, dev_loss: 1.0830, dev_acc: 0.4598, time: 1.0
2025-08-08 08:02:43,243 - root - Epoch 32: train_loss: 1.0050, train_acc: 0.5051, dev_loss: 1.0830, dev_acc: 0.4598, time: 1.0
2025-08-08 08:02:44,266 - root - Epoch 33: train_loss: 1.0058, train_acc: 0.5051, dev_loss: 1.0830, dev_acc: 0.4598, time: 1.0
2025-08-08 08:02:45,271 - root - Epoch 34: train_loss: 1.0070, train_acc: 0.5051, dev_loss: 1.0830, dev_acc: 0.4598, time: 1.0
2025-08-08 08:02:46,298 - root - Epoch 35: train_loss: 1.0075, train_acc: 0.5051, dev_loss: 1.0830, dev_acc: 0.4598, time: 1.0
2025-08-08 08:02:47,312 - root - Epoch 36: train_loss: 1.0059, train_acc: 0.5051, dev_loss: 1.0830, dev_acc: 0.4598, time: 1.0
2025-08-08 08:02:48,336 - root - Epoch 37: train_loss: 1.0058, train_acc: 0.5051, dev_loss: 1.0830, dev_acc: 0.4598, time: 1.0
2025-08-08 08:02:49,345 - root - Epoch 38: train_loss: 1.0047, train_acc: 0.5051, dev_loss: 1.0830, dev_acc: 0.4598, time: 1.0
2025-08-08 08:02:50,359 - root - Epoch 39: train_loss: 1.0065, train_acc: 0.5051, dev_loss: 1.0830, dev_acc: 0.4598, time: 1.0
2025-08-08 08:02:51,366 - root - Epoch 40: train_loss: 1.0038, train_acc: 0.5051, dev_loss: 1.0830, dev_acc: 0.4598, time: 1.0
2025-08-08 08:02:52,386 - root - Epoch 41: train_loss: 1.0051, train_acc: 0.5051, dev_loss: 1.0830, dev_acc: 0.4598, time: 1.0
2025-08-08 08:02:53,405 - root - Epoch 42: train_loss: 1.0073, train_acc: 0.5051, dev_loss: 1.0830, dev_acc: 0.4598, time: 1.0
2025-08-08 08:02:54,425 - root - Epoch 43: train_loss: 1.0062, train_acc: 0.5051, dev_loss: 1.0830, dev_acc: 0.4598, time: 1.0
2025-08-08 08:02:55,441 - root - Epoch 44: train_loss: 1.0047, train_acc: 0.5051, dev_loss: 1.0830, dev_acc: 0.4598, time: 1.0
2025-08-08 08:02:56,461 - root - Epoch 45: train_loss: 1.0044, train_acc: 0.5051, dev_loss: 1.0830, dev_acc: 0.4598, time: 1.0
2025-08-08 08:02:57,475 - root - Epoch 46: train_loss: 1.0037, train_acc: 0.5051, dev_loss: 1.0830, dev_acc: 0.4598, time: 1.0
2025-08-08 08:02:58,495 - root - Epoch 47: train_loss: 1.0055, train_acc: 0.5051, dev_loss: 1.0830, dev_acc: 0.4598, time: 1.0
2025-08-08 08:02:59,517 - root - Epoch 48: train_loss: 1.0038, train_acc: 0.5051, dev_loss: 1.0830, dev_acc: 0.4598, time: 1.0
2025-08-08 08:03:00,536 - root - Epoch 49: train_loss: 1.0053, train_acc: 0.5051, dev_loss: 1.0830, dev_acc: 0.4598, time: 1.0
2025-08-08 08:03:01,546 - root - Epoch 50: train_loss: 1.0064, train_acc: 0.5051, dev_loss: 1.0830, dev_acc: 0.4598, time: 1.0
2025-08-08 08:03:02,565 - root - Epoch 51: train_loss: 1.0050, train_acc: 0.5051, dev_loss: 1.0830, dev_acc: 0.4598, time: 1.0
2025-08-08 08:03:02,565 - root - Early Stopped. best_epoch: 1. best_dev_acc: 0.45977011494252873

2025-08-08 08:03:02,822 - root - test_loss: 0.975400984287262, test_acc: 0.5898617511520737, f1_weighted: 0.5709209146058506
2025-08-08 08:03:03,417 - root - Training on cuda
2025-08-08 08:03:04,426 - root - Epoch 1: train_loss: 1.0106, train_acc: 0.5130, dev_loss: 1.0486, dev_acc: 0.5000, time: 1.0
2025-08-08 08:03:05,446 - root - Epoch 2: train_loss: 1.0089, train_acc: 0.5130, dev_loss: 1.0486, dev_acc: 0.5000, time: 1.0
2025-08-08 08:03:06,452 - root - Epoch 3: train_loss: 1.0097, train_acc: 0.5130, dev_loss: 1.0486, dev_acc: 0.5000, time: 1.0
2025-08-08 08:03:07,459 - root - Epoch 4: train_loss: 1.0088, train_acc: 0.5130, dev_loss: 1.0486, dev_acc: 0.5000, time: 1.0
2025-08-08 08:03:08,469 - root - Epoch 5: train_loss: 1.0087, train_acc: 0.5130, dev_loss: 1.0486, dev_acc: 0.5000, time: 1.0
2025-08-08 08:03:09,484 - root - Epoch 6: train_loss: 1.0096, train_acc: 0.5130, dev_loss: 1.0486, dev_acc: 0.5000, time: 1.0
2025-08-08 08:03:10,502 - root - Epoch 7: train_loss: 1.0103, train_acc: 0.5130, dev_loss: 1.0486, dev_acc: 0.5000, time: 1.0
2025-08-08 08:03:11,499 - root - Epoch 8: train_loss: 1.0116, train_acc: 0.5130, dev_loss: 1.0486, dev_acc: 0.5000, time: 1.0
2025-08-08 08:03:12,494 - root - Epoch 9: train_loss: 1.0103, train_acc: 0.5130, dev_loss: 1.0486, dev_acc: 0.5000, time: 1.0
2025-08-08 08:03:13,505 - root - Epoch 10: train_loss: 1.0100, train_acc: 0.5130, dev_loss: 1.0486, dev_acc: 0.5000, time: 1.0
2025-08-08 08:03:14,517 - root - Epoch 11: train_loss: 1.0094, train_acc: 0.5130, dev_loss: 1.0486, dev_acc: 0.5000, time: 1.0
2025-08-08 08:03:15,528 - root - Epoch 12: train_loss: 1.0073, train_acc: 0.5130, dev_loss: 1.0486, dev_acc: 0.5000, time: 1.0
2025-08-08 08:03:16,539 - root - Epoch 13: train_loss: 1.0090, train_acc: 0.5130, dev_loss: 1.0486, dev_acc: 0.5000, time: 1.0
2025-08-08 08:03:17,549 - root - Epoch 14: train_loss: 1.0094, train_acc: 0.5130, dev_loss: 1.0486, dev_acc: 0.5000, time: 1.0
2025-08-08 08:03:18,559 - root - Epoch 15: train_loss: 1.0107, train_acc: 0.5130, dev_loss: 1.0486, dev_acc: 0.5000, time: 1.0
2025-08-08 08:03:19,561 - root - Epoch 16: train_loss: 1.0098, train_acc: 0.5130, dev_loss: 1.0486, dev_acc: 0.5000, time: 1.0
2025-08-08 08:03:20,571 - root - Epoch 17: train_loss: 1.0100, train_acc: 0.5130, dev_loss: 1.0486, dev_acc: 0.5000, time: 1.0
2025-08-08 08:03:21,574 - root - Epoch 18: train_loss: 1.0109, train_acc: 0.5130, dev_loss: 1.0486, dev_acc: 0.5000, time: 1.0
2025-08-08 08:03:22,571 - root - Epoch 19: train_loss: 1.0096, train_acc: 0.5130, dev_loss: 1.0486, dev_acc: 0.5000, time: 1.0
2025-08-08 08:03:23,585 - root - Epoch 20: train_loss: 1.0081, train_acc: 0.5130, dev_loss: 1.0486, dev_acc: 0.5000, time: 1.0
2025-08-08 08:03:24,581 - root - Epoch 21: train_loss: 1.0091, train_acc: 0.5130, dev_loss: 1.0486, dev_acc: 0.5000, time: 1.0
2025-08-08 08:03:25,589 - root - Epoch 22: train_loss: 1.0092, train_acc: 0.5130, dev_loss: 1.0486, dev_acc: 0.5000, time: 1.0
2025-08-08 08:03:26,590 - root - Epoch 23: train_loss: 1.0093, train_acc: 0.5130, dev_loss: 1.0486, dev_acc: 0.5000, time: 1.0
2025-08-08 08:03:27,602 - root - Epoch 24: train_loss: 1.0113, train_acc: 0.5130, dev_loss: 1.0486, dev_acc: 0.5000, time: 1.0
2025-08-08 08:03:28,591 - root - Epoch 25: train_loss: 1.0082, train_acc: 0.5130, dev_loss: 1.0486, dev_acc: 0.5000, time: 1.0
2025-08-08 08:03:29,582 - root - Epoch 26: train_loss: 1.0092, train_acc: 0.5130, dev_loss: 1.0486, dev_acc: 0.5000, time: 1.0
2025-08-08 08:03:30,596 - root - Epoch 27: train_loss: 1.0072, train_acc: 0.5130, dev_loss: 1.0486, dev_acc: 0.5000, time: 1.0
2025-08-08 08:03:31,605 - root - Epoch 28: train_loss: 1.0110, train_acc: 0.5130, dev_loss: 1.0486, dev_acc: 0.5000, time: 1.0
2025-08-08 08:03:32,607 - root - Epoch 29: train_loss: 1.0103, train_acc: 0.5130, dev_loss: 1.0486, dev_acc: 0.5000, time: 1.0
2025-08-08 08:03:33,615 - root - Epoch 30: train_loss: 1.0091, train_acc: 0.5130, dev_loss: 1.0486, dev_acc: 0.5000, time: 1.0
2025-08-08 08:03:34,623 - root - Epoch 31: train_loss: 1.0098, train_acc: 0.5130, dev_loss: 1.0486, dev_acc: 0.5000, time: 1.0
2025-08-08 08:03:35,629 - root - Epoch 32: train_loss: 1.0079, train_acc: 0.5130, dev_loss: 1.0486, dev_acc: 0.5000, time: 1.0
2025-08-08 08:03:36,632 - root - Epoch 33: train_loss: 1.0073, train_acc: 0.5130, dev_loss: 1.0486, dev_acc: 0.5000, time: 1.0
2025-08-08 08:03:37,643 - root - Epoch 34: train_loss: 1.0108, train_acc: 0.5130, dev_loss: 1.0486, dev_acc: 0.5000, time: 1.0
2025-08-08 08:03:38,655 - root - Epoch 35: train_loss: 1.0090, train_acc: 0.5130, dev_loss: 1.0486, dev_acc: 0.5000, time: 1.0
2025-08-08 08:03:39,656 - root - Epoch 36: train_loss: 1.0090, train_acc: 0.5130, dev_loss: 1.0486, dev_acc: 0.5000, time: 1.0
2025-08-08 08:03:40,665 - root - Epoch 37: train_loss: 1.0102, train_acc: 0.5130, dev_loss: 1.0486, dev_acc: 0.5000, time: 1.0
2025-08-08 08:03:41,677 - root - Epoch 38: train_loss: 1.0071, train_acc: 0.5130, dev_loss: 1.0485, dev_acc: 0.5000, time: 1.0
2025-08-08 08:03:42,686 - root - Epoch 39: train_loss: 1.0094, train_acc: 0.5130, dev_loss: 1.0485, dev_acc: 0.5000, time: 1.0
2025-08-08 08:03:43,695 - root - Epoch 40: train_loss: 1.0083, train_acc: 0.5130, dev_loss: 1.0485, dev_acc: 0.5000, time: 1.0
2025-08-08 08:03:44,712 - root - Epoch 41: train_loss: 1.0094, train_acc: 0.5130, dev_loss: 1.0485, dev_acc: 0.5000, time: 1.0
2025-08-08 08:03:45,719 - root - Epoch 42: train_loss: 1.0077, train_acc: 0.5130, dev_loss: 1.0485, dev_acc: 0.5000, time: 1.0
2025-08-08 08:03:46,731 - root - Epoch 43: train_loss: 1.0078, train_acc: 0.5130, dev_loss: 1.0485, dev_acc: 0.5000, time: 1.0
2025-08-08 08:03:47,746 - root - Epoch 44: train_loss: 1.0091, train_acc: 0.5130, dev_loss: 1.0485, dev_acc: 0.5000, time: 1.0
2025-08-08 08:03:48,758 - root - Epoch 45: train_loss: 1.0102, train_acc: 0.5130, dev_loss: 1.0485, dev_acc: 0.5000, time: 1.0
2025-08-08 08:03:49,761 - root - Epoch 46: train_loss: 1.0090, train_acc: 0.5130, dev_loss: 1.0485, dev_acc: 0.5000, time: 1.0
2025-08-08 08:03:50,761 - root - Epoch 47: train_loss: 1.0092, train_acc: 0.5130, dev_loss: 1.0485, dev_acc: 0.5000, time: 1.0
2025-08-08 08:03:51,774 - root - Epoch 48: train_loss: 1.0120, train_acc: 0.5130, dev_loss: 1.0485, dev_acc: 0.5000, time: 1.0
2025-08-08 08:03:52,781 - root - Epoch 49: train_loss: 1.0095, train_acc: 0.5130, dev_loss: 1.0485, dev_acc: 0.5000, time: 1.0
2025-08-08 08:03:53,796 - root - Epoch 50: train_loss: 1.0095, train_acc: 0.5130, dev_loss: 1.0485, dev_acc: 0.5000, time: 1.0
2025-08-08 08:03:54,806 - root - Epoch 51: train_loss: 1.0088, train_acc: 0.5130, dev_loss: 1.0485, dev_acc: 0.5000, time: 1.0
2025-08-08 08:03:54,806 - root - Early Stopped. best_epoch: 1. best_dev_acc: 0.5

2025-08-08 08:03:55,063 - root - test_loss: 0.9926267266273499, test_acc: 0.5324074074074074, f1_weighted: 0.503383090591872
2025-08-08 08:04:28,740 - root - 

2025-08-08 08:04:28,741 - root - ==================== Start Training ====================
2025-08-08 08:04:28,741 - root - seed: 2023
2025-08-08 08:04:28,741 - root - model: Model(
  (fc): Sequential(
    (0): Linear(in_features=768, out_features=256, bias=True)
    (1): ReLU()
    (2): Linear(in_features=256, out_features=128, bias=True)
    (3): ReLU()
    (4): Linear(in_features=128, out_features=3, bias=True)
  )
)
2025-08-08 08:04:28,741 - root - batch_size: 32
2025-08-08 08:04:28,741 - root - n_epochs: 1000
2025-08-08 08:04:28,741 - root - lr: 0.001
2025-08-08 08:04:28,741 - root - early_stop: 50
2025-08-08 08:04:28,741 - root - loss_fn: CrossEntropyLoss()
2025-08-08 08:04:28,741 - root - optimizer: Adam (
Parameter Group 0
    amsgrad: False
    betas: (0.9, 0.999)
    capturable: False
    decoupled_weight_decay: False
    differentiable: False
    eps: 1e-08
    foreach: None
    fused: None
    lr: 0.001
    maximize: False
    weight_decay: 0
)
2025-08-08 08:04:28,741 - root - scheduler: <torch.optim.lr_scheduler.ReduceLROnPlateau object at 0x7ed724396520>
2025-08-08 08:04:29,039 - root - Training on cuda
2025-08-08 08:04:30,598 - root - Epoch 1: train_loss: 1.0971, train_acc: 0.3449, dev_loss: 1.0858, dev_acc: 0.4138, time: 1.6
2025-08-08 08:04:31,624 - root - Epoch 2: train_loss: 1.0706, train_acc: 0.4127, dev_loss: 1.0882, dev_acc: 0.4080, time: 1.0
2025-08-08 08:04:32,633 - root - Epoch 3: train_loss: 1.0585, train_acc: 0.4401, dev_loss: 1.0831, dev_acc: 0.4598, time: 1.0
2025-08-08 08:04:33,638 - root - Epoch 4: train_loss: 1.0531, train_acc: 0.4560, dev_loss: 1.0769, dev_acc: 0.4655, time: 1.0
2025-08-08 08:04:34,653 - root - Epoch 5: train_loss: 1.0434, train_acc: 0.4661, dev_loss: 1.0759, dev_acc: 0.4655, time: 1.0
2025-08-08 08:04:35,659 - root - Epoch 6: train_loss: 1.0374, train_acc: 0.4661, dev_loss: 1.0681, dev_acc: 0.4943, time: 1.0
2025-08-08 08:04:36,656 - root - Epoch 7: train_loss: 1.0304, train_acc: 0.4733, dev_loss: 1.0707, dev_acc: 0.4885, time: 1.0
2025-08-08 08:04:37,663 - root - Epoch 8: train_loss: 1.0218, train_acc: 0.4820, dev_loss: 1.0701, dev_acc: 0.4483, time: 1.0
2025-08-08 08:04:38,668 - root - Epoch 9: train_loss: 1.0084, train_acc: 0.5065, dev_loss: 1.0774, dev_acc: 0.4368, time: 1.0
2025-08-08 08:04:39,673 - root - Epoch 10: train_loss: 0.9938, train_acc: 0.5411, dev_loss: 1.0898, dev_acc: 0.4253, time: 1.0
2025-08-08 08:04:40,677 - root - Epoch 11: train_loss: 0.9785, train_acc: 0.5325, dev_loss: 1.0909, dev_acc: 0.4080, time: 1.0
2025-08-08 08:04:41,673 - root - Epoch 12: train_loss: 0.9655, train_acc: 0.5397, dev_loss: 1.1029, dev_acc: 0.4195, time: 1.0
2025-08-08 08:04:42,668 - root - Epoch 13: train_loss: 0.9487, train_acc: 0.5599, dev_loss: 1.1097, dev_acc: 0.4080, time: 1.0
2025-08-08 08:04:43,672 - root - Epoch 14: train_loss: 0.9341, train_acc: 0.5743, dev_loss: 1.1137, dev_acc: 0.3678, time: 1.0
2025-08-08 08:04:44,670 - root - Epoch 15: train_loss: 0.9068, train_acc: 0.5931, dev_loss: 1.1278, dev_acc: 0.4080, time: 1.0
2025-08-08 08:04:45,668 - root - Epoch 16: train_loss: 0.8917, train_acc: 0.5960, dev_loss: 1.1814, dev_acc: 0.3506, time: 1.0
2025-08-08 08:04:46,654 - root - Epoch 17: train_loss: 0.8817, train_acc: 0.6061, dev_loss: 1.1429, dev_acc: 0.4253, time: 1.0
2025-08-08 08:04:47,647 - root - Epoch 18: train_loss: 0.8464, train_acc: 0.6219, dev_loss: 1.2024, dev_acc: 0.3563, time: 1.0
2025-08-08 08:04:48,646 - root - Epoch 19: train_loss: 0.8186, train_acc: 0.6696, dev_loss: 1.1808, dev_acc: 0.3966, time: 1.0
2025-08-08 08:04:49,637 - root - Epoch 20: train_loss: 0.7873, train_acc: 0.6667, dev_loss: 1.2054, dev_acc: 0.4253, time: 1.0
2025-08-08 08:04:50,646 - root - Epoch 21: train_loss: 0.7651, train_acc: 0.6797, dev_loss: 1.2645, dev_acc: 0.4253, time: 1.0
2025-08-08 08:04:51,636 - root - Epoch 22: train_loss: 0.7567, train_acc: 0.6926, dev_loss: 1.2377, dev_acc: 0.3506, time: 1.0
2025-08-08 08:04:52,638 - root - Epoch 23: train_loss: 0.7039, train_acc: 0.7229, dev_loss: 1.2656, dev_acc: 0.4023, time: 1.0
2025-08-08 08:04:53,641 - root - Epoch 24: train_loss: 0.6747, train_acc: 0.7446, dev_loss: 1.2773, dev_acc: 0.3621, time: 1.0
2025-08-08 08:04:54,624 - root - Epoch 25: train_loss: 0.6499, train_acc: 0.7605, dev_loss: 1.2960, dev_acc: 0.3218, time: 1.0
2025-08-08 08:04:55,609 - root - Epoch 26: train_loss: 0.6344, train_acc: 0.7691, dev_loss: 1.3584, dev_acc: 0.3621, time: 1.0
2025-08-08 08:04:56,611 - root - Epoch 27: train_loss: 0.5944, train_acc: 0.8038, dev_loss: 1.3604, dev_acc: 0.3908, time: 1.0
2025-08-08 08:04:57,596 - root - Epoch 28: train_loss: 0.5570, train_acc: 0.8211, dev_loss: 1.4426, dev_acc: 0.3678, time: 1.0
2025-08-08 08:04:58,584 - root - Epoch 29: train_loss: 0.5264, train_acc: 0.8297, dev_loss: 1.4372, dev_acc: 0.3908, time: 1.0
2025-08-08 08:04:59,580 - root - Epoch 30: train_loss: 0.4892, train_acc: 0.8470, dev_loss: 1.4373, dev_acc: 0.3966, time: 1.0
2025-08-08 08:05:00,563 - root - Epoch 31: train_loss: 0.4615, train_acc: 0.8672, dev_loss: 1.4799, dev_acc: 0.4195, time: 1.0
2025-08-08 08:05:01,546 - root - Epoch 32: train_loss: 0.4360, train_acc: 0.8730, dev_loss: 1.4996, dev_acc: 0.3678, time: 1.0
2025-08-08 08:05:02,537 - root - Epoch 33: train_loss: 0.4227, train_acc: 0.8817, dev_loss: 1.6114, dev_acc: 0.3851, time: 1.0
2025-08-08 08:05:03,537 - root - Epoch 34: train_loss: 0.3855, train_acc: 0.8817, dev_loss: 1.5929, dev_acc: 0.3678, time: 1.0
2025-08-08 08:05:04,518 - root - Epoch 35: train_loss: 0.3541, train_acc: 0.9048, dev_loss: 1.6882, dev_acc: 0.3621, time: 1.0
2025-08-08 08:05:05,516 - root - Epoch 36: train_loss: 0.3682, train_acc: 0.8903, dev_loss: 1.6996, dev_acc: 0.3966, time: 1.0
2025-08-08 08:05:06,518 - root - Epoch 37: train_loss: 0.3064, train_acc: 0.9293, dev_loss: 1.7733, dev_acc: 0.3851, time: 1.0
2025-08-08 08:05:07,520 - root - Epoch 38: train_loss: 0.2970, train_acc: 0.9163, dev_loss: 1.8547, dev_acc: 0.3851, time: 1.0
2025-08-08 08:05:08,525 - root - Epoch 39: train_loss: 0.2756, train_acc: 0.9380, dev_loss: 1.8372, dev_acc: 0.4080, time: 1.0
2025-08-08 08:05:09,524 - root - Epoch 40: train_loss: 0.2602, train_acc: 0.9351, dev_loss: 1.8440, dev_acc: 0.4080, time: 1.0
2025-08-08 08:05:10,508 - root - Epoch 41: train_loss: 0.2180, train_acc: 0.9596, dev_loss: 1.8923, dev_acc: 0.3908, time: 1.0
2025-08-08 08:05:11,501 - root - Epoch 42: train_loss: 0.1996, train_acc: 0.9726, dev_loss: 1.9522, dev_acc: 0.4023, time: 1.0
2025-08-08 08:05:12,503 - root - Epoch 43: train_loss: 0.1875, train_acc: 0.9711, dev_loss: 1.9189, dev_acc: 0.3851, time: 1.0
2025-08-08 08:05:13,508 - root - Epoch 44: train_loss: 0.1727, train_acc: 0.9755, dev_loss: 2.0478, dev_acc: 0.3851, time: 1.0
2025-08-08 08:05:14,475 - root - Epoch 45: train_loss: 0.1532, train_acc: 0.9841, dev_loss: 2.1021, dev_acc: 0.3966, time: 1.0
2025-08-08 08:05:15,466 - root - Epoch 46: train_loss: 0.1329, train_acc: 0.9899, dev_loss: 2.1004, dev_acc: 0.3736, time: 1.0
2025-08-08 08:05:16,463 - root - Epoch 47: train_loss: 0.1268, train_acc: 0.9942, dev_loss: 2.1711, dev_acc: 0.3908, time: 1.0
2025-08-08 08:05:17,456 - root - Epoch 48: train_loss: 0.1319, train_acc: 0.9841, dev_loss: 2.2297, dev_acc: 0.3908, time: 1.0
2025-08-08 08:05:18,435 - root - Epoch 49: train_loss: 0.1181, train_acc: 0.9798, dev_loss: 2.3093, dev_acc: 0.3678, time: 1.0
2025-08-08 08:05:19,428 - root - Epoch 50: train_loss: 0.1014, train_acc: 0.9971, dev_loss: 2.3108, dev_acc: 0.4080, time: 1.0
2025-08-08 08:05:20,407 - root - Epoch 51: train_loss: 0.0818, train_acc: 0.9986, dev_loss: 2.3433, dev_acc: 0.4080, time: 1.0
2025-08-08 08:05:21,379 - root - Epoch 52: train_loss: 0.0749, train_acc: 1.0000, dev_loss: 2.3467, dev_acc: 0.3966, time: 1.0
2025-08-08 08:05:22,353 - root - Epoch 53: train_loss: 0.0681, train_acc: 1.0000, dev_loss: 2.3839, dev_acc: 0.4195, time: 1.0
2025-08-08 08:05:23,306 - root - Epoch 54: train_loss: 0.0617, train_acc: 1.0000, dev_loss: 2.4585, dev_acc: 0.4138, time: 1.0
2025-08-08 08:05:24,295 - root - Epoch 55: train_loss: 0.0559, train_acc: 1.0000, dev_loss: 2.4947, dev_acc: 0.3851, time: 1.0
2025-08-08 08:05:25,292 - root - Epoch 56: train_loss: 0.0544, train_acc: 1.0000, dev_loss: 2.5858, dev_acc: 0.4138, time: 1.0
2025-08-08 08:05:25,293 - root - Early Stopped. best_epoch: 6. best_dev_acc: 0.4942528735632184

2025-08-08 08:05:25,546 - root - test_loss: 1.076059341430664, test_acc: 0.4423963133640553, f1_weighted: 0.3938975195969772
2025-08-08 08:05:25,629 - root - Training on cuda
2025-08-08 08:05:26,646 - root - Epoch 1: train_loss: 1.0481, train_acc: 0.4690, dev_loss: 1.0403, dev_acc: 0.4425, time: 1.0
2025-08-08 08:05:27,663 - root - Epoch 2: train_loss: 1.0476, train_acc: 0.4791, dev_loss: 1.0396, dev_acc: 0.4483, time: 1.0
2025-08-08 08:05:28,685 - root - Epoch 3: train_loss: 1.0439, train_acc: 0.4791, dev_loss: 1.0407, dev_acc: 0.4598, time: 1.0
2025-08-08 08:05:29,702 - root - Epoch 4: train_loss: 1.0443, train_acc: 0.4877, dev_loss: 1.0422, dev_acc: 0.4425, time: 1.0
2025-08-08 08:05:30,717 - root - Epoch 5: train_loss: 1.0402, train_acc: 0.4834, dev_loss: 1.0416, dev_acc: 0.4483, time: 1.0
2025-08-08 08:05:31,732 - root - Epoch 6: train_loss: 1.0365, train_acc: 0.4848, dev_loss: 1.0433, dev_acc: 0.4425, time: 1.0
2025-08-08 08:05:32,741 - root - Epoch 7: train_loss: 1.0362, train_acc: 0.4863, dev_loss: 1.0436, dev_acc: 0.4598, time: 1.0
2025-08-08 08:05:33,756 - root - Epoch 8: train_loss: 1.0342, train_acc: 0.4921, dev_loss: 1.0435, dev_acc: 0.4368, time: 1.0
2025-08-08 08:05:34,767 - root - Epoch 9: train_loss: 1.0354, train_acc: 0.4921, dev_loss: 1.0436, dev_acc: 0.4368, time: 1.0
2025-08-08 08:05:35,785 - root - Epoch 10: train_loss: 1.0332, train_acc: 0.4949, dev_loss: 1.0433, dev_acc: 0.4598, time: 1.0
2025-08-08 08:05:36,791 - root - Epoch 11: train_loss: 1.0312, train_acc: 0.4964, dev_loss: 1.0429, dev_acc: 0.4483, time: 1.0
2025-08-08 08:05:37,802 - root - Epoch 12: train_loss: 1.0314, train_acc: 0.4921, dev_loss: 1.0438, dev_acc: 0.4425, time: 1.0
2025-08-08 08:05:38,813 - root - Epoch 13: train_loss: 1.0285, train_acc: 0.4993, dev_loss: 1.0441, dev_acc: 0.4425, time: 1.0
2025-08-08 08:05:39,818 - root - Epoch 14: train_loss: 1.0276, train_acc: 0.4993, dev_loss: 1.0447, dev_acc: 0.4425, time: 1.0
2025-08-08 08:05:40,831 - root - Epoch 15: train_loss: 1.0275, train_acc: 0.4993, dev_loss: 1.0443, dev_acc: 0.4425, time: 1.0
2025-08-08 08:05:41,842 - root - Epoch 16: train_loss: 1.0267, train_acc: 0.4993, dev_loss: 1.0450, dev_acc: 0.4368, time: 1.0
2025-08-08 08:05:42,855 - root - Epoch 17: train_loss: 1.0279, train_acc: 0.4993, dev_loss: 1.0444, dev_acc: 0.4368, time: 1.0
2025-08-08 08:05:43,873 - root - Epoch 18: train_loss: 1.0262, train_acc: 0.5022, dev_loss: 1.0455, dev_acc: 0.4368, time: 1.0
2025-08-08 08:05:44,884 - root - Epoch 19: train_loss: 1.0255, train_acc: 0.5065, dev_loss: 1.0449, dev_acc: 0.4425, time: 1.0
2025-08-08 08:05:45,895 - root - Epoch 20: train_loss: 1.0248, train_acc: 0.5036, dev_loss: 1.0453, dev_acc: 0.4368, time: 1.0
2025-08-08 08:05:46,906 - root - Epoch 21: train_loss: 1.0242, train_acc: 0.5007, dev_loss: 1.0455, dev_acc: 0.4368, time: 1.0
2025-08-08 08:05:47,924 - root - Epoch 22: train_loss: 1.0243, train_acc: 0.5022, dev_loss: 1.0456, dev_acc: 0.4368, time: 1.0
2025-08-08 08:05:48,936 - root - Epoch 23: train_loss: 1.0227, train_acc: 0.5022, dev_loss: 1.0456, dev_acc: 0.4368, time: 1.0
2025-08-08 08:05:49,950 - root - Epoch 24: train_loss: 1.0237, train_acc: 0.5036, dev_loss: 1.0453, dev_acc: 0.4310, time: 1.0
2025-08-08 08:05:50,961 - root - Epoch 25: train_loss: 1.0245, train_acc: 0.5022, dev_loss: 1.0456, dev_acc: 0.4368, time: 1.0
2025-08-08 08:05:51,979 - root - Epoch 26: train_loss: 1.0225, train_acc: 0.5007, dev_loss: 1.0454, dev_acc: 0.4310, time: 1.0
2025-08-08 08:05:52,989 - root - Epoch 27: train_loss: 1.0214, train_acc: 0.5022, dev_loss: 1.0453, dev_acc: 0.4310, time: 1.0
2025-08-08 08:05:54,004 - root - Epoch 28: train_loss: 1.0223, train_acc: 0.5036, dev_loss: 1.0454, dev_acc: 0.4310, time: 1.0
2025-08-08 08:05:55,019 - root - Epoch 29: train_loss: 1.0224, train_acc: 0.5007, dev_loss: 1.0456, dev_acc: 0.4310, time: 1.0
2025-08-08 08:05:56,034 - root - Epoch 30: train_loss: 1.0212, train_acc: 0.5036, dev_loss: 1.0455, dev_acc: 0.4368, time: 1.0
2025-08-08 08:05:57,043 - root - Epoch 31: train_loss: 1.0222, train_acc: 0.5036, dev_loss: 1.0455, dev_acc: 0.4425, time: 1.0
2025-08-08 08:05:58,060 - root - Epoch 32: train_loss: 1.0230, train_acc: 0.5036, dev_loss: 1.0456, dev_acc: 0.4368, time: 1.0
2025-08-08 08:05:59,073 - root - Epoch 33: train_loss: 1.0237, train_acc: 0.5022, dev_loss: 1.0456, dev_acc: 0.4425, time: 1.0
2025-08-08 08:06:00,091 - root - Epoch 34: train_loss: 1.0209, train_acc: 0.5036, dev_loss: 1.0456, dev_acc: 0.4425, time: 1.0
2025-08-08 08:06:01,104 - root - Epoch 35: train_loss: 1.0192, train_acc: 0.5036, dev_loss: 1.0457, dev_acc: 0.4425, time: 1.0
2025-08-08 08:06:02,117 - root - Epoch 36: train_loss: 1.0201, train_acc: 0.5036, dev_loss: 1.0456, dev_acc: 0.4425, time: 1.0
2025-08-08 08:06:03,133 - root - Epoch 37: train_loss: 1.0194, train_acc: 0.5036, dev_loss: 1.0457, dev_acc: 0.4425, time: 1.0
2025-08-08 08:06:04,150 - root - Epoch 38: train_loss: 1.0189, train_acc: 0.5036, dev_loss: 1.0457, dev_acc: 0.4425, time: 1.0
2025-08-08 08:06:05,168 - root - Epoch 39: train_loss: 1.0202, train_acc: 0.5022, dev_loss: 1.0457, dev_acc: 0.4425, time: 1.0
2025-08-08 08:06:06,183 - root - Epoch 40: train_loss: 1.0214, train_acc: 0.5022, dev_loss: 1.0457, dev_acc: 0.4425, time: 1.0
2025-08-08 08:06:07,201 - root - Epoch 41: train_loss: 1.0211, train_acc: 0.5036, dev_loss: 1.0457, dev_acc: 0.4425, time: 1.0
2025-08-08 08:06:08,216 - root - Epoch 42: train_loss: 1.0201, train_acc: 0.5036, dev_loss: 1.0457, dev_acc: 0.4425, time: 1.0
2025-08-08 08:06:09,232 - root - Epoch 43: train_loss: 1.0203, train_acc: 0.5036, dev_loss: 1.0457, dev_acc: 0.4425, time: 1.0
2025-08-08 08:06:10,243 - root - Epoch 44: train_loss: 1.0202, train_acc: 0.5036, dev_loss: 1.0458, dev_acc: 0.4425, time: 1.0
2025-08-08 08:06:11,256 - root - Epoch 45: train_loss: 1.0211, train_acc: 0.5036, dev_loss: 1.0457, dev_acc: 0.4425, time: 1.0
2025-08-08 08:06:12,267 - root - Epoch 46: train_loss: 1.0225, train_acc: 0.5036, dev_loss: 1.0457, dev_acc: 0.4425, time: 1.0
2025-08-08 08:06:13,278 - root - Epoch 47: train_loss: 1.0220, train_acc: 0.5036, dev_loss: 1.0457, dev_acc: 0.4425, time: 1.0
2025-08-08 08:06:14,296 - root - Epoch 48: train_loss: 1.0201, train_acc: 0.5051, dev_loss: 1.0457, dev_acc: 0.4425, time: 1.0
2025-08-08 08:06:15,316 - root - Epoch 49: train_loss: 1.0216, train_acc: 0.5051, dev_loss: 1.0457, dev_acc: 0.4425, time: 1.0
2025-08-08 08:06:16,329 - root - Epoch 50: train_loss: 1.0197, train_acc: 0.5051, dev_loss: 1.0457, dev_acc: 0.4425, time: 1.0
2025-08-08 08:06:17,351 - root - Epoch 51: train_loss: 1.0211, train_acc: 0.5051, dev_loss: 1.0457, dev_acc: 0.4425, time: 1.0
2025-08-08 08:06:18,361 - root - Epoch 52: train_loss: 1.0208, train_acc: 0.5051, dev_loss: 1.0457, dev_acc: 0.4425, time: 1.0
2025-08-08 08:06:19,371 - root - Epoch 53: train_loss: 1.0187, train_acc: 0.5051, dev_loss: 1.0457, dev_acc: 0.4425, time: 1.0
2025-08-08 08:06:19,371 - root - Early Stopped. best_epoch: 3. best_dev_acc: 0.45977011494252873

2025-08-08 08:06:19,623 - root - test_loss: 1.0184822082519531, test_acc: 0.5391705069124424, f1_weighted: 0.4998634779459777
2025-08-08 08:06:19,700 - root - Training on cuda
2025-08-08 08:06:20,716 - root - Epoch 1: train_loss: 1.0324, train_acc: 0.5007, dev_loss: 1.0534, dev_acc: 0.4540, time: 1.0
2025-08-08 08:06:21,732 - root - Epoch 2: train_loss: 1.0333, train_acc: 0.5007, dev_loss: 1.0534, dev_acc: 0.4540, time: 1.0
2025-08-08 08:06:22,743 - root - Epoch 3: train_loss: 1.0334, train_acc: 0.5007, dev_loss: 1.0534, dev_acc: 0.4540, time: 1.0
2025-08-08 08:06:23,756 - root - Epoch 4: train_loss: 1.0330, train_acc: 0.5007, dev_loss: 1.0534, dev_acc: 0.4540, time: 1.0
2025-08-08 08:06:24,768 - root - Epoch 5: train_loss: 1.0330, train_acc: 0.5007, dev_loss: 1.0534, dev_acc: 0.4540, time: 1.0
2025-08-08 08:06:25,770 - root - Epoch 6: train_loss: 1.0320, train_acc: 0.5007, dev_loss: 1.0534, dev_acc: 0.4540, time: 1.0
2025-08-08 08:06:26,770 - root - Epoch 7: train_loss: 1.0333, train_acc: 0.5007, dev_loss: 1.0534, dev_acc: 0.4540, time: 1.0
2025-08-08 08:06:27,769 - root - Epoch 8: train_loss: 1.0330, train_acc: 0.5007, dev_loss: 1.0533, dev_acc: 0.4540, time: 1.0
2025-08-08 08:06:28,771 - root - Epoch 9: train_loss: 1.0347, train_acc: 0.5007, dev_loss: 1.0533, dev_acc: 0.4540, time: 1.0
2025-08-08 08:06:29,782 - root - Epoch 10: train_loss: 1.0348, train_acc: 0.5007, dev_loss: 1.0533, dev_acc: 0.4540, time: 1.0
2025-08-08 08:06:30,789 - root - Epoch 11: train_loss: 1.0331, train_acc: 0.5007, dev_loss: 1.0533, dev_acc: 0.4540, time: 1.0
2025-08-08 08:06:31,784 - root - Epoch 12: train_loss: 1.0319, train_acc: 0.5007, dev_loss: 1.0533, dev_acc: 0.4540, time: 1.0
2025-08-08 08:06:32,775 - root - Epoch 13: train_loss: 1.0362, train_acc: 0.5007, dev_loss: 1.0533, dev_acc: 0.4540, time: 1.0
2025-08-08 08:06:33,772 - root - Epoch 14: train_loss: 1.0327, train_acc: 0.5007, dev_loss: 1.0533, dev_acc: 0.4540, time: 1.0
2025-08-08 08:06:34,774 - root - Epoch 15: train_loss: 1.0330, train_acc: 0.5007, dev_loss: 1.0533, dev_acc: 0.4540, time: 1.0
2025-08-08 08:06:35,774 - root - Epoch 16: train_loss: 1.0346, train_acc: 0.5007, dev_loss: 1.0533, dev_acc: 0.4540, time: 1.0
2025-08-08 08:06:36,788 - root - Epoch 17: train_loss: 1.0339, train_acc: 0.5007, dev_loss: 1.0533, dev_acc: 0.4540, time: 1.0
2025-08-08 08:06:37,794 - root - Epoch 18: train_loss: 1.0334, train_acc: 0.5007, dev_loss: 1.0533, dev_acc: 0.4540, time: 1.0
2025-08-08 08:06:38,804 - root - Epoch 19: train_loss: 1.0339, train_acc: 0.5007, dev_loss: 1.0533, dev_acc: 0.4540, time: 1.0
2025-08-08 08:06:39,813 - root - Epoch 20: train_loss: 1.0315, train_acc: 0.5007, dev_loss: 1.0533, dev_acc: 0.4540, time: 1.0
2025-08-08 08:06:40,808 - root - Epoch 21: train_loss: 1.0345, train_acc: 0.5007, dev_loss: 1.0533, dev_acc: 0.4540, time: 1.0
2025-08-08 08:06:41,808 - root - Epoch 22: train_loss: 1.0341, train_acc: 0.5007, dev_loss: 1.0533, dev_acc: 0.4540, time: 1.0
2025-08-08 08:06:42,820 - root - Epoch 23: train_loss: 1.0323, train_acc: 0.5007, dev_loss: 1.0533, dev_acc: 0.4540, time: 1.0
2025-08-08 08:06:43,828 - root - Epoch 24: train_loss: 1.0339, train_acc: 0.5007, dev_loss: 1.0533, dev_acc: 0.4540, time: 1.0
2025-08-08 08:06:44,832 - root - Epoch 25: train_loss: 1.0333, train_acc: 0.5007, dev_loss: 1.0533, dev_acc: 0.4540, time: 1.0
2025-08-08 08:06:45,843 - root - Epoch 26: train_loss: 1.0315, train_acc: 0.5007, dev_loss: 1.0533, dev_acc: 0.4540, time: 1.0
2025-08-08 08:06:46,857 - root - Epoch 27: train_loss: 1.0343, train_acc: 0.5007, dev_loss: 1.0533, dev_acc: 0.4598, time: 1.0
2025-08-08 08:06:47,874 - root - Epoch 28: train_loss: 1.0341, train_acc: 0.5007, dev_loss: 1.0533, dev_acc: 0.4598, time: 1.0
2025-08-08 08:06:48,885 - root - Epoch 29: train_loss: 1.0330, train_acc: 0.5007, dev_loss: 1.0533, dev_acc: 0.4598, time: 1.0
2025-08-08 08:06:49,897 - root - Epoch 30: train_loss: 1.0330, train_acc: 0.5007, dev_loss: 1.0533, dev_acc: 0.4598, time: 1.0
2025-08-08 08:06:50,915 - root - Epoch 31: train_loss: 1.0331, train_acc: 0.5007, dev_loss: 1.0533, dev_acc: 0.4598, time: 1.0
2025-08-08 08:06:51,926 - root - Epoch 32: train_loss: 1.0338, train_acc: 0.5007, dev_loss: 1.0533, dev_acc: 0.4598, time: 1.0
2025-08-08 08:06:52,943 - root - Epoch 33: train_loss: 1.0345, train_acc: 0.5007, dev_loss: 1.0533, dev_acc: 0.4598, time: 1.0
2025-08-08 08:06:53,959 - root - Epoch 34: train_loss: 1.0318, train_acc: 0.5007, dev_loss: 1.0533, dev_acc: 0.4598, time: 1.0
2025-08-08 08:06:54,952 - root - Epoch 35: train_loss: 1.0344, train_acc: 0.5007, dev_loss: 1.0533, dev_acc: 0.4598, time: 1.0
2025-08-08 08:06:55,963 - root - Epoch 36: train_loss: 1.0342, train_acc: 0.5007, dev_loss: 1.0533, dev_acc: 0.4598, time: 1.0
2025-08-08 08:06:56,981 - root - Epoch 37: train_loss: 1.0346, train_acc: 0.5007, dev_loss: 1.0533, dev_acc: 0.4598, time: 1.0
2025-08-08 08:06:57,992 - root - Epoch 38: train_loss: 1.0314, train_acc: 0.5007, dev_loss: 1.0533, dev_acc: 0.4598, time: 1.0
2025-08-08 08:06:59,003 - root - Epoch 39: train_loss: 1.0332, train_acc: 0.5007, dev_loss: 1.0533, dev_acc: 0.4598, time: 1.0
2025-08-08 08:07:00,015 - root - Epoch 40: train_loss: 1.0336, train_acc: 0.5007, dev_loss: 1.0533, dev_acc: 0.4598, time: 1.0
2025-08-08 08:07:01,023 - root - Epoch 41: train_loss: 1.0332, train_acc: 0.5007, dev_loss: 1.0533, dev_acc: 0.4598, time: 1.0
2025-08-08 08:07:02,032 - root - Epoch 42: train_loss: 1.0348, train_acc: 0.5007, dev_loss: 1.0533, dev_acc: 0.4598, time: 1.0
2025-08-08 08:07:03,047 - root - Epoch 43: train_loss: 1.0330, train_acc: 0.5007, dev_loss: 1.0533, dev_acc: 0.4598, time: 1.0
2025-08-08 08:07:04,065 - root - Epoch 44: train_loss: 1.0337, train_acc: 0.5007, dev_loss: 1.0533, dev_acc: 0.4598, time: 1.0
2025-08-08 08:07:05,069 - root - Epoch 45: train_loss: 1.0321, train_acc: 0.5007, dev_loss: 1.0533, dev_acc: 0.4598, time: 1.0
2025-08-08 08:07:06,083 - root - Epoch 46: train_loss: 1.0349, train_acc: 0.5007, dev_loss: 1.0533, dev_acc: 0.4598, time: 1.0
2025-08-08 08:07:07,094 - root - Epoch 47: train_loss: 1.0328, train_acc: 0.5007, dev_loss: 1.0533, dev_acc: 0.4598, time: 1.0
2025-08-08 08:07:08,105 - root - Epoch 48: train_loss: 1.0343, train_acc: 0.5007, dev_loss: 1.0533, dev_acc: 0.4598, time: 1.0
2025-08-08 08:07:09,118 - root - Epoch 49: train_loss: 1.0345, train_acc: 0.5007, dev_loss: 1.0533, dev_acc: 0.4598, time: 1.0
2025-08-08 08:07:10,125 - root - Epoch 50: train_loss: 1.0322, train_acc: 0.5007, dev_loss: 1.0533, dev_acc: 0.4598, time: 1.0
2025-08-08 08:07:11,131 - root - Epoch 51: train_loss: 1.0330, train_acc: 0.5007, dev_loss: 1.0533, dev_acc: 0.4598, time: 1.0
2025-08-08 08:07:12,145 - root - Epoch 52: train_loss: 1.0337, train_acc: 0.5007, dev_loss: 1.0533, dev_acc: 0.4598, time: 1.0
2025-08-08 08:07:13,156 - root - Epoch 53: train_loss: 1.0332, train_acc: 0.5007, dev_loss: 1.0533, dev_acc: 0.4598, time: 1.0
2025-08-08 08:07:14,171 - root - Epoch 54: train_loss: 1.0326, train_acc: 0.5007, dev_loss: 1.0533, dev_acc: 0.4598, time: 1.0
2025-08-08 08:07:15,182 - root - Epoch 55: train_loss: 1.0327, train_acc: 0.5007, dev_loss: 1.0533, dev_acc: 0.4598, time: 1.0
2025-08-08 08:07:16,196 - root - Epoch 56: train_loss: 1.0349, train_acc: 0.5007, dev_loss: 1.0533, dev_acc: 0.4598, time: 1.0
2025-08-08 08:07:17,209 - root - Epoch 57: train_loss: 1.0351, train_acc: 0.5007, dev_loss: 1.0533, dev_acc: 0.4598, time: 1.0
2025-08-08 08:07:18,222 - root - Epoch 58: train_loss: 1.0317, train_acc: 0.5007, dev_loss: 1.0533, dev_acc: 0.4598, time: 1.0
2025-08-08 08:07:19,234 - root - Epoch 59: train_loss: 1.0337, train_acc: 0.5007, dev_loss: 1.0533, dev_acc: 0.4598, time: 1.0
2025-08-08 08:07:20,245 - root - Epoch 60: train_loss: 1.0322, train_acc: 0.5007, dev_loss: 1.0533, dev_acc: 0.4598, time: 1.0
2025-08-08 08:07:21,254 - root - Epoch 61: train_loss: 1.0326, train_acc: 0.5007, dev_loss: 1.0533, dev_acc: 0.4598, time: 1.0
2025-08-08 08:07:22,267 - root - Epoch 62: train_loss: 1.0343, train_acc: 0.5007, dev_loss: 1.0533, dev_acc: 0.4598, time: 1.0
2025-08-08 08:07:23,285 - root - Epoch 63: train_loss: 1.0344, train_acc: 0.5007, dev_loss: 1.0533, dev_acc: 0.4598, time: 1.0
2025-08-08 08:07:24,304 - root - Epoch 64: train_loss: 1.0331, train_acc: 0.5007, dev_loss: 1.0533, dev_acc: 0.4598, time: 1.0
2025-08-08 08:07:25,317 - root - Epoch 65: train_loss: 1.0311, train_acc: 0.5007, dev_loss: 1.0533, dev_acc: 0.4598, time: 1.0
2025-08-08 08:07:26,333 - root - Epoch 66: train_loss: 1.0332, train_acc: 0.5007, dev_loss: 1.0533, dev_acc: 0.4598, time: 1.0
2025-08-08 08:07:27,346 - root - Epoch 67: train_loss: 1.0337, train_acc: 0.5007, dev_loss: 1.0533, dev_acc: 0.4598, time: 1.0
2025-08-08 08:07:28,360 - root - Epoch 68: train_loss: 1.0343, train_acc: 0.5007, dev_loss: 1.0533, dev_acc: 0.4598, time: 1.0
2025-08-08 08:07:29,379 - root - Epoch 69: train_loss: 1.0340, train_acc: 0.5007, dev_loss: 1.0533, dev_acc: 0.4598, time: 1.0
2025-08-08 08:07:30,391 - root - Epoch 70: train_loss: 1.0345, train_acc: 0.5007, dev_loss: 1.0533, dev_acc: 0.4598, time: 1.0
2025-08-08 08:07:31,399 - root - Epoch 71: train_loss: 1.0342, train_acc: 0.5007, dev_loss: 1.0533, dev_acc: 0.4598, time: 1.0
2025-08-08 08:07:32,413 - root - Epoch 72: train_loss: 1.0340, train_acc: 0.5007, dev_loss: 1.0533, dev_acc: 0.4598, time: 1.0
2025-08-08 08:07:33,422 - root - Epoch 73: train_loss: 1.0319, train_acc: 0.5007, dev_loss: 1.0533, dev_acc: 0.4598, time: 1.0
2025-08-08 08:07:34,431 - root - Epoch 74: train_loss: 1.0345, train_acc: 0.5007, dev_loss: 1.0533, dev_acc: 0.4598, time: 1.0
2025-08-08 08:07:35,443 - root - Epoch 75: train_loss: 1.0327, train_acc: 0.5007, dev_loss: 1.0533, dev_acc: 0.4598, time: 1.0
2025-08-08 08:07:36,453 - root - Epoch 76: train_loss: 1.0336, train_acc: 0.5007, dev_loss: 1.0533, dev_acc: 0.4598, time: 1.0
2025-08-08 08:07:37,462 - root - Epoch 77: train_loss: 1.0334, train_acc: 0.5007, dev_loss: 1.0533, dev_acc: 0.4598, time: 1.0
2025-08-08 08:07:37,463 - root - Early Stopped. best_epoch: 27. best_dev_acc: 0.45977011494252873

2025-08-08 08:07:37,716 - root - test_loss: 1.0323864221572876, test_acc: 0.4838709677419355, f1_weighted: 0.4162891139277277
2025-08-08 08:07:37,797 - root - Training on cuda
2025-08-08 08:07:38,818 - root - Epoch 1: train_loss: 1.0315, train_acc: 0.4964, dev_loss: 1.0616, dev_acc: 0.4598, time: 1.0
2025-08-08 08:07:39,842 - root - Epoch 2: train_loss: 1.0309, train_acc: 0.4964, dev_loss: 1.0616, dev_acc: 0.4598, time: 1.0
2025-08-08 08:07:40,858 - root - Epoch 3: train_loss: 1.0336, train_acc: 0.4964, dev_loss: 1.0616, dev_acc: 0.4598, time: 1.0
2025-08-08 08:07:41,875 - root - Epoch 4: train_loss: 1.0309, train_acc: 0.4964, dev_loss: 1.0616, dev_acc: 0.4598, time: 1.0
2025-08-08 08:07:42,891 - root - Epoch 5: train_loss: 1.0319, train_acc: 0.4964, dev_loss: 1.0616, dev_acc: 0.4598, time: 1.0
2025-08-08 08:07:43,904 - root - Epoch 6: train_loss: 1.0294, train_acc: 0.4964, dev_loss: 1.0616, dev_acc: 0.4598, time: 1.0
2025-08-08 08:07:44,919 - root - Epoch 7: train_loss: 1.0308, train_acc: 0.4964, dev_loss: 1.0616, dev_acc: 0.4598, time: 1.0
2025-08-08 08:07:45,934 - root - Epoch 8: train_loss: 1.0309, train_acc: 0.4964, dev_loss: 1.0616, dev_acc: 0.4598, time: 1.0
2025-08-08 08:07:46,944 - root - Epoch 9: train_loss: 1.0334, train_acc: 0.4964, dev_loss: 1.0616, dev_acc: 0.4598, time: 1.0
2025-08-08 08:07:47,963 - root - Epoch 10: train_loss: 1.0327, train_acc: 0.4964, dev_loss: 1.0616, dev_acc: 0.4598, time: 1.0
2025-08-08 08:07:48,981 - root - Epoch 11: train_loss: 1.0310, train_acc: 0.4964, dev_loss: 1.0616, dev_acc: 0.4598, time: 1.0
2025-08-08 08:07:49,987 - root - Epoch 12: train_loss: 1.0330, train_acc: 0.4964, dev_loss: 1.0616, dev_acc: 0.4598, time: 1.0
2025-08-08 08:07:51,005 - root - Epoch 13: train_loss: 1.0320, train_acc: 0.4964, dev_loss: 1.0616, dev_acc: 0.4598, time: 1.0
2025-08-08 08:07:52,016 - root - Epoch 14: train_loss: 1.0338, train_acc: 0.4964, dev_loss: 1.0616, dev_acc: 0.4598, time: 1.0
2025-08-08 08:07:53,025 - root - Epoch 15: train_loss: 1.0315, train_acc: 0.4964, dev_loss: 1.0616, dev_acc: 0.4598, time: 1.0
2025-08-08 08:07:54,042 - root - Epoch 16: train_loss: 1.0321, train_acc: 0.4964, dev_loss: 1.0616, dev_acc: 0.4598, time: 1.0
2025-08-08 08:07:55,054 - root - Epoch 17: train_loss: 1.0317, train_acc: 0.4964, dev_loss: 1.0616, dev_acc: 0.4598, time: 1.0
2025-08-08 08:07:56,065 - root - Epoch 18: train_loss: 1.0332, train_acc: 0.4964, dev_loss: 1.0616, dev_acc: 0.4598, time: 1.0
2025-08-08 08:07:57,080 - root - Epoch 19: train_loss: 1.0304, train_acc: 0.4964, dev_loss: 1.0616, dev_acc: 0.4598, time: 1.0
2025-08-08 08:07:58,100 - root - Epoch 20: train_loss: 1.0318, train_acc: 0.4964, dev_loss: 1.0616, dev_acc: 0.4598, time: 1.0
2025-08-08 08:07:59,116 - root - Epoch 21: train_loss: 1.0318, train_acc: 0.4964, dev_loss: 1.0616, dev_acc: 0.4598, time: 1.0
2025-08-08 08:08:00,127 - root - Epoch 22: train_loss: 1.0325, train_acc: 0.4964, dev_loss: 1.0616, dev_acc: 0.4598, time: 1.0
2025-08-08 08:08:01,145 - root - Epoch 23: train_loss: 1.0308, train_acc: 0.4964, dev_loss: 1.0616, dev_acc: 0.4598, time: 1.0
2025-08-08 08:08:02,158 - root - Epoch 24: train_loss: 1.0302, train_acc: 0.4964, dev_loss: 1.0616, dev_acc: 0.4598, time: 1.0
2025-08-08 08:08:03,167 - root - Epoch 25: train_loss: 1.0309, train_acc: 0.4964, dev_loss: 1.0616, dev_acc: 0.4598, time: 1.0
2025-08-08 08:08:04,183 - root - Epoch 26: train_loss: 1.0313, train_acc: 0.4964, dev_loss: 1.0616, dev_acc: 0.4598, time: 1.0
2025-08-08 08:08:05,198 - root - Epoch 27: train_loss: 1.0300, train_acc: 0.4964, dev_loss: 1.0616, dev_acc: 0.4598, time: 1.0
2025-08-08 08:08:06,225 - root - Epoch 28: train_loss: 1.0302, train_acc: 0.4964, dev_loss: 1.0616, dev_acc: 0.4598, time: 1.0
2025-08-08 08:08:07,247 - root - Epoch 29: train_loss: 1.0319, train_acc: 0.4964, dev_loss: 1.0616, dev_acc: 0.4598, time: 1.0
2025-08-08 08:08:08,271 - root - Epoch 30: train_loss: 1.0317, train_acc: 0.4964, dev_loss: 1.0616, dev_acc: 0.4598, time: 1.0
2025-08-08 08:08:09,287 - root - Epoch 31: train_loss: 1.0303, train_acc: 0.4964, dev_loss: 1.0616, dev_acc: 0.4598, time: 1.0
2025-08-08 08:08:10,301 - root - Epoch 32: train_loss: 1.0300, train_acc: 0.4964, dev_loss: 1.0616, dev_acc: 0.4598, time: 1.0
2025-08-08 08:08:11,316 - root - Epoch 33: train_loss: 1.0311, train_acc: 0.4964, dev_loss: 1.0616, dev_acc: 0.4598, time: 1.0
2025-08-08 08:08:12,323 - root - Epoch 34: train_loss: 1.0320, train_acc: 0.4964, dev_loss: 1.0616, dev_acc: 0.4598, time: 1.0
2025-08-08 08:08:13,345 - root - Epoch 35: train_loss: 1.0304, train_acc: 0.4964, dev_loss: 1.0616, dev_acc: 0.4598, time: 1.0
2025-08-08 08:08:14,361 - root - Epoch 36: train_loss: 1.0314, train_acc: 0.4964, dev_loss: 1.0616, dev_acc: 0.4598, time: 1.0
2025-08-08 08:08:15,378 - root - Epoch 37: train_loss: 1.0304, train_acc: 0.4964, dev_loss: 1.0616, dev_acc: 0.4598, time: 1.0
2025-08-08 08:08:16,389 - root - Epoch 38: train_loss: 1.0311, train_acc: 0.4964, dev_loss: 1.0616, dev_acc: 0.4598, time: 1.0
2025-08-08 08:08:17,395 - root - Epoch 39: train_loss: 1.0305, train_acc: 0.4964, dev_loss: 1.0616, dev_acc: 0.4598, time: 1.0
2025-08-08 08:08:18,414 - root - Epoch 40: train_loss: 1.0316, train_acc: 0.4964, dev_loss: 1.0616, dev_acc: 0.4598, time: 1.0
2025-08-08 08:08:19,425 - root - Epoch 41: train_loss: 1.0313, train_acc: 0.4964, dev_loss: 1.0616, dev_acc: 0.4598, time: 1.0
2025-08-08 08:08:20,436 - root - Epoch 42: train_loss: 1.0300, train_acc: 0.4964, dev_loss: 1.0616, dev_acc: 0.4598, time: 1.0
2025-08-08 08:08:21,454 - root - Epoch 43: train_loss: 1.0302, train_acc: 0.4964, dev_loss: 1.0616, dev_acc: 0.4598, time: 1.0
2025-08-08 08:08:22,465 - root - Epoch 44: train_loss: 1.0314, train_acc: 0.4964, dev_loss: 1.0616, dev_acc: 0.4598, time: 1.0
2025-08-08 08:08:23,482 - root - Epoch 45: train_loss: 1.0320, train_acc: 0.4964, dev_loss: 1.0616, dev_acc: 0.4598, time: 1.0
2025-08-08 08:08:24,491 - root - Epoch 46: train_loss: 1.0323, train_acc: 0.4964, dev_loss: 1.0616, dev_acc: 0.4598, time: 1.0
2025-08-08 08:08:25,501 - root - Epoch 47: train_loss: 1.0318, train_acc: 0.4964, dev_loss: 1.0616, dev_acc: 0.4598, time: 1.0
2025-08-08 08:08:26,507 - root - Epoch 48: train_loss: 1.0306, train_acc: 0.4964, dev_loss: 1.0616, dev_acc: 0.4598, time: 1.0
2025-08-08 08:08:27,513 - root - Epoch 49: train_loss: 1.0320, train_acc: 0.4964, dev_loss: 1.0616, dev_acc: 0.4598, time: 1.0
2025-08-08 08:08:28,535 - root - Epoch 50: train_loss: 1.0325, train_acc: 0.4964, dev_loss: 1.0616, dev_acc: 0.4598, time: 1.0
2025-08-08 08:08:29,541 - root - Epoch 51: train_loss: 1.0312, train_acc: 0.4964, dev_loss: 1.0616, dev_acc: 0.4598, time: 1.0
2025-08-08 08:08:29,541 - root - Early Stopped. best_epoch: 1. best_dev_acc: 0.45977011494252873

2025-08-08 08:08:29,794 - root - test_loss: 1.0360336303710938, test_acc: 0.4976958525345622, f1_weighted: 0.4646595526299404
2025-08-08 08:08:29,872 - root - Training on cuda
2025-08-08 08:08:30,877 - root - Epoch 1: train_loss: 1.0346, train_acc: 0.4986, dev_loss: 1.0518, dev_acc: 0.4770, time: 1.0
2025-08-08 08:08:31,896 - root - Epoch 2: train_loss: 1.0359, train_acc: 0.4986, dev_loss: 1.0518, dev_acc: 0.4770, time: 1.0
2025-08-08 08:08:32,905 - root - Epoch 3: train_loss: 1.0358, train_acc: 0.4986, dev_loss: 1.0518, dev_acc: 0.4770, time: 1.0
2025-08-08 08:08:33,916 - root - Epoch 4: train_loss: 1.0351, train_acc: 0.4986, dev_loss: 1.0518, dev_acc: 0.4770, time: 1.0
2025-08-08 08:08:34,923 - root - Epoch 5: train_loss: 1.0348, train_acc: 0.4986, dev_loss: 1.0518, dev_acc: 0.4770, time: 1.0
2025-08-08 08:08:35,922 - root - Epoch 6: train_loss: 1.0325, train_acc: 0.4986, dev_loss: 1.0518, dev_acc: 0.4770, time: 1.0
2025-08-08 08:08:36,939 - root - Epoch 7: train_loss: 1.0359, train_acc: 0.4986, dev_loss: 1.0518, dev_acc: 0.4770, time: 1.0
2025-08-08 08:08:37,945 - root - Epoch 8: train_loss: 1.0359, train_acc: 0.4986, dev_loss: 1.0518, dev_acc: 0.4770, time: 1.0
2025-08-08 08:08:38,960 - root - Epoch 9: train_loss: 1.0347, train_acc: 0.4986, dev_loss: 1.0518, dev_acc: 0.4770, time: 1.0
2025-08-08 08:08:39,945 - root - Epoch 10: train_loss: 1.0345, train_acc: 0.4986, dev_loss: 1.0518, dev_acc: 0.4770, time: 1.0
2025-08-08 08:08:40,960 - root - Epoch 11: train_loss: 1.0337, train_acc: 0.4986, dev_loss: 1.0518, dev_acc: 0.4770, time: 1.0
2025-08-08 08:08:41,978 - root - Epoch 12: train_loss: 1.0351, train_acc: 0.4986, dev_loss: 1.0518, dev_acc: 0.4770, time: 1.0
2025-08-08 08:08:42,981 - root - Epoch 13: train_loss: 1.0364, train_acc: 0.4986, dev_loss: 1.0518, dev_acc: 0.4770, time: 1.0
2025-08-08 08:08:44,000 - root - Epoch 14: train_loss: 1.0349, train_acc: 0.4986, dev_loss: 1.0518, dev_acc: 0.4770, time: 1.0
2025-08-08 08:08:45,006 - root - Epoch 15: train_loss: 1.0359, train_acc: 0.4986, dev_loss: 1.0518, dev_acc: 0.4770, time: 1.0
2025-08-08 08:08:46,017 - root - Epoch 16: train_loss: 1.0340, train_acc: 0.4986, dev_loss: 1.0518, dev_acc: 0.4770, time: 1.0
2025-08-08 08:08:47,021 - root - Epoch 17: train_loss: 1.0335, train_acc: 0.4986, dev_loss: 1.0518, dev_acc: 0.4770, time: 1.0
2025-08-08 08:08:48,029 - root - Epoch 18: train_loss: 1.0345, train_acc: 0.4986, dev_loss: 1.0518, dev_acc: 0.4770, time: 1.0
2025-08-08 08:08:49,028 - root - Epoch 19: train_loss: 1.0354, train_acc: 0.4986, dev_loss: 1.0518, dev_acc: 0.4770, time: 1.0
2025-08-08 08:08:50,032 - root - Epoch 20: train_loss: 1.0346, train_acc: 0.4986, dev_loss: 1.0518, dev_acc: 0.4770, time: 1.0
2025-08-08 08:08:51,043 - root - Epoch 21: train_loss: 1.0334, train_acc: 0.4986, dev_loss: 1.0518, dev_acc: 0.4770, time: 1.0
2025-08-08 08:08:52,054 - root - Epoch 22: train_loss: 1.0341, train_acc: 0.4986, dev_loss: 1.0518, dev_acc: 0.4770, time: 1.0
2025-08-08 08:08:53,060 - root - Epoch 23: train_loss: 1.0345, train_acc: 0.4986, dev_loss: 1.0518, dev_acc: 0.4770, time: 1.0
2025-08-08 08:08:54,073 - root - Epoch 24: train_loss: 1.0360, train_acc: 0.4986, dev_loss: 1.0518, dev_acc: 0.4770, time: 1.0
2025-08-08 08:08:55,084 - root - Epoch 25: train_loss: 1.0345, train_acc: 0.4986, dev_loss: 1.0518, dev_acc: 0.4770, time: 1.0
2025-08-08 08:08:56,097 - root - Epoch 26: train_loss: 1.0355, train_acc: 0.4986, dev_loss: 1.0518, dev_acc: 0.4770, time: 1.0
2025-08-08 08:08:57,105 - root - Epoch 27: train_loss: 1.0372, train_acc: 0.4986, dev_loss: 1.0518, dev_acc: 0.4770, time: 1.0
2025-08-08 08:08:58,104 - root - Epoch 28: train_loss: 1.0338, train_acc: 0.4986, dev_loss: 1.0518, dev_acc: 0.4770, time: 1.0
2025-08-08 08:08:59,113 - root - Epoch 29: train_loss: 1.0360, train_acc: 0.4986, dev_loss: 1.0518, dev_acc: 0.4770, time: 1.0
2025-08-08 08:09:00,114 - root - Epoch 30: train_loss: 1.0336, train_acc: 0.4986, dev_loss: 1.0518, dev_acc: 0.4770, time: 1.0
2025-08-08 08:09:01,122 - root - Epoch 31: train_loss: 1.0356, train_acc: 0.4986, dev_loss: 1.0518, dev_acc: 0.4770, time: 1.0
2025-08-08 08:09:02,132 - root - Epoch 32: train_loss: 1.0374, train_acc: 0.4986, dev_loss: 1.0518, dev_acc: 0.4770, time: 1.0
2025-08-08 08:09:03,149 - root - Epoch 33: train_loss: 1.0348, train_acc: 0.4986, dev_loss: 1.0518, dev_acc: 0.4770, time: 1.0
2025-08-08 08:09:04,162 - root - Epoch 34: train_loss: 1.0357, train_acc: 0.4986, dev_loss: 1.0518, dev_acc: 0.4770, time: 1.0
2025-08-08 08:09:05,172 - root - Epoch 35: train_loss: 1.0349, train_acc: 0.4986, dev_loss: 1.0518, dev_acc: 0.4770, time: 1.0
2025-08-08 08:09:06,179 - root - Epoch 36: train_loss: 1.0354, train_acc: 0.4986, dev_loss: 1.0518, dev_acc: 0.4770, time: 1.0
2025-08-08 08:09:07,192 - root - Epoch 37: train_loss: 1.0363, train_acc: 0.4986, dev_loss: 1.0518, dev_acc: 0.4770, time: 1.0
2025-08-08 08:09:08,195 - root - Epoch 38: train_loss: 1.0336, train_acc: 0.4986, dev_loss: 1.0518, dev_acc: 0.4770, time: 1.0
2025-08-08 08:09:09,206 - root - Epoch 39: train_loss: 1.0346, train_acc: 0.4986, dev_loss: 1.0518, dev_acc: 0.4770, time: 1.0
2025-08-08 08:09:10,221 - root - Epoch 40: train_loss: 1.0338, train_acc: 0.4986, dev_loss: 1.0518, dev_acc: 0.4770, time: 1.0
2025-08-08 08:09:11,230 - root - Epoch 41: train_loss: 1.0345, train_acc: 0.4986, dev_loss: 1.0518, dev_acc: 0.4770, time: 1.0
2025-08-08 08:09:12,238 - root - Epoch 42: train_loss: 1.0355, train_acc: 0.4986, dev_loss: 1.0518, dev_acc: 0.4770, time: 1.0
2025-08-08 08:09:13,249 - root - Epoch 43: train_loss: 1.0330, train_acc: 0.4986, dev_loss: 1.0518, dev_acc: 0.4770, time: 1.0
2025-08-08 08:09:14,259 - root - Epoch 44: train_loss: 1.0339, train_acc: 0.4986, dev_loss: 1.0518, dev_acc: 0.4770, time: 1.0
2025-08-08 08:09:15,275 - root - Epoch 45: train_loss: 1.0353, train_acc: 0.4986, dev_loss: 1.0518, dev_acc: 0.4770, time: 1.0
2025-08-08 08:09:16,288 - root - Epoch 46: train_loss: 1.0348, train_acc: 0.4986, dev_loss: 1.0518, dev_acc: 0.4770, time: 1.0
2025-08-08 08:09:17,303 - root - Epoch 47: train_loss: 1.0345, train_acc: 0.4986, dev_loss: 1.0518, dev_acc: 0.4770, time: 1.0
2025-08-08 08:09:18,316 - root - Epoch 48: train_loss: 1.0346, train_acc: 0.4986, dev_loss: 1.0518, dev_acc: 0.4770, time: 1.0
2025-08-08 08:09:19,335 - root - Epoch 49: train_loss: 1.0365, train_acc: 0.4986, dev_loss: 1.0518, dev_acc: 0.4770, time: 1.0
2025-08-08 08:09:20,343 - root - Epoch 50: train_loss: 1.0348, train_acc: 0.4986, dev_loss: 1.0518, dev_acc: 0.4770, time: 1.0
2025-08-08 08:09:21,355 - root - Epoch 51: train_loss: 1.0358, train_acc: 0.4986, dev_loss: 1.0518, dev_acc: 0.4770, time: 1.0
2025-08-08 08:09:21,356 - root - Early Stopped. best_epoch: 1. best_dev_acc: 0.47701149425287354

2025-08-08 08:09:21,610 - root - test_loss: 1.035908579826355, test_acc: 0.47685185185185186, f1_weighted: 0.4318162700515642
2025-08-08 08:11:08,805 - root - 

2025-08-08 08:11:08,805 - root - ==================== Start Training ====================
2025-08-08 08:11:08,805 - root - seed: 2023
2025-08-08 08:11:08,805 - root - model: Model(
  (fc): Sequential(
    (0): Linear(in_features=768, out_features=256, bias=True)
    (1): ReLU()
    (2): Linear(in_features=256, out_features=128, bias=True)
    (3): ReLU()
    (4): Linear(in_features=128, out_features=3, bias=True)
  )
)
2025-08-08 08:11:08,805 - root - batch_size: 32
2025-08-08 08:11:08,805 - root - n_epochs: 1000
2025-08-08 08:11:08,805 - root - lr: 0.001
2025-08-08 08:11:08,805 - root - early_stop: 50
2025-08-08 08:11:08,805 - root - loss_fn: CrossEntropyLoss()
2025-08-08 08:11:08,806 - root - optimizer: Adam (
Parameter Group 0
    amsgrad: False
    betas: (0.9, 0.999)
    capturable: False
    decoupled_weight_decay: False
    differentiable: False
    eps: 1e-08
    foreach: None
    fused: None
    lr: 0.001
    maximize: False
    weight_decay: 0
)
2025-08-08 08:11:08,806 - root - scheduler: <torch.optim.lr_scheduler.ReduceLROnPlateau object at 0x759529081c70>
2025-08-08 08:11:09,620 - root - Training on cuda
2025-08-08 08:24:54,393 - root - 

2025-08-08 08:24:54,393 - root - ==================== Start Training ====================
2025-08-08 08:24:54,394 - root - seed: 2023
2025-08-08 08:24:54,394 - root - model: Model(
  (fc): Sequential(
    (0): Linear(in_features=768, out_features=256, bias=True)
    (1): ReLU()
    (2): Linear(in_features=256, out_features=128, bias=True)
    (3): ReLU()
    (4): Linear(in_features=128, out_features=3, bias=True)
  )
)
2025-08-08 08:24:54,394 - root - batch_size: 32
2025-08-08 08:24:54,394 - root - n_epochs: 1000
2025-08-08 08:24:54,394 - root - lr: 0.001
2025-08-08 08:24:54,394 - root - early_stop: 50
2025-08-08 08:24:54,394 - root - loss_fn: CrossEntropyLoss()
2025-08-08 08:24:54,394 - root - optimizer: Adam (
Parameter Group 0
    amsgrad: False
    betas: (0.9, 0.999)
    capturable: False
    decoupled_weight_decay: False
    differentiable: False
    eps: 1e-08
    foreach: None
    fused: None
    lr: 0.001
    maximize: False
    weight_decay: 0
)
2025-08-08 08:24:54,394 - root - scheduler: <torch.optim.lr_scheduler.ReduceLROnPlateau object at 0x791b13112a90>
2025-08-08 08:24:55,216 - root - Training on cuda
2025-08-08 08:31:28,449 - root - 

2025-08-08 08:31:28,450 - root - ==================== Start Training ====================
2025-08-08 08:31:28,450 - root - seed: 2023
2025-08-08 08:31:28,450 - root - model: Model(
  (fc): Sequential(
    (0): Linear(in_features=768, out_features=256, bias=True)
    (1): ReLU()
    (2): Linear(in_features=256, out_features=128, bias=True)
    (3): ReLU()
    (4): Linear(in_features=128, out_features=3, bias=True)
  )
)
2025-08-08 08:31:28,450 - root - batch_size: 32
2025-08-08 08:31:28,450 - root - n_epochs: 1000
2025-08-08 08:31:28,450 - root - lr: 0.001
2025-08-08 08:31:28,450 - root - early_stop: 50
2025-08-08 08:31:28,450 - root - loss_fn: CrossEntropyLoss()
2025-08-08 08:31:28,450 - root - optimizer: Adam (
Parameter Group 0
    amsgrad: False
    betas: (0.9, 0.999)
    capturable: False
    decoupled_weight_decay: False
    differentiable: False
    eps: 1e-08
    foreach: None
    fused: None
    lr: 0.001
    maximize: False
    weight_decay: 0
)
2025-08-08 08:31:28,450 - root - scheduler: <torch.optim.lr_scheduler.ReduceLROnPlateau object at 0x7d8d85782e50>
2025-08-08 08:31:28,803 - root - Training on cuda
2025-08-08 08:31:30,454 - root - Epoch 1: train_loss: 1.0899, train_acc: 0.4141, dev_loss: 1.0879, dev_acc: 0.4138, time: 1.7
2025-08-08 08:31:31,527 - root - Epoch 2: train_loss: 1.0900, train_acc: 0.4141, dev_loss: 1.0872, dev_acc: 0.4138, time: 1.1
2025-08-08 08:31:32,593 - root - Epoch 3: train_loss: 1.0848, train_acc: 0.4141, dev_loss: 1.0853, dev_acc: 0.4138, time: 1.1
2025-08-08 08:31:33,666 - root - Epoch 4: train_loss: 1.0831, train_acc: 0.4141, dev_loss: 1.0855, dev_acc: 0.4138, time: 1.1
2025-08-08 08:31:34,736 - root - Epoch 5: train_loss: 1.0840, train_acc: 0.4141, dev_loss: 1.1016, dev_acc: 0.4138, time: 1.1
2025-08-08 08:31:35,806 - root - Epoch 6: train_loss: 1.0828, train_acc: 0.4141, dev_loss: 1.0861, dev_acc: 0.4138, time: 1.1
2025-08-08 08:31:36,879 - root - Epoch 7: train_loss: 1.0784, train_acc: 0.4141, dev_loss: 1.0935, dev_acc: 0.4138, time: 1.1
2025-08-08 08:31:37,947 - root - Epoch 8: train_loss: 1.0851, train_acc: 0.4141, dev_loss: 1.0881, dev_acc: 0.4138, time: 1.1
2025-08-08 08:31:39,005 - root - Epoch 9: train_loss: 1.0810, train_acc: 0.4141, dev_loss: 1.0857, dev_acc: 0.4138, time: 1.1
2025-08-08 08:31:40,080 - root - Epoch 10: train_loss: 1.0803, train_acc: 0.4141, dev_loss: 1.0881, dev_acc: 0.4138, time: 1.1
2025-08-08 08:31:41,137 - root - Epoch 11: train_loss: 1.0737, train_acc: 0.4141, dev_loss: 1.0816, dev_acc: 0.4138, time: 1.1
2025-08-08 08:31:42,200 - root - Epoch 12: train_loss: 1.0730, train_acc: 0.4141, dev_loss: 1.0810, dev_acc: 0.4138, time: 1.1
2025-08-08 08:31:43,259 - root - Epoch 13: train_loss: 1.0727, train_acc: 0.4156, dev_loss: 1.0824, dev_acc: 0.4195, time: 1.1
2025-08-08 08:31:44,328 - root - Epoch 14: train_loss: 1.0794, train_acc: 0.4170, dev_loss: 1.0808, dev_acc: 0.4080, time: 1.1
2025-08-08 08:31:45,397 - root - Epoch 15: train_loss: 1.0776, train_acc: 0.4141, dev_loss: 1.0827, dev_acc: 0.3908, time: 1.1
2025-08-08 08:31:46,460 - root - Epoch 16: train_loss: 1.0721, train_acc: 0.4199, dev_loss: 1.0860, dev_acc: 0.4138, time: 1.1
2025-08-08 08:31:47,522 - root - Epoch 17: train_loss: 1.0801, train_acc: 0.3997, dev_loss: 1.0950, dev_acc: 0.4138, time: 1.1
2025-08-08 08:31:48,577 - root - Epoch 18: train_loss: 1.0700, train_acc: 0.4257, dev_loss: 1.0896, dev_acc: 0.4195, time: 1.1
2025-08-08 08:31:49,636 - root - Epoch 19: train_loss: 1.0746, train_acc: 0.4170, dev_loss: 1.0784, dev_acc: 0.4138, time: 1.1
2025-08-08 08:31:50,690 - root - Epoch 20: train_loss: 1.0677, train_acc: 0.4156, dev_loss: 1.0778, dev_acc: 0.4138, time: 1.1
2025-08-08 08:31:51,758 - root - Epoch 21: train_loss: 1.0660, train_acc: 0.4170, dev_loss: 1.1040, dev_acc: 0.4138, time: 1.1
2025-08-08 08:31:52,813 - root - Epoch 22: train_loss: 1.0735, train_acc: 0.4286, dev_loss: 1.0758, dev_acc: 0.3966, time: 1.1
2025-08-08 08:31:53,870 - root - Epoch 23: train_loss: 1.0622, train_acc: 0.4488, dev_loss: 1.0756, dev_acc: 0.4023, time: 1.1
2025-08-08 08:31:54,924 - root - Epoch 24: train_loss: 1.0643, train_acc: 0.4286, dev_loss: 1.0757, dev_acc: 0.3908, time: 1.1
2025-08-08 08:31:55,993 - root - Epoch 25: train_loss: 1.0564, train_acc: 0.4545, dev_loss: 1.0752, dev_acc: 0.3908, time: 1.1
2025-08-08 08:31:57,054 - root - Epoch 26: train_loss: 1.0613, train_acc: 0.4372, dev_loss: 1.0813, dev_acc: 0.3908, time: 1.1
2025-08-08 08:31:58,117 - root - Epoch 27: train_loss: 1.0770, train_acc: 0.4084, dev_loss: 1.0818, dev_acc: 0.4138, time: 1.1
2025-08-08 08:31:59,189 - root - Epoch 28: train_loss: 1.0644, train_acc: 0.4141, dev_loss: 1.0773, dev_acc: 0.4023, time: 1.1
2025-08-08 08:32:00,261 - root - Epoch 29: train_loss: 1.0566, train_acc: 0.4603, dev_loss: 1.0799, dev_acc: 0.3966, time: 1.1
2025-08-08 08:32:01,318 - root - Epoch 30: train_loss: 1.0578, train_acc: 0.4488, dev_loss: 1.0792, dev_acc: 0.3908, time: 1.1
2025-08-08 08:32:02,377 - root - Epoch 31: train_loss: 1.0549, train_acc: 0.4372, dev_loss: 1.1027, dev_acc: 0.3966, time: 1.1
2025-08-08 08:32:03,444 - root - Epoch 32: train_loss: 1.0703, train_acc: 0.4401, dev_loss: 1.0752, dev_acc: 0.4080, time: 1.1
2025-08-08 08:32:04,502 - root - Epoch 33: train_loss: 1.0588, train_acc: 0.4372, dev_loss: 1.0743, dev_acc: 0.3851, time: 1.1
2025-08-08 08:32:05,559 - root - Epoch 34: train_loss: 1.0522, train_acc: 0.4387, dev_loss: 1.0774, dev_acc: 0.4195, time: 1.1
2025-08-08 08:32:06,619 - root - Epoch 35: train_loss: 1.0450, train_acc: 0.4531, dev_loss: 1.0869, dev_acc: 0.3908, time: 1.1
2025-08-08 08:32:07,675 - root - Epoch 36: train_loss: 1.0478, train_acc: 0.4517, dev_loss: 1.0793, dev_acc: 0.4023, time: 1.1
2025-08-08 08:32:08,740 - root - Epoch 37: train_loss: 1.0445, train_acc: 0.4545, dev_loss: 1.0777, dev_acc: 0.4310, time: 1.1
2025-08-08 08:32:09,801 - root - Epoch 38: train_loss: 1.0600, train_acc: 0.4444, dev_loss: 1.0961, dev_acc: 0.3966, time: 1.1
2025-08-08 08:32:10,866 - root - Epoch 39: train_loss: 1.0537, train_acc: 0.4387, dev_loss: 1.0784, dev_acc: 0.3908, time: 1.1
2025-08-08 08:32:11,927 - root - Epoch 40: train_loss: 1.0436, train_acc: 0.4459, dev_loss: 1.0812, dev_acc: 0.4023, time: 1.1
2025-08-08 08:32:12,983 - root - Epoch 41: train_loss: 1.0406, train_acc: 0.4661, dev_loss: 1.0820, dev_acc: 0.4253, time: 1.1
2025-08-08 08:32:14,039 - root - Epoch 42: train_loss: 1.0422, train_acc: 0.4646, dev_loss: 1.0851, dev_acc: 0.4195, time: 1.1
2025-08-08 08:32:15,104 - root - Epoch 43: train_loss: 1.0407, train_acc: 0.4473, dev_loss: 1.0970, dev_acc: 0.4023, time: 1.1
2025-08-08 08:32:16,165 - root - Epoch 44: train_loss: 1.0642, train_acc: 0.4040, dev_loss: 1.1002, dev_acc: 0.3966, time: 1.1
2025-08-08 08:32:17,221 - root - Epoch 45: train_loss: 1.0467, train_acc: 0.4459, dev_loss: 1.0857, dev_acc: 0.4253, time: 1.1
2025-08-08 08:32:18,282 - root - Epoch 46: train_loss: 1.0350, train_acc: 0.4560, dev_loss: 1.0866, dev_acc: 0.4023, time: 1.1
2025-08-08 08:32:19,343 - root - Epoch 47: train_loss: 1.0500, train_acc: 0.4488, dev_loss: 1.0946, dev_acc: 0.4253, time: 1.1
2025-08-08 08:32:20,408 - root - Epoch 48: train_loss: 1.0688, train_acc: 0.4300, dev_loss: 1.0767, dev_acc: 0.4310, time: 1.1
2025-08-08 08:32:21,469 - root - Epoch 49: train_loss: 1.0466, train_acc: 0.4430, dev_loss: 1.0807, dev_acc: 0.4138, time: 1.1
2025-08-08 08:32:22,534 - root - Epoch 50: train_loss: 1.0356, train_acc: 0.4791, dev_loss: 1.0836, dev_acc: 0.4425, time: 1.1
2025-08-08 08:32:23,600 - root - Epoch 51: train_loss: 1.0348, train_acc: 0.4560, dev_loss: 1.0972, dev_acc: 0.3908, time: 1.1
2025-08-08 08:32:24,664 - root - Epoch 52: train_loss: 1.0330, train_acc: 0.4560, dev_loss: 1.0869, dev_acc: 0.4483, time: 1.1
2025-08-08 08:32:25,725 - root - Epoch 53: train_loss: 1.0325, train_acc: 0.4661, dev_loss: 1.0844, dev_acc: 0.4540, time: 1.1
2025-08-08 08:32:26,790 - root - Epoch 54: train_loss: 1.0469, train_acc: 0.4387, dev_loss: 1.1033, dev_acc: 0.4368, time: 1.1
2025-08-08 08:32:27,855 - root - Epoch 55: train_loss: 1.0579, train_acc: 0.4156, dev_loss: 1.0826, dev_acc: 0.4253, time: 1.1
2025-08-08 08:32:28,916 - root - Epoch 56: train_loss: 1.0462, train_acc: 0.4430, dev_loss: 1.0822, dev_acc: 0.4310, time: 1.1
2025-08-08 08:32:29,981 - root - Epoch 57: train_loss: 1.0403, train_acc: 0.4358, dev_loss: 1.0831, dev_acc: 0.4080, time: 1.1
2025-08-08 08:32:31,037 - root - Epoch 58: train_loss: 1.0260, train_acc: 0.4762, dev_loss: 1.0878, dev_acc: 0.4080, time: 1.1
2025-08-08 08:32:32,092 - root - Epoch 59: train_loss: 1.0382, train_acc: 0.4459, dev_loss: 1.0865, dev_acc: 0.4080, time: 1.1
2025-08-08 08:32:33,153 - root - Epoch 60: train_loss: 1.0280, train_acc: 0.4776, dev_loss: 1.0870, dev_acc: 0.4023, time: 1.1
2025-08-08 08:32:34,213 - root - Epoch 61: train_loss: 1.0342, train_acc: 0.4661, dev_loss: 1.1099, dev_acc: 0.3908, time: 1.1
2025-08-08 08:32:35,278 - root - Epoch 62: train_loss: 1.0233, train_acc: 0.4762, dev_loss: 1.0927, dev_acc: 0.4253, time: 1.1
2025-08-08 08:32:36,343 - root - Epoch 63: train_loss: 1.0190, train_acc: 0.4863, dev_loss: 1.0998, dev_acc: 0.4023, time: 1.1
2025-08-08 08:32:37,404 - root - Epoch 64: train_loss: 1.0402, train_acc: 0.4444, dev_loss: 1.0913, dev_acc: 0.4368, time: 1.1
2025-08-08 08:32:38,460 - root - Epoch 65: train_loss: 1.0373, train_acc: 0.4545, dev_loss: 1.0934, dev_acc: 0.4195, time: 1.1
2025-08-08 08:32:39,516 - root - Epoch 66: train_loss: 1.0181, train_acc: 0.4820, dev_loss: 1.1155, dev_acc: 0.3793, time: 1.1
2025-08-08 08:32:40,576 - root - Epoch 67: train_loss: 1.0397, train_acc: 0.4589, dev_loss: 1.0988, dev_acc: 0.4195, time: 1.1
2025-08-08 08:32:41,632 - root - Epoch 68: train_loss: 1.0521, train_acc: 0.4574, dev_loss: 1.0818, dev_acc: 0.4483, time: 1.1
2025-08-08 08:32:42,688 - root - Epoch 69: train_loss: 1.0217, train_acc: 0.5036, dev_loss: 1.0915, dev_acc: 0.4310, time: 1.1
2025-08-08 08:32:43,749 - root - Epoch 70: train_loss: 1.0188, train_acc: 0.4834, dev_loss: 1.1002, dev_acc: 0.4023, time: 1.1
2025-08-08 08:32:44,814 - root - Epoch 71: train_loss: 1.0199, train_acc: 0.4747, dev_loss: 1.0939, dev_acc: 0.4195, time: 1.1
2025-08-08 08:32:45,870 - root - Epoch 72: train_loss: 1.0220, train_acc: 0.4877, dev_loss: 1.1102, dev_acc: 0.4023, time: 1.1
2025-08-08 08:32:46,924 - root - Epoch 73: train_loss: 1.0164, train_acc: 0.4776, dev_loss: 1.0943, dev_acc: 0.4195, time: 1.1
2025-08-08 08:32:47,985 - root - Epoch 74: train_loss: 1.0153, train_acc: 0.4892, dev_loss: 1.0931, dev_acc: 0.4483, time: 1.1
2025-08-08 08:32:49,050 - root - Epoch 75: train_loss: 1.0103, train_acc: 0.5007, dev_loss: 1.0949, dev_acc: 0.4483, time: 1.1
2025-08-08 08:32:50,104 - root - Epoch 76: train_loss: 1.0079, train_acc: 0.4993, dev_loss: 1.1079, dev_acc: 0.4023, time: 1.1
2025-08-08 08:32:51,164 - root - Epoch 77: train_loss: 1.0209, train_acc: 0.4719, dev_loss: 1.0972, dev_acc: 0.4368, time: 1.1
2025-08-08 08:32:52,224 - root - Epoch 78: train_loss: 1.0099, train_acc: 0.4762, dev_loss: 1.1019, dev_acc: 0.3851, time: 1.1
2025-08-08 08:32:53,280 - root - Epoch 79: train_loss: 1.0109, train_acc: 0.4747, dev_loss: 1.1040, dev_acc: 0.4138, time: 1.1
2025-08-08 08:32:54,335 - root - Epoch 80: train_loss: 1.0123, train_acc: 0.4978, dev_loss: 1.1026, dev_acc: 0.4310, time: 1.1
2025-08-08 08:32:55,395 - root - Epoch 81: train_loss: 1.0097, train_acc: 0.4935, dev_loss: 1.1011, dev_acc: 0.4425, time: 1.1
2025-08-08 08:32:56,451 - root - Epoch 82: train_loss: 1.0087, train_acc: 0.4993, dev_loss: 1.1045, dev_acc: 0.4368, time: 1.1
2025-08-08 08:32:57,510 - root - Epoch 83: train_loss: 1.0021, train_acc: 0.5022, dev_loss: 1.1019, dev_acc: 0.4023, time: 1.1
2025-08-08 08:32:58,566 - root - Epoch 84: train_loss: 1.0020, train_acc: 0.4993, dev_loss: 1.1036, dev_acc: 0.4368, time: 1.1
2025-08-08 08:32:59,621 - root - Epoch 85: train_loss: 1.0014, train_acc: 0.4964, dev_loss: 1.1050, dev_acc: 0.4310, time: 1.1
2025-08-08 08:33:00,695 - root - Epoch 86: train_loss: 0.9995, train_acc: 0.5094, dev_loss: 1.1062, dev_acc: 0.4138, time: 1.1
2025-08-08 08:33:01,755 - root - Epoch 87: train_loss: 0.9998, train_acc: 0.5007, dev_loss: 1.1065, dev_acc: 0.4368, time: 1.1
2025-08-08 08:33:02,811 - root - Epoch 88: train_loss: 0.9996, train_acc: 0.5022, dev_loss: 1.1060, dev_acc: 0.3966, time: 1.1
2025-08-08 08:33:03,866 - root - Epoch 89: train_loss: 1.0011, train_acc: 0.4993, dev_loss: 1.1069, dev_acc: 0.3908, time: 1.1
2025-08-08 08:33:04,926 - root - Epoch 90: train_loss: 0.9962, train_acc: 0.5152, dev_loss: 1.1091, dev_acc: 0.4368, time: 1.1
2025-08-08 08:33:05,981 - root - Epoch 91: train_loss: 1.0005, train_acc: 0.4935, dev_loss: 1.1074, dev_acc: 0.4195, time: 1.1
2025-08-08 08:33:07,041 - root - Epoch 92: train_loss: 0.9974, train_acc: 0.5022, dev_loss: 1.1098, dev_acc: 0.4368, time: 1.1
2025-08-08 08:33:08,105 - root - Epoch 93: train_loss: 0.9966, train_acc: 0.5036, dev_loss: 1.1078, dev_acc: 0.4253, time: 1.1
2025-08-08 08:33:09,165 - root - Epoch 94: train_loss: 0.9957, train_acc: 0.5065, dev_loss: 1.1140, dev_acc: 0.4138, time: 1.1
2025-08-08 08:33:10,239 - root - Epoch 95: train_loss: 1.0041, train_acc: 0.4949, dev_loss: 1.1108, dev_acc: 0.3851, time: 1.1
2025-08-08 08:33:11,299 - root - Epoch 96: train_loss: 0.9976, train_acc: 0.5108, dev_loss: 1.1144, dev_acc: 0.4195, time: 1.1
2025-08-08 08:33:12,354 - root - Epoch 97: train_loss: 0.9960, train_acc: 0.5065, dev_loss: 1.1104, dev_acc: 0.4138, time: 1.1
2025-08-08 08:33:13,410 - root - Epoch 98: train_loss: 0.9944, train_acc: 0.5022, dev_loss: 1.1112, dev_acc: 0.4138, time: 1.1
2025-08-08 08:33:14,470 - root - Epoch 99: train_loss: 0.9939, train_acc: 0.4993, dev_loss: 1.1112, dev_acc: 0.4253, time: 1.1
2025-08-08 08:33:15,525 - root - Epoch 100: train_loss: 0.9942, train_acc: 0.4978, dev_loss: 1.1125, dev_acc: 0.4253, time: 1.1
2025-08-08 08:33:16,580 - root - Epoch 101: train_loss: 0.9981, train_acc: 0.5065, dev_loss: 1.1153, dev_acc: 0.4310, time: 1.1
2025-08-08 08:33:17,636 - root - Epoch 102: train_loss: 0.9939, train_acc: 0.4877, dev_loss: 1.1153, dev_acc: 0.4310, time: 1.1
2025-08-08 08:33:18,691 - root - Epoch 103: train_loss: 0.9962, train_acc: 0.5065, dev_loss: 1.1136, dev_acc: 0.4080, time: 1.1
2025-08-08 08:33:18,691 - root - Early Stopped. best_epoch: 53. best_dev_acc: 0.4540229885057471

2025-08-08 08:33:18,979 - root - test_loss: 1.090808391571045, test_acc: 0.4009216589861751, f1_weighted: 0.3563384789365537
2025-08-08 08:33:19,061 - root - Training on cuda
2025-08-08 08:33:20,120 - root - Epoch 1: train_loss: 1.0371, train_acc: 0.4632, dev_loss: 1.0757, dev_acc: 0.4195, time: 1.1
2025-08-08 08:33:21,185 - root - Epoch 2: train_loss: 1.0401, train_acc: 0.4603, dev_loss: 1.0760, dev_acc: 0.4195, time: 1.1
2025-08-08 08:33:22,245 - root - Epoch 3: train_loss: 1.0364, train_acc: 0.4747, dev_loss: 1.0764, dev_acc: 0.4253, time: 1.1
2025-08-08 08:33:23,315 - root - Epoch 4: train_loss: 1.0369, train_acc: 0.4733, dev_loss: 1.0773, dev_acc: 0.4368, time: 1.1
2025-08-08 08:33:24,375 - root - Epoch 5: train_loss: 1.0363, train_acc: 0.4646, dev_loss: 1.0762, dev_acc: 0.4310, time: 1.1
2025-08-08 08:33:25,431 - root - Epoch 6: train_loss: 1.0344, train_acc: 0.4733, dev_loss: 1.0771, dev_acc: 0.4253, time: 1.1
2025-08-08 08:33:26,487 - root - Epoch 7: train_loss: 1.0360, train_acc: 0.4863, dev_loss: 1.0776, dev_acc: 0.4368, time: 1.1
2025-08-08 08:33:27,552 - root - Epoch 8: train_loss: 1.0350, train_acc: 0.4848, dev_loss: 1.0776, dev_acc: 0.4138, time: 1.1
2025-08-08 08:33:28,617 - root - Epoch 9: train_loss: 1.0367, train_acc: 0.4892, dev_loss: 1.0780, dev_acc: 0.4023, time: 1.1
2025-08-08 08:33:29,677 - root - Epoch 10: train_loss: 1.0355, train_acc: 0.4921, dev_loss: 1.0778, dev_acc: 0.3966, time: 1.1
2025-08-08 08:33:30,737 - root - Epoch 11: train_loss: 1.0361, train_acc: 0.4921, dev_loss: 1.0777, dev_acc: 0.4080, time: 1.1
2025-08-08 08:33:31,798 - root - Epoch 12: train_loss: 1.0367, train_acc: 0.4921, dev_loss: 1.0781, dev_acc: 0.4023, time: 1.1
2025-08-08 08:33:32,863 - root - Epoch 13: train_loss: 1.0347, train_acc: 0.4921, dev_loss: 1.0779, dev_acc: 0.4023, time: 1.1
2025-08-08 08:33:33,928 - root - Epoch 14: train_loss: 1.0378, train_acc: 0.4906, dev_loss: 1.0786, dev_acc: 0.3966, time: 1.1
2025-08-08 08:33:34,988 - root - Epoch 15: train_loss: 1.0348, train_acc: 0.4949, dev_loss: 1.0776, dev_acc: 0.4080, time: 1.1
2025-08-08 08:33:36,048 - root - Epoch 16: train_loss: 1.0355, train_acc: 0.4949, dev_loss: 1.0783, dev_acc: 0.3908, time: 1.1
2025-08-08 08:33:37,113 - root - Epoch 17: train_loss: 1.0358, train_acc: 0.4978, dev_loss: 1.0782, dev_acc: 0.4023, time: 1.1
2025-08-08 08:33:38,174 - root - Epoch 18: train_loss: 1.0352, train_acc: 0.4949, dev_loss: 1.0779, dev_acc: 0.4023, time: 1.1
2025-08-08 08:33:39,239 - root - Epoch 19: train_loss: 1.0358, train_acc: 0.4906, dev_loss: 1.0783, dev_acc: 0.4023, time: 1.1
2025-08-08 08:33:40,304 - root - Epoch 20: train_loss: 1.0340, train_acc: 0.4949, dev_loss: 1.0781, dev_acc: 0.4023, time: 1.1
2025-08-08 08:33:41,364 - root - Epoch 21: train_loss: 1.0358, train_acc: 0.4935, dev_loss: 1.0782, dev_acc: 0.3966, time: 1.1
2025-08-08 08:33:42,430 - root - Epoch 22: train_loss: 1.0351, train_acc: 0.4949, dev_loss: 1.0781, dev_acc: 0.3966, time: 1.1
2025-08-08 08:33:43,495 - root - Epoch 23: train_loss: 1.0356, train_acc: 0.4949, dev_loss: 1.0782, dev_acc: 0.3966, time: 1.1
2025-08-08 08:33:44,555 - root - Epoch 24: train_loss: 1.0320, train_acc: 0.4921, dev_loss: 1.0780, dev_acc: 0.3966, time: 1.1
2025-08-08 08:33:45,615 - root - Epoch 25: train_loss: 1.0359, train_acc: 0.4921, dev_loss: 1.0783, dev_acc: 0.3966, time: 1.1
2025-08-08 08:33:46,680 - root - Epoch 26: train_loss: 1.0350, train_acc: 0.4906, dev_loss: 1.0780, dev_acc: 0.3966, time: 1.1
2025-08-08 08:33:47,746 - root - Epoch 27: train_loss: 1.0355, train_acc: 0.4921, dev_loss: 1.0783, dev_acc: 0.3966, time: 1.1
2025-08-08 08:33:48,806 - root - Epoch 28: train_loss: 1.0341, train_acc: 0.4906, dev_loss: 1.0782, dev_acc: 0.3966, time: 1.1
2025-08-08 08:33:49,866 - root - Epoch 29: train_loss: 1.0362, train_acc: 0.4921, dev_loss: 1.0782, dev_acc: 0.3966, time: 1.1
2025-08-08 08:33:50,922 - root - Epoch 30: train_loss: 1.0359, train_acc: 0.4906, dev_loss: 1.0781, dev_acc: 0.3966, time: 1.1
2025-08-08 08:33:51,983 - root - Epoch 31: train_loss: 1.0352, train_acc: 0.4892, dev_loss: 1.0783, dev_acc: 0.3966, time: 1.1
2025-08-08 08:33:53,043 - root - Epoch 32: train_loss: 1.0351, train_acc: 0.4892, dev_loss: 1.0782, dev_acc: 0.3966, time: 1.1
2025-08-08 08:33:54,106 - root - Epoch 33: train_loss: 1.0338, train_acc: 0.4906, dev_loss: 1.0782, dev_acc: 0.3966, time: 1.1
2025-08-08 08:33:55,187 - root - Epoch 34: train_loss: 1.0350, train_acc: 0.4906, dev_loss: 1.0782, dev_acc: 0.3966, time: 1.1
2025-08-08 08:33:56,251 - root - Epoch 35: train_loss: 1.0343, train_acc: 0.4892, dev_loss: 1.0782, dev_acc: 0.3966, time: 1.1
2025-08-08 08:33:57,315 - root - Epoch 36: train_loss: 1.0344, train_acc: 0.4906, dev_loss: 1.0782, dev_acc: 0.3966, time: 1.1
2025-08-08 08:33:58,394 - root - Epoch 37: train_loss: 1.0322, train_acc: 0.4892, dev_loss: 1.0783, dev_acc: 0.3966, time: 1.1
2025-08-08 08:33:59,463 - root - Epoch 38: train_loss: 1.0350, train_acc: 0.4877, dev_loss: 1.0782, dev_acc: 0.3966, time: 1.1
2025-08-08 08:34:00,532 - root - Epoch 39: train_loss: 1.0339, train_acc: 0.4892, dev_loss: 1.0782, dev_acc: 0.3966, time: 1.1
2025-08-08 08:34:01,610 - root - Epoch 40: train_loss: 1.0336, train_acc: 0.4892, dev_loss: 1.0782, dev_acc: 0.3966, time: 1.1
2025-08-08 08:34:02,675 - root - Epoch 41: train_loss: 1.0340, train_acc: 0.4892, dev_loss: 1.0782, dev_acc: 0.3966, time: 1.1
2025-08-08 08:34:03,744 - root - Epoch 42: train_loss: 1.0351, train_acc: 0.4906, dev_loss: 1.0783, dev_acc: 0.3966, time: 1.1
2025-08-08 08:34:04,809 - root - Epoch 43: train_loss: 1.0353, train_acc: 0.4906, dev_loss: 1.0783, dev_acc: 0.3966, time: 1.1
2025-08-08 08:34:05,879 - root - Epoch 44: train_loss: 1.0356, train_acc: 0.4892, dev_loss: 1.0783, dev_acc: 0.3966, time: 1.1
2025-08-08 08:34:06,948 - root - Epoch 45: train_loss: 1.0337, train_acc: 0.4892, dev_loss: 1.0783, dev_acc: 0.3966, time: 1.1
2025-08-08 08:34:08,013 - root - Epoch 46: train_loss: 1.0324, train_acc: 0.4892, dev_loss: 1.0783, dev_acc: 0.3966, time: 1.1
2025-08-08 08:34:09,098 - root - Epoch 47: train_loss: 1.0327, train_acc: 0.4892, dev_loss: 1.0783, dev_acc: 0.3966, time: 1.1
2025-08-08 08:34:10,162 - root - Epoch 48: train_loss: 1.0346, train_acc: 0.4892, dev_loss: 1.0782, dev_acc: 0.3966, time: 1.1
2025-08-08 08:34:11,247 - root - Epoch 49: train_loss: 1.0357, train_acc: 0.4892, dev_loss: 1.0783, dev_acc: 0.3966, time: 1.1
2025-08-08 08:34:12,315 - root - Epoch 50: train_loss: 1.0347, train_acc: 0.4892, dev_loss: 1.0783, dev_acc: 0.3966, time: 1.1
2025-08-08 08:34:13,389 - root - Epoch 51: train_loss: 1.0355, train_acc: 0.4892, dev_loss: 1.0783, dev_acc: 0.3966, time: 1.1
2025-08-08 08:34:14,457 - root - Epoch 52: train_loss: 1.0353, train_acc: 0.4892, dev_loss: 1.0783, dev_acc: 0.3966, time: 1.1
2025-08-08 08:34:15,521 - root - Epoch 53: train_loss: 1.0355, train_acc: 0.4892, dev_loss: 1.0783, dev_acc: 0.3966, time: 1.1
2025-08-08 08:34:16,585 - root - Epoch 54: train_loss: 1.0339, train_acc: 0.4892, dev_loss: 1.0783, dev_acc: 0.3966, time: 1.1
2025-08-08 08:34:16,585 - root - Early Stopped. best_epoch: 4. best_dev_acc: 0.4367816091954023

2025-08-08 08:34:16,879 - root - test_loss: 1.052344560623169, test_acc: 0.4608294930875576, f1_weighted: 0.40676874287696346
2025-08-08 08:34:16,956 - root - Training on cuda
2025-08-08 08:34:18,014 - root - Epoch 1: train_loss: 1.0458, train_acc: 0.4632, dev_loss: 1.0850, dev_acc: 0.4195, time: 1.1
2025-08-08 08:34:19,092 - root - Epoch 2: train_loss: 1.0445, train_acc: 0.4646, dev_loss: 1.0850, dev_acc: 0.4195, time: 1.1
2025-08-08 08:34:20,156 - root - Epoch 3: train_loss: 1.0412, train_acc: 0.4646, dev_loss: 1.0850, dev_acc: 0.4195, time: 1.1
2025-08-08 08:34:21,237 - root - Epoch 4: train_loss: 1.0452, train_acc: 0.4646, dev_loss: 1.0850, dev_acc: 0.4195, time: 1.1
2025-08-08 08:34:22,302 - root - Epoch 5: train_loss: 1.0454, train_acc: 0.4646, dev_loss: 1.0850, dev_acc: 0.4195, time: 1.1
2025-08-08 08:34:23,377 - root - Epoch 6: train_loss: 1.0442, train_acc: 0.4646, dev_loss: 1.0850, dev_acc: 0.4195, time: 1.1
2025-08-08 08:34:24,445 - root - Epoch 7: train_loss: 1.0437, train_acc: 0.4646, dev_loss: 1.0850, dev_acc: 0.4195, time: 1.1
2025-08-08 08:34:25,516 - root - Epoch 8: train_loss: 1.0448, train_acc: 0.4646, dev_loss: 1.0850, dev_acc: 0.4138, time: 1.1
2025-08-08 08:34:26,590 - root - Epoch 9: train_loss: 1.0455, train_acc: 0.4646, dev_loss: 1.0850, dev_acc: 0.4195, time: 1.1
2025-08-08 08:34:27,656 - root - Epoch 10: train_loss: 1.0422, train_acc: 0.4646, dev_loss: 1.0850, dev_acc: 0.4138, time: 1.1
2025-08-08 08:34:28,729 - root - Epoch 11: train_loss: 1.0443, train_acc: 0.4646, dev_loss: 1.0850, dev_acc: 0.4138, time: 1.1
2025-08-08 08:34:29,799 - root - Epoch 12: train_loss: 1.0433, train_acc: 0.4646, dev_loss: 1.0850, dev_acc: 0.4138, time: 1.1
2025-08-08 08:34:30,865 - root - Epoch 13: train_loss: 1.0454, train_acc: 0.4646, dev_loss: 1.0850, dev_acc: 0.4138, time: 1.1
2025-08-08 08:34:31,944 - root - Epoch 14: train_loss: 1.0437, train_acc: 0.4646, dev_loss: 1.0850, dev_acc: 0.4138, time: 1.1
2025-08-08 08:34:33,014 - root - Epoch 15: train_loss: 1.0440, train_acc: 0.4646, dev_loss: 1.0850, dev_acc: 0.4138, time: 1.1
2025-08-08 08:34:34,093 - root - Epoch 16: train_loss: 1.0445, train_acc: 0.4646, dev_loss: 1.0850, dev_acc: 0.4138, time: 1.1
2025-08-08 08:34:35,158 - root - Epoch 17: train_loss: 1.0419, train_acc: 0.4646, dev_loss: 1.0850, dev_acc: 0.4138, time: 1.1
2025-08-08 08:34:36,227 - root - Epoch 18: train_loss: 1.0434, train_acc: 0.4646, dev_loss: 1.0850, dev_acc: 0.4138, time: 1.1
2025-08-08 08:34:37,293 - root - Epoch 19: train_loss: 1.0436, train_acc: 0.4646, dev_loss: 1.0850, dev_acc: 0.4138, time: 1.1
2025-08-08 08:34:38,377 - root - Epoch 20: train_loss: 1.0449, train_acc: 0.4646, dev_loss: 1.0850, dev_acc: 0.4138, time: 1.1
2025-08-08 08:34:39,441 - root - Epoch 21: train_loss: 1.0448, train_acc: 0.4646, dev_loss: 1.0850, dev_acc: 0.4138, time: 1.1
2025-08-08 08:34:40,505 - root - Epoch 22: train_loss: 1.0443, train_acc: 0.4646, dev_loss: 1.0849, dev_acc: 0.4138, time: 1.1
2025-08-08 08:34:41,575 - root - Epoch 23: train_loss: 1.0437, train_acc: 0.4646, dev_loss: 1.0849, dev_acc: 0.4138, time: 1.1
2025-08-08 08:34:42,639 - root - Epoch 24: train_loss: 1.0445, train_acc: 0.4646, dev_loss: 1.0849, dev_acc: 0.4138, time: 1.1
2025-08-08 08:34:43,709 - root - Epoch 25: train_loss: 1.0446, train_acc: 0.4646, dev_loss: 1.0849, dev_acc: 0.4138, time: 1.1
2025-08-08 08:34:44,781 - root - Epoch 26: train_loss: 1.0459, train_acc: 0.4646, dev_loss: 1.0849, dev_acc: 0.4138, time: 1.1
2025-08-08 08:34:45,848 - root - Epoch 27: train_loss: 1.0453, train_acc: 0.4646, dev_loss: 1.0849, dev_acc: 0.4138, time: 1.1
2025-08-08 08:34:46,916 - root - Epoch 28: train_loss: 1.0441, train_acc: 0.4646, dev_loss: 1.0849, dev_acc: 0.4138, time: 1.1
2025-08-08 08:34:47,988 - root - Epoch 29: train_loss: 1.0440, train_acc: 0.4646, dev_loss: 1.0849, dev_acc: 0.4138, time: 1.1
2025-08-08 08:34:49,057 - root - Epoch 30: train_loss: 1.0428, train_acc: 0.4646, dev_loss: 1.0849, dev_acc: 0.4138, time: 1.1
2025-08-08 08:34:50,125 - root - Epoch 31: train_loss: 1.0433, train_acc: 0.4646, dev_loss: 1.0849, dev_acc: 0.4138, time: 1.1
2025-08-08 08:34:51,194 - root - Epoch 32: train_loss: 1.0444, train_acc: 0.4646, dev_loss: 1.0849, dev_acc: 0.4138, time: 1.1
2025-08-08 08:34:52,268 - root - Epoch 33: train_loss: 1.0449, train_acc: 0.4646, dev_loss: 1.0849, dev_acc: 0.4138, time: 1.1
2025-08-08 08:34:53,334 - root - Epoch 34: train_loss: 1.0433, train_acc: 0.4646, dev_loss: 1.0849, dev_acc: 0.4138, time: 1.1
2025-08-08 08:34:54,403 - root - Epoch 35: train_loss: 1.0428, train_acc: 0.4646, dev_loss: 1.0849, dev_acc: 0.4138, time: 1.1
2025-08-08 08:34:55,469 - root - Epoch 36: train_loss: 1.0449, train_acc: 0.4646, dev_loss: 1.0849, dev_acc: 0.4138, time: 1.1
2025-08-08 08:34:56,534 - root - Epoch 37: train_loss: 1.0449, train_acc: 0.4646, dev_loss: 1.0849, dev_acc: 0.4138, time: 1.1
2025-08-08 08:34:57,598 - root - Epoch 38: train_loss: 1.0436, train_acc: 0.4646, dev_loss: 1.0849, dev_acc: 0.4138, time: 1.1
2025-08-08 08:34:58,667 - root - Epoch 39: train_loss: 1.0433, train_acc: 0.4646, dev_loss: 1.0849, dev_acc: 0.4138, time: 1.1
2025-08-08 08:34:59,731 - root - Epoch 40: train_loss: 1.0450, train_acc: 0.4646, dev_loss: 1.0849, dev_acc: 0.4138, time: 1.1
2025-08-08 08:35:00,800 - root - Epoch 41: train_loss: 1.0437, train_acc: 0.4646, dev_loss: 1.0849, dev_acc: 0.4138, time: 1.1
2025-08-08 08:35:01,870 - root - Epoch 42: train_loss: 1.0438, train_acc: 0.4646, dev_loss: 1.0849, dev_acc: 0.4138, time: 1.1
2025-08-08 08:35:02,939 - root - Epoch 43: train_loss: 1.0463, train_acc: 0.4646, dev_loss: 1.0849, dev_acc: 0.4138, time: 1.1
2025-08-08 08:35:04,013 - root - Epoch 44: train_loss: 1.0437, train_acc: 0.4646, dev_loss: 1.0849, dev_acc: 0.4138, time: 1.1
2025-08-08 08:35:05,073 - root - Epoch 45: train_loss: 1.0433, train_acc: 0.4646, dev_loss: 1.0849, dev_acc: 0.4138, time: 1.1
2025-08-08 08:35:06,138 - root - Epoch 46: train_loss: 1.0423, train_acc: 0.4646, dev_loss: 1.0849, dev_acc: 0.4138, time: 1.1
2025-08-08 08:35:07,202 - root - Epoch 47: train_loss: 1.0455, train_acc: 0.4646, dev_loss: 1.0849, dev_acc: 0.4138, time: 1.1
2025-08-08 08:35:08,272 - root - Epoch 48: train_loss: 1.0444, train_acc: 0.4646, dev_loss: 1.0849, dev_acc: 0.4138, time: 1.1
2025-08-08 08:35:09,341 - root - Epoch 49: train_loss: 1.0440, train_acc: 0.4646, dev_loss: 1.0849, dev_acc: 0.4138, time: 1.1
2025-08-08 08:35:10,411 - root - Epoch 50: train_loss: 1.0423, train_acc: 0.4646, dev_loss: 1.0849, dev_acc: 0.4138, time: 1.1
2025-08-08 08:35:11,480 - root - Epoch 51: train_loss: 1.0443, train_acc: 0.4646, dev_loss: 1.0849, dev_acc: 0.4138, time: 1.1
2025-08-08 08:35:11,480 - root - Early Stopped. best_epoch: 1. best_dev_acc: 0.41954022988505746

2025-08-08 08:35:11,779 - root - test_loss: 1.0232797861099243, test_acc: 0.5023041474654378, f1_weighted: 0.45445718283494646
2025-08-08 08:35:11,859 - root - Training on cuda
2025-08-08 08:35:12,923 - root - Epoch 1: train_loss: 1.0464, train_acc: 0.4690, dev_loss: 1.0913, dev_acc: 0.3908, time: 1.1
2025-08-08 08:35:14,002 - root - Epoch 2: train_loss: 1.0457, train_acc: 0.4690, dev_loss: 1.0913, dev_acc: 0.3908, time: 1.1
2025-08-08 08:35:15,071 - root - Epoch 3: train_loss: 1.0468, train_acc: 0.4690, dev_loss: 1.0913, dev_acc: 0.3908, time: 1.1
2025-08-08 08:35:16,140 - root - Epoch 4: train_loss: 1.0463, train_acc: 0.4690, dev_loss: 1.0913, dev_acc: 0.3908, time: 1.1
2025-08-08 08:35:17,204 - root - Epoch 5: train_loss: 1.0452, train_acc: 0.4690, dev_loss: 1.0913, dev_acc: 0.3908, time: 1.1
2025-08-08 08:35:18,273 - root - Epoch 6: train_loss: 1.0468, train_acc: 0.4690, dev_loss: 1.0913, dev_acc: 0.3908, time: 1.1
2025-08-08 08:35:19,338 - root - Epoch 7: train_loss: 1.0486, train_acc: 0.4690, dev_loss: 1.0913, dev_acc: 0.3908, time: 1.1
2025-08-08 08:35:20,412 - root - Epoch 8: train_loss: 1.0467, train_acc: 0.4690, dev_loss: 1.0913, dev_acc: 0.3908, time: 1.1
2025-08-08 08:35:21,481 - root - Epoch 9: train_loss: 1.0457, train_acc: 0.4690, dev_loss: 1.0913, dev_acc: 0.3908, time: 1.1
2025-08-08 08:35:22,551 - root - Epoch 10: train_loss: 1.0451, train_acc: 0.4690, dev_loss: 1.0913, dev_acc: 0.3908, time: 1.1
2025-08-08 08:35:23,625 - root - Epoch 11: train_loss: 1.0467, train_acc: 0.4690, dev_loss: 1.0913, dev_acc: 0.3908, time: 1.1
2025-08-08 08:35:24,690 - root - Epoch 12: train_loss: 1.0472, train_acc: 0.4690, dev_loss: 1.0913, dev_acc: 0.3908, time: 1.1
2025-08-08 08:35:25,759 - root - Epoch 13: train_loss: 1.0468, train_acc: 0.4690, dev_loss: 1.0913, dev_acc: 0.3908, time: 1.1
2025-08-08 08:35:26,824 - root - Epoch 14: train_loss: 1.0462, train_acc: 0.4690, dev_loss: 1.0913, dev_acc: 0.3908, time: 1.1
2025-08-08 08:35:27,889 - root - Epoch 15: train_loss: 1.0465, train_acc: 0.4690, dev_loss: 1.0913, dev_acc: 0.3908, time: 1.1
2025-08-08 08:35:28,960 - root - Epoch 16: train_loss: 1.0467, train_acc: 0.4690, dev_loss: 1.0913, dev_acc: 0.3908, time: 1.1
2025-08-08 08:35:30,024 - root - Epoch 17: train_loss: 1.0457, train_acc: 0.4690, dev_loss: 1.0913, dev_acc: 0.3908, time: 1.1
2025-08-08 08:35:31,097 - root - Epoch 18: train_loss: 1.0473, train_acc: 0.4690, dev_loss: 1.0913, dev_acc: 0.3908, time: 1.1
2025-08-08 08:35:32,167 - root - Epoch 19: train_loss: 1.0477, train_acc: 0.4690, dev_loss: 1.0913, dev_acc: 0.3908, time: 1.1
2025-08-08 08:35:33,232 - root - Epoch 20: train_loss: 1.0444, train_acc: 0.4690, dev_loss: 1.0913, dev_acc: 0.3908, time: 1.1
2025-08-08 08:35:34,297 - root - Epoch 21: train_loss: 1.0460, train_acc: 0.4690, dev_loss: 1.0913, dev_acc: 0.3908, time: 1.1
2025-08-08 08:35:35,361 - root - Epoch 22: train_loss: 1.0472, train_acc: 0.4690, dev_loss: 1.0913, dev_acc: 0.3908, time: 1.1
2025-08-08 08:35:36,433 - root - Epoch 23: train_loss: 1.0487, train_acc: 0.4690, dev_loss: 1.0913, dev_acc: 0.3908, time: 1.1
2025-08-08 08:35:37,505 - root - Epoch 24: train_loss: 1.0485, train_acc: 0.4690, dev_loss: 1.0913, dev_acc: 0.3908, time: 1.1
2025-08-08 08:35:38,566 - root - Epoch 25: train_loss: 1.0468, train_acc: 0.4690, dev_loss: 1.0913, dev_acc: 0.3908, time: 1.1
2025-08-08 08:35:39,629 - root - Epoch 26: train_loss: 1.0468, train_acc: 0.4690, dev_loss: 1.0913, dev_acc: 0.3908, time: 1.1
2025-08-08 08:35:40,687 - root - Epoch 27: train_loss: 1.0469, train_acc: 0.4690, dev_loss: 1.0913, dev_acc: 0.3908, time: 1.1
2025-08-08 08:35:41,758 - root - Epoch 28: train_loss: 1.0471, train_acc: 0.4690, dev_loss: 1.0913, dev_acc: 0.3908, time: 1.1
2025-08-08 08:35:42,825 - root - Epoch 29: train_loss: 1.0471, train_acc: 0.4690, dev_loss: 1.0913, dev_acc: 0.3908, time: 1.1
2025-08-08 08:35:43,894 - root - Epoch 30: train_loss: 1.0487, train_acc: 0.4690, dev_loss: 1.0913, dev_acc: 0.3908, time: 1.1
2025-08-08 08:35:44,964 - root - Epoch 31: train_loss: 1.0470, train_acc: 0.4690, dev_loss: 1.0913, dev_acc: 0.3908, time: 1.1
2025-08-08 08:35:46,038 - root - Epoch 32: train_loss: 1.0475, train_acc: 0.4690, dev_loss: 1.0913, dev_acc: 0.3908, time: 1.1
2025-08-08 08:35:47,101 - root - Epoch 33: train_loss: 1.0460, train_acc: 0.4690, dev_loss: 1.0913, dev_acc: 0.3908, time: 1.1
2025-08-08 08:35:48,166 - root - Epoch 34: train_loss: 1.0460, train_acc: 0.4704, dev_loss: 1.0913, dev_acc: 0.3908, time: 1.1
2025-08-08 08:35:49,236 - root - Epoch 35: train_loss: 1.0462, train_acc: 0.4704, dev_loss: 1.0913, dev_acc: 0.3908, time: 1.1
2025-08-08 08:35:50,305 - root - Epoch 36: train_loss: 1.0481, train_acc: 0.4704, dev_loss: 1.0913, dev_acc: 0.3908, time: 1.1
2025-08-08 08:35:51,375 - root - Epoch 37: train_loss: 1.0483, train_acc: 0.4704, dev_loss: 1.0913, dev_acc: 0.3908, time: 1.1
2025-08-08 08:35:52,440 - root - Epoch 38: train_loss: 1.0466, train_acc: 0.4704, dev_loss: 1.0913, dev_acc: 0.3908, time: 1.1
2025-08-08 08:35:53,505 - root - Epoch 39: train_loss: 1.0462, train_acc: 0.4704, dev_loss: 1.0913, dev_acc: 0.3908, time: 1.1
2025-08-08 08:35:54,570 - root - Epoch 40: train_loss: 1.0473, train_acc: 0.4704, dev_loss: 1.0913, dev_acc: 0.3908, time: 1.1
2025-08-08 08:35:55,640 - root - Epoch 41: train_loss: 1.0476, train_acc: 0.4704, dev_loss: 1.0913, dev_acc: 0.3908, time: 1.1
2025-08-08 08:35:56,719 - root - Epoch 42: train_loss: 1.0485, train_acc: 0.4704, dev_loss: 1.0913, dev_acc: 0.3908, time: 1.1
2025-08-08 08:35:57,784 - root - Epoch 43: train_loss: 1.0471, train_acc: 0.4704, dev_loss: 1.0913, dev_acc: 0.3908, time: 1.1
2025-08-08 08:35:58,854 - root - Epoch 44: train_loss: 1.0479, train_acc: 0.4704, dev_loss: 1.0913, dev_acc: 0.3908, time: 1.1
2025-08-08 08:35:59,933 - root - Epoch 45: train_loss: 1.0482, train_acc: 0.4704, dev_loss: 1.0913, dev_acc: 0.3908, time: 1.1
2025-08-08 08:36:01,017 - root - Epoch 46: train_loss: 1.0461, train_acc: 0.4704, dev_loss: 1.0913, dev_acc: 0.3908, time: 1.1
2025-08-08 08:36:02,082 - root - Epoch 47: train_loss: 1.0471, train_acc: 0.4704, dev_loss: 1.0913, dev_acc: 0.3908, time: 1.1
2025-08-08 08:36:03,147 - root - Epoch 48: train_loss: 1.0474, train_acc: 0.4704, dev_loss: 1.0913, dev_acc: 0.3908, time: 1.1
2025-08-08 08:36:04,231 - root - Epoch 49: train_loss: 1.0467, train_acc: 0.4704, dev_loss: 1.0913, dev_acc: 0.3908, time: 1.1
2025-08-08 08:36:05,314 - root - Epoch 50: train_loss: 1.0464, train_acc: 0.4704, dev_loss: 1.0913, dev_acc: 0.3908, time: 1.1
2025-08-08 08:36:06,398 - root - Epoch 51: train_loss: 1.0455, train_acc: 0.4704, dev_loss: 1.0913, dev_acc: 0.3908, time: 1.1
2025-08-08 08:36:06,399 - root - Early Stopped. best_epoch: 1. best_dev_acc: 0.39080459770114945

2025-08-08 08:36:06,689 - root - test_loss: 1.015298843383789, test_acc: 0.5069124423963134, f1_weighted: 0.46503230073612395
2025-08-08 08:36:06,766 - root - Training on cuda
2025-08-08 08:36:07,829 - root - Epoch 1: train_loss: 1.0392, train_acc: 0.4769, dev_loss: 1.0667, dev_acc: 0.4195, time: 1.1
2025-08-08 08:36:08,898 - root - Epoch 2: train_loss: 1.0399, train_acc: 0.4769, dev_loss: 1.0667, dev_acc: 0.4195, time: 1.1
2025-08-08 08:36:09,962 - root - Epoch 3: train_loss: 1.0378, train_acc: 0.4769, dev_loss: 1.0667, dev_acc: 0.4195, time: 1.1
2025-08-08 08:36:11,031 - root - Epoch 4: train_loss: 1.0395, train_acc: 0.4769, dev_loss: 1.0667, dev_acc: 0.4195, time: 1.1
2025-08-08 08:36:12,093 - root - Epoch 5: train_loss: 1.0404, train_acc: 0.4769, dev_loss: 1.0667, dev_acc: 0.4195, time: 1.1
2025-08-08 08:36:13,152 - root - Epoch 6: train_loss: 1.0385, train_acc: 0.4769, dev_loss: 1.0667, dev_acc: 0.4195, time: 1.1
2025-08-08 08:36:14,217 - root - Epoch 7: train_loss: 1.0387, train_acc: 0.4769, dev_loss: 1.0667, dev_acc: 0.4195, time: 1.1
2025-08-08 08:36:15,277 - root - Epoch 8: train_loss: 1.0393, train_acc: 0.4769, dev_loss: 1.0667, dev_acc: 0.4195, time: 1.1
2025-08-08 08:36:16,337 - root - Epoch 9: train_loss: 1.0391, train_acc: 0.4769, dev_loss: 1.0667, dev_acc: 0.4195, time: 1.1
2025-08-08 08:36:17,397 - root - Epoch 10: train_loss: 1.0419, train_acc: 0.4769, dev_loss: 1.0667, dev_acc: 0.4195, time: 1.1
2025-08-08 08:36:18,462 - root - Epoch 11: train_loss: 1.0392, train_acc: 0.4769, dev_loss: 1.0667, dev_acc: 0.4195, time: 1.1
2025-08-08 08:36:19,522 - root - Epoch 12: train_loss: 1.0393, train_acc: 0.4769, dev_loss: 1.0667, dev_acc: 0.4195, time: 1.1
2025-08-08 08:36:20,586 - root - Epoch 13: train_loss: 1.0381, train_acc: 0.4769, dev_loss: 1.0667, dev_acc: 0.4195, time: 1.1
2025-08-08 08:36:21,646 - root - Epoch 14: train_loss: 1.0394, train_acc: 0.4769, dev_loss: 1.0667, dev_acc: 0.4195, time: 1.1
2025-08-08 08:36:22,706 - root - Epoch 15: train_loss: 1.0406, train_acc: 0.4769, dev_loss: 1.0667, dev_acc: 0.4195, time: 1.1
2025-08-08 08:36:23,766 - root - Epoch 16: train_loss: 1.0383, train_acc: 0.4769, dev_loss: 1.0667, dev_acc: 0.4195, time: 1.1
2025-08-08 08:36:24,831 - root - Epoch 17: train_loss: 1.0380, train_acc: 0.4769, dev_loss: 1.0667, dev_acc: 0.4195, time: 1.1
2025-08-08 08:36:25,896 - root - Epoch 18: train_loss: 1.0371, train_acc: 0.4769, dev_loss: 1.0667, dev_acc: 0.4195, time: 1.1
2025-08-08 08:36:26,961 - root - Epoch 19: train_loss: 1.0382, train_acc: 0.4769, dev_loss: 1.0667, dev_acc: 0.4195, time: 1.1
2025-08-08 08:36:28,025 - root - Epoch 20: train_loss: 1.0401, train_acc: 0.4769, dev_loss: 1.0667, dev_acc: 0.4195, time: 1.1
2025-08-08 08:36:29,090 - root - Epoch 21: train_loss: 1.0367, train_acc: 0.4769, dev_loss: 1.0667, dev_acc: 0.4195, time: 1.1
2025-08-08 08:36:30,155 - root - Epoch 22: train_loss: 1.0386, train_acc: 0.4769, dev_loss: 1.0667, dev_acc: 0.4195, time: 1.1
2025-08-08 08:36:31,215 - root - Epoch 23: train_loss: 1.0393, train_acc: 0.4769, dev_loss: 1.0667, dev_acc: 0.4195, time: 1.1
2025-08-08 08:36:32,285 - root - Epoch 24: train_loss: 1.0381, train_acc: 0.4769, dev_loss: 1.0667, dev_acc: 0.4195, time: 1.1
2025-08-08 08:36:33,345 - root - Epoch 25: train_loss: 1.0388, train_acc: 0.4769, dev_loss: 1.0667, dev_acc: 0.4195, time: 1.1
2025-08-08 08:36:34,410 - root - Epoch 26: train_loss: 1.0396, train_acc: 0.4769, dev_loss: 1.0667, dev_acc: 0.4195, time: 1.1
2025-08-08 08:36:35,479 - root - Epoch 27: train_loss: 1.0410, train_acc: 0.4769, dev_loss: 1.0667, dev_acc: 0.4195, time: 1.1
2025-08-08 08:36:36,543 - root - Epoch 28: train_loss: 1.0395, train_acc: 0.4769, dev_loss: 1.0667, dev_acc: 0.4195, time: 1.1
2025-08-08 08:36:37,606 - root - Epoch 29: train_loss: 1.0388, train_acc: 0.4769, dev_loss: 1.0667, dev_acc: 0.4195, time: 1.1
2025-08-08 08:36:38,665 - root - Epoch 30: train_loss: 1.0371, train_acc: 0.4769, dev_loss: 1.0667, dev_acc: 0.4195, time: 1.1
2025-08-08 08:36:39,729 - root - Epoch 31: train_loss: 1.0374, train_acc: 0.4769, dev_loss: 1.0667, dev_acc: 0.4195, time: 1.1
2025-08-08 08:36:40,798 - root - Epoch 32: train_loss: 1.0402, train_acc: 0.4769, dev_loss: 1.0667, dev_acc: 0.4195, time: 1.1
2025-08-08 08:36:41,861 - root - Epoch 33: train_loss: 1.0374, train_acc: 0.4769, dev_loss: 1.0667, dev_acc: 0.4195, time: 1.1
2025-08-08 08:36:42,923 - root - Epoch 34: train_loss: 1.0380, train_acc: 0.4769, dev_loss: 1.0667, dev_acc: 0.4195, time: 1.1
2025-08-08 08:36:43,986 - root - Epoch 35: train_loss: 1.0397, train_acc: 0.4769, dev_loss: 1.0667, dev_acc: 0.4195, time: 1.1
2025-08-08 08:36:45,050 - root - Epoch 36: train_loss: 1.0394, train_acc: 0.4769, dev_loss: 1.0667, dev_acc: 0.4195, time: 1.1
2025-08-08 08:36:46,118 - root - Epoch 37: train_loss: 1.0365, train_acc: 0.4769, dev_loss: 1.0667, dev_acc: 0.4195, time: 1.1
2025-08-08 08:36:47,179 - root - Epoch 38: train_loss: 1.0397, train_acc: 0.4769, dev_loss: 1.0667, dev_acc: 0.4195, time: 1.1
2025-08-08 08:36:48,237 - root - Epoch 39: train_loss: 1.0396, train_acc: 0.4769, dev_loss: 1.0667, dev_acc: 0.4195, time: 1.1
2025-08-08 08:36:49,301 - root - Epoch 40: train_loss: 1.0397, train_acc: 0.4769, dev_loss: 1.0667, dev_acc: 0.4195, time: 1.1
2025-08-08 08:36:50,370 - root - Epoch 41: train_loss: 1.0397, train_acc: 0.4769, dev_loss: 1.0667, dev_acc: 0.4195, time: 1.1
2025-08-08 08:36:51,434 - root - Epoch 42: train_loss: 1.0391, train_acc: 0.4769, dev_loss: 1.0667, dev_acc: 0.4195, time: 1.1
2025-08-08 08:36:52,504 - root - Epoch 43: train_loss: 1.0381, train_acc: 0.4769, dev_loss: 1.0667, dev_acc: 0.4195, time: 1.1
2025-08-08 08:36:53,573 - root - Epoch 44: train_loss: 1.0386, train_acc: 0.4769, dev_loss: 1.0667, dev_acc: 0.4195, time: 1.1
2025-08-08 08:36:54,639 - root - Epoch 45: train_loss: 1.0388, train_acc: 0.4769, dev_loss: 1.0667, dev_acc: 0.4195, time: 1.1
2025-08-08 08:36:55,698 - root - Epoch 46: train_loss: 1.0380, train_acc: 0.4769, dev_loss: 1.0667, dev_acc: 0.4195, time: 1.1
2025-08-08 08:36:56,767 - root - Epoch 47: train_loss: 1.0409, train_acc: 0.4769, dev_loss: 1.0667, dev_acc: 0.4195, time: 1.1
2025-08-08 08:36:57,824 - root - Epoch 48: train_loss: 1.0400, train_acc: 0.4769, dev_loss: 1.0667, dev_acc: 0.4195, time: 1.1
2025-08-08 08:36:58,898 - root - Epoch 49: train_loss: 1.0399, train_acc: 0.4769, dev_loss: 1.0667, dev_acc: 0.4195, time: 1.1
2025-08-08 08:36:59,962 - root - Epoch 50: train_loss: 1.0412, train_acc: 0.4769, dev_loss: 1.0667, dev_acc: 0.4195, time: 1.1
2025-08-08 08:37:01,030 - root - Epoch 51: train_loss: 1.0381, train_acc: 0.4769, dev_loss: 1.0667, dev_acc: 0.4195, time: 1.1
2025-08-08 08:37:01,030 - root - Early Stopped. best_epoch: 1. best_dev_acc: 0.41954022988505746

2025-08-08 08:37:01,321 - root - test_loss: 1.059997320175171, test_acc: 0.4583333333333333, f1_weighted: 0.41423654666752435
