Read csv file.......
Training device information:
+--------------------+-------------------------+---------------------------------+
|   number of gpu    |    applied gpu index    |         applied gpu name        |
+--------------------+-------------------------+---------------------------------+
|         2          |            0            |     NVIDIA GeForce RTX 3090     |
+--------------------+-------------------------+---------------------------------+

Use data information file:/home/zhangxiaohan/constitution/baseline/data.csv
Loading data from path: /home/zhangxiaohan/constitution/data/face......
data information:
+----------------------+----------------+----------------+---------------+----------+
|  number of samples   |  train number  |  valid number  |  test number  | percent  |
+----------------------+----------------+----------------+---------------+----------+
|         738          |      590       |       73       |       75      |   0.8    |
+----------------------+----------------+----------------+---------------+----------+

Classes information:
+------------+------------+
|     0      |     1      |
+------------+------------+
|     0      |     1      |
+------------+------------+

Train information:
+--------------------+-----------------+-----------------+----------+---------------------+----------+----------+-----------------------------------------------------------------------+
|       theme        |      resize     |    batch size   |  epoch   |    learning rate    |  beta1   |  beta2   |                            directory of log                           |
+--------------------+-----------------+-----------------+----------+---------------------+----------+----------+-----------------------------------------------------------------------+
|    constitution    |    (224, 224)   |        16       |   300    |        0.0001       |   0.5    |  0.999   |            /home/zhangxiaohan/constitution/baseline/workdir           |
+--------------------+-----------------+-----------------+----------+---------------------+----------+----------+-----------------------------------------------------------------------+

Train begins......
Epoch loss:0.5108611148756903

+--------------------+--------------------+--------------------+--------------------+
|      Accuracy      |     Precision      |       Recall       |         F1         |
+--------------------+--------------------+--------------------+--------------------+
| 0.3972602739726027 | 0.1578157252767874 | 0.3972602739726027 | 0.2258930969648133 |
+--------------------+--------------------+--------------------+--------------------+

Epoch loss:0.3335606258463215

+-------------------+--------------------+-------------------+--------------------+
|      Accuracy     |     Precision      |       Recall      |         F1         |
+-------------------+--------------------+-------------------+--------------------+
| 0.684931506849315 | 0.7930893477816398 | 0.684931506849315 | 0.6140512332293154 |
+-------------------+--------------------+-------------------+--------------------+

Epoch loss:0.27249210212077646

+--------------------+--------------------+--------------------+--------------------+
|      Accuracy      |     Precision      |       Recall       |         F1         |
+--------------------+--------------------+--------------------+--------------------+
| 0.7534246575342466 | 0.7807589356006929 | 0.7534246575342466 | 0.7311185993700096 |
+--------------------+--------------------+--------------------+--------------------+

Epoch loss:0.21793010015342687

+--------------------+--------------------+--------------------+--------------------+
|      Accuracy      |     Precision      |       Recall       |         F1         |
+--------------------+--------------------+--------------------+--------------------+
| 0.9041095890410958 | 0.9038595346814526 | 0.9041095890410958 | 0.9038071552592424 |
+--------------------+--------------------+--------------------+--------------------+

Epoch loss:0.21614513626775225

+-------------------+--------------------+-------------------+--------------------+
|      Accuracy     |     Precision      |       Recall      |         F1         |
+-------------------+--------------------+-------------------+--------------------+
| 0.726027397260274 | 0.8116438356164384 | 0.726027397260274 | 0.6792971774947261 |
+-------------------+--------------------+-------------------+--------------------+

Epoch loss:0.1392762060906436

+-------------------+--------------------+-------------------+--------------------+
|      Accuracy     |     Precision      |       Recall      |         F1         |
+-------------------+--------------------+-------------------+--------------------+
| 0.863013698630137 | 0.8767625068994931 | 0.863013698630137 | 0.8577625570776257 |
+-------------------+--------------------+-------------------+--------------------+

Epoch loss:0.2137553977805215

+--------------------+--------------------+--------------------+--------------------+
|      Accuracy      |     Precision      |       Recall       |         F1         |
+--------------------+--------------------+--------------------+--------------------+
| 0.9041095890410958 | 0.9227549467275495 | 0.9041095890410958 | 0.9051295060427481 |
+--------------------+--------------------+--------------------+--------------------+

Epoch loss:0.1433243173602465

+--------------------+-------------------+--------------------+--------------------+
|      Accuracy      |     Precision     |       Recall       |         F1         |
+--------------------+-------------------+--------------------+--------------------+
| 0.8082191780821918 | 0.855203808887404 | 0.8082191780821918 | 0.8095169430425379 |
+--------------------+-------------------+--------------------+--------------------+

Epoch loss:0.1534083924709341

+-------------------+--------------------+-------------------+--------------------+
|      Accuracy     |     Precision      |       Recall      |         F1         |
+-------------------+--------------------+-------------------+--------------------+
| 0.726027397260274 | 0.8378529493989376 | 0.726027397260274 | 0.7208620012810183 |
+-------------------+--------------------+-------------------+--------------------+

Epoch loss:0.1773304521181696

+--------------------+--------------------+--------------------+--------------------+
|      Accuracy      |     Precision      |       Recall       |         F1         |
+--------------------+--------------------+--------------------+--------------------+
| 0.9452054794520548 | 0.9472045114996948 | 0.9452054794520548 | 0.9454815758734205 |
+--------------------+--------------------+--------------------+--------------------+

Epoch loss:0.10942397092947283

+-------------------+--------------------+-------------------+--------------------+
|      Accuracy     |     Precision      |       Recall      |         F1         |
+-------------------+--------------------+-------------------+--------------------+
| 0.821917808219178 | 0.8625330449411199 | 0.821917808219178 | 0.8076555600765557 |
+-------------------+--------------------+-------------------+--------------------+

Epoch loss:0.13756199047674197

+-------------------+--------------------+-------------------+--------------------+
|      Accuracy     |     Precision      |       Recall      |         F1         |
+-------------------+--------------------+-------------------+--------------------+
| 0.821917808219178 | 0.8770384866275277 | 0.821917808219178 | 0.8227873175123802 |
+-------------------+--------------------+-------------------+--------------------+

Epoch loss:0.12498605836535225

+--------------------+--------------------+--------------------+--------------------+
|      Accuracy      |     Precision      |       Recall       |         F1         |
+--------------------+--------------------+--------------------+--------------------+
| 0.9041095890410958 | 0.9038595346814526 | 0.9041095890410958 | 0.9038071552592424 |
+--------------------+--------------------+--------------------+--------------------+

Epoch loss:0.09309426930456145

+--------------------+--------------------+--------------------+-------------------+
|      Accuracy      |     Precision      |       Recall       |         F1        |
+--------------------+--------------------+--------------------+-------------------+
| 0.7534246575342466 | 0.8478577674147479 | 0.7534246575342466 | 0.750921825110722 |
+--------------------+--------------------+--------------------+-------------------+

Epoch loss:0.09079497654267864

+--------------------+--------------------+--------------------+--------------------+
|      Accuracy      |     Precision      |       Recall       |         F1         |
+--------------------+--------------------+--------------------+--------------------+
| 0.8082191780821918 | 0.8706594456833386 | 0.8082191780821918 | 0.8087231066683123 |
+--------------------+--------------------+--------------------+--------------------+

Epoch loss:0.11614402081672656

+--------------------+--------------------+--------------------+--------------------+
|      Accuracy      |     Precision      |       Recall       |         F1         |
+--------------------+--------------------+--------------------+--------------------+
| 0.9315068493150684 | 0.9322395667410004 | 0.9315068493150684 | 0.9316936609475619 |
+--------------------+--------------------+--------------------+--------------------+

Epoch loss:0.07984642953788107

+--------------------+-------------------+--------------------+--------------------+
|      Accuracy      |     Precision     |       Recall       |         F1         |
+--------------------+-------------------+--------------------+--------------------+
| 0.7808219178082192 | 0.858751902587519 | 0.7808219178082192 | 0.7801637253692049 |
+--------------------+-------------------+--------------------+--------------------+

Epoch loss:0.12592251620859513

+--------------------+--------------------+--------------------+--------------------+
|      Accuracy      |     Precision      |       Recall       |         F1         |
+--------------------+--------------------+--------------------+--------------------+
| 0.8767123287671232 | 0.8873953068151296 | 0.8767123287671232 | 0.8727935875143136 |
+--------------------+--------------------+--------------------+--------------------+

Epoch loss:0.08074560789768961

+--------------------+--------------------+--------------------+--------------------+
|      Accuracy      |     Precision      |       Recall       |         F1         |
+--------------------+--------------------+--------------------+--------------------+
| 0.8356164383561644 | 0.8708414872798435 | 0.8356164383561644 | 0.8240381179273377 |
+--------------------+--------------------+--------------------+--------------------+

Epoch loss:0.06586872056957234

+--------------------+--------------------+--------------------+--------------------+
|      Accuracy      |     Precision      |       Recall       |         F1         |
+--------------------+--------------------+--------------------+--------------------+
| 0.9315068493150684 | 0.9334237607335829 | 0.9315068493150684 | 0.9307678622747116 |
+--------------------+--------------------+--------------------+--------------------+

Epoch loss:0.08080172927647426

+--------------------+--------------------+--------------------+--------------------+
|      Accuracy      |     Precision      |       Recall       |         F1         |
+--------------------+--------------------+--------------------+--------------------+
| 0.9178082191780822 | 0.9181611629497276 | 0.9178082191780822 | 0.9172537508153947 |
+--------------------+--------------------+--------------------+--------------------+

Epoch loss:0.10105914363914446

+--------------------+-------------------+--------------------+-------------------+
|      Accuracy      |     Precision     |       Recall       |         F1        |
+--------------------+-------------------+--------------------+-------------------+
| 0.8493150684931506 | 0.866412509692427 | 0.8493150684931506 | 0.842467194475587 |
+--------------------+-------------------+--------------------+-------------------+

Epoch loss:0.10192864629238643

+--------------------+--------------------+--------------------+-------------------+
|      Accuracy      |     Precision      |       Recall       |         F1        |
+--------------------+--------------------+--------------------+-------------------+
| 0.7534246575342466 | 0.8478577674147479 | 0.7534246575342466 | 0.750921825110722 |
+--------------------+--------------------+--------------------+-------------------+

Epoch loss:0.09572719282634254

+--------------------+--------------------+--------------------+--------------------+
|      Accuracy      |     Precision      |       Recall       |         F1         |
+--------------------+--------------------+--------------------+--------------------+
| 0.8493150684931506 | 0.8794520547945206 | 0.8493150684931506 | 0.8400531105281906 |
+--------------------+--------------------+--------------------+--------------------+

Epoch loss:0.06041220620878645

+--------------------+--------------------+--------------------+--------------------+
|      Accuracy      |     Precision      |       Recall       |         F1         |
+--------------------+--------------------+--------------------+--------------------+
| 0.6712328767123288 | 0.7934461455815203 | 0.6712328767123288 | 0.6616438356164384 |
+--------------------+--------------------+--------------------+--------------------+

Epoch loss:0.07788308512897708

+--------------------+--------------------+--------------------+--------------------+
|      Accuracy      |     Precision      |       Recall       |         F1         |
+--------------------+--------------------+--------------------+--------------------+
| 0.9041095890410958 | 0.9172710179962397 | 0.9041095890410958 | 0.9010616791777993 |
+--------------------+--------------------+--------------------+--------------------+

Epoch loss:0.09314171762860103

+--------------------+--------------------+--------------------+--------------------+
|      Accuracy      |     Precision      |       Recall       |         F1         |
+--------------------+--------------------+--------------------+--------------------+
| 0.9041095890410958 | 0.9096426241729567 | 0.9041095890410958 | 0.9021641556680201 |
+--------------------+--------------------+--------------------+--------------------+

Epoch loss:0.06131485718730334

+--------------------+--------------------+--------------------+--------------------+
|      Accuracy      |     Precision      |       Recall       |         F1         |
+--------------------+--------------------+--------------------+--------------------+
| 0.8082191780821918 | 0.8706594456833386 | 0.8082191780821918 | 0.8087231066683123 |
+--------------------+--------------------+--------------------+--------------------+

Epoch loss:0.04640639297871825

+-------------------+--------------------+-------------------+--------------------+
|      Accuracy     |     Precision      |       Recall      |         F1         |
+-------------------+--------------------+-------------------+--------------------+
| 0.958904109589041 | 0.9590237008045227 | 0.958904109589041 | 0.9587744951111039 |
+-------------------+--------------------+-------------------+--------------------+

Epoch loss:0.04737993838490503

+-------------------+--------------------+-------------------+--------------------+
|      Accuracy     |     Precision      |       Recall      |         F1         |
+-------------------+--------------------+-------------------+--------------------+
| 0.958904109589041 | 0.9590237008045227 | 0.958904109589041 | 0.9587744951111039 |
+-------------------+--------------------+-------------------+--------------------+

Epoch loss:0.04453318620358619

+--------------------+--------------------+--------------------+--------------------+
|      Accuracy      |     Precision      |       Recall       |         F1         |
+--------------------+--------------------+--------------------+--------------------+
| 0.9726027397260274 | 0.9737939249553305 | 0.9726027397260274 | 0.9724179169384648 |
+--------------------+--------------------+--------------------+--------------------+

Epoch loss:0.1096641541359556

+--------------------+--------------------+--------------------+--------------------+
|      Accuracy      |     Precision      |       Recall       |         F1         |
+--------------------+--------------------+--------------------+--------------------+
| 0.9452054794520548 | 0.9452054794520548 | 0.9452054794520548 | 0.9452054794520548 |
+--------------------+--------------------+--------------------+--------------------+

Epoch loss:0.05526951835427836

+--------------------+--------------------+--------------------+-------------------+
|      Accuracy      |     Precision      |       Recall       |         F1        |
+--------------------+--------------------+--------------------+-------------------+
| 0.9452054794520548 | 0.9497716894977168 | 0.9452054794520548 | 0.944367237994397 |
+--------------------+--------------------+--------------------+-------------------+

Epoch loss:0.03188251586932991

+--------------------+--------------------+--------------------+--------------------+
|      Accuracy      |     Precision      |       Recall       |         F1         |
+--------------------+--------------------+--------------------+--------------------+
| 0.8767123287671232 | 0.8976479710519515 | 0.8767123287671232 | 0.8711095227527532 |
+--------------------+--------------------+--------------------+--------------------+

Epoch loss:0.07430905863214787

+-------------------+--------------------+-------------------+--------------------+
|      Accuracy     |     Precision      |       Recall      |         F1         |
+-------------------+--------------------+-------------------+--------------------+
| 0.958904109589041 | 0.9594987788042901 | 0.958904109589041 | 0.9590161965685372 |
+-------------------+--------------------+-------------------+--------------------+

Epoch loss:0.06189740327819301

+--------------------+--------------------+--------------------+--------------------+
|      Accuracy      |     Precision      |       Recall       |         F1         |
+--------------------+--------------------+--------------------+--------------------+
| 0.9452054794520548 | 0.9452054794520548 | 0.9452054794520548 | 0.9452054794520548 |
+--------------------+--------------------+--------------------+--------------------+

Epoch loss:0.0375941975208981

+--------------------+--------------------+--------------------+--------------------+
|      Accuracy      |     Precision      |       Recall       |         F1         |
+--------------------+--------------------+--------------------+--------------------+
| 0.9178082191780822 | 0.9247405562474055 | 0.9178082191780822 | 0.9185026197841045 |
+--------------------+--------------------+--------------------+--------------------+

Epoch loss:0.05207012304871003

+--------------------+--------------------+--------------------+--------------------+
|      Accuracy      |     Precision      |       Recall       |         F1         |
+--------------------+--------------------+--------------------+--------------------+
| 0.8904109589041096 | 0.9141058867086264 | 0.8904109589041096 | 0.8915732669157328 |
+--------------------+--------------------+--------------------+--------------------+

Epoch loss:0.07214615467662067

+--------------------+--------------------+--------------------+--------------------+
|      Accuracy      |     Precision      |       Recall       |         F1         |
+--------------------+--------------------+--------------------+--------------------+
| 0.9726027397260274 | 0.9737939249553305 | 0.9726027397260274 | 0.9724179169384648 |
+--------------------+--------------------+--------------------+--------------------+

Epoch loss:0.05596719961613417

+--------------------+-------------------+--------------------+--------------------+
|      Accuracy      |     Precision     |       Recall       |         F1         |
+--------------------+-------------------+--------------------+--------------------+
| 0.8356164383561644 | 0.870224591417178 | 0.8356164383561644 | 0.8371660571499412 |
+--------------------+-------------------+--------------------+--------------------+

Epoch loss:0.03356251881022881

+--------------------+--------------------+--------------------+--------------------+
|      Accuracy      |     Precision      |       Recall       |         F1         |
+--------------------+--------------------+--------------------+--------------------+
| 0.9452054794520548 | 0.9452054794520548 | 0.9452054794520548 | 0.9452054794520548 |
+--------------------+--------------------+--------------------+--------------------+

Epoch loss:0.02522155242213803

+--------------------+--------------------+--------------------+--------------------+
|      Accuracy      |     Precision      |       Recall       |         F1         |
+--------------------+--------------------+--------------------+--------------------+
| 0.8767123287671232 | 0.8976479710519515 | 0.8767123287671232 | 0.8711095227527532 |
+--------------------+--------------------+--------------------+--------------------+

Epoch loss:0.035080454329569896

+-------------------+--------------------+-------------------+--------------------+
|      Accuracy     |     Precision      |       Recall      |         F1         |
+-------------------+--------------------+-------------------+--------------------+
| 0.958904109589041 | 0.9627568493150684 | 0.958904109589041 | 0.9591894426757903 |
+-------------------+--------------------+-------------------+--------------------+

Epoch loss:0.025143325664110896

+--------------------+--------------------+--------------------+--------------------+
|      Accuracy      |     Precision      |       Recall       |         F1         |
+--------------------+--------------------+--------------------+--------------------+
| 0.9452054794520548 | 0.9472045114996948 | 0.9452054794520548 | 0.9454815758734205 |
+--------------------+--------------------+--------------------+--------------------+

Epoch loss:0.03819771272459105

+--------------------+--------------------+--------------------+--------------------+
|      Accuracy      |     Precision      |       Recall       |         F1         |
+--------------------+--------------------+--------------------+--------------------+
| 0.7397260273972602 | 0.8427511415525113 | 0.7397260273972602 | 0.7360029289749361 |
+--------------------+--------------------+--------------------+--------------------+

Epoch loss:0.07897559239378048

+--------------------+--------------------+--------------------+--------------------+
|      Accuracy      |     Precision      |       Recall       |         F1         |
+--------------------+--------------------+--------------------+--------------------+
| 0.9726027397260274 | 0.9737939249553305 | 0.9726027397260274 | 0.9724179169384648 |
+--------------------+--------------------+--------------------+--------------------+

Epoch loss:0.020195347814454156

+--------------------+--------------------+--------------------+-------------------+
|      Accuracy      |     Precision      |       Recall       |         F1        |
+--------------------+--------------------+--------------------+-------------------+
| 0.9315068493150684 | 0.9415793714746172 | 0.9315068493150684 | 0.932161784777728 |
+--------------------+--------------------+--------------------+-------------------+

Epoch loss:0.06971335617718806

+--------------------+-------------------+--------------------+--------------------+
|      Accuracy      |     Precision     |       Recall       |         F1         |
+--------------------+-------------------+--------------------+--------------------+
| 0.9452054794520548 | 0.945977543952529 | 0.9452054794520548 | 0.9448358338769297 |
+--------------------+-------------------+--------------------+--------------------+

Epoch loss:0.051065416921660105

+--------------------+--------------------+--------------------+--------------------+
|      Accuracy      |     Precision      |       Recall       |         F1         |
+--------------------+--------------------+--------------------+--------------------+
| 0.8904109589041096 | 0.9141058867086264 | 0.8904109589041096 | 0.8915732669157328 |
+--------------------+--------------------+--------------------+--------------------+

Epoch loss:0.05933672946402284

+--------------------+--------------------+--------------------+--------------------+
|      Accuracy      |     Precision      |       Recall       |         F1         |
+--------------------+--------------------+--------------------+--------------------+
| 0.9452054794520548 | 0.9518472395184724 | 0.9452054794520548 | 0.9456684131894031 |
+--------------------+--------------------+--------------------+--------------------+

Epoch loss:0.029008217119061975

+--------------------+--------------------+--------------------+--------------------+
|      Accuracy      |     Precision      |       Recall       |         F1         |
+--------------------+--------------------+--------------------+--------------------+
| 0.9315068493150684 | 0.9314416177429877 | 0.9315068493150684 | 0.9312908251851731 |
+--------------------+--------------------+--------------------+--------------------+

Epoch loss:0.039294593065278605

+--------------------+--------------------+--------------------+--------------------+
|      Accuracy      |     Precision      |       Recall       |         F1         |
+--------------------+--------------------+--------------------+--------------------+
| 0.9452054794520548 | 0.9452054794520548 | 0.9452054794520548 | 0.9452054794520548 |
+--------------------+--------------------+--------------------+--------------------+

Epoch loss:0.04637348495590551

+--------------------+--------------------+--------------------+--------------------+
|      Accuracy      |     Precision      |       Recall       |         F1         |
+--------------------+--------------------+--------------------+--------------------+
| 0.9315068493150684 | 0.9356414968259271 | 0.9315068493150684 | 0.9319824044596505 |
+--------------------+--------------------+--------------------+--------------------+

Epoch loss:0.028775250936214924

+--------------------+-------------------+--------------------+--------------------+
|      Accuracy      |     Precision     |       Recall       |         F1         |
+--------------------+-------------------+--------------------+--------------------+
| 0.9452054794520548 | 0.945977543952529 | 0.9452054794520548 | 0.9448358338769297 |
+--------------------+-------------------+--------------------+--------------------+

Epoch loss:0.025452953879033197

+--------------------+--------------------+--------------------+--------------------+
|      Accuracy      |     Precision      |       Recall       |         F1         |
+--------------------+--------------------+--------------------+--------------------+
| 0.9178082191780822 | 0.9181611629497276 | 0.9178082191780822 | 0.9172537508153947 |
+--------------------+--------------------+--------------------+--------------------+

Epoch loss:0.04149987410995448

+--------------------+--------------------+--------------------+--------------------+
|      Accuracy      |     Precision      |       Recall       |         F1         |
+--------------------+--------------------+--------------------+--------------------+
| 0.9315068493150684 | 0.9322395667410004 | 0.9315068493150684 | 0.9316936609475619 |
+--------------------+--------------------+--------------------+--------------------+

Epoch loss:0.02125678055037153

+--------------------+--------------------+--------------------+--------------------+
|      Accuracy      |     Precision      |       Recall       |         F1         |
+--------------------+--------------------+--------------------+--------------------+
| 0.9315068493150684 | 0.9322395667410004 | 0.9315068493150684 | 0.9316936609475619 |
+--------------------+--------------------+--------------------+--------------------+

Epoch loss:0.03504229142895752

+-------------------+--------------------+-------------------+--------------------+
|      Accuracy     |     Precision      |       Recall      |         F1         |
+-------------------+--------------------+-------------------+--------------------+
| 0.958904109589041 | 0.9590237008045227 | 0.958904109589041 | 0.9587744951111039 |
+-------------------+--------------------+-------------------+--------------------+

Epoch loss:0.04623500676973128

+--------------------+--------------------+--------------------+--------------------+
|      Accuracy      |     Precision      |       Recall       |         F1         |
+--------------------+--------------------+--------------------+--------------------+
| 0.8904109589041096 | 0.9141058867086264 | 0.8904109589041096 | 0.8915732669157328 |
+--------------------+--------------------+--------------------+--------------------+

Epoch loss:0.04398187019723008

+--------------------+-------------------+--------------------+--------------------+
|      Accuracy      |     Precision     |       Recall       |         F1         |
+--------------------+-------------------+--------------------+--------------------+
| 0.9452054794520548 | 0.945977543952529 | 0.9452054794520548 | 0.9448358338769297 |
+--------------------+-------------------+--------------------+--------------------+

Epoch loss:0.08884872874839218

+-------------------+-------------------+-------------------+--------------------+
|      Accuracy     |     Precision     |       Recall      |         F1         |
+-------------------+-------------------+-------------------+--------------------+
| 0.958904109589041 | 0.961527251530166 | 0.958904109589041 | 0.9584607173648269 |
+-------------------+-------------------+-------------------+--------------------+

Epoch loss:0.006268920426845324

+--------------------+--------------------+--------------------+-------------------+
|      Accuracy      |     Precision      |       Recall       |         F1        |
+--------------------+--------------------+--------------------+-------------------+
| 0.9315068493150684 | 0.9415793714746172 | 0.9315068493150684 | 0.932161784777728 |
+--------------------+--------------------+--------------------+-------------------+

Epoch loss:0.04096526850839468

+--------------------+--------------------+--------------------+--------------------+
|      Accuracy      |     Precision      |       Recall       |         F1         |
+--------------------+--------------------+--------------------+--------------------+
| 0.8904109589041096 | 0.9072708113804003 | 0.8904109589041096 | 0.8862100456621004 |
+--------------------+--------------------+--------------------+--------------------+

Epoch loss:0.028647139372166036

+--------------------+-------------------+--------------------+--------------------+
|      Accuracy      |     Precision     |       Recall       |         F1         |
+--------------------+-------------------+--------------------+--------------------+
| 0.9452054794520548 | 0.945977543952529 | 0.9452054794520548 | 0.9448358338769297 |
+--------------------+-------------------+--------------------+--------------------+

Epoch loss:0.03272904303623757

+--------------------+--------------------+--------------------+--------------------+
|      Accuracy      |     Precision      |       Recall       |         F1         |
+--------------------+--------------------+--------------------+--------------------+
| 0.9178082191780822 | 0.9276712328767123 | 0.9178082191780822 | 0.9156895276102502 |
+--------------------+--------------------+--------------------+--------------------+

Epoch loss:0.024296939358489023

+-------------------+--------------------+-------------------+--------------------+
|      Accuracy     |     Precision      |       Recall      |         F1         |
+-------------------+--------------------+-------------------+--------------------+
| 0.958904109589041 | 0.9590237008045227 | 0.958904109589041 | 0.9587744951111039 |
+-------------------+--------------------+-------------------+--------------------+

Epoch loss:0.013751448987047322

+--------------------+--------------------+--------------------+--------------------+
|      Accuracy      |     Precision      |       Recall       |         F1         |
+--------------------+--------------------+--------------------+--------------------+
| 0.9452054794520548 | 0.9452054794520548 | 0.9452054794520548 | 0.9452054794520548 |
+--------------------+--------------------+--------------------+--------------------+

Epoch loss:0.02912439135490933

+--------------------+--------------------+--------------------+--------------------+
|      Accuracy      |     Precision      |       Recall       |         F1         |
+--------------------+--------------------+--------------------+--------------------+
| 0.9041095890410958 | 0.9144403809996073 | 0.9041095890410958 | 0.9050264986888191 |
+--------------------+--------------------+--------------------+--------------------+

Epoch loss:0.025150533077288168

+--------------------+--------------------+--------------------+--------------------+
|      Accuracy      |     Precision      |       Recall       |         F1         |
+--------------------+--------------------+--------------------+--------------------+
| 0.9726027397260274 | 0.9743703049049933 | 0.9726027397260274 | 0.9727407879367103 |
+--------------------+--------------------+--------------------+--------------------+

Epoch loss:0.011548998489554317

+--------------------+--------------------+--------------------+--------------------+
|      Accuracy      |     Precision      |       Recall       |         F1         |
+--------------------+--------------------+--------------------+--------------------+
| 0.8082191780821918 | 0.8545111006140765 | 0.8082191780821918 | 0.7908700217322296 |
+--------------------+--------------------+--------------------+--------------------+

Epoch loss:0.014779913970930982

+--------------------+--------------------+--------------------+--------------------+
|      Accuracy      |     Precision      |       Recall       |         F1         |
+--------------------+--------------------+--------------------+--------------------+
| 0.9178082191780822 | 0.9276712328767123 | 0.9178082191780822 | 0.9156895276102502 |
+--------------------+--------------------+--------------------+--------------------+

Epoch loss:0.03384376981153223

+--------------------+--------------------+--------------------+--------------------+
|      Accuracy      |     Precision      |       Recall       |         F1         |
+--------------------+--------------------+--------------------+--------------------+
| 0.9452054794520548 | 0.9452054794520548 | 0.9452054794520548 | 0.9452054794520548 |
+--------------------+--------------------+--------------------+--------------------+

Epoch loss:0.04488433996202484

+--------------------+-------------------+--------------------+--------------------+
|      Accuracy      |     Precision     |       Recall       |         F1         |
+--------------------+-------------------+--------------------+--------------------+
| 0.9452054794520548 | 0.945977543952529 | 0.9452054794520548 | 0.9448358338769297 |
+--------------------+-------------------+--------------------+--------------------+

Epoch loss:0.03684549045084242

+--------------------+--------------------+--------------------+--------------------+
|      Accuracy      |     Precision      |       Recall       |         F1         |
+--------------------+--------------------+--------------------+--------------------+
| 0.9726027397260274 | 0.9726027397260274 | 0.9726027397260274 | 0.9726027397260274 |
+--------------------+--------------------+--------------------+--------------------+

Epoch loss:0.027182168758409297

+--------------------+--------------------+--------------------+-------------------+
|      Accuracy      |     Precision      |       Recall       |         F1        |
+--------------------+--------------------+--------------------+-------------------+
| 0.9315068493150684 | 0.9415793714746172 | 0.9315068493150684 | 0.932161784777728 |
+--------------------+--------------------+--------------------+-------------------+

Epoch loss:0.016614556517320248

+-------------------+--------------------+-------------------+--------------------+
|      Accuracy     |     Precision      |       Recall      |         F1         |
+-------------------+--------------------+-------------------+--------------------+
| 0.958904109589041 | 0.9594987788042901 | 0.958904109589041 | 0.9590161965685372 |
+-------------------+--------------------+-------------------+--------------------+

Epoch loss:0.01754391496632633

+--------------------+--------------------+--------------------+--------------------+
|      Accuracy      |     Precision      |       Recall       |         F1         |
+--------------------+--------------------+--------------------+--------------------+
| 0.8767123287671232 | 0.8873953068151296 | 0.8767123287671232 | 0.8727935875143136 |
+--------------------+--------------------+--------------------+--------------------+

Epoch loss:0.05336538222778669

+--------------------+--------------------+--------------------+--------------------+
|      Accuracy      |     Precision      |       Recall       |         F1         |
+--------------------+--------------------+--------------------+--------------------+
| 0.9726027397260274 | 0.9726027397260274 | 0.9726027397260274 | 0.9726027397260274 |
+--------------------+--------------------+--------------------+--------------------+

Epoch loss:0.02249971226932438

+--------------------+-------------------+--------------------+--------------------+
|      Accuracy      |     Precision     |       Recall       |         F1         |
+--------------------+-------------------+--------------------+--------------------+
| 0.9452054794520548 | 0.945977543952529 | 0.9452054794520548 | 0.9448358338769297 |
+--------------------+-------------------+--------------------+--------------------+

Epoch loss:0.04063376596284773

+-------------------+--------------------+-------------------+--------------------+
|      Accuracy     |     Precision      |       Recall      |         F1         |
+-------------------+--------------------+-------------------+--------------------+
| 0.958904109589041 | 0.9627568493150684 | 0.958904109589041 | 0.9591894426757903 |
+-------------------+--------------------+-------------------+--------------------+

Epoch loss:0.04239787091920162

+-------------------+--------------------+-------------------+--------------------+
|      Accuracy     |     Precision      |       Recall      |         F1         |
+-------------------+--------------------+-------------------+--------------------+
| 0.958904109589041 | 0.9590237008045227 | 0.958904109589041 | 0.9587744951111039 |
+-------------------+--------------------+-------------------+--------------------+

Epoch loss:0.015206881746839703

+-------------------+-------------------+-------------------+--------------------+
|      Accuracy     |     Precision     |       Recall      |         F1         |
+-------------------+-------------------+-------------------+--------------------+
| 0.958904109589041 | 0.961527251530166 | 0.958904109589041 | 0.9584607173648269 |
+-------------------+-------------------+-------------------+--------------------+

Epoch loss:0.019709242559349298

+--------------------+--------------------+--------------------+--------------------+
|      Accuracy      |     Precision      |       Recall       |         F1         |
+--------------------+--------------------+--------------------+--------------------+
| 0.9726027397260274 | 0.9726027397260274 | 0.9726027397260274 | 0.9726027397260274 |
+--------------------+--------------------+--------------------+--------------------+

Epoch loss:0.02558651998316156

+-------------------+--------------------+-------------------+--------------------+
|      Accuracy     |     Precision      |       Recall      |         F1         |
+-------------------+--------------------+-------------------+--------------------+
| 0.958904109589041 | 0.9594987788042901 | 0.958904109589041 | 0.9590161965685372 |
+-------------------+--------------------+-------------------+--------------------+

Epoch loss:0.01556201049241871

+--------------------+--------------------+--------------------+--------------------+
|      Accuracy      |     Precision      |       Recall       |         F1         |
+--------------------+--------------------+--------------------+--------------------+
| 0.9726027397260274 | 0.9726027397260274 | 0.9726027397260274 | 0.9726027397260274 |
+--------------------+--------------------+--------------------+--------------------+

Epoch loss:0.02816266502067437

+-------------------+--------------------+-------------------+--------------------+
|      Accuracy     |     Precision      |       Recall      |         F1         |
+-------------------+--------------------+-------------------+--------------------+
| 0.958904109589041 | 0.9590237008045227 | 0.958904109589041 | 0.9587744951111039 |
+-------------------+--------------------+-------------------+--------------------+

Epoch loss:0.04656144899090086

+-------------------+-------------------+-------------------+--------------------+
|      Accuracy     |     Precision     |       Recall      |         F1         |
+-------------------+-------------------+-------------------+--------------------+
| 0.958904109589041 | 0.961527251530166 | 0.958904109589041 | 0.9584607173648269 |
+-------------------+-------------------+-------------------+--------------------+

Epoch loss:0.025322097551452316

+--------------------+--------------------+--------------------+--------------------+
|      Accuracy      |     Precision      |       Recall       |         F1         |
+--------------------+--------------------+--------------------+--------------------+
| 0.9178082191780822 | 0.9276712328767123 | 0.9178082191780822 | 0.9156895276102502 |
+--------------------+--------------------+--------------------+--------------------+

Epoch loss:0.02445275491651488

+--------------------+--------------------+--------------------+--------------------+
|      Accuracy      |     Precision      |       Recall       |         F1         |
+--------------------+--------------------+--------------------+--------------------+
| 0.9726027397260274 | 0.9726027397260274 | 0.9726027397260274 | 0.9726027397260274 |
+--------------------+--------------------+--------------------+--------------------+

Epoch loss:0.018735359528560563

+--------------------+--------------------+--------------------+--------------------+
|      Accuracy      |     Precision      |       Recall       |         F1         |
+--------------------+--------------------+--------------------+--------------------+
| 0.9315068493150684 | 0.9384959463237349 | 0.9315068493150684 | 0.9301172540485859 |
+--------------------+--------------------+--------------------+--------------------+

Epoch loss:0.03157954425620807

+--------------------+-------------------+--------------------+--------------------+
|      Accuracy      |     Precision     |       Recall       |         F1         |
+--------------------+-------------------+--------------------+--------------------+
| 0.9452054794520548 | 0.945977543952529 | 0.9452054794520548 | 0.9448358338769297 |
+--------------------+-------------------+--------------------+--------------------+

Epoch loss:0.029035651771400318

+-------------------+--------------------+-------------------+--------------------+
|      Accuracy     |     Precision      |       Recall      |         F1         |
+-------------------+--------------------+-------------------+--------------------+
| 0.958904109589041 | 0.9627568493150684 | 0.958904109589041 | 0.9591894426757903 |
+-------------------+--------------------+-------------------+--------------------+

Epoch loss:0.056436516207951

+-------------------+--------------------+-------------------+--------------------+
|      Accuracy     |     Precision      |       Recall      |         F1         |
+-------------------+--------------------+-------------------+--------------------+
| 0.958904109589041 | 0.9590237008045227 | 0.958904109589041 | 0.9587744951111039 |
+-------------------+--------------------+-------------------+--------------------+

Epoch loss:0.01831473588367157

+-------------------+--------------------+-------------------+--------------------+
|      Accuracy     |     Precision      |       Recall      |         F1         |
+-------------------+--------------------+-------------------+--------------------+
| 0.958904109589041 | 0.9627568493150684 | 0.958904109589041 | 0.9591894426757903 |
+-------------------+--------------------+-------------------+--------------------+

Epoch loss:0.009163935288222853

+--------------------+--------------------+--------------------+--------------------+
|      Accuracy      |     Precision      |       Recall       |         F1         |
+--------------------+--------------------+--------------------+--------------------+
| 0.9178082191780822 | 0.9178082191780822 | 0.9178082191780822 | 0.9178082191780822 |
+--------------------+--------------------+--------------------+--------------------+

Epoch loss:0.04027308384767723

+-------------------+--------------------+-------------------+--------------------+
|      Accuracy     |     Precision      |       Recall      |         F1         |
+-------------------+--------------------+-------------------+--------------------+
| 0.958904109589041 | 0.9594987788042901 | 0.958904109589041 | 0.9590161965685372 |
+-------------------+--------------------+-------------------+--------------------+

Epoch loss:0.03426786328713117

+-------------------+-------------------+-------------------+--------------------+
|      Accuracy     |     Precision     |       Recall      |         F1         |
+-------------------+-------------------+-------------------+--------------------+
| 0.958904109589041 | 0.961527251530166 | 0.958904109589041 | 0.9584607173648269 |
+-------------------+-------------------+-------------------+--------------------+

Epoch loss:0.009668497790281018

+-------------------+--------------------+-------------------+--------------------+
|      Accuracy     |     Precision      |       Recall      |         F1         |
+-------------------+--------------------+-------------------+--------------------+
| 0.958904109589041 | 0.9590237008045227 | 0.958904109589041 | 0.9587744951111039 |
+-------------------+--------------------+-------------------+--------------------+

Epoch loss:0.024746073404839006

+-------------------+--------------------+-------------------+--------------------+
|      Accuracy     |     Precision      |       Recall      |         F1         |
+-------------------+--------------------+-------------------+--------------------+
| 0.958904109589041 | 0.9590237008045227 | 0.958904109589041 | 0.9587744951111039 |
+-------------------+--------------------+-------------------+--------------------+

Epoch loss:0.010116895176212426

+--------------------+--------------------+--------------------+--------------------+
|      Accuracy      |     Precision      |       Recall       |         F1         |
+--------------------+--------------------+--------------------+--------------------+
| 0.9452054794520548 | 0.9472045114996948 | 0.9452054794520548 | 0.9454815758734205 |
+--------------------+--------------------+--------------------+--------------------+

Epoch loss:0.04906068920128156

+-------------------+--------------------+-------------------+--------------------+
|      Accuracy     |     Precision      |       Recall      |         F1         |
+-------------------+--------------------+-------------------+--------------------+
| 0.958904109589041 | 0.9590237008045227 | 0.958904109589041 | 0.9587744951111039 |
+-------------------+--------------------+-------------------+--------------------+

Epoch loss:0.023248422015617384

+--------------------+--------------------+--------------------+-------------------+
|      Accuracy      |     Precision      |       Recall       |         F1        |
+--------------------+--------------------+--------------------+-------------------+
| 0.9178082191780822 | 0.9318982387475537 | 0.9178082191780822 | 0.918653942532576 |
+--------------------+--------------------+--------------------+-------------------+

Epoch loss:0.011616203523922687

+-------------------+-------------------+-------------------+--------------------+
|      Accuracy     |     Precision     |       Recall      |         F1         |
+-------------------+-------------------+-------------------+--------------------+
| 0.958904109589041 | 0.961527251530166 | 0.958904109589041 | 0.9584607173648269 |
+-------------------+-------------------+-------------------+--------------------+

Epoch loss:0.004523857229241298

+--------------------+--------------------+--------------------+--------------------+
|      Accuracy      |     Precision      |       Recall       |         F1         |
+--------------------+--------------------+--------------------+--------------------+
| 0.9452054794520548 | 0.9452054794520548 | 0.9452054794520548 | 0.9452054794520548 |
+--------------------+--------------------+--------------------+--------------------+

Epoch loss:0.030603874471273378

+--------------------+--------------------+--------------------+--------------------+
|      Accuracy      |     Precision      |       Recall       |         F1         |
+--------------------+--------------------+--------------------+--------------------+
| 0.9452054794520548 | 0.9452054794520548 | 0.9452054794520548 | 0.9452054794520548 |
+--------------------+--------------------+--------------------+--------------------+

Epoch loss:0.02609238074329312

+--------------------+--------------------+--------------------+--------------------+
|      Accuracy      |     Precision      |       Recall       |         F1         |
+--------------------+--------------------+--------------------+--------------------+
| 0.9178082191780822 | 0.9181611629497276 | 0.9178082191780822 | 0.9172537508153947 |
+--------------------+--------------------+--------------------+--------------------+

Epoch loss:0.028378349635147515

+--------------------+--------------------+--------------------+--------------------+
|      Accuracy      |     Precision      |       Recall       |         F1         |
+--------------------+--------------------+--------------------+--------------------+
| 0.9178082191780822 | 0.9247405562474055 | 0.9178082191780822 | 0.9185026197841045 |
+--------------------+--------------------+--------------------+--------------------+

Epoch loss:0.03160346551631106

+-------------------+-------------------+-------------------+--------------------+
|      Accuracy     |     Precision     |       Recall      |         F1         |
+-------------------+-------------------+-------------------+--------------------+
| 0.958904109589041 | 0.961527251530166 | 0.958904109589041 | 0.9584607173648269 |
+-------------------+-------------------+-------------------+--------------------+

Epoch loss:0.014240569348813195

+-------------------+--------------------+-------------------+--------------------+
|      Accuracy     |     Precision      |       Recall      |         F1         |
+-------------------+--------------------+-------------------+--------------------+
| 0.958904109589041 | 0.9590237008045227 | 0.958904109589041 | 0.9587744951111039 |
+-------------------+--------------------+-------------------+--------------------+

Epoch loss:0.01811078457434651

+--------------------+--------------------+--------------------+--------------------+
|      Accuracy      |     Precision      |       Recall       |         F1         |
+--------------------+--------------------+--------------------+--------------------+
| 0.9315068493150684 | 0.9356414968259271 | 0.9315068493150684 | 0.9319824044596505 |
+--------------------+--------------------+--------------------+--------------------+

Epoch loss:0.040499395020237375

+-------------------+--------------------+-------------------+--------------------+
|      Accuracy     |     Precision      |       Recall      |         F1         |
+-------------------+--------------------+-------------------+--------------------+
| 0.958904109589041 | 0.9590237008045227 | 0.958904109589041 | 0.9587744951111039 |
+-------------------+--------------------+-------------------+--------------------+

Epoch loss:0.017870209521497506

+--------------------+--------------------+--------------------+--------------------+
|      Accuracy      |     Precision      |       Recall       |         F1         |
+--------------------+--------------------+--------------------+--------------------+
| 0.9178082191780822 | 0.9276712328767123 | 0.9178082191780822 | 0.9156895276102502 |
+--------------------+--------------------+--------------------+--------------------+

Epoch loss:0.011005583346971931

+-------------------+--------------------+-------------------+--------------------+
|      Accuracy     |     Precision      |       Recall      |         F1         |
+-------------------+--------------------+-------------------+--------------------+
| 0.958904109589041 | 0.9590237008045227 | 0.958904109589041 | 0.9587744951111039 |
+-------------------+--------------------+-------------------+--------------------+

Epoch loss:0.008669359819087867

+--------------------+--------------------+--------------------+-------------------+
|      Accuracy      |     Precision      |       Recall       |         F1        |
+--------------------+--------------------+--------------------+-------------------+
| 0.9315068493150684 | 0.9415793714746172 | 0.9315068493150684 | 0.932161784777728 |
+--------------------+--------------------+--------------------+-------------------+

Epoch loss:0.029189008828853804

+-------------------+--------------------+-------------------+--------------------+
|      Accuracy     |     Precision      |       Recall      |         F1         |
+-------------------+--------------------+-------------------+--------------------+
| 0.958904109589041 | 0.9594987788042901 | 0.958904109589041 | 0.9590161965685372 |
+-------------------+--------------------+-------------------+--------------------+

Epoch loss:0.01978766159981654

+--------------------+--------------------+--------------------+--------------------+
|      Accuracy      |     Precision      |       Recall       |         F1         |
+--------------------+--------------------+--------------------+--------------------+
| 0.9452054794520548 | 0.9452054794520548 | 0.9452054794520548 | 0.9452054794520548 |
+--------------------+--------------------+--------------------+--------------------+

Epoch loss:0.00958228650745625

+--------------------+--------------------+--------------------+--------------------+
|      Accuracy      |     Precision      |       Recall       |         F1         |
+--------------------+--------------------+--------------------+--------------------+
| 0.9863013698630136 | 0.9866057838660577 | 0.9863013698630136 | 0.9862581650370347 |
+--------------------+--------------------+--------------------+--------------------+

Epoch loss:0.01918402354274802

+--------------------+--------------------+--------------------+--------------------+
|      Accuracy      |     Precision      |       Recall       |         F1         |
+--------------------+--------------------+--------------------+--------------------+
| 0.9315068493150684 | 0.9334237607335829 | 0.9315068493150684 | 0.9307678622747116 |
+--------------------+--------------------+--------------------+--------------------+

Epoch loss:0.03884711858414276

+-------------------+--------------------+-------------------+--------------------+
|      Accuracy     |     Precision      |       Recall      |         F1         |
+-------------------+--------------------+-------------------+--------------------+
| 0.958904109589041 | 0.9627568493150684 | 0.958904109589041 | 0.9591894426757903 |
+-------------------+--------------------+-------------------+--------------------+

Epoch loss:0.015282502864545529

+--------------------+--------------------+--------------------+--------------------+
|      Accuracy      |     Precision      |       Recall       |         F1         |
+--------------------+--------------------+--------------------+--------------------+
| 0.9315068493150684 | 0.9322395667410004 | 0.9315068493150684 | 0.9316936609475619 |
+--------------------+--------------------+--------------------+--------------------+

Epoch loss:0.03353248742620803

+--------------------+--------------------+--------------------+--------------------+
|      Accuracy      |     Precision      |       Recall       |         F1         |
+--------------------+--------------------+--------------------+--------------------+
| 0.9726027397260274 | 0.9737939249553305 | 0.9726027397260274 | 0.9724179169384648 |
+--------------------+--------------------+--------------------+--------------------+

Epoch loss:0.01913402169426636

+-------------------+-------------------+-------------------+--------------------+
|      Accuracy     |     Precision     |       Recall      |         F1         |
+-------------------+-------------------+-------------------+--------------------+
| 0.958904109589041 | 0.961527251530166 | 0.958904109589041 | 0.9584607173648269 |
+-------------------+-------------------+-------------------+--------------------+

Epoch loss:0.02993604941152272

+-------------------+--------------------+-------------------+--------------------+
|      Accuracy     |     Precision      |       Recall      |         F1         |
+-------------------+--------------------+-------------------+--------------------+
| 0.958904109589041 | 0.9594987788042901 | 0.958904109589041 | 0.9590161965685372 |
+-------------------+--------------------+-------------------+--------------------+

Epoch loss:0.02150507293172391

+--------------------+--------------------+--------------------+--------------------+
|      Accuracy      |     Precision      |       Recall       |         F1         |
+--------------------+--------------------+--------------------+--------------------+
| 0.9452054794520548 | 0.9452054794520548 | 0.9452054794520548 | 0.9452054794520548 |
+--------------------+--------------------+--------------------+--------------------+

Epoch loss:0.005782637226872112

+--------------------+--------------------+--------------------+--------------------+
|      Accuracy      |     Precision      |       Recall       |         F1         |
+--------------------+--------------------+--------------------+--------------------+
| 0.9726027397260274 | 0.9743703049049933 | 0.9726027397260274 | 0.9727407879367103 |
+--------------------+--------------------+--------------------+--------------------+

Epoch loss:0.02501769427435363

+--------------------+--------------------+--------------------+--------------------+
|      Accuracy      |     Precision      |       Recall       |         F1         |
+--------------------+--------------------+--------------------+--------------------+
| 0.9452054794520548 | 0.9472045114996948 | 0.9452054794520548 | 0.9454815758734205 |
+--------------------+--------------------+--------------------+--------------------+

Epoch loss:0.014474713324018635

+--------------------+--------------------+--------------------+--------------------+
|      Accuracy      |     Precision      |       Recall       |         F1         |
+--------------------+--------------------+--------------------+--------------------+
| 0.9726027397260274 | 0.9743703049049933 | 0.9726027397260274 | 0.9727407879367103 |
+--------------------+--------------------+--------------------+--------------------+

Epoch loss:0.0091504150347321

+--------------------+--------------------+--------------------+--------------------+
|      Accuracy      |     Precision      |       Recall       |         F1         |
+--------------------+--------------------+--------------------+--------------------+
| 0.9726027397260274 | 0.9737939249553305 | 0.9726027397260274 | 0.9724179169384648 |
+--------------------+--------------------+--------------------+--------------------+

Epoch loss:0.034778731859600266

+--------------------+--------------------+--------------------+--------------------+
|      Accuracy      |     Precision      |       Recall       |         F1         |
+--------------------+--------------------+--------------------+--------------------+
| 0.9726027397260274 | 0.9726027397260274 | 0.9726027397260274 | 0.9726027397260274 |
+--------------------+--------------------+--------------------+--------------------+

Epoch loss:0.007697189035964683

+--------------------+--------------------+--------------------+--------------------+
|      Accuracy      |     Precision      |       Recall       |         F1         |
+--------------------+--------------------+--------------------+--------------------+
| 0.9178082191780822 | 0.9247405562474055 | 0.9178082191780822 | 0.9185026197841045 |
+--------------------+--------------------+--------------------+--------------------+

Epoch loss:0.021297942949947687

+-------------------+--------------------+-------------------+--------------------+
|      Accuracy     |     Precision      |       Recall      |         F1         |
+-------------------+--------------------+-------------------+--------------------+
| 0.958904109589041 | 0.9594987788042901 | 0.958904109589041 | 0.9590161965685372 |
+-------------------+--------------------+-------------------+--------------------+

Epoch loss:0.027722387139589643

+--------------------+--------------------+--------------------+-------------------+
|      Accuracy      |     Precision      |       Recall       |         F1        |
+--------------------+--------------------+--------------------+-------------------+
| 0.9452054794520548 | 0.9497716894977168 | 0.9452054794520548 | 0.944367237994397 |
+--------------------+--------------------+--------------------+-------------------+

Epoch loss:0.01609307777570811

+--------------------+--------------------+--------------------+--------------------+
|      Accuracy      |     Precision      |       Recall       |         F1         |
+--------------------+--------------------+--------------------+--------------------+
| 0.9178082191780822 | 0.9200387180943964 | 0.9178082191780822 | 0.9182223638101308 |
+--------------------+--------------------+--------------------+--------------------+

Epoch loss:0.014911239482944285

+-------------------+--------------------+-------------------+--------------------+
|      Accuracy     |     Precision      |       Recall      |         F1         |
+-------------------+--------------------+-------------------+--------------------+
| 0.958904109589041 | 0.9627568493150684 | 0.958904109589041 | 0.9591894426757903 |
+-------------------+--------------------+-------------------+--------------------+

Epoch loss:0.012178767973758135

+--------------------+--------------------+--------------------+--------------------+
|      Accuracy      |     Precision      |       Recall       |         F1         |
+--------------------+--------------------+--------------------+--------------------+
| 0.9726027397260274 | 0.9726027397260274 | 0.9726027397260274 | 0.9726027397260274 |
+--------------------+--------------------+--------------------+--------------------+

Epoch loss:0.034145102418113686

+--------------------+--------------------+--------------------+--------------------+
|      Accuracy      |     Precision      |       Recall       |         F1         |
+--------------------+--------------------+--------------------+--------------------+
| 0.9452054794520548 | 0.9472045114996948 | 0.9452054794520548 | 0.9454815758734205 |
+--------------------+--------------------+--------------------+--------------------+

Epoch loss:0.005093219696752732

+--------------------+--------------------+--------------------+--------------------+
|      Accuracy      |     Precision      |       Recall       |         F1         |
+--------------------+--------------------+--------------------+--------------------+
| 0.9726027397260274 | 0.9743703049049933 | 0.9726027397260274 | 0.9727407879367103 |
+--------------------+--------------------+--------------------+--------------------+

Epoch loss:0.025786887593879034

+--------------------+--------------------+--------------------+--------------------+
|      Accuracy      |     Precision      |       Recall       |         F1         |
+--------------------+--------------------+--------------------+--------------------+
| 0.9178082191780822 | 0.9247405562474055 | 0.9178082191780822 | 0.9185026197841045 |
+--------------------+--------------------+--------------------+--------------------+

Epoch loss:0.012898455508814521

+--------------------+--------------------+--------------------+--------------------+
|      Accuracy      |     Precision      |       Recall       |         F1         |
+--------------------+--------------------+--------------------+--------------------+
| 0.9726027397260274 | 0.9737939249553305 | 0.9726027397260274 | 0.9724179169384648 |
+--------------------+--------------------+--------------------+--------------------+

Epoch loss:0.016927148636117936

+--------------------+--------------------+--------------------+--------------------+
|      Accuracy      |     Precision      |       Recall       |         F1         |
+--------------------+--------------------+--------------------+--------------------+
| 0.9452054794520548 | 0.9452054794520548 | 0.9452054794520548 | 0.9452054794520548 |
+--------------------+--------------------+--------------------+--------------------+

Epoch loss:0.005036424049828961

+-------------------+--------------------+-------------------+--------------------+
|      Accuracy     |     Precision      |       Recall      |         F1         |
+-------------------+--------------------+-------------------+--------------------+
| 0.958904109589041 | 0.9627568493150684 | 0.958904109589041 | 0.9591894426757903 |
+-------------------+--------------------+-------------------+--------------------+

Epoch loss:0.028191027820986793

+--------------------+--------------------+--------------------+--------------------+
|      Accuracy      |     Precision      |       Recall       |         F1         |
+--------------------+--------------------+--------------------+--------------------+
| 0.9041095890410958 | 0.9172710179962397 | 0.9041095890410958 | 0.9010616791777993 |
+--------------------+--------------------+--------------------+--------------------+

Epoch loss:0.007217138585865641

+--------------------+--------------------+--------------------+--------------------+
|      Accuracy      |     Precision      |       Recall       |         F1         |
+--------------------+--------------------+--------------------+--------------------+
| 0.9726027397260274 | 0.9726027397260274 | 0.9726027397260274 | 0.9726027397260274 |
+--------------------+--------------------+--------------------+--------------------+

Epoch loss:0.0021644984574702973

+--------------------+--------------------+--------------------+--------------------+
|      Accuracy      |     Precision      |       Recall       |         F1         |
+--------------------+--------------------+--------------------+--------------------+
| 0.9315068493150684 | 0.9322395667410004 | 0.9315068493150684 | 0.9316936609475619 |
+--------------------+--------------------+--------------------+--------------------+

Epoch loss:0.02509533485580221

+--------------------+--------------------+--------------------+-------------------+
|      Accuracy      |     Precision      |       Recall       |         F1        |
+--------------------+--------------------+--------------------+-------------------+
| 0.9315068493150684 | 0.9415793714746172 | 0.9315068493150684 | 0.932161784777728 |
+--------------------+--------------------+--------------------+-------------------+

Epoch loss:0.024062838505160247

+--------------------+--------------------+--------------------+--------------------+
|      Accuracy      |     Precision      |       Recall       |         F1         |
+--------------------+--------------------+--------------------+--------------------+
| 0.9315068493150684 | 0.9334237607335829 | 0.9315068493150684 | 0.9307678622747116 |
+--------------------+--------------------+--------------------+--------------------+

Epoch loss:0.00228439533048867

+-------------------+--------------------+-------------------+--------------------+
|      Accuracy     |     Precision      |       Recall      |         F1         |
+-------------------+--------------------+-------------------+--------------------+
| 0.958904109589041 | 0.9590237008045227 | 0.958904109589041 | 0.9587744951111039 |
+-------------------+--------------------+-------------------+--------------------+

Epoch loss:0.016081976901440864

+-------------------+--------------------+-------------------+--------------------+
|      Accuracy     |     Precision      |       Recall      |         F1         |
+-------------------+--------------------+-------------------+--------------------+
| 0.958904109589041 | 0.9594987788042901 | 0.958904109589041 | 0.9590161965685372 |
+-------------------+--------------------+-------------------+--------------------+

Epoch loss:0.024147958728946872

+-------------------+--------------------+-------------------+--------------------+
|      Accuracy     |     Precision      |       Recall      |         F1         |
+-------------------+--------------------+-------------------+--------------------+
| 0.958904109589041 | 0.9590237008045227 | 0.958904109589041 | 0.9587744951111039 |
+-------------------+--------------------+-------------------+--------------------+

Epoch loss:0.02806377605940987

+-------------------+--------------------+-------------------+--------------------+
|      Accuracy     |     Precision      |       Recall      |         F1         |
+-------------------+--------------------+-------------------+--------------------+
| 0.958904109589041 | 0.9594987788042901 | 0.958904109589041 | 0.9590161965685372 |
+-------------------+--------------------+-------------------+--------------------+

Epoch loss:0.004668404608540146

+--------------------+--------------------+--------------------+--------------------+
|      Accuracy      |     Precision      |       Recall       |         F1         |
+--------------------+--------------------+--------------------+--------------------+
| 0.9315068493150684 | 0.9334237607335829 | 0.9315068493150684 | 0.9307678622747116 |
+--------------------+--------------------+--------------------+--------------------+

Epoch loss:0.01496805605772636

+--------------------+--------------------+--------------------+--------------------+
|      Accuracy      |     Precision      |       Recall       |         F1         |
+--------------------+--------------------+--------------------+--------------------+
| 0.9452054794520548 | 0.9518472395184724 | 0.9452054794520548 | 0.9456684131894031 |
+--------------------+--------------------+--------------------+--------------------+

Epoch loss:0.010892894130257765

+--------------------+--------------------+--------------------+--------------------+
|      Accuracy      |     Precision      |       Recall       |         F1         |
+--------------------+--------------------+--------------------+--------------------+
| 0.9452054794520548 | 0.9452054794520548 | 0.9452054794520548 | 0.9452054794520548 |
+--------------------+--------------------+--------------------+--------------------+

Epoch loss:0.01102131441541184

+-------------------+--------------------+-------------------+--------------------+
|      Accuracy     |     Precision      |       Recall      |         F1         |
+-------------------+--------------------+-------------------+--------------------+
| 0.958904109589041 | 0.9590237008045227 | 0.958904109589041 | 0.9587744951111039 |
+-------------------+--------------------+-------------------+--------------------+

Epoch loss:0.014291105807081253

+--------------------+--------------------+--------------------+--------------------+
|      Accuracy      |     Precision      |       Recall       |         F1         |
+--------------------+--------------------+--------------------+--------------------+
| 0.9452054794520548 | 0.9452054794520548 | 0.9452054794520548 | 0.9452054794520548 |
+--------------------+--------------------+--------------------+--------------------+

Epoch loss:0.013107319101690018

+--------------------+--------------------+--------------------+--------------------+
|      Accuracy      |     Precision      |       Recall       |         F1         |
+--------------------+--------------------+--------------------+--------------------+
| 0.9315068493150684 | 0.9356414968259271 | 0.9315068493150684 | 0.9319824044596505 |
+--------------------+--------------------+--------------------+--------------------+

Epoch loss:0.0027845442893908072

+-------------------+--------------------+-------------------+--------------------+
|      Accuracy     |     Precision      |       Recall      |         F1         |
+-------------------+--------------------+-------------------+--------------------+
| 0.958904109589041 | 0.9590237008045227 | 0.958904109589041 | 0.9587744951111039 |
+-------------------+--------------------+-------------------+--------------------+

Epoch loss:0.0292088517867464

+-------------------+--------------------+-------------------+--------------------+
|      Accuracy     |     Precision      |       Recall      |         F1         |
+-------------------+--------------------+-------------------+--------------------+
| 0.958904109589041 | 0.9590237008045227 | 0.958904109589041 | 0.9587744951111039 |
+-------------------+--------------------+-------------------+--------------------+

Epoch loss:0.00911453833122223

+-------------------+--------------------+-------------------+--------------------+
|      Accuracy     |     Precision      |       Recall      |         F1         |
+-------------------+--------------------+-------------------+--------------------+
| 0.958904109589041 | 0.9590237008045227 | 0.958904109589041 | 0.9587744951111039 |
+-------------------+--------------------+-------------------+--------------------+

Epoch loss:0.007380997383718416

+-------------------+--------------------+-------------------+--------------------+
|      Accuracy     |     Precision      |       Recall      |         F1         |
+-------------------+--------------------+-------------------+--------------------+
| 0.958904109589041 | 0.9590237008045227 | 0.958904109589041 | 0.9587744951111039 |
+-------------------+--------------------+-------------------+--------------------+

Epoch loss:0.04172471413482899

+--------------------+--------------------+--------------------+--------------------+
|      Accuracy      |     Precision      |       Recall       |         F1         |
+--------------------+--------------------+--------------------+--------------------+
| 0.9315068493150684 | 0.9322395667410004 | 0.9315068493150684 | 0.9316936609475619 |
+--------------------+--------------------+--------------------+--------------------+

Epoch loss:0.02014630709460387

+-------------------+-------------------+-------------------+--------------------+
|      Accuracy     |     Precision     |       Recall      |         F1         |
+-------------------+-------------------+-------------------+--------------------+
| 0.958904109589041 | 0.961527251530166 | 0.958904109589041 | 0.9584607173648269 |
+-------------------+-------------------+-------------------+--------------------+

Epoch loss:0.026497495609712866

+--------------------+--------------------+--------------------+--------------------+
|      Accuracy      |     Precision      |       Recall       |         F1         |
+--------------------+--------------------+--------------------+--------------------+
| 0.9726027397260274 | 0.9743703049049933 | 0.9726027397260274 | 0.9727407879367103 |
+--------------------+--------------------+--------------------+--------------------+

Epoch loss:0.0004385117924962851

+--------------------+--------------------+--------------------+--------------------+
|      Accuracy      |     Precision      |       Recall       |         F1         |
+--------------------+--------------------+--------------------+--------------------+
| 0.9863013698630136 | 0.9866057838660577 | 0.9863013698630136 | 0.9862581650370347 |
+--------------------+--------------------+--------------------+--------------------+

Epoch loss:0.014547489886313639

+-------------------+--------------------+-------------------+--------------------+
|      Accuracy     |     Precision      |       Recall      |         F1         |
+-------------------+--------------------+-------------------+--------------------+
| 0.958904109589041 | 0.9590237008045227 | 0.958904109589041 | 0.9587744951111039 |
+-------------------+--------------------+-------------------+--------------------+

Epoch loss:0.004570612546945004

+--------------------+--------------------+--------------------+--------------------+
|      Accuracy      |     Precision      |       Recall       |         F1         |
+--------------------+--------------------+--------------------+--------------------+
| 0.9726027397260274 | 0.9726027397260274 | 0.9726027397260274 | 0.9726027397260274 |
+--------------------+--------------------+--------------------+--------------------+

Epoch loss:0.018229310844112164

+--------------------+--------------------+--------------------+--------------------+
|      Accuracy      |     Precision      |       Recall       |         F1         |
+--------------------+--------------------+--------------------+--------------------+
| 0.9726027397260274 | 0.9737939249553305 | 0.9726027397260274 | 0.9724179169384648 |
+--------------------+--------------------+--------------------+--------------------+

Epoch loss:0.0014296969818919114

+--------------------+--------------------+--------------------+--------------------+
|      Accuracy      |     Precision      |       Recall       |         F1         |
+--------------------+--------------------+--------------------+--------------------+
| 0.9178082191780822 | 0.9276712328767123 | 0.9178082191780822 | 0.9156895276102502 |
+--------------------+--------------------+--------------------+--------------------+

Epoch loss:0.013811733195886857

+--------------------+--------------------+--------------------+--------------------+
|      Accuracy      |     Precision      |       Recall       |         F1         |
+--------------------+--------------------+--------------------+--------------------+
| 0.9315068493150684 | 0.9322395667410004 | 0.9315068493150684 | 0.9316936609475619 |
+--------------------+--------------------+--------------------+--------------------+

Epoch loss:0.015102026086657198

+-------------------+--------------------+-------------------+--------------------+
|      Accuracy     |     Precision      |       Recall      |         F1         |
+-------------------+--------------------+-------------------+--------------------+
| 0.958904109589041 | 0.9590237008045227 | 0.958904109589041 | 0.9587744951111039 |
+-------------------+--------------------+-------------------+--------------------+

Epoch loss:0.006616895825617444

+--------------------+-------------------+--------------------+--------------------+
|      Accuracy      |     Precision     |       Recall       |         F1         |
+--------------------+-------------------+--------------------+--------------------+
| 0.9452054794520548 | 0.945977543952529 | 0.9452054794520548 | 0.9448358338769297 |
+--------------------+-------------------+--------------------+--------------------+

Epoch loss:0.005474049108016695

+--------------------+--------------------+--------------------+--------------------+
|      Accuracy      |     Precision      |       Recall       |         F1         |
+--------------------+--------------------+--------------------+--------------------+
| 0.9041095890410958 | 0.9227549467275495 | 0.9041095890410958 | 0.9051295060427481 |
+--------------------+--------------------+--------------------+--------------------+

Epoch loss:0.003067843437538643

+--------------------+--------------------+--------------------+--------------------+
|      Accuracy      |     Precision      |       Recall       |         F1         |
+--------------------+--------------------+--------------------+--------------------+
| 0.9863013698630136 | 0.9866057838660577 | 0.9863013698630136 | 0.9862581650370347 |
+--------------------+--------------------+--------------------+--------------------+

Epoch loss:0.014416069781689354

+--------------------+--------------------+--------------------+--------------------+
|      Accuracy      |     Precision      |       Recall       |         F1         |
+--------------------+--------------------+--------------------+--------------------+
| 0.9726027397260274 | 0.9743703049049933 | 0.9726027397260274 | 0.9727407879367103 |
+--------------------+--------------------+--------------------+--------------------+

Epoch loss:0.021961058750638276

+--------------------+--------------------+--------------------+--------------------+
|      Accuracy      |     Precision      |       Recall       |         F1         |
+--------------------+--------------------+--------------------+--------------------+
| 0.9863013698630136 | 0.9867579908675799 | 0.9863013698630136 | 0.9863387321895125 |
+--------------------+--------------------+--------------------+--------------------+

Epoch loss:0.014161307857598998

+--------------------+--------------------+--------------------+--------------------+
|      Accuracy      |     Precision      |       Recall       |         F1         |
+--------------------+--------------------+--------------------+--------------------+
| 0.9726027397260274 | 0.9743703049049933 | 0.9726027397260274 | 0.9727407879367103 |
+--------------------+--------------------+--------------------+--------------------+

Epoch loss:0.060713275424518445

+--------------------+--------------------+--------------------+--------------------+
|      Accuracy      |     Precision      |       Recall       |         F1         |
+--------------------+--------------------+--------------------+--------------------+
| 0.9863013698630136 | 0.9866057838660577 | 0.9863013698630136 | 0.9862581650370347 |
+--------------------+--------------------+--------------------+--------------------+

Epoch loss:0.0002118417414589762

+-------------------+--------------------+-------------------+--------------------+
|      Accuracy     |     Precision      |       Recall      |         F1         |
+-------------------+--------------------+-------------------+--------------------+
| 0.958904109589041 | 0.9594987788042901 | 0.958904109589041 | 0.9590161965685372 |
+-------------------+--------------------+-------------------+--------------------+

Epoch loss:0.006471856977261876

+-------------------+--------------------+-------------------+--------------------+
|      Accuracy     |     Precision      |       Recall      |         F1         |
+-------------------+--------------------+-------------------+--------------------+
| 0.958904109589041 | 0.9590237008045227 | 0.958904109589041 | 0.9587744951111039 |
+-------------------+--------------------+-------------------+--------------------+

Epoch loss:0.0012873555447220142

+--------------------+-------------------+--------------------+--------------------+
|      Accuracy      |     Precision     |       Recall       |         F1         |
+--------------------+-------------------+--------------------+--------------------+
| 0.9452054794520548 | 0.945977543952529 | 0.9452054794520548 | 0.9448358338769297 |
+--------------------+-------------------+--------------------+--------------------+

Epoch loss:0.0032111841797798565

+--------------------+--------------------+--------------------+--------------------+
|      Accuracy      |     Precision      |       Recall       |         F1         |
+--------------------+--------------------+--------------------+--------------------+
| 0.9452054794520548 | 0.9452054794520548 | 0.9452054794520548 | 0.9452054794520548 |
+--------------------+--------------------+--------------------+--------------------+

Epoch loss:0.010850672078492513

+-------------------+--------------------+-------------------+--------------------+
|      Accuracy     |     Precision      |       Recall      |         F1         |
+-------------------+--------------------+-------------------+--------------------+
| 0.958904109589041 | 0.9590237008045227 | 0.958904109589041 | 0.9587744951111039 |
+-------------------+--------------------+-------------------+--------------------+

Epoch loss:0.0023910729220140746

+--------------------+--------------------+--------------------+--------------------+
|      Accuracy      |     Precision      |       Recall       |         F1         |
+--------------------+--------------------+--------------------+--------------------+
| 0.9726027397260274 | 0.9726027397260274 | 0.9726027397260274 | 0.9726027397260274 |
+--------------------+--------------------+--------------------+--------------------+

Epoch loss:0.0007022462698945836

+-------------------+--------------------+-------------------+--------------------+
|      Accuracy     |     Precision      |       Recall      |         F1         |
+-------------------+--------------------+-------------------+--------------------+
| 0.958904109589041 | 0.9594987788042901 | 0.958904109589041 | 0.9590161965685372 |
+-------------------+--------------------+-------------------+--------------------+

Epoch loss:0.004841124380566356

+-------------------+--------------------+-------------------+--------------------+
|      Accuracy     |     Precision      |       Recall      |         F1         |
+-------------------+--------------------+-------------------+--------------------+
| 0.958904109589041 | 0.9590237008045227 | 0.958904109589041 | 0.9587744951111039 |
+-------------------+--------------------+-------------------+--------------------+

Epoch loss:0.001429816868207645

+-------------------+--------------------+-------------------+--------------------+
|      Accuracy     |     Precision      |       Recall      |         F1         |
+-------------------+--------------------+-------------------+--------------------+
| 0.958904109589041 | 0.9590237008045227 | 0.958904109589041 | 0.9587744951111039 |
+-------------------+--------------------+-------------------+--------------------+

Epoch loss:0.002368270745384626

+--------------------+-------------------+--------------------+--------------------+
|      Accuracy      |     Precision     |       Recall       |         F1         |
+--------------------+-------------------+--------------------+--------------------+
| 0.9452054794520548 | 0.945977543952529 | 0.9452054794520548 | 0.9448358338769297 |
+--------------------+-------------------+--------------------+--------------------+

Epoch loss:0.02419567736080769

+--------------------+--------------------+--------------------+--------------------+
|      Accuracy      |     Precision      |       Recall       |         F1         |
+--------------------+--------------------+--------------------+--------------------+
| 0.9863013698630136 | 0.9867579908675799 | 0.9863013698630136 | 0.9863387321895125 |
+--------------------+--------------------+--------------------+--------------------+

Epoch loss:0.019957891784368006

+-------------------+--------------------+-------------------+--------------------+
|      Accuracy     |     Precision      |       Recall      |         F1         |
+-------------------+--------------------+-------------------+--------------------+
| 0.958904109589041 | 0.9590237008045227 | 0.958904109589041 | 0.9587744951111039 |
+-------------------+--------------------+-------------------+--------------------+

Epoch loss:0.026857140037397954

+--------------------+--------------------+--------------------+--------------------+
|      Accuracy      |     Precision      |       Recall       |         F1         |
+--------------------+--------------------+--------------------+--------------------+
| 0.9726027397260274 | 0.9726027397260274 | 0.9726027397260274 | 0.9726027397260274 |
+--------------------+--------------------+--------------------+--------------------+

Epoch loss:0.026233406276027472

+--------------------+-------------------+--------------------+--------------------+
|      Accuracy      |     Precision     |       Recall       |         F1         |
+--------------------+-------------------+--------------------+--------------------+
| 0.9452054794520548 | 0.945977543952529 | 0.9452054794520548 | 0.9448358338769297 |
+--------------------+-------------------+--------------------+--------------------+

Epoch loss:0.007430542460107878

+--------------------+--------------------+--------------------+--------------------+
|      Accuracy      |     Precision      |       Recall       |         F1         |
+--------------------+--------------------+--------------------+--------------------+
| 0.9863013698630136 | 0.9866057838660577 | 0.9863013698630136 | 0.9862581650370347 |
+--------------------+--------------------+--------------------+--------------------+

Epoch loss:0.017017937514381142

+-------------------+--------------------+-------------------+--------------------+
|      Accuracy     |     Precision      |       Recall      |         F1         |
+-------------------+--------------------+-------------------+--------------------+
| 0.958904109589041 | 0.9590237008045227 | 0.958904109589041 | 0.9587744951111039 |
+-------------------+--------------------+-------------------+--------------------+

Epoch loss:0.039767392690379655

+-------------------+--------------------+-------------------+--------------------+
|      Accuracy     |     Precision      |       Recall      |         F1         |
+-------------------+--------------------+-------------------+--------------------+
| 0.958904109589041 | 0.9590237008045227 | 0.958904109589041 | 0.9587744951111039 |
+-------------------+--------------------+-------------------+--------------------+

Epoch loss:0.0027831436376859176

+-------------------+--------------------+-------------------+--------------------+
|      Accuracy     |     Precision      |       Recall      |         F1         |
+-------------------+--------------------+-------------------+--------------------+
| 0.958904109589041 | 0.9590237008045227 | 0.958904109589041 | 0.9587744951111039 |
+-------------------+--------------------+-------------------+--------------------+

Epoch loss:0.022563729802063656

+-------------------+--------------------+-------------------+--------------------+
|      Accuracy     |     Precision      |       Recall      |         F1         |
+-------------------+--------------------+-------------------+--------------------+
| 0.958904109589041 | 0.9594987788042901 | 0.958904109589041 | 0.9590161965685372 |
+-------------------+--------------------+-------------------+--------------------+

Epoch loss:0.021766594543444436

+--------------------+--------------------+--------------------+--------------------+
|      Accuracy      |     Precision      |       Recall       |         F1         |
+--------------------+--------------------+--------------------+--------------------+
| 0.9452054794520548 | 0.9472045114996948 | 0.9452054794520548 | 0.9454815758734205 |
+--------------------+--------------------+--------------------+--------------------+

Epoch loss:0.004136075626468141

+--------------------+--------------------+--------------------+--------------------+
|      Accuracy      |     Precision      |       Recall       |         F1         |
+--------------------+--------------------+--------------------+--------------------+
| 0.9726027397260274 | 0.9737939249553305 | 0.9726027397260274 | 0.9724179169384648 |
+--------------------+--------------------+--------------------+--------------------+

Epoch loss:0.0005607310440795138

+-------------------+--------------------+-------------------+--------------------+
|      Accuracy     |     Precision      |       Recall      |         F1         |
+-------------------+--------------------+-------------------+--------------------+
| 0.958904109589041 | 0.9627568493150684 | 0.958904109589041 | 0.9591894426757903 |
+-------------------+--------------------+-------------------+--------------------+

Epoch loss:0.0007105541874024493

+--------------------+--------------------+--------------------+--------------------+
|      Accuracy      |     Precision      |       Recall       |         F1         |
+--------------------+--------------------+--------------------+--------------------+
| 0.9726027397260274 | 0.9726027397260274 | 0.9726027397260274 | 0.9726027397260274 |
+--------------------+--------------------+--------------------+--------------------+

Epoch loss:0.0020299445295109933

+--------------------+--------------------+--------------------+--------------------+
|      Accuracy      |     Precision      |       Recall       |         F1         |
+--------------------+--------------------+--------------------+--------------------+
| 0.9452054794520548 | 0.9452054794520548 | 0.9452054794520548 | 0.9452054794520548 |
+--------------------+--------------------+--------------------+--------------------+

Epoch loss:0.0006326018009167052

+----------+-----------+--------+-----+
| Accuracy | Precision | Recall |  F1 |
+----------+-----------+--------+-----+
|   1.0    |    1.0    |  1.0   | 1.0 |
+----------+-----------+--------+-----+

Epoch loss:0.0006585459540318323

+-------------------+--------------------+-------------------+--------------------+
|      Accuracy     |     Precision      |       Recall      |         F1         |
+-------------------+--------------------+-------------------+--------------------+
| 0.958904109589041 | 0.9590237008045227 | 0.958904109589041 | 0.9587744951111039 |
+-------------------+--------------------+-------------------+--------------------+

Epoch loss:0.0026805175165234346

+--------------------+--------------------+--------------------+--------------------+
|      Accuracy      |     Precision      |       Recall       |         F1         |
+--------------------+--------------------+--------------------+--------------------+
| 0.9726027397260274 | 0.9726027397260274 | 0.9726027397260274 | 0.9726027397260274 |
+--------------------+--------------------+--------------------+--------------------+

Epoch loss:0.020825673405948545

+--------------------+-------------------+--------------------+--------------------+
|      Accuracy      |     Precision     |       Recall       |         F1         |
+--------------------+-------------------+--------------------+--------------------+
| 0.9452054794520548 | 0.945977543952529 | 0.9452054794520548 | 0.9448358338769297 |
+--------------------+-------------------+--------------------+--------------------+

Epoch loss:0.032094668063865406

+-------------------+--------------------+-------------------+--------------------+
|      Accuracy     |     Precision      |       Recall      |         F1         |
+-------------------+--------------------+-------------------+--------------------+
| 0.958904109589041 | 0.9590237008045227 | 0.958904109589041 | 0.9587744951111039 |
+-------------------+--------------------+-------------------+--------------------+

Epoch loss:0.00665143938070697

+--------------------+--------------------+--------------------+--------------------+
|      Accuracy      |     Precision      |       Recall       |         F1         |
+--------------------+--------------------+--------------------+--------------------+
| 0.9726027397260274 | 0.9743703049049933 | 0.9726027397260274 | 0.9727407879367103 |
+--------------------+--------------------+--------------------+--------------------+

Epoch loss:0.0003224442884742383

+-------------------+--------------------+-------------------+--------------------+
|      Accuracy     |     Precision      |       Recall      |         F1         |
+-------------------+--------------------+-------------------+--------------------+
| 0.958904109589041 | 0.9594987788042901 | 0.958904109589041 | 0.9590161965685372 |
+-------------------+--------------------+-------------------+--------------------+

Epoch loss:0.00045826738655714534

+--------------------+--------------------+--------------------+--------------------+
|      Accuracy      |     Precision      |       Recall       |         F1         |
+--------------------+--------------------+--------------------+--------------------+
| 0.9315068493150684 | 0.9334237607335829 | 0.9315068493150684 | 0.9307678622747116 |
+--------------------+--------------------+--------------------+--------------------+

Epoch loss:0.005921780143046175

+-------------------+--------------------+-------------------+--------------------+
|      Accuracy     |     Precision      |       Recall      |         F1         |
+-------------------+--------------------+-------------------+--------------------+
| 0.958904109589041 | 0.9590237008045227 | 0.958904109589041 | 0.9587744951111039 |
+-------------------+--------------------+-------------------+--------------------+

Epoch loss:0.0046003387293416425

+--------------------+--------------------+--------------------+--------------------+
|      Accuracy      |     Precision      |       Recall       |         F1         |
+--------------------+--------------------+--------------------+--------------------+
| 0.9726027397260274 | 0.9726027397260274 | 0.9726027397260274 | 0.9726027397260274 |
+--------------------+--------------------+--------------------+--------------------+

Epoch loss:0.04864914723131838

+--------------------+--------------------+--------------------+--------------------+
|      Accuracy      |     Precision      |       Recall       |         F1         |
+--------------------+--------------------+--------------------+--------------------+
| 0.9315068493150684 | 0.9314416177429877 | 0.9315068493150684 | 0.9312908251851731 |
+--------------------+--------------------+--------------------+--------------------+

Epoch loss:0.004030541774057144

+--------------------+--------------------+--------------------+--------------------+
|      Accuracy      |     Precision      |       Recall       |         F1         |
+--------------------+--------------------+--------------------+--------------------+
| 0.9726027397260274 | 0.9726027397260274 | 0.9726027397260274 | 0.9726027397260274 |
+--------------------+--------------------+--------------------+--------------------+

Epoch loss:0.010018341013586965

+--------------------+--------------------+--------------------+--------------------+
|      Accuracy      |     Precision      |       Recall       |         F1         |
+--------------------+--------------------+--------------------+--------------------+
| 0.9452054794520548 | 0.9452054794520548 | 0.9452054794520548 | 0.9452054794520548 |
+--------------------+--------------------+--------------------+--------------------+

Epoch loss:0.016203733069021165

+-------------------+--------------------+-------------------+--------------------+
|      Accuracy     |     Precision      |       Recall      |         F1         |
+-------------------+--------------------+-------------------+--------------------+
| 0.958904109589041 | 0.9627568493150684 | 0.958904109589041 | 0.9591894426757903 |
+-------------------+--------------------+-------------------+--------------------+

Epoch loss:0.0013000063443233678

+--------------------+--------------------+--------------------+--------------------+
|      Accuracy      |     Precision      |       Recall       |         F1         |
+--------------------+--------------------+--------------------+--------------------+
| 0.9452054794520548 | 0.9472045114996948 | 0.9452054794520548 | 0.9454815758734205 |
+--------------------+--------------------+--------------------+--------------------+

Epoch loss:0.0012819766506552473

+-------------------+--------------------+-------------------+--------------------+
|      Accuracy     |     Precision      |       Recall      |         F1         |
+-------------------+--------------------+-------------------+--------------------+
| 0.958904109589041 | 0.9594987788042901 | 0.958904109589041 | 0.9590161965685372 |
+-------------------+--------------------+-------------------+--------------------+

Epoch loss:0.0040004809991896345

+-------------------+--------------------+-------------------+--------------------+
|      Accuracy     |     Precision      |       Recall      |         F1         |
+-------------------+--------------------+-------------------+--------------------+
| 0.958904109589041 | 0.9590237008045227 | 0.958904109589041 | 0.9587744951111039 |
+-------------------+--------------------+-------------------+--------------------+

Epoch loss:0.023506761031414258

+--------------------+--------------------+--------------------+--------------------+
|      Accuracy      |     Precision      |       Recall       |         F1         |
+--------------------+--------------------+--------------------+--------------------+
| 0.9452054794520548 | 0.9452054794520548 | 0.9452054794520548 | 0.9452054794520548 |
+--------------------+--------------------+--------------------+--------------------+

Epoch loss:0.02361803034872818

+--------------------+--------------------+--------------------+--------------------+
|      Accuracy      |     Precision      |       Recall       |         F1         |
+--------------------+--------------------+--------------------+--------------------+
| 0.9726027397260274 | 0.9726027397260274 | 0.9726027397260274 | 0.9726027397260274 |
+--------------------+--------------------+--------------------+--------------------+

Epoch loss:0.0014751078233614056

+-------------------+--------------------+-------------------+--------------------+
|      Accuracy     |     Precision      |       Recall      |         F1         |
+-------------------+--------------------+-------------------+--------------------+
| 0.958904109589041 | 0.9590237008045227 | 0.958904109589041 | 0.9587744951111039 |
+-------------------+--------------------+-------------------+--------------------+

Epoch loss:0.007775112076543917

+-------------------+--------------------+-------------------+--------------------+
|      Accuracy     |     Precision      |       Recall      |         F1         |
+-------------------+--------------------+-------------------+--------------------+
| 0.958904109589041 | 0.9594987788042901 | 0.958904109589041 | 0.9590161965685372 |
+-------------------+--------------------+-------------------+--------------------+

Epoch loss:0.01077047011236059

+--------------------+--------------------+--------------------+--------------------+
|      Accuracy      |     Precision      |       Recall       |         F1         |
+--------------------+--------------------+--------------------+--------------------+
| 0.9726027397260274 | 0.9726027397260274 | 0.9726027397260274 | 0.9726027397260274 |
+--------------------+--------------------+--------------------+--------------------+

Epoch loss:0.00018193920216987277

+-------------------+--------------------+-------------------+--------------------+
|      Accuracy     |     Precision      |       Recall      |         F1         |
+-------------------+--------------------+-------------------+--------------------+
| 0.958904109589041 | 0.9590237008045227 | 0.958904109589041 | 0.9587744951111039 |
+-------------------+--------------------+-------------------+--------------------+

Epoch loss:0.00018676736505887263

+-------------------+--------------------+-------------------+--------------------+
|      Accuracy     |     Precision      |       Recall      |         F1         |
+-------------------+--------------------+-------------------+--------------------+
| 0.958904109589041 | 0.9594987788042901 | 0.958904109589041 | 0.9590161965685372 |
+-------------------+--------------------+-------------------+--------------------+

Epoch loss:6.234291564466121e-06

+-------------------+--------------------+-------------------+--------------------+
|      Accuracy     |     Precision      |       Recall      |         F1         |
+-------------------+--------------------+-------------------+--------------------+
| 0.958904109589041 | 0.9594987788042901 | 0.958904109589041 | 0.9590161965685372 |
+-------------------+--------------------+-------------------+--------------------+

Epoch loss:0.002250305061870637

+-------------------+--------------------+-------------------+--------------------+
|      Accuracy     |     Precision      |       Recall      |         F1         |
+-------------------+--------------------+-------------------+--------------------+
| 0.958904109589041 | 0.9590237008045227 | 0.958904109589041 | 0.9587744951111039 |
+-------------------+--------------------+-------------------+--------------------+

Epoch loss:0.010268289564780698

+--------------------+--------------------+--------------------+--------------------+
|      Accuracy      |     Precision      |       Recall       |         F1         |
+--------------------+--------------------+--------------------+--------------------+
| 0.9041095890410958 | 0.9096426241729567 | 0.9041095890410958 | 0.9021641556680201 |
+--------------------+--------------------+--------------------+--------------------+

Epoch loss:0.005810445237810143

+--------------------+--------------------+--------------------+--------------------+
|      Accuracy      |     Precision      |       Recall       |         F1         |
+--------------------+--------------------+--------------------+--------------------+
| 0.9315068493150684 | 0.9314416177429877 | 0.9315068493150684 | 0.9312908251851731 |
+--------------------+--------------------+--------------------+--------------------+

Epoch loss:0.0037202083182407654

+-------------------+--------------------+-------------------+--------------------+
|      Accuracy     |     Precision      |       Recall      |         F1         |
+-------------------+--------------------+-------------------+--------------------+
| 0.958904109589041 | 0.9594987788042901 | 0.958904109589041 | 0.9590161965685372 |
+-------------------+--------------------+-------------------+--------------------+

Epoch loss:0.0017814280874891713

+--------------------+-------------------+--------------------+--------------------+
|      Accuracy      |     Precision     |       Recall       |         F1         |
+--------------------+-------------------+--------------------+--------------------+
| 0.9452054794520548 | 0.945977543952529 | 0.9452054794520548 | 0.9448358338769297 |
+--------------------+-------------------+--------------------+--------------------+

Epoch loss:0.0001305645971947618

+-------------------+--------------------+-------------------+--------------------+
|      Accuracy     |     Precision      |       Recall      |         F1         |
+-------------------+--------------------+-------------------+--------------------+
| 0.958904109589041 | 0.9594987788042901 | 0.958904109589041 | 0.9590161965685372 |
+-------------------+--------------------+-------------------+--------------------+

Epoch loss:0.00015243934411959738

+-------------------+--------------------+-------------------+--------------------+
|      Accuracy     |     Precision      |       Recall      |         F1         |
+-------------------+--------------------+-------------------+--------------------+
| 0.958904109589041 | 0.9590237008045227 | 0.958904109589041 | 0.9587744951111039 |
+-------------------+--------------------+-------------------+--------------------+

Epoch loss:0.01305905227959551

+-------------------+--------------------+-------------------+--------------------+
|      Accuracy     |     Precision      |       Recall      |         F1         |
+-------------------+--------------------+-------------------+--------------------+
| 0.958904109589041 | 0.9590237008045227 | 0.958904109589041 | 0.9587744951111039 |
+-------------------+--------------------+-------------------+--------------------+

Epoch loss:7.076201769007962e-05

+-------------------+--------------------+-------------------+--------------------+
|      Accuracy     |     Precision      |       Recall      |         F1         |
+-------------------+--------------------+-------------------+--------------------+
| 0.958904109589041 | 0.9590237008045227 | 0.958904109589041 | 0.9587744951111039 |
+-------------------+--------------------+-------------------+--------------------+

Epoch loss:0.022360431828180788

+--------------------+-------------------+--------------------+--------------------+
|      Accuracy      |     Precision     |       Recall       |         F1         |
+--------------------+-------------------+--------------------+--------------------+
| 0.9452054794520548 | 0.945977543952529 | 0.9452054794520548 | 0.9448358338769297 |
+--------------------+-------------------+--------------------+--------------------+

Epoch loss:0.00488807220334323

+--------------------+--------------------+--------------------+--------------------+
|      Accuracy      |     Precision      |       Recall       |         F1         |
+--------------------+--------------------+--------------------+--------------------+
| 0.9726027397260274 | 0.9726027397260274 | 0.9726027397260274 | 0.9726027397260274 |
+--------------------+--------------------+--------------------+--------------------+

Epoch loss:0.0033873300375629536

+--------------------+--------------------+--------------------+--------------------+
|      Accuracy      |     Precision      |       Recall       |         F1         |
+--------------------+--------------------+--------------------+--------------------+
| 0.9452054794520548 | 0.9452054794520548 | 0.9452054794520548 | 0.9452054794520548 |
+--------------------+--------------------+--------------------+--------------------+

Epoch loss:0.005743557743484274

+-------------------+--------------------+-------------------+--------------------+
|      Accuracy     |     Precision      |       Recall      |         F1         |
+-------------------+--------------------+-------------------+--------------------+
| 0.958904109589041 | 0.9590237008045227 | 0.958904109589041 | 0.9587744951111039 |
+-------------------+--------------------+-------------------+--------------------+

Epoch loss:8.097951701793051e-05

+-------------------+--------------------+-------------------+--------------------+
|      Accuracy     |     Precision      |       Recall      |         F1         |
+-------------------+--------------------+-------------------+--------------------+
| 0.958904109589041 | 0.9627568493150684 | 0.958904109589041 | 0.9591894426757903 |
+-------------------+--------------------+-------------------+--------------------+

Epoch loss:0.005725450981775544

+--------------------+-------------------+--------------------+--------------------+
|      Accuracy      |     Precision     |       Recall       |         F1         |
+--------------------+-------------------+--------------------+--------------------+
| 0.9452054794520548 | 0.945977543952529 | 0.9452054794520548 | 0.9448358338769297 |
+--------------------+-------------------+--------------------+--------------------+

Epoch loss:2.7730942390751607e-05

+--------------------+--------------------+--------------------+--------------------+
|      Accuracy      |     Precision      |       Recall       |         F1         |
+--------------------+--------------------+--------------------+--------------------+
| 0.9863013698630136 | 0.9867579908675799 | 0.9863013698630136 | 0.9863387321895125 |
+--------------------+--------------------+--------------------+--------------------+

Epoch loss:0.011803513384659573

+--------------------+--------------------+--------------------+--------------------+
|      Accuracy      |     Precision      |       Recall       |         F1         |
+--------------------+--------------------+--------------------+--------------------+
| 0.9452054794520548 | 0.9452054794520548 | 0.9452054794520548 | 0.9452054794520548 |
+--------------------+--------------------+--------------------+--------------------+

Epoch loss:0.00023935026686782668

+--------------------+--------------------+--------------------+--------------------+
|      Accuracy      |     Precision      |       Recall       |         F1         |
+--------------------+--------------------+--------------------+--------------------+
| 0.9726027397260274 | 0.9726027397260274 | 0.9726027397260274 | 0.9726027397260274 |
+--------------------+--------------------+--------------------+--------------------+

Epoch loss:0.006800980289712546

+-------------------+--------------------+-------------------+--------------------+
|      Accuracy     |     Precision      |       Recall      |         F1         |
+-------------------+--------------------+-------------------+--------------------+
| 0.958904109589041 | 0.9594987788042901 | 0.958904109589041 | 0.9590161965685372 |
+-------------------+--------------------+-------------------+--------------------+

Epoch loss:0.0017751778294916407

+-------------------+--------------------+-------------------+--------------------+
|      Accuracy     |     Precision      |       Recall      |         F1         |
+-------------------+--------------------+-------------------+--------------------+
| 0.958904109589041 | 0.9627568493150684 | 0.958904109589041 | 0.9591894426757903 |
+-------------------+--------------------+-------------------+--------------------+

Epoch loss:0.0026619079507371234

+--------------------+--------------------+--------------------+--------------------+
|      Accuracy      |     Precision      |       Recall       |         F1         |
+--------------------+--------------------+--------------------+--------------------+
| 0.9726027397260274 | 0.9743703049049933 | 0.9726027397260274 | 0.9727407879367103 |
+--------------------+--------------------+--------------------+--------------------+

Epoch loss:0.0001796286148605686

+--------------------+--------------------+--------------------+--------------------+
|      Accuracy      |     Precision      |       Recall       |         F1         |
+--------------------+--------------------+--------------------+--------------------+
| 0.9452054794520548 | 0.9452054794520548 | 0.9452054794520548 | 0.9452054794520548 |
+--------------------+--------------------+--------------------+--------------------+

Epoch loss:0.0016713717456008869

+--------------------+--------------------+--------------------+--------------------+
|      Accuracy      |     Precision      |       Recall       |         F1         |
+--------------------+--------------------+--------------------+--------------------+
| 0.9726027397260274 | 0.9726027397260274 | 0.9726027397260274 | 0.9726027397260274 |
+--------------------+--------------------+--------------------+--------------------+

Epoch loss:4.809127130425619e-05

+--------------------+--------------------+--------------------+--------------------+
|      Accuracy      |     Precision      |       Recall       |         F1         |
+--------------------+--------------------+--------------------+--------------------+
| 0.9041095890410958 | 0.9172710179962397 | 0.9041095890410958 | 0.9010616791777993 |
+--------------------+--------------------+--------------------+--------------------+

Epoch loss:0.0016567248488731459

+-------------------+--------------------+-------------------+--------------------+
|      Accuracy     |     Precision      |       Recall      |         F1         |
+-------------------+--------------------+-------------------+--------------------+
| 0.958904109589041 | 0.9594987788042901 | 0.958904109589041 | 0.9590161965685372 |
+-------------------+--------------------+-------------------+--------------------+

Epoch loss:0.004423380300462358

+--------------------+-------------------+--------------------+--------------------+
|      Accuracy      |     Precision     |       Recall       |         F1         |
+--------------------+-------------------+--------------------+--------------------+
| 0.9452054794520548 | 0.945977543952529 | 0.9452054794520548 | 0.9448358338769297 |
+--------------------+-------------------+--------------------+--------------------+

Epoch loss:1.9241689391494514e-05

+--------------------+--------------------+--------------------+--------------------+
|      Accuracy      |     Precision      |       Recall       |         F1         |
+--------------------+--------------------+--------------------+--------------------+
| 0.9726027397260274 | 0.9743703049049933 | 0.9726027397260274 | 0.9727407879367103 |
+--------------------+--------------------+--------------------+--------------------+

Epoch loss:0.0007814573782726419

+--------------------+--------------------+--------------------+--------------------+
|      Accuracy      |     Precision      |       Recall       |         F1         |
+--------------------+--------------------+--------------------+--------------------+
| 0.9041095890410958 | 0.9096426241729567 | 0.9041095890410958 | 0.9021641556680201 |
+--------------------+--------------------+--------------------+--------------------+

Epoch loss:0.0031736685420662254

+--------------------+-------------------+--------------------+--------------------+
|      Accuracy      |     Precision     |       Recall       |         F1         |
+--------------------+-------------------+--------------------+--------------------+
| 0.9452054794520548 | 0.945977543952529 | 0.9452054794520548 | 0.9448358338769297 |
+--------------------+-------------------+--------------------+--------------------+

Epoch loss:0.0010518457195666272

+--------------------+--------------------+--------------------+--------------------+
|      Accuracy      |     Precision      |       Recall       |         F1         |
+--------------------+--------------------+--------------------+--------------------+
| 0.9178082191780822 | 0.9213242009132421 | 0.9178082191780822 | 0.9165508569915956 |
+--------------------+--------------------+--------------------+--------------------+

Epoch loss:0.002297018071591724

+--------------------+--------------------+--------------------+--------------------+
|      Accuracy      |     Precision      |       Recall       |         F1         |
+--------------------+--------------------+--------------------+--------------------+
| 0.9315068493150684 | 0.9334237607335829 | 0.9315068493150684 | 0.9307678622747116 |
+--------------------+--------------------+--------------------+--------------------+

Epoch loss:2.3865475977237895e-05

+--------------------+--------------------+--------------------+--------------------+
|      Accuracy      |     Precision      |       Recall       |         F1         |
+--------------------+--------------------+--------------------+--------------------+
| 0.9726027397260274 | 0.9726027397260274 | 0.9726027397260274 | 0.9726027397260274 |
+--------------------+--------------------+--------------------+--------------------+

Epoch loss:0.011335188476550611

+-------------------+--------------------+-------------------+--------------------+
|      Accuracy     |     Precision      |       Recall      |         F1         |
+-------------------+--------------------+-------------------+--------------------+
| 0.958904109589041 | 0.9590237008045227 | 0.958904109589041 | 0.9587744951111039 |
+-------------------+--------------------+-------------------+--------------------+

Epoch loss:0.0023153743174332306

+-------------------+--------------------+-------------------+--------------------+
|      Accuracy     |     Precision      |       Recall      |         F1         |
+-------------------+--------------------+-------------------+--------------------+
| 0.958904109589041 | 0.9594987788042901 | 0.958904109589041 | 0.9590161965685372 |
+-------------------+--------------------+-------------------+--------------------+

Epoch loss:0.007337541384760042

+--------------------+--------------------+--------------------+--------------------+
|      Accuracy      |     Precision      |       Recall       |         F1         |
+--------------------+--------------------+--------------------+--------------------+
| 0.9726027397260274 | 0.9726027397260274 | 0.9726027397260274 | 0.9726027397260274 |
+--------------------+--------------------+--------------------+--------------------+

Epoch loss:3.356631339576118e-05

+-------------------+--------------------+-------------------+--------------------+
|      Accuracy     |     Precision      |       Recall      |         F1         |
+-------------------+--------------------+-------------------+--------------------+
| 0.958904109589041 | 0.9590237008045227 | 0.958904109589041 | 0.9587744951111039 |
+-------------------+--------------------+-------------------+--------------------+

Epoch loss:0.02739037647585825

+-------------------+--------------------+-------------------+--------------------+
|      Accuracy     |     Precision      |       Recall      |         F1         |
+-------------------+--------------------+-------------------+--------------------+
| 0.958904109589041 | 0.9594987788042901 | 0.958904109589041 | 0.9590161965685372 |
+-------------------+--------------------+-------------------+--------------------+

Epoch loss:0.0061744625336053426

+-------------------+--------------------+-------------------+--------------------+
|      Accuracy     |     Precision      |       Recall      |         F1         |
+-------------------+--------------------+-------------------+--------------------+
| 0.958904109589041 | 0.9594987788042901 | 0.958904109589041 | 0.9590161965685372 |
+-------------------+--------------------+-------------------+--------------------+

Epoch loss:6.425621286273772e-06

+-------------------+--------------------+-------------------+--------------------+
|      Accuracy     |     Precision      |       Recall      |         F1         |
+-------------------+--------------------+-------------------+--------------------+
| 0.958904109589041 | 0.9627568493150684 | 0.958904109589041 | 0.9591894426757903 |
+-------------------+--------------------+-------------------+--------------------+

Epoch loss:0.019215949784143593

+--------------------+--------------------+--------------------+--------------------+
|      Accuracy      |     Precision      |       Recall       |         F1         |
+--------------------+--------------------+--------------------+--------------------+
| 0.9726027397260274 | 0.9726027397260274 | 0.9726027397260274 | 0.9726027397260274 |
+--------------------+--------------------+--------------------+--------------------+

Epoch loss:1.7469826536270045e-05

+--------------------+--------------------+--------------------+--------------------+
|      Accuracy      |     Precision      |       Recall       |         F1         |
+--------------------+--------------------+--------------------+--------------------+
| 0.9863013698630136 | 0.9867579908675799 | 0.9863013698630136 | 0.9863387321895125 |
+--------------------+--------------------+--------------------+--------------------+

Epoch loss:3.0238272991960117e-06

+--------------------+--------------------+--------------------+--------------------+
|      Accuracy      |     Precision      |       Recall       |         F1         |
+--------------------+--------------------+--------------------+--------------------+
| 0.9863013698630136 | 0.9866057838660577 | 0.9863013698630136 | 0.9862581650370347 |
+--------------------+--------------------+--------------------+--------------------+

Epoch loss:0.0006685573160459663

+--------------------+--------------------+--------------------+--------------------+
|      Accuracy      |     Precision      |       Recall       |         F1         |
+--------------------+--------------------+--------------------+--------------------+
| 0.9726027397260274 | 0.9726027397260274 | 0.9726027397260274 | 0.9726027397260274 |
+--------------------+--------------------+--------------------+--------------------+

Epoch loss:0.008449498936544435

+--------------------+--------------------+--------------------+--------------------+
|      Accuracy      |     Precision      |       Recall       |         F1         |
+--------------------+--------------------+--------------------+--------------------+
| 0.9863013698630136 | 0.9867579908675799 | 0.9863013698630136 | 0.9863387321895125 |
+--------------------+--------------------+--------------------+--------------------+

Epoch loss:0.0011996662023832454

+-------------------+--------------------+-------------------+--------------------+
|      Accuracy     |     Precision      |       Recall      |         F1         |
+-------------------+--------------------+-------------------+--------------------+
| 0.958904109589041 | 0.9594987788042901 | 0.958904109589041 | 0.9590161965685372 |
+-------------------+--------------------+-------------------+--------------------+

Epoch loss:0.0002903622493247145

+-------------------+--------------------+-------------------+--------------------+
|      Accuracy     |     Precision      |       Recall      |         F1         |
+-------------------+--------------------+-------------------+--------------------+
| 0.958904109589041 | 0.9594987788042901 | 0.958904109589041 | 0.9590161965685372 |
+-------------------+--------------------+-------------------+--------------------+

Epoch loss:0.016456546252837087

+-------------------+-------------------+-------------------+--------------------+
|      Accuracy     |     Precision     |       Recall      |         F1         |
+-------------------+-------------------+-------------------+--------------------+
| 0.958904109589041 | 0.961527251530166 | 0.958904109589041 | 0.9584607173648269 |
+-------------------+-------------------+-------------------+--------------------+

Epoch loss:0.0011661628797344811

+--------------------+--------------------+--------------------+--------------------+
|      Accuracy      |     Precision      |       Recall       |         F1         |
+--------------------+--------------------+--------------------+--------------------+
| 0.9315068493150684 | 0.9356414968259271 | 0.9315068493150684 | 0.9319824044596505 |
+--------------------+--------------------+--------------------+--------------------+

Epoch loss:0.004212313063938847

+--------------------+--------------------+--------------------+--------------------+
|      Accuracy      |     Precision      |       Recall       |         F1         |
+--------------------+--------------------+--------------------+--------------------+
| 0.9726027397260274 | 0.9726027397260274 | 0.9726027397260274 | 0.9726027397260274 |
+--------------------+--------------------+--------------------+--------------------+

Epoch loss:0.008247331655501105

+--------------------+--------------------+--------------------+--------------------+
|      Accuracy      |     Precision      |       Recall       |         F1         |
+--------------------+--------------------+--------------------+--------------------+
| 0.9452054794520548 | 0.9518472395184724 | 0.9452054794520548 | 0.9456684131894031 |
+--------------------+--------------------+--------------------+--------------------+

Epoch loss:0.0009944117513365574

+-------------------+--------------------+-------------------+--------------------+
|      Accuracy     |     Precision      |       Recall      |         F1         |
+-------------------+--------------------+-------------------+--------------------+
| 0.958904109589041 | 0.9594987788042901 | 0.958904109589041 | 0.9590161965685372 |
+-------------------+--------------------+-------------------+--------------------+

Epoch loss:3.26325562658016e-05

+-------------------+--------------------+-------------------+--------------------+
|      Accuracy     |     Precision      |       Recall      |         F1         |
+-------------------+--------------------+-------------------+--------------------+
| 0.958904109589041 | 0.9594987788042901 | 0.958904109589041 | 0.9590161965685372 |
+-------------------+--------------------+-------------------+--------------------+

Epoch loss:0.0021952969771386354

+----------+-----------+--------+-----+
| Accuracy | Precision | Recall |  F1 |
+----------+-----------+--------+-----+
|   1.0    |    1.0    |  1.0   | 1.0 |
+----------+-----------+--------+-----+

Epoch loss:0.00024287440331499505

+--------------------+--------------------+--------------------+--------------------+
|      Accuracy      |     Precision      |       Recall       |         F1         |
+--------------------+--------------------+--------------------+--------------------+
| 0.9452054794520548 | 0.9472045114996948 | 0.9452054794520548 | 0.9454815758734205 |
+--------------------+--------------------+--------------------+--------------------+

Epoch loss:0.002333891113043652

+--------------------+--------------------+--------------------+--------------------+
|      Accuracy      |     Precision      |       Recall       |         F1         |
+--------------------+--------------------+--------------------+--------------------+
| 0.9452054794520548 | 0.9452054794520548 | 0.9452054794520548 | 0.9452054794520548 |
+--------------------+--------------------+--------------------+--------------------+

Epoch loss:0.015741705215700803

+--------------------+--------------------+--------------------+--------------------+
|      Accuracy      |     Precision      |       Recall       |         F1         |
+--------------------+--------------------+--------------------+--------------------+
| 0.9726027397260274 | 0.9737939249553305 | 0.9726027397260274 | 0.9724179169384648 |
+--------------------+--------------------+--------------------+--------------------+

Epoch loss:0.018520252239532093

+--------------------+--------------------+--------------------+-------------------+
|      Accuracy      |     Precision      |       Recall       |         F1        |
+--------------------+--------------------+--------------------+-------------------+
| 0.9452054794520548 | 0.9497716894977168 | 0.9452054794520548 | 0.944367237994397 |
+--------------------+--------------------+--------------------+-------------------+

Epoch loss:0.0009105637842440309

+--------------------+--------------------+--------------------+--------------------+
|      Accuracy      |     Precision      |       Recall       |         F1         |
+--------------------+--------------------+--------------------+--------------------+
| 0.9726027397260274 | 0.9726027397260274 | 0.9726027397260274 | 0.9726027397260274 |
+--------------------+--------------------+--------------------+--------------------+

Epoch loss:0.0006335378250828452

+--------------------+--------------------+--------------------+--------------------+
|      Accuracy      |     Precision      |       Recall       |         F1         |
+--------------------+--------------------+--------------------+--------------------+
| 0.9726027397260274 | 0.9726027397260274 | 0.9726027397260274 | 0.9726027397260274 |
+--------------------+--------------------+--------------------+--------------------+

Epoch loss:0.00018445054880426897

+--------------------+--------------------+--------------------+--------------------+
|      Accuracy      |     Precision      |       Recall       |         F1         |
+--------------------+--------------------+--------------------+--------------------+
| 0.9726027397260274 | 0.9726027397260274 | 0.9726027397260274 | 0.9726027397260274 |
+--------------------+--------------------+--------------------+--------------------+

Epoch loss:0.00010355596850985481

+-------------------+-------------------+-------------------+--------------------+
|      Accuracy     |     Precision     |       Recall      |         F1         |
+-------------------+-------------------+-------------------+--------------------+
| 0.958904109589041 | 0.961527251530166 | 0.958904109589041 | 0.9584607173648269 |
+-------------------+-------------------+-------------------+--------------------+

Epoch loss:7.931904220104258e-06

+--------------------+--------------------+--------------------+--------------------+
|      Accuracy      |     Precision      |       Recall       |         F1         |
+--------------------+--------------------+--------------------+--------------------+
| 0.9452054794520548 | 0.9452054794520548 | 0.9452054794520548 | 0.9452054794520548 |
+--------------------+--------------------+--------------------+--------------------+

Epoch loss:0.007888098696293063

+-------------------+--------------------+-------------------+--------------------+
|      Accuracy     |     Precision      |       Recall      |         F1         |
+-------------------+--------------------+-------------------+--------------------+
| 0.958904109589041 | 0.9594987788042901 | 0.958904109589041 | 0.9590161965685372 |
+-------------------+--------------------+-------------------+--------------------+

Epoch loss:3.922456632449317e-05

+--------------------+--------------------+--------------------+--------------------+
|      Accuracy      |     Precision      |       Recall       |         F1         |
+--------------------+--------------------+--------------------+--------------------+
| 0.9726027397260274 | 0.9726027397260274 | 0.9726027397260274 | 0.9726027397260274 |
+--------------------+--------------------+--------------------+--------------------+

Epoch loss:0.00028034322222442924

+--------------------+--------------------+--------------------+--------------------+
|      Accuracy      |     Precision      |       Recall       |         F1         |
+--------------------+--------------------+--------------------+--------------------+
| 0.9726027397260274 | 0.9726027397260274 | 0.9726027397260274 | 0.9726027397260274 |
+--------------------+--------------------+--------------------+--------------------+

Epoch loss:6.894009419164479e-05

+--------------------+--------------------+--------------------+--------------------+
|      Accuracy      |     Precision      |       Recall       |         F1         |
+--------------------+--------------------+--------------------+--------------------+
| 0.9863013698630136 | 0.9866057838660577 | 0.9863013698630136 | 0.9862581650370347 |
+--------------------+--------------------+--------------------+--------------------+

Epoch loss:0.00024318335430622366

+--------------------+--------------------+--------------------+--------------------+
|      Accuracy      |     Precision      |       Recall       |         F1         |
+--------------------+--------------------+--------------------+--------------------+
| 0.9863013698630136 | 0.9866057838660577 | 0.9863013698630136 | 0.9862581650370347 |
+--------------------+--------------------+--------------------+--------------------+

Epoch loss:0.011314656863005416

+-------------------+--------------------+-------------------+--------------------+
|      Accuracy     |     Precision      |       Recall      |         F1         |
+-------------------+--------------------+-------------------+--------------------+
| 0.958904109589041 | 0.9590237008045227 | 0.958904109589041 | 0.9587744951111039 |
+-------------------+--------------------+-------------------+--------------------+

Epoch loss:1.038258933942208e-05

+-------------------+--------------------+-------------------+--------------------+
|      Accuracy     |     Precision      |       Recall      |         F1         |
+-------------------+--------------------+-------------------+--------------------+
| 0.958904109589041 | 0.9594987788042901 | 0.958904109589041 | 0.9590161965685372 |
+-------------------+--------------------+-------------------+--------------------+

Epoch loss:0.005253474247659696

+--------------------+--------------------+--------------------+--------------------+
|      Accuracy      |     Precision      |       Recall       |         F1         |
+--------------------+--------------------+--------------------+--------------------+
| 0.9726027397260274 | 0.9743703049049933 | 0.9726027397260274 | 0.9727407879367103 |
+--------------------+--------------------+--------------------+--------------------+

Epoch loss:0.0014384591991400783

+--------------------+--------------------+--------------------+--------------------+
|      Accuracy      |     Precision      |       Recall       |         F1         |
+--------------------+--------------------+--------------------+--------------------+
| 0.9452054794520548 | 0.9472045114996948 | 0.9452054794520548 | 0.9454815758734205 |
+--------------------+--------------------+--------------------+--------------------+

Epoch loss:0.003944530417891725

+--------------------+--------------------+--------------------+--------------------+
|      Accuracy      |     Precision      |       Recall       |         F1         |
+--------------------+--------------------+--------------------+--------------------+
| 0.9452054794520548 | 0.9452054794520548 | 0.9452054794520548 | 0.9452054794520548 |
+--------------------+--------------------+--------------------+--------------------+

Epoch loss:0.0034147513838706646

+--------------------+--------------------+--------------------+--------------------+
|      Accuracy      |     Precision      |       Recall       |         F1         |
+--------------------+--------------------+--------------------+--------------------+
| 0.9452054794520548 | 0.9472045114996948 | 0.9452054794520548 | 0.9454815758734205 |
+--------------------+--------------------+--------------------+--------------------+

Epoch loss:0.000868751211031297

+-------------------+--------------------+-------------------+--------------------+
|      Accuracy     |     Precision      |       Recall      |         F1         |
+-------------------+--------------------+-------------------+--------------------+
| 0.958904109589041 | 0.9590237008045227 | 0.958904109589041 | 0.9587744951111039 |
+-------------------+--------------------+-------------------+--------------------+

optimizer:
Adam (
Parameter Group 0
    amsgrad: False
    betas: (0.5, 0.5)
    capturable: False
    decoupled_weight_decay: False
    differentiable: False
    eps: 1e-08
    foreach: None
    fused: None
    lr: 0.0001
    maximize: False
    weight_decay: 0
)
model:
ResNet(
  (conv1): Conv2d(3, 64, kernel_size=(7, 7), stride=(2, 2), padding=(3, 3), bias=False)
  (bn1): BatchNorm2d(64, eps=1e-05, momentum=0.1, affine=True, track_running_stats=True)
  (relu): ReLU(inplace=True)
  (maxpool): MaxPool2d(kernel_size=3, stride=2, padding=1, dilation=1, ceil_mode=False)
  (layer1): Sequential(
    (0): BasicBlock(
      (conv1): Conv2d(64, 64, kernel_size=(3, 3), stride=(1, 1), padding=(1, 1), bias=False)
      (bn1): BatchNorm2d(64, eps=1e-05, momentum=0.1, affine=True, track_running_stats=True)
      (relu): ReLU()
      (conv2): Conv2d(64, 64, kernel_size=(3, 3), stride=(1, 1), padding=(1, 1), bias=False)
      (bn2): BatchNorm2d(64, eps=1e-05, momentum=0.1, affine=True, track_running_stats=True)
    )
    (1): BasicBlock(
      (conv1): Conv2d(64, 64, kernel_size=(3, 3), stride=(1, 1), padding=(1, 1), bias=False)
      (bn1): BatchNorm2d(64, eps=1e-05, momentum=0.1, affine=True, track_running_stats=True)
      (relu): ReLU()
      (conv2): Conv2d(64, 64, kernel_size=(3, 3), stride=(1, 1), padding=(1, 1), bias=False)
      (bn2): BatchNorm2d(64, eps=1e-05, momentum=0.1, affine=True, track_running_stats=True)
    )
  )
  (layer2): Sequential(
    (0): BasicBlock(
      (conv1): Conv2d(64, 128, kernel_size=(3, 3), stride=(2, 2), padding=(1, 1), bias=False)
      (bn1): BatchNorm2d(128, eps=1e-05, momentum=0.1, affine=True, track_running_stats=True)
      (relu): ReLU()
      (conv2): Conv2d(128, 128, kernel_size=(3, 3), stride=(1, 1), padding=(1, 1), bias=False)
      (bn2): BatchNorm2d(128, eps=1e-05, momentum=0.1, affine=True, track_running_stats=True)
      (downsample): Sequential(
        (0): Conv2d(64, 128, kernel_size=(1, 1), stride=(2, 2), bias=False)
        (1): BatchNorm2d(128, eps=1e-05, momentum=0.1, affine=True, track_running_stats=True)
      )
    )
    (1): BasicBlock(
      (conv1): Conv2d(128, 128, kernel_size=(3, 3), stride=(1, 1), padding=(1, 1), bias=False)
      (bn1): BatchNorm2d(128, eps=1e-05, momentum=0.1, affine=True, track_running_stats=True)
      (relu): ReLU()
      (conv2): Conv2d(128, 128, kernel_size=(3, 3), stride=(1, 1), padding=(1, 1), bias=False)
      (bn2): BatchNorm2d(128, eps=1e-05, momentum=0.1, affine=True, track_running_stats=True)
    )
  )
  (layer3): Sequential(
    (0): BasicBlock(
      (conv1): Conv2d(128, 256, kernel_size=(3, 3), stride=(2, 2), padding=(1, 1), bias=False)
      (bn1): BatchNorm2d(256, eps=1e-05, momentum=0.1, affine=True, track_running_stats=True)
      (relu): ReLU()
      (conv2): Conv2d(256, 256, kernel_size=(3, 3), stride=(1, 1), padding=(1, 1), bias=False)
      (bn2): BatchNorm2d(256, eps=1e-05, momentum=0.1, affine=True, track_running_stats=True)
      (downsample): Sequential(
        (0): Conv2d(128, 256, kernel_size=(1, 1), stride=(2, 2), bias=False)
        (1): BatchNorm2d(256, eps=1e-05, momentum=0.1, affine=True, track_running_stats=True)
      )
    )
    (1): BasicBlock(
      (conv1): Conv2d(256, 256, kernel_size=(3, 3), stride=(1, 1), padding=(1, 1), bias=False)
      (bn1): BatchNorm2d(256, eps=1e-05, momentum=0.1, affine=True, track_running_stats=True)
      (relu): ReLU()
      (conv2): Conv2d(256, 256, kernel_size=(3, 3), stride=(1, 1), padding=(1, 1), bias=False)
      (bn2): BatchNorm2d(256, eps=1e-05, momentum=0.1, affine=True, track_running_stats=True)
    )
  )
  (layer4): Sequential(
    (0): BasicBlock(
      (conv1): Conv2d(256, 512, kernel_size=(3, 3), stride=(2, 2), padding=(1, 1), bias=False)
      (bn1): BatchNorm2d(512, eps=1e-05, momentum=0.1, affine=True, track_running_stats=True)
      (relu): ReLU()
      (conv2): Conv2d(512, 512, kernel_size=(3, 3), stride=(1, 1), padding=(1, 1), bias=False)
      (bn2): BatchNorm2d(512, eps=1e-05, momentum=0.1, affine=True, track_running_stats=True)
      (downsample): Sequential(
        (0): Conv2d(256, 512, kernel_size=(1, 1), stride=(2, 2), bias=False)
        (1): BatchNorm2d(512, eps=1e-05, momentum=0.1, affine=True, track_running_stats=True)
      )
    )
    (1): BasicBlock(
      (conv1): Conv2d(512, 512, kernel_size=(3, 3), stride=(1, 1), padding=(1, 1), bias=False)
      (bn1): BatchNorm2d(512, eps=1e-05, momentum=0.1, affine=True, track_running_stats=True)
      (relu): ReLU()
      (conv2): Conv2d(512, 512, kernel_size=(3, 3), stride=(1, 1), padding=(1, 1), bias=False)
      (bn2): BatchNorm2d(512, eps=1e-05, momentum=0.1, affine=True, track_running_stats=True)
    )
  )
  (avgpool): AdaptiveAvgPool2d(output_size=(1, 1))
  (fc): Linear(in_features=512, out_features=2, bias=True)
)

