Read csv file.......
Training device information:
+--------------------+-------------------------+---------------------------------+
|   number of gpu    |    applied gpu index    |         applied gpu name        |
+--------------------+-------------------------+---------------------------------+
|         2          |            0            |     NVIDIA GeForce RTX 3090     |
+--------------------+-------------------------+---------------------------------+

Use data information file:/home/zhangxiaohan/constitution/baseline/data.csv
Loading data from path: /home/zhangxiaohan/constitution/data/face......
data information:
+----------------------+----------------+----------------+---------------+----------+
|  number of samples   |  train number  |  valid number  |  test number  | percent  |
+----------------------+----------------+----------------+---------------+----------+
|         738          |      590       |       73       |       75      |   0.8    |
+----------------------+----------------+----------------+---------------+----------+

Classes information:
+------------+------------+
|     0      |     1      |
+------------+------------+
|     0      |     1      |
+------------+------------+

Train information:
+--------------------+-----------------+-----------------+----------+---------------------+----------+----------+-----------------------------------------------------------------------+
|       theme        |      resize     |    batch size   |  epoch   |    learning rate    |  beta1   |  beta2   |                            directory of log                           |
+--------------------+-----------------+-----------------+----------+---------------------+----------+----------+-----------------------------------------------------------------------+
|    constitution    |    (224, 224)   |        16       |   300    |        0.0001       |   0.5    |  0.999   |            /home/zhangxiaohan/constitution/baseline/workdir           |
+--------------------+-----------------+-----------------+----------+---------------------+----------+----------+-----------------------------------------------------------------------+

Train begins......
Epoch loss:0.6789797512260644

+--------------------+---------------------+--------------------+---------------------+
|      Accuracy      |      Precision      |       Recall       |          F1         |
+--------------------+---------------------+--------------------+---------------------+
| 0.6301369863013698 | 0.39707262150497274 | 0.6301369863013698 | 0.48716472890526075 |
+--------------------+---------------------+--------------------+---------------------+

Epoch loss:0.6759848159712714

+--------------------+---------------------+--------------------+---------------------+
|      Accuracy      |      Precision      |       Recall       |          F1         |
+--------------------+---------------------+--------------------+---------------------+
| 0.6301369863013698 | 0.39707262150497274 | 0.6301369863013698 | 0.48716472890526075 |
+--------------------+---------------------+--------------------+---------------------+

Epoch loss:0.6748264947453061

+--------------------+---------------------+--------------------+---------------------+
|      Accuracy      |      Precision      |       Recall       |          F1         |
+--------------------+---------------------+--------------------+---------------------+
| 0.6301369863013698 | 0.39707262150497274 | 0.6301369863013698 | 0.48716472890526075 |
+--------------------+---------------------+--------------------+---------------------+

Epoch loss:0.6716546996219738

+--------------------+---------------------+--------------------+---------------------+
|      Accuracy      |      Precision      |       Recall       |          F1         |
+--------------------+---------------------+--------------------+---------------------+
| 0.6301369863013698 | 0.39707262150497274 | 0.6301369863013698 | 0.48716472890526075 |
+--------------------+---------------------+--------------------+---------------------+

Epoch loss:0.6722535732630137

+--------------------+---------------------+--------------------+---------------------+
|      Accuracy      |      Precision      |       Recall       |          F1         |
+--------------------+---------------------+--------------------+---------------------+
| 0.6301369863013698 | 0.39707262150497274 | 0.6301369863013698 | 0.48716472890526075 |
+--------------------+---------------------+--------------------+---------------------+

Epoch loss:0.641871228411391

+--------------------+---------------------+--------------------+---------------------+
|      Accuracy      |      Precision      |       Recall       |          F1         |
+--------------------+---------------------+--------------------+---------------------+
| 0.6301369863013698 | 0.39707262150497274 | 0.6301369863013698 | 0.48716472890526075 |
+--------------------+---------------------+--------------------+---------------------+

Epoch loss:0.5519392361512055

+--------------------+-------------------+--------------------+--------------------+
|      Accuracy      |     Precision     |       Recall       |         F1         |
+--------------------+-------------------+--------------------+--------------------+
| 0.6301369863013698 | 0.815068493150685 | 0.6301369863013698 | 0.6149631190727082 |
+--------------------+-------------------+--------------------+--------------------+

Epoch loss:0.5096843174180469

+--------------------+--------------------+--------------------+--------------------+
|      Accuracy      |     Precision      |       Recall       |         F1         |
+--------------------+--------------------+--------------------+--------------------+
| 0.7945205479452054 | 0.8157090022521127 | 0.7945205479452054 | 0.7978494339572793 |
+--------------------+--------------------+--------------------+--------------------+

Epoch loss:0.4527392673331338

+-------------------+--------------------+-------------------+--------------------+
|      Accuracy     |     Precision      |       Recall      |         F1         |
+-------------------+--------------------+-------------------+--------------------+
| 0.821917808219178 | 0.8651972396745288 | 0.821917808219178 | 0.8248943006933875 |
+-------------------+--------------------+-------------------+--------------------+

Epoch loss:0.4085394099757478

+--------------------+--------------------+--------------------+--------------------+
|      Accuracy      |     Precision      |       Recall       |         F1         |
+--------------------+--------------------+--------------------+--------------------+
| 0.8082191780821918 | 0.8737053123955897 | 0.8082191780821918 | 0.8107502221120272 |
+--------------------+--------------------+--------------------+--------------------+

Epoch loss:0.4276206533651094

+-------------------+-------------------+-------------------+--------------------+
|      Accuracy     |     Precision     |       Recall      |         F1         |
+-------------------+-------------------+-------------------+--------------------+
| 0.726027397260274 | 0.809049398090494 | 0.726027397260274 | 0.6699090595142166 |
+-------------------+-------------------+-------------------+--------------------+

Epoch loss:0.4157539453055408

+--------------------+--------------------+--------------------+--------------------+
|      Accuracy      |     Precision      |       Recall       |         F1         |
+--------------------+--------------------+--------------------+--------------------+
| 0.8767123287671232 | 0.9075342465753424 | 0.8767123287671232 | 0.8788343196661401 |
+--------------------+--------------------+--------------------+--------------------+

Epoch loss:0.3587967592316705

+--------------------+------------------+--------------------+--------------------+
|      Accuracy      |    Precision     |       Recall       |         F1         |
+--------------------+------------------+--------------------+--------------------+
| 0.8767123287671232 | 0.87794085670798 | 0.8767123287671232 | 0.8771557209913375 |
+--------------------+------------------+--------------------+--------------------+

Epoch loss:0.3649418467806803

+--------------------+--------------------+--------------------+--------------------+
|      Accuracy      |     Precision      |       Recall       |         F1         |
+--------------------+--------------------+--------------------+--------------------+
| 0.7808219178082192 | 0.8373840035351304 | 0.7808219178082192 | 0.7509145771582685 |
+--------------------+--------------------+--------------------+--------------------+

Epoch loss:0.38428974574482117

+-------------------+--------------------+-------------------+--------------------+
|      Accuracy     |     Precision      |       Recall      |         F1         |
+-------------------+--------------------+-------------------+--------------------+
| 0.821917808219178 | 0.8280981204205161 | 0.821917808219178 | 0.8236027964323615 |
+-------------------+--------------------+-------------------+--------------------+

Epoch loss:0.3151706579971958

+-------------------+--------------------+-------------------+--------------------+
|      Accuracy     |     Precision      |       Recall      |         F1         |
+-------------------+--------------------+-------------------+--------------------+
| 0.821917808219178 | 0.8797945205479452 | 0.821917808219178 | 0.8245421065299477 |
+-------------------+--------------------+-------------------+--------------------+

Epoch loss:0.36479669084420074

+-------------------+--------------------+-------------------+--------------------+
|      Accuracy     |     Precision      |       Recall      |         F1         |
+-------------------+--------------------+-------------------+--------------------+
| 0.863013698630137 | 0.9000370233246946 | 0.863013698630137 | 0.8653629301703976 |
+-------------------+--------------------+-------------------+--------------------+

Epoch loss:0.35914155820737015

+-------------------+--------------------+-------------------+--------------------+
|      Accuracy     |     Precision      |       Recall      |         F1         |
+-------------------+--------------------+-------------------+--------------------+
| 0.863013698630137 | 0.8874755381604695 | 0.863013698630137 | 0.8541620882475033 |
+-------------------+--------------------+-------------------+--------------------+

Epoch loss:0.32023649743279897

+--------------------+--------------------+--------------------+--------------------+
|      Accuracy      |     Precision      |       Recall       |         F1         |
+--------------------+--------------------+--------------------+--------------------+
| 0.8904109589041096 | 0.8904109589041096 | 0.8904109589041096 | 0.8904109589041096 |
+--------------------+--------------------+--------------------+--------------------+

Epoch loss:0.29336612862912387

+--------------------+--------------------+--------------------+--------------------+
|      Accuracy      |     Precision      |       Recall       |         F1         |
+--------------------+--------------------+--------------------+--------------------+
| 0.8767123287671232 | 0.9075342465753424 | 0.8767123287671232 | 0.8788343196661401 |
+--------------------+--------------------+--------------------+--------------------+

Epoch loss:0.2858064511941897

+--------------------+--------------------+--------------------+--------------------+
|      Accuracy      |     Precision      |       Recall       |         F1         |
+--------------------+--------------------+--------------------+--------------------+
| 0.9041095890410958 | 0.9090474673462887 | 0.9041095890410958 | 0.9050168903866561 |
+--------------------+--------------------+--------------------+--------------------+

Epoch loss:0.26667037445145686

+--------------------+--------------------+--------------------+--------------------+
|      Accuracy      |     Precision      |       Recall       |         F1         |
+--------------------+--------------------+--------------------+--------------------+
| 0.8493150684931506 | 0.8507284192215698 | 0.8493150684931506 | 0.8498569923227457 |
+--------------------+--------------------+--------------------+--------------------+

Epoch loss:0.2963285663643399

+--------------------+--------------------+--------------------+--------------------+
|      Accuracy      |     Precision      |       Recall       |         F1         |
+--------------------+--------------------+--------------------+--------------------+
| 0.8904109589041096 | 0.9057907845579078 | 0.8904109589041096 | 0.8920675374323033 |
+--------------------+--------------------+--------------------+--------------------+

Epoch loss:0.26725159615680977

+--------------------+--------------------+--------------------+--------------------+
|      Accuracy      |     Precision      |       Recall       |         F1         |
+--------------------+--------------------+--------------------+--------------------+
| 0.8904109589041096 | 0.9154598825831701 | 0.8904109589041096 | 0.8922626938535025 |
+--------------------+--------------------+--------------------+--------------------+

Epoch loss:0.2589454283384052

+--------------------+--------------------+--------------------+--------------------+
|      Accuracy      |     Precision      |       Recall       |         F1         |
+--------------------+--------------------+--------------------+--------------------+
| 0.7123287671232876 | 0.8024943774279288 | 0.7123287671232876 | 0.6475275239973992 |
+--------------------+--------------------+--------------------+--------------------+

Epoch loss:0.295118352247251

+--------------------+--------------------+--------------------+--------------------+
|      Accuracy      |     Precision      |       Recall       |         F1         |
+--------------------+--------------------+--------------------+--------------------+
| 0.9315068493150684 | 0.9323657316808002 | 0.9315068493150684 | 0.9317531783285209 |
+--------------------+--------------------+--------------------+--------------------+

Epoch loss:0.2632267790267596

+--------------------+--------------------+--------------------+--------------------+
|      Accuracy      |     Precision      |       Recall       |         F1         |
+--------------------+--------------------+--------------------+--------------------+
| 0.8493150684931506 | 0.8802295446131063 | 0.8493150684931506 | 0.8519086129252823 |
+--------------------+--------------------+--------------------+--------------------+

Epoch loss:0.2600018313607654

+--------------------+--------------------+--------------------+--------------------+
|      Accuracy      |     Precision      |       Recall       |         F1         |
+--------------------+--------------------+--------------------+--------------------+
| 0.8904109589041096 | 0.8899771689497717 | 0.8904109589041096 | 0.8894693182072954 |
+--------------------+--------------------+--------------------+--------------------+

Epoch loss:0.2776949942816754

+--------------------+--------------------+--------------------+--------------------+
|      Accuracy      |     Precision      |       Recall       |         F1         |
+--------------------+--------------------+--------------------+--------------------+
| 0.8904109589041096 | 0.9057907845579078 | 0.8904109589041096 | 0.8920675374323033 |
+--------------------+--------------------+--------------------+--------------------+

Epoch loss:0.2937706905240948

+--------------------+--------------------+--------------------+--------------------+
|      Accuracy      |     Precision      |       Recall       |         F1         |
+--------------------+--------------------+--------------------+--------------------+
| 0.8904109589041096 | 0.9057907845579078 | 0.8904109589041096 | 0.8920675374323033 |
+--------------------+--------------------+--------------------+--------------------+

Epoch loss:0.27914928977151177

+--------------------+--------------------+--------------------+--------------------+
|      Accuracy      |     Precision      |       Recall       |         F1         |
+--------------------+--------------------+--------------------+--------------------+
| 0.9178082191780822 | 0.9327521793275219 | 0.9178082191780822 | 0.9190506530742275 |
+--------------------+--------------------+--------------------+--------------------+

Epoch loss:0.255495004859325

+--------------------+--------------------+--------------------+--------------------+
|      Accuracy      |     Precision      |       Recall       |         F1         |
+--------------------+--------------------+--------------------+--------------------+
| 0.7808219178082192 | 0.8623765530423702 | 0.7808219178082192 | 0.7827994644144608 |
+--------------------+--------------------+--------------------+--------------------+

Epoch loss:0.2522955093834851

+--------------------+--------------------+--------------------+-------------------+
|      Accuracy      |     Precision      |       Recall       |         F1        |
+--------------------+--------------------+--------------------+-------------------+
| 0.9178082191780822 | 0.9253414136312944 | 0.9178082191780822 | 0.918774423498089 |
+--------------------+--------------------+--------------------+-------------------+

Epoch loss:0.24385991194159598

+--------------------+--------------------+--------------------+--------------------+
|      Accuracy      |     Precision      |       Recall       |         F1         |
+--------------------+--------------------+--------------------+--------------------+
| 0.8767123287671232 | 0.8798866993871023 | 0.8767123287671232 | 0.8735996587591398 |
+--------------------+--------------------+--------------------+--------------------+

Epoch loss:0.25175663773473855

+--------------------+--------------------+--------------------+--------------------+
|      Accuracy      |     Precision      |       Recall       |         F1         |
+--------------------+--------------------+--------------------+--------------------+
| 0.8082191780821918 | 0.8083697124793014 | 0.8082191780821918 | 0.8021037181996086 |
+--------------------+--------------------+--------------------+--------------------+

Epoch loss:0.2732717997923091

+--------------------+--------------------+--------------------+--------------------+
|      Accuracy      |     Precision      |       Recall       |         F1         |
+--------------------+--------------------+--------------------+--------------------+
| 0.9041095890410958 | 0.9090474673462887 | 0.9041095890410958 | 0.9050168903866561 |
+--------------------+--------------------+--------------------+--------------------+

Epoch loss:0.2566834485561058

+--------------------+--------------------+--------------------+--------------------+
|      Accuracy      |     Precision      |       Recall       |         F1         |
+--------------------+--------------------+--------------------+--------------------+
| 0.8767123287671232 | 0.8760621482859897 | 0.8767123287671232 | 0.8762120744711895 |
+--------------------+--------------------+--------------------+--------------------+

Epoch loss:0.22950295890001832

+--------------------+--------------------+--------------------+--------------------+
|      Accuracy      |     Precision      |       Recall       |         F1         |
+--------------------+--------------------+--------------------+--------------------+
| 0.8767123287671232 | 0.8968866749688666 | 0.8767123287671232 | 0.8698765766987658 |
+--------------------+--------------------+--------------------+--------------------+

Epoch loss:0.2565733167670063

+--------------------+--------------------+--------------------+--------------------+
|      Accuracy      |     Precision      |       Recall       |         F1         |
+--------------------+--------------------+--------------------+--------------------+
| 0.8356164383561644 | 0.8348540798094103 | 0.8356164383561644 | 0.8324657534246575 |
+--------------------+--------------------+--------------------+--------------------+

Epoch loss:0.22556691219073696

+--------------------+--------------------+--------------------+--------------------+
|      Accuracy      |     Precision      |       Recall       |         F1         |
+--------------------+--------------------+--------------------+--------------------+
| 0.8767123287671232 | 0.8760621482859897 | 0.8767123287671232 | 0.8762120744711895 |
+--------------------+--------------------+--------------------+--------------------+

Epoch loss:0.24766138251367453

+--------------------+--------------------+--------------------+--------------------+
|      Accuracy      |     Precision      |       Recall       |         F1         |
+--------------------+--------------------+--------------------+--------------------+
| 0.9452054794520548 | 0.9452054794520548 | 0.9452054794520548 | 0.9452054794520548 |
+--------------------+--------------------+--------------------+--------------------+

Epoch loss:0.22354939454109282

+--------------------+--------------------+--------------------+--------------------+
|      Accuracy      |     Precision      |       Recall       |         F1         |
+--------------------+--------------------+--------------------+--------------------+
| 0.8904109589041096 | 0.8899771689497717 | 0.8904109589041096 | 0.8894693182072954 |
+--------------------+--------------------+--------------------+--------------------+

Epoch loss:0.22082070427367817

+--------------------+--------------------+--------------------+--------------------+
|      Accuracy      |     Precision      |       Recall       |         F1         |
+--------------------+--------------------+--------------------+--------------------+
| 0.9178082191780822 | 0.9327521793275219 | 0.9178082191780822 | 0.9190506530742275 |
+--------------------+--------------------+--------------------+--------------------+

Epoch loss:0.21469888755598585

+--------------------+--------------------+--------------------+--------------------+
|      Accuracy      |     Precision      |       Recall       |         F1         |
+--------------------+--------------------+--------------------+--------------------+
| 0.8356164383561644 | 0.8356164383561644 | 0.8356164383561644 | 0.8356164383561644 |
+--------------------+--------------------+--------------------+--------------------+

Epoch loss:0.1787539568503161

+--------------------+--------------------+--------------------+--------------------+
|      Accuracy      |     Precision      |       Recall       |         F1         |
+--------------------+--------------------+--------------------+--------------------+
| 0.8356164383561644 | 0.8518679950186799 | 0.8356164383561644 | 0.8381013061484549 |
+--------------------+--------------------+--------------------+--------------------+

Epoch loss:0.203533853177686

+--------------------+--------------------+--------------------+--------------------+
|      Accuracy      |     Precision      |       Recall       |         F1         |
+--------------------+--------------------+--------------------+--------------------+
| 0.8767123287671232 | 0.8798866993871023 | 0.8767123287671232 | 0.8735996587591398 |
+--------------------+--------------------+--------------------+--------------------+

Epoch loss:0.21205909932787353

+--------------------+--------------------+--------------------+--------------------+
|      Accuracy      |     Precision      |       Recall       |         F1         |
+--------------------+--------------------+--------------------+--------------------+
| 0.9178082191780822 | 0.9178995433789954 | 0.9178082191780822 | 0.9171019886554717 |
+--------------------+--------------------+--------------------+--------------------+

Epoch loss:0.19479988477620724

+--------------------+--------------------+--------------------+-------------------+
|      Accuracy      |     Precision      |       Recall       |         F1        |
+--------------------+--------------------+--------------------+-------------------+
| 0.9178082191780822 | 0.9253414136312944 | 0.9178082191780822 | 0.918774423498089 |
+--------------------+--------------------+--------------------+-------------------+

Epoch loss:0.1805745465429248

+--------------------+--------------------+--------------------+--------------------+
|      Accuracy      |     Precision      |       Recall       |         F1         |
+--------------------+--------------------+--------------------+--------------------+
| 0.8493150684931506 | 0.8507284192215698 | 0.8493150684931506 | 0.8498569923227457 |
+--------------------+--------------------+--------------------+--------------------+

Epoch loss:0.20638908214263013

+--------------------+--------------------+--------------------+--------------------+
|      Accuracy      |     Precision      |       Recall       |         F1         |
+--------------------+--------------------+--------------------+--------------------+
| 0.8767123287671232 | 0.8760621482859897 | 0.8767123287671232 | 0.8762120744711895 |
+--------------------+--------------------+--------------------+--------------------+

Epoch loss:0.20620756183524389

+-------------------+--------------------+-------------------+--------------------+
|      Accuracy     |     Precision      |       Recall      |         F1         |
+-------------------+--------------------+-------------------+--------------------+
| 0.821917808219178 | 0.8328767123287671 | 0.821917808219178 | 0.8120439441204393 |
+-------------------+--------------------+-------------------+--------------------+

Epoch loss:0.21859386879824907

+-------------------+-------------------+-------------------+-------------------+
|      Accuracy     |     Precision     |       Recall      |         F1        |
+-------------------+-------------------+-------------------+-------------------+
| 0.863013698630137 | 0.863013698630137 | 0.863013698630137 | 0.863013698630137 |
+-------------------+-------------------+-------------------+-------------------+

Epoch loss:0.1895420859391625

+--------------------+-------------------+--------------------+--------------------+
|      Accuracy      |     Precision     |       Recall       |         F1         |
+--------------------+-------------------+--------------------+--------------------+
| 0.8493150684931506 | 0.850719117036603 | 0.8493150684931506 | 0.8455106940389486 |
+--------------------+-------------------+--------------------+--------------------+

Epoch loss:0.18669643590377794

+--------------------+--------------------+--------------------+--------------------+
|      Accuracy      |     Precision      |       Recall       |         F1         |
+--------------------+--------------------+--------------------+--------------------+
| 0.8904109589041096 | 0.8904109589041096 | 0.8904109589041096 | 0.8904109589041096 |
+--------------------+--------------------+--------------------+--------------------+

Epoch loss:0.19318916716587706

+-------------------+--------------------+-------------------+--------------------+
|      Accuracy     |     Precision      |       Recall      |         F1         |
+-------------------+--------------------+-------------------+--------------------+
| 0.863013698630137 | 0.8883098156349779 | 0.863013698630137 | 0.8653283673168782 |
+-------------------+--------------------+-------------------+--------------------+

Epoch loss:0.21741933783994535

+-------------------+-------------------+-------------------+-------------------+
|      Accuracy     |     Precision     |       Recall      |         F1        |
+-------------------+-------------------+-------------------+-------------------+
| 0.863013698630137 | 0.863013698630137 | 0.863013698630137 | 0.863013698630137 |
+-------------------+-------------------+-------------------+-------------------+

Epoch loss:0.19763727236941858

+--------------------+--------------------+--------------------+--------------------+
|      Accuracy      |     Precision      |       Recall       |         F1         |
+--------------------+--------------------+--------------------+--------------------+
| 0.9041095890410958 | 0.9051532941943901 | 0.9041095890410958 | 0.9044544496599292 |
+--------------------+--------------------+--------------------+--------------------+

Epoch loss:0.1938105400123105

+--------------------+--------------------+--------------------+--------------------+
|      Accuracy      |     Precision      |       Recall       |         F1         |
+--------------------+--------------------+--------------------+--------------------+
| 0.8493150684931506 | 0.8550812360624404 | 0.8493150684931506 | 0.8507408277504598 |
+--------------------+--------------------+--------------------+--------------------+

Epoch loss:0.19696256807829077

+--------------------+--------------------+--------------------+--------------------+
|      Accuracy      |     Precision      |       Recall       |         F1         |
+--------------------+--------------------+--------------------+--------------------+
| 0.8904109589041096 | 0.8899771689497717 | 0.8904109589041096 | 0.8894693182072954 |
+--------------------+--------------------+--------------------+--------------------+

Epoch loss:0.1996336789751375

+--------------------+--------------------+--------------------+--------------------+
|      Accuracy      |     Precision      |       Recall       |         F1         |
+--------------------+--------------------+--------------------+--------------------+
| 0.8904109589041096 | 0.8932666294499078 | 0.8904109589041096 | 0.8911502500543595 |
+--------------------+--------------------+--------------------+--------------------+

Epoch loss:0.19623555348732988

+--------------------+--------------------+--------------------+--------------------+
|      Accuracy      |     Precision      |       Recall       |         F1         |
+--------------------+--------------------+--------------------+--------------------+
| 0.9178082191780822 | 0.9178995433789954 | 0.9178082191780822 | 0.9171019886554717 |
+--------------------+--------------------+--------------------+--------------------+

Epoch loss:0.15380196771710306

+-------------------+--------------------+-------------------+--------------------+
|      Accuracy     |     Precision      |       Recall      |         F1         |
+-------------------+--------------------+-------------------+--------------------+
| 0.863013698630137 | 0.8714727605580456 | 0.863013698630137 | 0.8646240391634817 |
+-------------------+--------------------+-------------------+--------------------+

Epoch loss:0.1669818181166979

+-------------------+--------------------+-------------------+--------------------+
|      Accuracy     |     Precision      |       Recall      |         F1         |
+-------------------+--------------------+-------------------+--------------------+
| 0.863013698630137 | 0.8661914372826041 | 0.863013698630137 | 0.8639378125679495 |
+-------------------+--------------------+-------------------+--------------------+

Epoch loss:0.16961605825486617

+--------------------+-------------------+--------------------+--------------------+
|      Accuracy      |     Precision     |       Recall       |         F1         |
+--------------------+-------------------+--------------------+--------------------+
| 0.8082191780821918 | 0.821457350063313 | 0.8082191780821918 | 0.7958269235465045 |
+--------------------+-------------------+--------------------+--------------------+

Epoch loss:0.15945547159345871

+-------------------+-------------------+-------------------+--------------------+
|      Accuracy     |     Precision     |       Recall      |         F1         |
+-------------------+-------------------+-------------------+--------------------+
| 0.863013698630137 | 0.878829389788294 | 0.863013698630137 | 0.8650844217903791 |
+-------------------+-------------------+-------------------+--------------------+

Epoch loss:0.19710494359841924

+--------------------+--------------------+--------------------+--------------------+
|      Accuracy      |     Precision      |       Recall       |         F1         |
+--------------------+--------------------+--------------------+--------------------+
| 0.7534246575342466 | 0.8227739726027398 | 0.7534246575342466 | 0.7119551681195516 |
+--------------------+--------------------+--------------------+--------------------+

Epoch loss:0.22672938600786635

+--------------------+--------------------+--------------------+-------------------+
|      Accuracy      |     Precision      |       Recall       |         F1        |
+--------------------+--------------------+--------------------+-------------------+
| 0.8767123287671232 | 0.8820643517043645 | 0.8767123287671232 | 0.877878859068558 |
+--------------------+--------------------+--------------------+-------------------+

Epoch loss:0.17092013865633793

+--------------------+--------------------+--------------------+--------------------+
|      Accuracy      |     Precision      |       Recall       |         F1         |
+--------------------+--------------------+--------------------+--------------------+
| 0.8767123287671232 | 0.8968160499183866 | 0.8767123287671232 | 0.8787096603743676 |
+--------------------+--------------------+--------------------+--------------------+

Epoch loss:0.19046438845956848

+--------------------+--------------------+--------------------+--------------------+
|      Accuracy      |     Precision      |       Recall       |         F1         |
+--------------------+--------------------+--------------------+--------------------+
| 0.8904109589041096 | 0.8904109589041096 | 0.8904109589041096 | 0.8904109589041096 |
+--------------------+--------------------+--------------------+--------------------+

Epoch loss:0.1819390680780949

+--------------------+--------------------+--------------------+--------------------+
|      Accuracy      |     Precision      |       Recall       |         F1         |
+--------------------+--------------------+--------------------+--------------------+
| 0.9041095890410958 | 0.9152814901436686 | 0.9041095890410958 | 0.9054172704685504 |
+--------------------+--------------------+--------------------+--------------------+

Epoch loss:0.20760647542900532

+--------------------+--------------------+--------------------+--------------------+
|      Accuracy      |     Precision      |       Recall       |         F1         |
+--------------------+--------------------+--------------------+--------------------+
| 0.8767123287671232 | 0.8798866993871023 | 0.8767123287671232 | 0.8735996587591398 |
+--------------------+--------------------+--------------------+--------------------+

Epoch loss:0.17125535381303444

+-------------------+--------------------+-------------------+--------------------+
|      Accuracy     |     Precision      |       Recall      |         F1         |
+-------------------+--------------------+-------------------+--------------------+
| 0.863013698630137 | 0.8661914372826041 | 0.863013698630137 | 0.8639378125679495 |
+-------------------+--------------------+-------------------+--------------------+

Epoch loss:0.1676728391478694

+--------------------+--------------------+--------------------+--------------------+
|      Accuracy      |     Precision      |       Recall       |         F1         |
+--------------------+--------------------+--------------------+--------------------+
| 0.8904109589041096 | 0.8932666294499078 | 0.8904109589041096 | 0.8911502500543595 |
+--------------------+--------------------+--------------------+--------------------+

Epoch loss:0.18768519470649078

+--------------------+--------------------+--------------------+--------------------+
|      Accuracy      |     Precision      |       Recall       |         F1         |
+--------------------+--------------------+--------------------+--------------------+
| 0.9041095890410958 | 0.9036948187341659 | 0.9041095890410958 | 0.9037205023664807 |
+--------------------+--------------------+--------------------+--------------------+

Epoch loss:0.23524325717290914

+--------------------+-------------------+--------------------+--------------------+
|      Accuracy      |     Precision     |       Recall       |         F1         |
+--------------------+-------------------+--------------------+--------------------+
| 0.8767123287671232 | 0.888354076177748 | 0.8767123287671232 | 0.8783936334595646 |
+--------------------+-------------------+--------------------+--------------------+

Epoch loss:0.16690678076466192

+--------------------+--------------------+--------------------+--------------------+
|      Accuracy      |     Precision      |       Recall       |         F1         |
+--------------------+--------------------+--------------------+--------------------+
| 0.9178082191780822 | 0.9178995433789954 | 0.9178082191780822 | 0.9171019886554717 |
+--------------------+--------------------+--------------------+--------------------+

Epoch loss:0.15106203428759063

+--------------------+--------------------+--------------------+--------------------+
|      Accuracy      |     Precision      |       Recall       |         F1         |
+--------------------+--------------------+--------------------+--------------------+
| 0.7123287671232876 | 0.7598788198103267 | 0.7123287671232876 | 0.6588670862643466 |
+--------------------+--------------------+--------------------+--------------------+

Epoch loss:0.1686432832424101

+--------------------+--------------------+--------------------+--------------------+
|      Accuracy      |     Precision      |       Recall       |         F1         |
+--------------------+--------------------+--------------------+--------------------+
| 0.8904109589041096 | 0.8899771689497717 | 0.8904109589041096 | 0.8894693182072954 |
+--------------------+--------------------+--------------------+--------------------+

Epoch loss:0.17655100549470532

+--------------------+-------------------+--------------------+-------------------+
|      Accuracy      |     Precision     |       Recall       |         F1        |
+--------------------+-------------------+--------------------+-------------------+
| 0.9315068493150684 | 0.931327489182342 | 0.9315068493150684 | 0.931228930261772 |
+--------------------+-------------------+--------------------+-------------------+

Epoch loss:0.5619414358248783

+--------------------+--------------------+--------------------+--------------------+
|      Accuracy      |     Precision      |       Recall       |         F1         |
+--------------------+--------------------+--------------------+--------------------+
| 0.8767123287671232 | 0.8760621482859897 | 0.8767123287671232 | 0.8762120744711895 |
+--------------------+--------------------+--------------------+--------------------+

Epoch loss:0.2131180249963797

+--------------------+--------------------+--------------------+--------------------+
|      Accuracy      |     Precision      |       Recall       |         F1         |
+--------------------+--------------------+--------------------+--------------------+
| 0.9178082191780822 | 0.9178995433789954 | 0.9178082191780822 | 0.9171019886554717 |
+--------------------+--------------------+--------------------+--------------------+

Epoch loss:0.14928452620861699

+--------------------+--------------------+--------------------+-------------------+
|      Accuracy      |     Precision      |       Recall       |         F1        |
+--------------------+--------------------+--------------------+-------------------+
| 0.9041095890410958 | 0.9090542817376016 | 0.9041095890410958 | 0.901688623479331 |
+--------------------+--------------------+--------------------+-------------------+

Epoch loss:0.16917784272290365

+--------------------+--------------------+--------------------+--------------------+
|      Accuracy      |     Precision      |       Recall       |         F1         |
+--------------------+--------------------+--------------------+--------------------+
| 0.8493150684931506 | 0.8483365949119374 | 0.8493150684931506 | 0.8472623945035836 |
+--------------------+--------------------+--------------------+--------------------+

Epoch loss:0.19997456079235654

+-------------------+--------------------+-------------------+--------------------+
|      Accuracy     |     Precision      |       Recall      |         F1         |
+-------------------+--------------------+-------------------+--------------------+
| 0.863013698630137 | 0.8635378201310304 | 0.863013698630137 | 0.8603881278538813 |
+-------------------+--------------------+-------------------+--------------------+

Epoch loss:0.16320120135473237

+--------------------+--------------------+--------------------+--------------------+
|      Accuracy      |     Precision      |       Recall       |         F1         |
+--------------------+--------------------+--------------------+--------------------+
| 0.8767123287671232 | 0.8760621482859897 | 0.8767123287671232 | 0.8762120744711895 |
+--------------------+--------------------+--------------------+--------------------+

Epoch loss:0.1584616599060167

+--------------------+--------------------+--------------------+--------------------+
|      Accuracy      |     Precision      |       Recall       |         F1         |
+--------------------+--------------------+--------------------+--------------------+
| 0.8493150684931506 | 0.8483365949119374 | 0.8493150684931506 | 0.8472623945035836 |
+--------------------+--------------------+--------------------+--------------------+

Epoch loss:0.20813224246651502

+-------------------+--------------------+-------------------+--------------------+
|      Accuracy     |     Precision      |       Recall      |         F1         |
+-------------------+--------------------+-------------------+--------------------+
| 0.863013698630137 | 0.8620547945205479 | 0.863013698630137 | 0.8618366477591193 |
+-------------------+--------------------+-------------------+--------------------+

Epoch loss:0.18448169098701328

+--------------------+-------------------+--------------------+--------------------+
|      Accuracy      |     Precision     |       Recall       |         F1         |
+--------------------+-------------------+--------------------+--------------------+
| 0.8493150684931506 | 0.850719117036603 | 0.8493150684931506 | 0.8455106940389486 |
+--------------------+-------------------+--------------------+--------------------+

Epoch loss:0.19400094537618193

+--------------------+--------------------+--------------------+--------------------+
|      Accuracy      |     Precision      |       Recall       |         F1         |
+--------------------+--------------------+--------------------+--------------------+
| 0.8356164383561644 | 0.8381002559084749 | 0.8356164383561644 | 0.8303746155996645 |
+--------------------+--------------------+--------------------+--------------------+

Epoch loss:0.17047802283353097

+--------------------+--------------------+--------------------+--------------------+
|      Accuracy      |     Precision      |       Recall       |         F1         |
+--------------------+--------------------+--------------------+--------------------+
| 0.8904109589041096 | 0.8904109589041096 | 0.8904109589041096 | 0.8904109589041096 |
+--------------------+--------------------+--------------------+--------------------+

Epoch loss:0.14840394627252543

+-------------------+--------------------+-------------------+--------------------+
|      Accuracy     |     Precision      |       Recall      |         F1         |
+-------------------+--------------------+-------------------+--------------------+
| 0.863013698630137 | 0.8678307993376486 | 0.863013698630137 | 0.8586455129997205 |
+-------------------+--------------------+-------------------+--------------------+

Epoch loss:0.14534418442741986

+-------------------+-------------------+-------------------+--------------------+
|      Accuracy     |     Precision     |       Recall      |         F1         |
+-------------------+-------------------+-------------------+--------------------+
| 0.863013698630137 | 0.878829389788294 | 0.863013698630137 | 0.8650844217903791 |
+-------------------+-------------------+-------------------+--------------------+

Epoch loss:0.21659495891799452

+--------------------+--------------------+--------------------+--------------------+
|      Accuracy      |     Precision      |       Recall       |         F1         |
+--------------------+--------------------+--------------------+--------------------+
| 0.8904109589041096 | 0.9057907845579078 | 0.8904109589041096 | 0.8920675374323033 |
+--------------------+--------------------+--------------------+--------------------+

Epoch loss:0.16714297798839775

+-------------------+--------------------+-------------------+--------------------+
|      Accuracy     |     Precision      |       Recall      |         F1         |
+-------------------+--------------------+-------------------+--------------------+
| 0.863013698630137 | 0.8635378201310304 | 0.863013698630137 | 0.8603881278538813 |
+-------------------+--------------------+-------------------+--------------------+

Epoch loss:0.15805247462530797

+--------------------+--------------------+--------------------+--------------------+
|      Accuracy      |     Precision      |       Recall       |         F1         |
+--------------------+--------------------+--------------------+--------------------+
| 0.9041095890410958 | 0.9036948187341659 | 0.9041095890410958 | 0.9037205023664807 |
+--------------------+--------------------+--------------------+--------------------+

Epoch loss:0.1556907551697608

+-------------------+--------------------+-------------------+--------------------+
|      Accuracy     |     Precision      |       Recall      |         F1         |
+-------------------+--------------------+-------------------+--------------------+
| 0.863013698630137 | 0.8678307993376486 | 0.863013698630137 | 0.8586455129997205 |
+-------------------+--------------------+-------------------+--------------------+

Epoch loss:0.1718541905189537

+--------------------+--------------------+--------------------+--------------------+
|      Accuracy      |     Precision      |       Recall       |         F1         |
+--------------------+--------------------+--------------------+--------------------+
| 0.7945205479452054 | 0.8240571826594579 | 0.7945205479452054 | 0.7746646938093645 |
+--------------------+--------------------+--------------------+--------------------+

Epoch loss:0.13793915920128663

+--------------------+--------------------+--------------------+--------------------+
|      Accuracy      |     Precision      |       Recall       |         F1         |
+--------------------+--------------------+--------------------+--------------------+
| 0.9041095890410958 | 0.9036948187341659 | 0.9041095890410958 | 0.9037205023664807 |
+--------------------+--------------------+--------------------+--------------------+

Epoch loss:0.15216760665439447

+-------------------+--------------------+-------------------+--------------------+
|      Accuracy     |     Precision      |       Recall      |         F1         |
+-------------------+--------------------+-------------------+--------------------+
| 0.821917808219178 | 0.8427446848075375 | 0.821917808219178 | 0.8248028427629753 |
+-------------------+--------------------+-------------------+--------------------+

Epoch loss:0.23977353235996152

+--------------------+--------------------+--------------------+--------------------+
|      Accuracy      |     Precision      |       Recall       |         F1         |
+--------------------+--------------------+--------------------+--------------------+
| 0.8767123287671232 | 0.8863918325148616 | 0.8767123287671232 | 0.8718899870167722 |
+--------------------+--------------------+--------------------+--------------------+

Epoch loss:0.14861144705965007

+-------------------+--------------------+-------------------+--------------------+
|      Accuracy     |     Precision      |       Recall      |         F1         |
+-------------------+--------------------+-------------------+--------------------+
| 0.863013698630137 | 0.8661914372826041 | 0.863013698630137 | 0.8639378125679495 |
+-------------------+--------------------+-------------------+--------------------+

Epoch loss:0.3484807802911697

+--------------------+--------------------+--------------------+--------------------+
|      Accuracy      |     Precision      |       Recall       |         F1         |
+--------------------+--------------------+--------------------+--------------------+
| 0.9041095890410958 | 0.9036948187341659 | 0.9041095890410958 | 0.9037205023664807 |
+--------------------+--------------------+--------------------+--------------------+

Epoch loss:0.14110946048969855

+--------------------+--------------------+--------------------+--------------------+
|      Accuracy      |     Precision      |       Recall       |         F1         |
+--------------------+--------------------+--------------------+--------------------+
| 0.8904109589041096 | 0.8932666294499078 | 0.8904109589041096 | 0.8911502500543595 |
+--------------------+--------------------+--------------------+--------------------+

Epoch loss:0.11253633155688844

+--------------------+--------------------+--------------------+--------------------+
|      Accuracy      |     Precision      |       Recall       |         F1         |
+--------------------+--------------------+--------------------+--------------------+
| 0.8356164383561644 | 0.8348540798094103 | 0.8356164383561644 | 0.8324657534246575 |
+--------------------+--------------------+--------------------+--------------------+

Epoch loss:0.15615074324965905

+--------------------+--------------------+--------------------+--------------------+
|      Accuracy      |     Precision      |       Recall       |         F1         |
+--------------------+--------------------+--------------------+--------------------+
| 0.8904109589041096 | 0.8984070870946699 | 0.8904109589041096 | 0.8916992313307854 |
+--------------------+--------------------+--------------------+--------------------+

Epoch loss:0.12077224688333887

+-------------------+--------------------+-------------------+--------------------+
|      Accuracy     |     Precision      |       Recall      |         F1         |
+-------------------+--------------------+-------------------+--------------------+
| 0.863013698630137 | 0.8661914372826041 | 0.863013698630137 | 0.8639378125679495 |
+-------------------+--------------------+-------------------+--------------------+

Epoch loss:0.546250895600187

+--------------------+--------------------+--------------------+--------------------+
|      Accuracy      |     Precision      |       Recall       |         F1         |
+--------------------+--------------------+--------------------+--------------------+
| 0.8767123287671232 | 0.8766074923119933 | 0.8767123287671232 | 0.8750328682302049 |
+--------------------+--------------------+--------------------+--------------------+

Epoch loss:0.1534103378126511

+--------------------+--------------------+--------------------+--------------------+
|      Accuracy      |     Precision      |       Recall       |         F1         |
+--------------------+--------------------+--------------------+--------------------+
| 0.9041095890410958 | 0.9051532941943901 | 0.9041095890410958 | 0.9044544496599292 |
+--------------------+--------------------+--------------------+--------------------+

Epoch loss:0.2317036181543576

+-------------------+--------------------+-------------------+--------------------+
|      Accuracy     |     Precision      |       Recall      |         F1         |
+-------------------+--------------------+-------------------+--------------------+
| 0.863013698630137 | 0.8620547945205479 | 0.863013698630137 | 0.8618366477591193 |
+-------------------+--------------------+-------------------+--------------------+

Epoch loss:0.19792969012161013

+--------------------+--------------------+--------------------+--------------------+
|      Accuracy      |     Precision      |       Recall       |         F1         |
+--------------------+--------------------+--------------------+--------------------+
| 0.9178082191780822 | 0.9178082191780822 | 0.9178082191780822 | 0.9178082191780822 |
+--------------------+--------------------+--------------------+--------------------+

Epoch loss:0.223520575704783

+--------------------+------------------+--------------------+--------------------+
|      Accuracy      |    Precision     |       Recall       |         F1         |
+--------------------+------------------+--------------------+--------------------+
| 0.8767123287671232 | 0.87794085670798 | 0.8767123287671232 | 0.8771557209913375 |
+--------------------+------------------+--------------------+--------------------+

Epoch loss:0.14539897375790453

+--------------------+--------------------+--------------------+--------------------+
|      Accuracy      |     Precision      |       Recall       |         F1         |
+--------------------+--------------------+--------------------+--------------------+
| 0.8904109589041096 | 0.8904109589041096 | 0.8904109589041096 | 0.8904109589041096 |
+--------------------+--------------------+--------------------+--------------------+

Epoch loss:0.16821535826484496

+--------------------+--------------------+--------------------+--------------------+
|      Accuracy      |     Precision      |       Recall       |         F1         |
+--------------------+--------------------+--------------------+--------------------+
| 0.8904109589041096 | 0.8904109589041096 | 0.8904109589041096 | 0.8904109589041096 |
+--------------------+--------------------+--------------------+--------------------+

Epoch loss:0.1453026590642293

+--------------------+--------------------+--------------------+--------------------+
|      Accuracy      |     Precision      |       Recall       |         F1         |
+--------------------+--------------------+--------------------+--------------------+
| 0.9041095890410958 | 0.9036948187341659 | 0.9041095890410958 | 0.9037205023664807 |
+--------------------+--------------------+--------------------+--------------------+

Epoch loss:0.18238904652645108

+--------------------+--------------------+--------------------+--------------------+
|      Accuracy      |     Precision      |       Recall       |         F1         |
+--------------------+--------------------+--------------------+--------------------+
| 0.9041095890410958 | 0.9036948187341659 | 0.9041095890410958 | 0.9037205023664807 |
+--------------------+--------------------+--------------------+--------------------+

Epoch loss:0.1540319584380848

+--------------------+--------------------+--------------------+--------------------+
|      Accuracy      |     Precision      |       Recall       |         F1         |
+--------------------+--------------------+--------------------+--------------------+
| 0.9041095890410958 | 0.9036948187341659 | 0.9041095890410958 | 0.9037205023664807 |
+--------------------+--------------------+--------------------+--------------------+

Epoch loss:0.17679838103720466

+-------------------+--------------------+-------------------+--------------------+
|      Accuracy     |     Precision      |       Recall      |         F1         |
+-------------------+--------------------+-------------------+--------------------+
| 0.863013698630137 | 0.8635378201310304 | 0.863013698630137 | 0.8603881278538813 |
+-------------------+--------------------+-------------------+--------------------+

Epoch loss:0.2769603854001023

+-------------------+--------------------+-------------------+--------------------+
|      Accuracy     |     Precision      |       Recall      |         F1         |
+-------------------+--------------------+-------------------+--------------------+
| 0.821917808219178 | 0.8442231434751262 | 0.821917808219178 | 0.8086490967069471 |
+-------------------+--------------------+-------------------+--------------------+

Epoch loss:0.5456291432092134

+--------------------+--------------------+--------------------+--------------------+
|      Accuracy      |     Precision      |       Recall       |         F1         |
+--------------------+--------------------+--------------------+--------------------+
| 0.8904109589041096 | 0.8904109589041096 | 0.8904109589041096 | 0.8904109589041096 |
+--------------------+--------------------+--------------------+--------------------+

Epoch loss:0.13702692885267057

+--------------------+--------------------+--------------------+--------------------+
|      Accuracy      |     Precision      |       Recall       |         F1         |
+--------------------+--------------------+--------------------+--------------------+
| 0.9041095890410958 | 0.9051532941943901 | 0.9041095890410958 | 0.9044544496599292 |
+--------------------+--------------------+--------------------+--------------------+

Epoch loss:0.14930922353350734

+-------------------+-------------------+-------------------+--------------------+
|      Accuracy     |     Precision     |       Recall      |         F1         |
+-------------------+-------------------+-------------------+--------------------+
| 0.821917808219178 | 0.825626776944947 | 0.821917808219178 | 0.8149522034686709 |
+-------------------+-------------------+-------------------+--------------------+

Epoch loss:0.15498081469323133

+--------------------+--------------------+--------------------+--------------------+
|      Accuracy      |     Precision      |       Recall       |         F1         |
+--------------------+--------------------+--------------------+--------------------+
| 0.8904109589041096 | 0.8975613427668221 | 0.8904109589041096 | 0.8869164103997763 |
+--------------------+--------------------+--------------------+--------------------+

Epoch loss:0.1637118099344348

+-------------------+--------------------+-------------------+--------------------+
|      Accuracy     |     Precision      |       Recall      |         F1         |
+-------------------+--------------------+-------------------+--------------------+
| 0.863013698630137 | 0.8620547945205479 | 0.863013698630137 | 0.8618366477591193 |
+-------------------+--------------------+-------------------+--------------------+

Epoch loss:0.09064055590637066

+--------------------+--------------------+--------------------+--------------------+
|      Accuracy      |     Precision      |       Recall       |         F1         |
+--------------------+--------------------+--------------------+--------------------+
| 0.8904109589041096 | 0.8984070870946699 | 0.8904109589041096 | 0.8916992313307854 |
+--------------------+--------------------+--------------------+--------------------+

Epoch loss:0.17344455053844776

+--------------------+--------------------+--------------------+--------------------+
|      Accuracy      |     Precision      |       Recall       |         F1         |
+--------------------+--------------------+--------------------+--------------------+
| 0.9041095890410958 | 0.9036948187341659 | 0.9041095890410958 | 0.9037205023664807 |
+--------------------+--------------------+--------------------+--------------------+

Epoch loss:0.14960912918369915

+-------------------+--------------------+-------------------+--------------------+
|      Accuracy     |     Precision      |       Recall      |         F1         |
+-------------------+--------------------+-------------------+--------------------+
| 0.863013698630137 | 0.8635378201310304 | 0.863013698630137 | 0.8603881278538813 |
+-------------------+--------------------+-------------------+--------------------+

Epoch loss:0.1477146559281627

+--------------------+--------------------+--------------------+--------------------+
|      Accuracy      |     Precision      |       Recall       |         F1         |
+--------------------+--------------------+--------------------+--------------------+
| 0.8493150684931506 | 0.8483365949119374 | 0.8493150684931506 | 0.8472623945035836 |
+--------------------+--------------------+--------------------+--------------------+

Epoch loss:0.29230314884325953

+--------------------+------------------+--------------------+--------------------+
|      Accuracy      |    Precision     |       Recall       |         F1         |
+--------------------+------------------+--------------------+--------------------+
| 0.8767123287671232 | 0.87794085670798 | 0.8767123287671232 | 0.8771557209913375 |
+--------------------+------------------+--------------------+--------------------+

Epoch loss:0.13400413897407643

+--------------------+--------------------+--------------------+------------------+
|      Accuracy      |     Precision      |       Recall       |        F1        |
+--------------------+--------------------+--------------------+------------------+
| 0.8082191780821918 | 0.8132393388341477 | 0.8082191780821918 | 0.79921381774866 |
+--------------------+--------------------+--------------------+------------------+

Epoch loss:0.2972276602192102

+--------------------+--------------------+--------------------+--------------------+
|      Accuracy      |     Precision      |       Recall       |         F1         |
+--------------------+--------------------+--------------------+--------------------+
| 0.8356164383561644 | 0.8341324200913242 | 0.8356164383561644 | 0.8342039773109432 |
+--------------------+--------------------+--------------------+--------------------+

Epoch loss:0.1009490132784924

+--------------------+--------------------+--------------------+--------------------+
|      Accuracy      |     Precision      |       Recall       |         F1         |
+--------------------+--------------------+--------------------+--------------------+
| 0.8904109589041096 | 0.8984070870946699 | 0.8904109589041096 | 0.8916992313307854 |
+--------------------+--------------------+--------------------+--------------------+

Epoch loss:0.20005798266848196

+--------------------+--------------------+--------------------+--------------------+
|      Accuracy      |     Precision      |       Recall       |         F1         |
+--------------------+--------------------+--------------------+--------------------+
| 0.8767123287671232 | 0.8760621482859897 | 0.8767123287671232 | 0.8762120744711895 |
+--------------------+--------------------+--------------------+--------------------+

Epoch loss:0.2836382387133592

+--------------------+--------------------+--------------------+--------------------+
|      Accuracy      |     Precision      |       Recall       |         F1         |
+--------------------+--------------------+--------------------+--------------------+
| 0.8904109589041096 | 0.8904109589041096 | 0.8904109589041096 | 0.8904109589041096 |
+--------------------+--------------------+--------------------+--------------------+

Epoch loss:0.12929977377093196

+--------------------+--------------------+--------------------+--------------------+
|      Accuracy      |     Precision      |       Recall       |         F1         |
+--------------------+--------------------+--------------------+--------------------+
| 0.9178082191780822 | 0.9327521793275219 | 0.9178082191780822 | 0.9190506530742275 |
+--------------------+--------------------+--------------------+--------------------+

Epoch loss:0.12862146691878554

+--------------------+--------------------+--------------------+--------------------+
|      Accuracy      |     Precision      |       Recall       |         F1         |
+--------------------+--------------------+--------------------+--------------------+
| 0.8904109589041096 | 0.8904109589041096 | 0.8904109589041096 | 0.8904109589041096 |
+--------------------+--------------------+--------------------+--------------------+

Epoch loss:0.1487899712299475

+--------------------+--------------------+--------------------+--------------------+
|      Accuracy      |     Precision      |       Recall       |         F1         |
+--------------------+--------------------+--------------------+--------------------+
| 0.8904109589041096 | 0.8904109589041096 | 0.8904109589041096 | 0.8904109589041096 |
+--------------------+--------------------+--------------------+--------------------+

Epoch loss:0.2911131750985766

+--------------------+--------------------+--------------------+--------------------+
|      Accuracy      |     Precision      |       Recall       |         F1         |
+--------------------+--------------------+--------------------+--------------------+
| 0.9178082191780822 | 0.9178082191780822 | 0.9178082191780822 | 0.9178082191780822 |
+--------------------+--------------------+--------------------+--------------------+

Epoch loss:0.632965581570814

+--------------------+--------------------+--------------------+--------------------+
|      Accuracy      |     Precision      |       Recall       |         F1         |
+--------------------+--------------------+--------------------+--------------------+
| 0.9041095890410958 | 0.9036948187341659 | 0.9041095890410958 | 0.9037205023664807 |
+--------------------+--------------------+--------------------+--------------------+

Epoch loss:0.1736955785977566

+--------------------+--------------------+--------------------+--------------------+
|      Accuracy      |     Precision      |       Recall       |         F1         |
+--------------------+--------------------+--------------------+--------------------+
| 0.9315068493150684 | 0.9323657316808002 | 0.9315068493150684 | 0.9317531783285209 |
+--------------------+--------------------+--------------------+--------------------+

Epoch loss:0.1727543926396253

+--------------------+--------------------+--------------------+--------------------+
|      Accuracy      |     Precision      |       Recall       |         F1         |
+--------------------+--------------------+--------------------+--------------------+
| 0.8767123287671232 | 0.8760621482859897 | 0.8767123287671232 | 0.8762120744711895 |
+--------------------+--------------------+--------------------+--------------------+

Epoch loss:0.17271148232508937

+--------------------+-------------------+--------------------+--------------------+
|      Accuracy      |     Precision     |       Recall       |         F1         |
+--------------------+-------------------+--------------------+--------------------+
| 0.8767123287671232 | 0.888354076177748 | 0.8767123287671232 | 0.8783936334595646 |
+--------------------+-------------------+--------------------+--------------------+

Epoch loss:0.156938442243798

+--------------------+--------------------+--------------------+--------------------+
|      Accuracy      |     Precision      |       Recall       |         F1         |
+--------------------+--------------------+--------------------+--------------------+
| 0.8767123287671232 | 0.8760621482859897 | 0.8767123287671232 | 0.8762120744711895 |
+--------------------+--------------------+--------------------+--------------------+

Epoch loss:0.14637096409009048

+--------------------+--------------------+--------------------+--------------------+
|      Accuracy      |     Precision      |       Recall       |         F1         |
+--------------------+--------------------+--------------------+--------------------+
| 0.9315068493150684 | 0.9323657316808002 | 0.9315068493150684 | 0.9317531783285209 |
+--------------------+--------------------+--------------------+--------------------+

Epoch loss:0.22013399995174385

+--------------------+--------------------+--------------------+--------------------+
|      Accuracy      |     Precision      |       Recall       |         F1         |
+--------------------+--------------------+--------------------+--------------------+
| 0.9178082191780822 | 0.9327521793275219 | 0.9178082191780822 | 0.9190506530742275 |
+--------------------+--------------------+--------------------+--------------------+

Epoch loss:0.0972093026469805

+-------------------+--------------------+-------------------+--------------------+
|      Accuracy     |     Precision      |       Recall      |         F1         |
+-------------------+--------------------+-------------------+--------------------+
| 0.863013698630137 | 0.8661914372826041 | 0.863013698630137 | 0.8639378125679495 |
+-------------------+--------------------+-------------------+--------------------+

Epoch loss:0.19656063003084628

+-------------------+--------------------+-------------------+--------------------+
|      Accuracy     |     Precision      |       Recall      |         F1         |
+-------------------+--------------------+-------------------+--------------------+
| 0.863013698630137 | 0.8883098156349779 | 0.863013698630137 | 0.8653283673168782 |
+-------------------+--------------------+-------------------+--------------------+

Epoch loss:0.16298024692239138

+--------------------+--------------------+--------------------+--------------------+
|      Accuracy      |     Precision      |       Recall       |         F1         |
+--------------------+--------------------+--------------------+--------------------+
| 0.8904109589041096 | 0.8975613427668221 | 0.8904109589041096 | 0.8869164103997763 |
+--------------------+--------------------+--------------------+--------------------+

Epoch loss:0.14607433593876004

+--------------------+--------------------+--------------------+-------------------+
|      Accuracy      |     Precision      |       Recall       |         F1        |
+--------------------+--------------------+--------------------+-------------------+
| 0.9041095890410958 | 0.9048783897120493 | 0.9041095890410958 | 0.902803341956826 |
+--------------------+--------------------+--------------------+-------------------+

Epoch loss:0.13760112507293956

+--------------------+--------------------+--------------------+--------------------+
|      Accuracy      |     Precision      |       Recall       |         F1         |
+--------------------+--------------------+--------------------+--------------------+
| 0.7945205479452054 | 0.8450482820570401 | 0.7945205479452054 | 0.7694080340348424 |
+--------------------+--------------------+--------------------+--------------------+

Epoch loss:0.17688464258114706

+-------------------+--------------------+-------------------+--------------------+
|      Accuracy     |     Precision      |       Recall      |         F1         |
+-------------------+--------------------+-------------------+--------------------+
| 0.863013698630137 | 0.8635378201310304 | 0.863013698630137 | 0.8603881278538813 |
+-------------------+--------------------+-------------------+--------------------+

Epoch loss:0.0886630851742371

+--------------------+--------------------+--------------------+--------------------+
|      Accuracy      |     Precision      |       Recall       |         F1         |
+--------------------+--------------------+--------------------+--------------------+
| 0.9041095890410958 | 0.9036948187341659 | 0.9041095890410958 | 0.9037205023664807 |
+--------------------+--------------------+--------------------+--------------------+

Epoch loss:0.4597121226695988

+--------------------+--------------------+--------------------+--------------------+
|      Accuracy      |     Precision      |       Recall       |         F1         |
+--------------------+--------------------+--------------------+--------------------+
| 0.8904109589041096 | 0.8984070870946699 | 0.8904109589041096 | 0.8916992313307854 |
+--------------------+--------------------+--------------------+--------------------+

Epoch loss:0.12285015951980509

+--------------------+--------------------+--------------------+--------------------+
|      Accuracy      |     Precision      |       Recall       |         F1         |
+--------------------+--------------------+--------------------+--------------------+
| 0.8356164383561644 | 0.8518679950186799 | 0.8356164383561644 | 0.8381013061484549 |
+--------------------+--------------------+--------------------+--------------------+

Epoch loss:0.14923413717848677

+--------------------+--------------------+--------------------+-------------------+
|      Accuracy      |     Precision      |       Recall       |         F1        |
+--------------------+--------------------+--------------------+-------------------+
| 0.9178082191780822 | 0.9253414136312944 | 0.9178082191780822 | 0.918774423498089 |
+--------------------+--------------------+--------------------+-------------------+

Epoch loss:0.3106548129382055

+-------------------+-------------------+-------------------+--------------------+
|      Accuracy     |     Precision     |       Recall      |         F1         |
+-------------------+-------------------+-------------------+--------------------+
| 0.821917808219178 | 0.825626776944947 | 0.821917808219178 | 0.8149522034686709 |
+-------------------+-------------------+-------------------+--------------------+

Epoch loss:0.34629811895570745

+--------------------+--------------------+--------------------+--------------------+
|      Accuracy      |     Precision      |       Recall       |         F1         |
+--------------------+--------------------+--------------------+--------------------+
| 0.8767123287671232 | 0.8798866993871023 | 0.8767123287671232 | 0.8735996587591398 |
+--------------------+--------------------+--------------------+--------------------+

Epoch loss:0.46173241309598606

+--------------------+--------------------+--------------------+--------------------+
|      Accuracy      |     Precision      |       Recall       |         F1         |
+--------------------+--------------------+--------------------+--------------------+
| 0.8904109589041096 | 0.8975613427668221 | 0.8904109589041096 | 0.8869164103997763 |
+--------------------+--------------------+--------------------+--------------------+

Epoch loss:0.1591341409623203

+--------------------+--------------------+--------------------+--------------------+
|      Accuracy      |     Precision      |       Recall       |         F1         |
+--------------------+--------------------+--------------------+--------------------+
| 0.9178082191780822 | 0.9203418216172113 | 0.9178082191780822 | 0.9183626875407699 |
+--------------------+--------------------+--------------------+--------------------+

Epoch loss:0.14774577257324112

+--------------------+--------------------+--------------------+-------------------+
|      Accuracy      |     Precision      |       Recall       |         F1        |
+--------------------+--------------------+--------------------+-------------------+
| 0.8767123287671232 | 0.8820643517043645 | 0.8767123287671232 | 0.877878859068558 |
+--------------------+--------------------+--------------------+-------------------+

Epoch loss:0.1468496799572824

+--------------------+--------------------+--------------------+--------------------+
|      Accuracy      |     Precision      |       Recall       |         F1         |
+--------------------+--------------------+--------------------+--------------------+
| 0.9041095890410958 | 0.9036948187341659 | 0.9041095890410958 | 0.9037205023664807 |
+--------------------+--------------------+--------------------+--------------------+

Epoch loss:0.14825309234285786

+--------------------+------------------+--------------------+--------------------+
|      Accuracy      |    Precision     |       Recall       |         F1         |
+--------------------+------------------+--------------------+--------------------+
| 0.8767123287671232 | 0.87794085670798 | 0.8767123287671232 | 0.8771557209913375 |
+--------------------+------------------+--------------------+--------------------+

Epoch loss:0.19667834769053436

+-------------------+-------------------+-------------------+--------------------+
|      Accuracy     |     Precision     |       Recall      |         F1         |
+-------------------+-------------------+-------------------+--------------------+
| 0.958904109589041 | 0.963013698630137 | 0.958904109589041 | 0.9592929530228527 |
+-------------------+-------------------+-------------------+--------------------+

Epoch loss:0.3300930314636217

+--------------------+--------------------+--------------------+-------------------+
|      Accuracy      |     Precision      |       Recall       |         F1        |
+--------------------+--------------------+--------------------+-------------------+
| 0.9178082191780822 | 0.9253414136312944 | 0.9178082191780822 | 0.918774423498089 |
+--------------------+--------------------+--------------------+-------------------+

Epoch loss:0.1707301323492445

+--------------------+-------------------+--------------------+-------------------+
|      Accuracy      |     Precision     |       Recall       |         F1        |
+--------------------+-------------------+--------------------+-------------------+
| 0.9315068493150684 | 0.931327489182342 | 0.9315068493150684 | 0.931228930261772 |
+--------------------+-------------------+--------------------+-------------------+

Epoch loss:0.11729073728575541

+--------------------+--------------------+--------------------+--------------------+
|      Accuracy      |     Precision      |       Recall       |         F1         |
+--------------------+--------------------+--------------------+--------------------+
| 0.7945205479452054 | 0.7923839523356042 | 0.7945205479452054 | 0.7893327645985664 |
+--------------------+--------------------+--------------------+--------------------+

Epoch loss:1.690279403207446

+--------------------+--------------------+--------------------+--------------------+
|      Accuracy      |     Precision      |       Recall       |         F1         |
+--------------------+--------------------+--------------------+--------------------+
| 0.9041095890410958 | 0.9051532941943901 | 0.9041095890410958 | 0.9044544496599292 |
+--------------------+--------------------+--------------------+--------------------+

Epoch loss:0.128626944466354

+--------------------+--------------------+--------------------+--------------------+
|      Accuracy      |     Precision      |       Recall       |         F1         |
+--------------------+--------------------+--------------------+--------------------+
| 0.8493150684931506 | 0.8614266622118276 | 0.8493150684931506 | 0.8513699964505791 |
+--------------------+--------------------+--------------------+--------------------+

Epoch loss:0.16241785841388312

+--------------------+--------------------+--------------------+--------------------+
|      Accuracy      |     Precision      |       Recall       |         F1         |
+--------------------+--------------------+--------------------+--------------------+
| 0.8904109589041096 | 0.8904109589041096 | 0.8904109589041096 | 0.8904109589041096 |
+--------------------+--------------------+--------------------+--------------------+

Epoch loss:0.11010889909674595

+--------------------+--------------------+--------------------+--------------------+
|      Accuracy      |     Precision      |       Recall       |         F1         |
+--------------------+--------------------+--------------------+--------------------+
| 0.9041095890410958 | 0.9051532941943901 | 0.9041095890410958 | 0.9044544496599292 |
+--------------------+--------------------+--------------------+--------------------+

Epoch loss:0.20065441545041204

+-------------------+-------------------+-------------------+--------------------+
|      Accuracy     |     Precision     |       Recall      |         F1         |
+-------------------+-------------------+-------------------+--------------------+
| 0.821917808219178 | 0.825626776944947 | 0.821917808219178 | 0.8149522034686709 |
+-------------------+-------------------+-------------------+--------------------+

Epoch loss:0.12606625741073987

+--------------------+--------------------+--------------------+--------------------+
|      Accuracy      |     Precision      |       Recall       |         F1         |
+--------------------+--------------------+--------------------+--------------------+
| 0.9178082191780822 | 0.9203418216172113 | 0.9178082191780822 | 0.9183626875407699 |
+--------------------+--------------------+--------------------+--------------------+

Epoch loss:0.12368429638061915

+--------------------+-------------------+--------------------+-------------------+
|      Accuracy      |     Precision     |       Recall       |         F1        |
+--------------------+-------------------+--------------------+-------------------+
| 0.9315068493150684 | 0.931327489182342 | 0.9315068493150684 | 0.931228930261772 |
+--------------------+-------------------+--------------------+-------------------+

Epoch loss:0.46121883981504636

+--------------------+--------------------+--------------------+--------------------+
|      Accuracy      |     Precision      |       Recall       |         F1         |
+--------------------+--------------------+--------------------+--------------------+
| 0.9041095890410958 | 0.9051532941943901 | 0.9041095890410958 | 0.9044544496599292 |
+--------------------+--------------------+--------------------+--------------------+

Epoch loss:0.21053608174210042

+--------------------+--------------------+--------------------+--------------------+
|      Accuracy      |     Precision      |       Recall       |         F1         |
+--------------------+--------------------+--------------------+--------------------+
| 0.9178082191780822 | 0.9203418216172113 | 0.9178082191780822 | 0.9183626875407699 |
+--------------------+--------------------+--------------------+--------------------+

Epoch loss:0.32658973181515355

+--------------------+--------------------+--------------------+-------------------+
|      Accuracy      |     Precision      |       Recall       |         F1        |
+--------------------+--------------------+--------------------+-------------------+
| 0.9178082191780822 | 0.9253414136312944 | 0.9178082191780822 | 0.918774423498089 |
+--------------------+--------------------+--------------------+-------------------+

Epoch loss:0.14878749430360855

+--------------------+--------------------+--------------------+--------------------+
|      Accuracy      |     Precision      |       Recall       |         F1         |
+--------------------+--------------------+--------------------+--------------------+
| 0.9315068493150684 | 0.9323657316808002 | 0.9315068493150684 | 0.9317531783285209 |
+--------------------+--------------------+--------------------+--------------------+

Epoch loss:0.11176877694388905

+--------------------+--------------------+--------------------+--------------------+
|      Accuracy      |     Precision      |       Recall       |         F1         |
+--------------------+--------------------+--------------------+--------------------+
| 0.9178082191780822 | 0.9178082191780822 | 0.9178082191780822 | 0.9178082191780822 |
+--------------------+--------------------+--------------------+--------------------+

Epoch loss:0.16803769749657402

+--------------------+--------------------+--------------------+-------------------+
|      Accuracy      |     Precision      |       Recall       |         F1        |
+--------------------+--------------------+--------------------+-------------------+
| 0.8904109589041096 | 0.8922215604526503 | 0.8904109589041096 | 0.888310502283105 |
+--------------------+--------------------+--------------------+-------------------+

Epoch loss:0.14204763374574533

+--------------------+--------------------+--------------------+--------------------+
|      Accuracy      |     Precision      |       Recall       |         F1         |
+--------------------+--------------------+--------------------+--------------------+
| 0.8904109589041096 | 0.8932666294499078 | 0.8904109589041096 | 0.8911502500543595 |
+--------------------+--------------------+--------------------+--------------------+

Epoch loss:0.1203338516836477

+--------------------+--------------------+--------------------+--------------------+
|      Accuracy      |     Precision      |       Recall       |         F1         |
+--------------------+--------------------+--------------------+--------------------+
| 0.8767123287671232 | 0.8766074923119933 | 0.8767123287671232 | 0.8750328682302049 |
+--------------------+--------------------+--------------------+--------------------+

Epoch loss:0.17262060429218123

+-------------------+--------------------+-------------------+--------------------+
|      Accuracy     |     Precision      |       Recall      |         F1         |
+-------------------+--------------------+-------------------+--------------------+
| 0.863013698630137 | 0.8678307993376486 | 0.863013698630137 | 0.8586455129997205 |
+-------------------+--------------------+-------------------+--------------------+

Epoch loss:0.16752653483597504

+--------------------+--------------------+--------------------+--------------------+
|      Accuracy      |     Precision      |       Recall       |         F1         |
+--------------------+--------------------+--------------------+--------------------+
| 0.9041095890410958 | 0.9090474673462887 | 0.9041095890410958 | 0.9050168903866561 |
+--------------------+--------------------+--------------------+--------------------+

Epoch loss:1.2879336123992973

+--------------------+--------------------+--------------------+--------------------+
|      Accuracy      |     Precision      |       Recall       |         F1         |
+--------------------+--------------------+--------------------+--------------------+
| 0.8904109589041096 | 0.8899771689497717 | 0.8904109589041096 | 0.8894693182072954 |
+--------------------+--------------------+--------------------+--------------------+

Epoch loss:0.16748955671052523

+--------------------+--------------------+--------------------+--------------------+
|      Accuracy      |     Precision      |       Recall       |         F1         |
+--------------------+--------------------+--------------------+--------------------+
| 0.9178082191780822 | 0.9209053007742705 | 0.9178082191780822 | 0.9162328767123289 |
+--------------------+--------------------+--------------------+--------------------+

Epoch loss:0.1808523501358404

+--------------------+--------------------+--------------------+--------------------+
|      Accuracy      |     Precision      |       Recall       |         F1         |
+--------------------+--------------------+--------------------+--------------------+
| 0.8904109589041096 | 0.8932666294499078 | 0.8904109589041096 | 0.8911502500543595 |
+--------------------+--------------------+--------------------+--------------------+

Epoch loss:0.8647591370642237

+--------------------+--------------------+--------------------+--------------------+
|      Accuracy      |     Precision      |       Recall       |         F1         |
+--------------------+--------------------+--------------------+--------------------+
| 0.8767123287671232 | 0.8863918325148616 | 0.8767123287671232 | 0.8718899870167722 |
+--------------------+--------------------+--------------------+--------------------+

Epoch loss:0.14597182682317342

+--------------------+--------------------+--------------------+--------------------+
|      Accuracy      |     Precision      |       Recall       |         F1         |
+--------------------+--------------------+--------------------+--------------------+
| 0.9178082191780822 | 0.9178082191780822 | 0.9178082191780822 | 0.9178082191780822 |
+--------------------+--------------------+--------------------+--------------------+

Epoch loss:0.09831781280836122

+--------------------+--------------------+--------------------+--------------------+
|      Accuracy      |     Precision      |       Recall       |         F1         |
+--------------------+--------------------+--------------------+--------------------+
| 0.8356164383561644 | 0.8443750166893642 | 0.8356164383561644 | 0.8278975580702799 |
+--------------------+--------------------+--------------------+--------------------+

Epoch loss:0.5497997291145541

+-------------------+--------------------+-------------------+--------------------+
|      Accuracy     |     Precision      |       Recall      |         F1         |
+-------------------+--------------------+-------------------+--------------------+
| 0.863013698630137 | 0.8678307993376486 | 0.863013698630137 | 0.8586455129997205 |
+-------------------+--------------------+-------------------+--------------------+

Epoch loss:0.19049612731996113

+--------------------+--------------------+--------------------+-------------------+
|      Accuracy      |     Precision      |       Recall       |         F1        |
+--------------------+--------------------+--------------------+-------------------+
| 0.9178082191780822 | 0.9253414136312944 | 0.9178082191780822 | 0.918774423498089 |
+--------------------+--------------------+--------------------+-------------------+

Epoch loss:0.16400322369402084

+--------------------+--------------------+--------------------+--------------------+
|      Accuracy      |     Precision      |       Recall       |         F1         |
+--------------------+--------------------+--------------------+--------------------+
| 0.9452054794520548 | 0.9452054794520548 | 0.9452054794520548 | 0.9452054794520548 |
+--------------------+--------------------+--------------------+--------------------+

Epoch loss:0.1443007930859961

+--------------------+--------------------+--------------------+--------------------+
|      Accuracy      |     Precision      |       Recall       |         F1         |
+--------------------+--------------------+--------------------+--------------------+
| 0.8904109589041096 | 0.8904109589041096 | 0.8904109589041096 | 0.8904109589041096 |
+--------------------+--------------------+--------------------+--------------------+

Epoch loss:0.11259429333620426

+--------------------+--------------------+--------------------+--------------------+
|      Accuracy      |     Precision      |       Recall       |         F1         |
+--------------------+--------------------+--------------------+--------------------+
| 0.8767123287671232 | 0.8766074923119933 | 0.8767123287671232 | 0.8750328682302049 |
+--------------------+--------------------+--------------------+--------------------+

Epoch loss:0.1977433072744515

+--------------------+--------------------+--------------------+--------------------+
|      Accuracy      |     Precision      |       Recall       |         F1         |
+--------------------+--------------------+--------------------+--------------------+
| 0.8767123287671232 | 0.8760621482859897 | 0.8767123287671232 | 0.8762120744711895 |
+--------------------+--------------------+--------------------+--------------------+

Epoch loss:0.40892921822952255

+--------------------+--------------------+--------------------+--------------------+
|      Accuracy      |     Precision      |       Recall       |         F1         |
+--------------------+--------------------+--------------------+--------------------+
| 0.9178082191780822 | 0.9178082191780822 | 0.9178082191780822 | 0.9178082191780822 |
+--------------------+--------------------+--------------------+--------------------+

Epoch loss:0.13782525775250914

+--------------------+-------------------+--------------------+-------------------+
|      Accuracy      |     Precision     |       Recall       |         F1        |
+--------------------+-------------------+--------------------+-------------------+
| 0.9315068493150684 | 0.931327489182342 | 0.9315068493150684 | 0.931228930261772 |
+--------------------+-------------------+--------------------+-------------------+

Epoch loss:0.1813720209450096

+--------------------+--------------------+--------------------+--------------------+
|      Accuracy      |     Precision      |       Recall       |         F1         |
+--------------------+--------------------+--------------------+--------------------+
| 0.8904109589041096 | 0.8904109589041096 | 0.8904109589041096 | 0.8904109589041096 |
+--------------------+--------------------+--------------------+--------------------+

Epoch loss:0.21832076400932163

+--------------------+--------------------+--------------------+--------------------+
|      Accuracy      |     Precision      |       Recall       |         F1         |
+--------------------+--------------------+--------------------+--------------------+
| 0.9315068493150684 | 0.9323657316808002 | 0.9315068493150684 | 0.9317531783285209 |
+--------------------+--------------------+--------------------+--------------------+

Epoch loss:0.19195831236209268

+--------------------+--------------------+--------------------+--------------------+
|      Accuracy      |     Precision      |       Recall       |         F1         |
+--------------------+--------------------+--------------------+--------------------+
| 0.8767123287671232 | 0.8760621482859897 | 0.8767123287671232 | 0.8762120744711895 |
+--------------------+--------------------+--------------------+--------------------+

Epoch loss:0.10939693464142447

+--------------------+--------------------+--------------------+--------------------+
|      Accuracy      |     Precision      |       Recall       |         F1         |
+--------------------+--------------------+--------------------+--------------------+
| 0.9178082191780822 | 0.9203418216172113 | 0.9178082191780822 | 0.9183626875407699 |
+--------------------+--------------------+--------------------+--------------------+

Epoch loss:0.12412728754874036

+--------------------+--------------------+--------------------+--------------------+
|      Accuracy      |     Precision      |       Recall       |         F1         |
+--------------------+--------------------+--------------------+--------------------+
| 0.9178082191780822 | 0.9178082191780822 | 0.9178082191780822 | 0.9178082191780822 |
+--------------------+--------------------+--------------------+--------------------+

Epoch loss:0.19122649227830227

+--------------------+--------------------+--------------------+--------------------+
|      Accuracy      |     Precision      |       Recall       |         F1         |
+--------------------+--------------------+--------------------+--------------------+
| 0.8356164383561644 | 0.8381002559084749 | 0.8356164383561644 | 0.8303746155996645 |
+--------------------+--------------------+--------------------+--------------------+

Epoch loss:0.2390503593057898

+--------------------+--------------------+--------------------+-------------------+
|      Accuracy      |     Precision      |       Recall       |         F1        |
+--------------------+--------------------+--------------------+-------------------+
| 0.9178082191780822 | 0.9253414136312944 | 0.9178082191780822 | 0.918774423498089 |
+--------------------+--------------------+--------------------+-------------------+

Epoch loss:0.17414702548239697

+--------------------+--------------------+--------------------+--------------------+
|      Accuracy      |     Precision      |       Recall       |         F1         |
+--------------------+--------------------+--------------------+--------------------+
| 0.9041095890410958 | 0.9036948187341659 | 0.9041095890410958 | 0.9037205023664807 |
+--------------------+--------------------+--------------------+--------------------+

Epoch loss:0.14393025774860707

+--------------------+--------------------+--------------------+--------------------+
|      Accuracy      |     Precision      |       Recall       |         F1         |
+--------------------+--------------------+--------------------+--------------------+
| 0.9041095890410958 | 0.9051532941943901 | 0.9041095890410958 | 0.9044544496599292 |
+--------------------+--------------------+--------------------+--------------------+

Epoch loss:0.19964290288385508

+--------------------+--------------------+--------------------+--------------------+
|      Accuracy      |     Precision      |       Recall       |         F1         |
+--------------------+--------------------+--------------------+--------------------+
| 0.9041095890410958 | 0.9051532941943901 | 0.9041095890410958 | 0.9044544496599292 |
+--------------------+--------------------+--------------------+--------------------+

Epoch loss:0.18338155491914518

+--------------------+------------------+--------------------+--------------------+
|      Accuracy      |    Precision     |       Recall       |         F1         |
+--------------------+------------------+--------------------+--------------------+
| 0.8767123287671232 | 0.87794085670798 | 0.8767123287671232 | 0.8771557209913375 |
+--------------------+------------------+--------------------+--------------------+

Epoch loss:0.10336531816338303

+--------------------+--------------------+--------------------+--------------------+
|      Accuracy      |     Precision      |       Recall       |         F1         |
+--------------------+--------------------+--------------------+--------------------+
| 0.8767123287671232 | 0.8760621482859897 | 0.8767123287671232 | 0.8762120744711895 |
+--------------------+--------------------+--------------------+--------------------+

Epoch loss:0.10119539374018377

+--------------------+--------------------+--------------------+--------------------+
|      Accuracy      |     Precision      |       Recall       |         F1         |
+--------------------+--------------------+--------------------+--------------------+
| 0.8904109589041096 | 0.9154598825831701 | 0.8904109589041096 | 0.8922626938535025 |
+--------------------+--------------------+--------------------+--------------------+

Epoch loss:0.14986968033544318

+--------------------+--------------------+--------------------+--------------------+
|      Accuracy      |     Precision      |       Recall       |         F1         |
+--------------------+--------------------+--------------------+--------------------+
| 0.9178082191780822 | 0.9203418216172113 | 0.9178082191780822 | 0.9183626875407699 |
+--------------------+--------------------+--------------------+--------------------+

Epoch loss:0.14593155312340478

+--------------------+-------------------+--------------------+--------------------+
|      Accuracy      |     Precision     |       Recall       |         F1         |
+--------------------+-------------------+--------------------+--------------------+
| 0.8767123287671232 | 0.888354076177748 | 0.8767123287671232 | 0.8783936334595646 |
+--------------------+-------------------+--------------------+--------------------+

Epoch loss:0.12231772122696212

+-------------------+-------------------+-------------------+--------------------+
|      Accuracy     |     Precision     |       Recall      |         F1         |
+-------------------+-------------------+-------------------+--------------------+
| 0.863013698630137 | 0.878829389788294 | 0.863013698630137 | 0.8650844217903791 |
+-------------------+-------------------+-------------------+--------------------+

Epoch loss:0.16776455142954128

+--------------------+--------------------+--------------------+--------------------+
|      Accuracy      |     Precision      |       Recall       |         F1         |
+--------------------+--------------------+--------------------+--------------------+
| 0.9178082191780822 | 0.9178995433789954 | 0.9178082191780822 | 0.9171019886554717 |
+--------------------+--------------------+--------------------+--------------------+

Epoch loss:0.13054536750801285

+--------------------+-------------------+--------------------+-------------------+
|      Accuracy      |     Precision     |       Recall       |         F1        |
+--------------------+-------------------+--------------------+-------------------+
| 0.9315068493150684 | 0.931327489182342 | 0.9315068493150684 | 0.931228930261772 |
+--------------------+-------------------+--------------------+-------------------+

Epoch loss:0.180767696496922

+--------------------+--------------------+--------------------+--------------------+
|      Accuracy      |     Precision      |       Recall       |         F1         |
+--------------------+--------------------+--------------------+--------------------+
| 0.8493150684931506 | 0.8614266622118276 | 0.8493150684931506 | 0.8513699964505791 |
+--------------------+--------------------+--------------------+--------------------+

Epoch loss:0.3761449058656089

+--------------------+--------------------+--------------------+--------------------+
|      Accuracy      |     Precision      |       Recall       |         F1         |
+--------------------+--------------------+--------------------+--------------------+
| 0.9452054794520548 | 0.9452054794520548 | 0.9452054794520548 | 0.9452054794520548 |
+--------------------+--------------------+--------------------+--------------------+

Epoch loss:0.18757058989462708

+--------------------+-------------------+--------------------+--------------------+
|      Accuracy      |     Precision     |       Recall       |         F1         |
+--------------------+-------------------+--------------------+--------------------+
| 0.9315068493150684 | 0.942208904109589 | 0.9315068493150684 | 0.9324409074775358 |
+--------------------+-------------------+--------------------+--------------------+

Epoch loss:0.13281282475844716

+--------------------+--------------------+--------------------+--------------------+
|      Accuracy      |     Precision      |       Recall       |         F1         |
+--------------------+--------------------+--------------------+--------------------+
| 0.9178082191780822 | 0.9203418216172113 | 0.9178082191780822 | 0.9183626875407699 |
+--------------------+--------------------+--------------------+--------------------+

Epoch loss:0.1539690613738431

+--------------------+--------------------+--------------------+--------------------+
|      Accuracy      |     Precision      |       Recall       |         F1         |
+--------------------+--------------------+--------------------+--------------------+
| 0.9178082191780822 | 0.9178082191780822 | 0.9178082191780822 | 0.9178082191780822 |
+--------------------+--------------------+--------------------+--------------------+

Epoch loss:0.2771606201426334

+--------------------+-------------------+--------------------+-------------------+
|      Accuracy      |     Precision     |       Recall       |         F1        |
+--------------------+-------------------+--------------------+-------------------+
| 0.9315068493150684 | 0.931327489182342 | 0.9315068493150684 | 0.931228930261772 |
+--------------------+-------------------+--------------------+-------------------+

Epoch loss:0.21355594445888504

+--------------------+--------------------+--------------------+--------------------+
|      Accuracy      |     Precision      |       Recall       |         F1         |
+--------------------+--------------------+--------------------+--------------------+
| 0.8904109589041096 | 0.8904109589041096 | 0.8904109589041096 | 0.8904109589041096 |
+--------------------+--------------------+--------------------+--------------------+

Epoch loss:0.4493547437002609

+--------------------+-------------------+--------------------+-------------------+
|      Accuracy      |     Precision     |       Recall       |         F1        |
+--------------------+-------------------+--------------------+-------------------+
| 0.9315068493150684 | 0.931327489182342 | 0.9315068493150684 | 0.931228930261772 |
+--------------------+-------------------+--------------------+-------------------+

Epoch loss:0.22531890859682188

+--------------------+--------------------+--------------------+--------------------+
|      Accuracy      |     Precision      |       Recall       |         F1         |
+--------------------+--------------------+--------------------+--------------------+
| 0.8904109589041096 | 0.8899771689497717 | 0.8904109589041096 | 0.8894693182072954 |
+--------------------+--------------------+--------------------+--------------------+

Epoch loss:0.14338413736104916

+--------------------+--------------------+--------------------+--------------------+
|      Accuracy      |     Precision      |       Recall       |         F1         |
+--------------------+--------------------+--------------------+--------------------+
| 0.9315068493150684 | 0.9323657316808002 | 0.9315068493150684 | 0.9317531783285209 |
+--------------------+--------------------+--------------------+--------------------+

Epoch loss:0.09071619606289165

+-------------------+-------------------+-------------------+-------------------+
|      Accuracy     |     Precision     |       Recall      |         F1        |
+-------------------+-------------------+-------------------+-------------------+
| 0.863013698630137 | 0.863013698630137 | 0.863013698630137 | 0.863013698630137 |
+-------------------+-------------------+-------------------+-------------------+

Epoch loss:0.2400556709237255

+--------------------+--------------------+--------------------+-------------------+
|      Accuracy      |     Precision      |       Recall       |         F1        |
+--------------------+--------------------+--------------------+-------------------+
| 0.9041095890410958 | 0.9048783897120493 | 0.9041095890410958 | 0.902803341956826 |
+--------------------+--------------------+--------------------+-------------------+

Epoch loss:0.13918954426618577

+--------------------+--------------------+--------------------+--------------------+
|      Accuracy      |     Precision      |       Recall       |         F1         |
+--------------------+--------------------+--------------------+--------------------+
| 0.8767123287671232 | 0.8766074923119933 | 0.8767123287671232 | 0.8750328682302049 |
+--------------------+--------------------+--------------------+--------------------+

Epoch loss:0.19565127771174712

+--------------------+--------------------+--------------------+--------------------+
|      Accuracy      |     Precision      |       Recall       |         F1         |
+--------------------+--------------------+--------------------+--------------------+
| 0.9041095890410958 | 0.9036948187341659 | 0.9041095890410958 | 0.9037205023664807 |
+--------------------+--------------------+--------------------+--------------------+

Epoch loss:0.14372005805584243

+--------------------+--------------------+--------------------+--------------------+
|      Accuracy      |     Precision      |       Recall       |         F1         |
+--------------------+--------------------+--------------------+--------------------+
| 0.9315068493150684 | 0.9323657316808002 | 0.9315068493150684 | 0.9317531783285209 |
+--------------------+--------------------+--------------------+--------------------+

Epoch loss:0.09948551787985363

+--------------------+--------------------+--------------------+--------------------+
|      Accuracy      |     Precision      |       Recall       |         F1         |
+--------------------+--------------------+--------------------+--------------------+
| 0.9178082191780822 | 0.9178995433789954 | 0.9178082191780822 | 0.9171019886554717 |
+--------------------+--------------------+--------------------+--------------------+

Epoch loss:0.2126862672788824

+--------------------+--------------------+--------------------+--------------------+
|      Accuracy      |     Precision      |       Recall       |         F1         |
+--------------------+--------------------+--------------------+--------------------+
| 0.8904109589041096 | 0.8904109589041096 | 0.8904109589041096 | 0.8904109589041096 |
+--------------------+--------------------+--------------------+--------------------+

Epoch loss:0.1377288005215952

+--------------------+--------------------+--------------------+--------------------+
|      Accuracy      |     Precision      |       Recall       |         F1         |
+--------------------+--------------------+--------------------+--------------------+
| 0.9178082191780822 | 0.9209053007742705 | 0.9178082191780822 | 0.9162328767123289 |
+--------------------+--------------------+--------------------+--------------------+

Epoch loss:2.1504574563226297

+--------------------+--------------------+--------------------+--------------------+
|      Accuracy      |     Precision      |       Recall       |         F1         |
+--------------------+--------------------+--------------------+--------------------+
| 0.8904109589041096 | 0.8975613427668221 | 0.8904109589041096 | 0.8869164103997763 |
+--------------------+--------------------+--------------------+--------------------+

Epoch loss:0.2285176896426053

+--------------------+--------------------+--------------------+--------------------+
|      Accuracy      |     Precision      |       Recall       |         F1         |
+--------------------+--------------------+--------------------+--------------------+
| 0.8767123287671232 | 0.8766074923119933 | 0.8767123287671232 | 0.8750328682302049 |
+--------------------+--------------------+--------------------+--------------------+

Epoch loss:0.14848763560830838

+--------------------+--------------------+--------------------+--------------------+
|      Accuracy      |     Precision      |       Recall       |         F1         |
+--------------------+--------------------+--------------------+--------------------+
| 0.8767123287671232 | 0.8760621482859897 | 0.8767123287671232 | 0.8762120744711895 |
+--------------------+--------------------+--------------------+--------------------+

Epoch loss:0.1950295213693509

+--------------------+-------------------+--------------------+--------------------+
|      Accuracy      |     Precision     |       Recall       |         F1         |
+--------------------+-------------------+--------------------+--------------------+
| 0.8493150684931506 | 0.864881693648817 | 0.8493150684931506 | 0.8409602604096026 |
+--------------------+-------------------+--------------------+--------------------+

Epoch loss:0.1826271122230446

+--------------------+--------------------+--------------------+--------------------+
|      Accuracy      |     Precision      |       Recall       |         F1         |
+--------------------+--------------------+--------------------+--------------------+
| 0.9178082191780822 | 0.9203418216172113 | 0.9178082191780822 | 0.9183626875407699 |
+--------------------+--------------------+--------------------+--------------------+

Epoch loss:0.16320426148721143

+--------------------+-------------------+--------------------+--------------------+
|      Accuracy      |     Precision     |       Recall       |         F1         |
+--------------------+-------------------+--------------------+--------------------+
| 0.9452054794520548 | 0.947417013784515 | 0.9452054794520548 | 0.9455751250271799 |
+--------------------+-------------------+--------------------+--------------------+

Epoch loss:0.33255275552299873

+--------------------+--------------------+--------------------+--------------------+
|      Accuracy      |     Precision      |       Recall       |         F1         |
+--------------------+--------------------+--------------------+--------------------+
| 0.8356164383561644 | 0.8696268304204062 | 0.8356164383561644 | 0.8216167394249586 |
+--------------------+--------------------+--------------------+--------------------+

Epoch loss:0.19275217372779554

+--------------------+--------------------+--------------------+-------------------+
|      Accuracy      |     Precision      |       Recall       |         F1        |
+--------------------+--------------------+--------------------+-------------------+
| 0.8767123287671232 | 0.8820643517043645 | 0.8767123287671232 | 0.877878859068558 |
+--------------------+--------------------+--------------------+-------------------+

Epoch loss:0.19278738457905018

+--------------------+-------------------+--------------------+-------------------+
|      Accuracy      |     Precision     |       Recall       |         F1        |
+--------------------+-------------------+--------------------+-------------------+
| 0.9315068493150684 | 0.931327489182342 | 0.9315068493150684 | 0.931228930261772 |
+--------------------+-------------------+--------------------+-------------------+

Epoch loss:0.15875339080295242

+--------------------+--------------------+--------------------+--------------------+
|      Accuracy      |     Precision      |       Recall       |         F1         |
+--------------------+--------------------+--------------------+--------------------+
| 0.9315068493150684 | 0.9323657316808002 | 0.9315068493150684 | 0.9317531783285209 |
+--------------------+--------------------+--------------------+--------------------+

Epoch loss:0.2146668423071689

+--------------------+--------------------+--------------------+--------------------+
|      Accuracy      |     Precision      |       Recall       |         F1         |
+--------------------+--------------------+--------------------+--------------------+
| 0.9452054794520548 | 0.9458219178082192 | 0.9452054794520548 | 0.9447346591036477 |
+--------------------+--------------------+--------------------+--------------------+

Epoch loss:0.13349978129109005

+--------------------+--------------------+--------------------+--------------------+
|      Accuracy      |     Precision      |       Recall       |         F1         |
+--------------------+--------------------+--------------------+--------------------+
| 0.9041095890410958 | 0.9051532941943901 | 0.9041095890410958 | 0.9044544496599292 |
+--------------------+--------------------+--------------------+--------------------+

Epoch loss:0.13890483913186275

+--------------------+--------------------+--------------------+--------------------+
|      Accuracy      |     Precision      |       Recall       |         F1         |
+--------------------+--------------------+--------------------+--------------------+
| 0.8904109589041096 | 0.8975613427668221 | 0.8904109589041096 | 0.8869164103997763 |
+--------------------+--------------------+--------------------+--------------------+

Epoch loss:0.08936279878774234

+--------------------+--------------------+--------------------+-------------------+
|      Accuracy      |     Precision      |       Recall       |         F1        |
+--------------------+--------------------+--------------------+-------------------+
| 0.8904109589041096 | 0.8922215604526503 | 0.8904109589041096 | 0.888310502283105 |
+--------------------+--------------------+--------------------+-------------------+

Epoch loss:0.10014161920277562

+--------------------+--------------------+--------------------+-------------------+
|      Accuracy      |     Precision      |       Recall       |         F1        |
+--------------------+--------------------+--------------------+-------------------+
| 0.9041095890410958 | 0.9090542817376016 | 0.9041095890410958 | 0.901688623479331 |
+--------------------+--------------------+--------------------+-------------------+

Epoch loss:0.1438607719107212

+--------------------+--------------------+--------------------+--------------------+
|      Accuracy      |     Precision      |       Recall       |         F1         |
+--------------------+--------------------+--------------------+--------------------+
| 0.8767123287671232 | 0.8760621482859897 | 0.8767123287671232 | 0.8762120744711895 |
+--------------------+--------------------+--------------------+--------------------+

Epoch loss:0.10526048701109403

+--------------------+-------------------+--------------------+-------------------+
|      Accuracy      |     Precision     |       Recall       |         F1        |
+--------------------+-------------------+--------------------+-------------------+
| 0.9315068493150684 | 0.931327489182342 | 0.9315068493150684 | 0.931228930261772 |
+--------------------+-------------------+--------------------+-------------------+

Epoch loss:0.1804214545588083

+--------------------+--------------------+--------------------+--------------------+
|      Accuracy      |     Precision      |       Recall       |         F1         |
+--------------------+--------------------+--------------------+--------------------+
| 0.9041095890410958 | 0.9051532941943901 | 0.9041095890410958 | 0.9044544496599292 |
+--------------------+--------------------+--------------------+--------------------+

Epoch loss:0.09742639086289273

+--------------------+--------------------+--------------------+------------------+
|      Accuracy      |     Precision      |       Recall       |        F1        |
+--------------------+--------------------+--------------------+------------------+
| 0.8904109589041096 | 0.9066463723997972 | 0.8904109589041096 | 0.88526503871352 |
+--------------------+--------------------+--------------------+------------------+

Epoch loss:0.20565080152413687

+--------------------+--------------------+--------------------+-------------------+
|      Accuracy      |     Precision      |       Recall       |         F1        |
+--------------------+--------------------+--------------------+-------------------+
| 0.9041095890410958 | 0.9048783897120493 | 0.9041095890410958 | 0.902803341956826 |
+--------------------+--------------------+--------------------+-------------------+

Epoch loss:0.08853763636756953

+--------------------+--------------------+--------------------+--------------------+
|      Accuracy      |     Precision      |       Recall       |         F1         |
+--------------------+--------------------+--------------------+--------------------+
| 0.9041095890410958 | 0.9051532941943901 | 0.9041095890410958 | 0.9044544496599292 |
+--------------------+--------------------+--------------------+--------------------+

Epoch loss:0.11938691367461263

+--------------------+--------------------+--------------------+--------------------+
|      Accuracy      |     Precision      |       Recall       |         F1         |
+--------------------+--------------------+--------------------+--------------------+
| 0.9178082191780822 | 0.9327521793275219 | 0.9178082191780822 | 0.9190506530742275 |
+--------------------+--------------------+--------------------+--------------------+

Epoch loss:0.15811831811242882

+--------------------+--------------------+--------------------+--------------------+
|      Accuracy      |     Precision      |       Recall       |         F1         |
+--------------------+--------------------+--------------------+--------------------+
| 0.8767123287671232 | 0.8766074923119933 | 0.8767123287671232 | 0.8750328682302049 |
+--------------------+--------------------+--------------------+--------------------+

Epoch loss:1.8341972941762414

+--------------------+--------------------+--------------------+--------------------+
|      Accuracy      |     Precision      |       Recall       |         F1         |
+--------------------+--------------------+--------------------+--------------------+
| 0.8904109589041096 | 0.8932666294499078 | 0.8904109589041096 | 0.8911502500543595 |
+--------------------+--------------------+--------------------+--------------------+

Epoch loss:0.16766009746574204

+--------------------+--------------------+--------------------+--------------------+
|      Accuracy      |     Precision      |       Recall       |         F1         |
+--------------------+--------------------+--------------------+--------------------+
| 0.8904109589041096 | 0.8904109589041096 | 0.8904109589041096 | 0.8904109589041096 |
+--------------------+--------------------+--------------------+--------------------+

Epoch loss:0.15504614534106745

+--------------------+--------------------+--------------------+--------------------+
|      Accuracy      |     Precision      |       Recall       |         F1         |
+--------------------+--------------------+--------------------+--------------------+
| 0.8904109589041096 | 0.8904109589041096 | 0.8904109589041096 | 0.8904109589041096 |
+--------------------+--------------------+--------------------+--------------------+

Epoch loss:0.33599880753860584

+--------------------+--------------------+--------------------+--------------------+
|      Accuracy      |     Precision      |       Recall       |         F1         |
+--------------------+--------------------+--------------------+--------------------+
| 0.8767123287671232 | 0.8760621482859897 | 0.8767123287671232 | 0.8762120744711895 |
+--------------------+--------------------+--------------------+--------------------+

Epoch loss:0.15302181688949112

+--------------------+--------------------+--------------------+--------------------+
|      Accuracy      |     Precision      |       Recall       |         F1         |
+--------------------+--------------------+--------------------+--------------------+
| 0.9041095890410958 | 0.9036948187341659 | 0.9041095890410958 | 0.9037205023664807 |
+--------------------+--------------------+--------------------+--------------------+

Epoch loss:0.20719621609814382

+--------------------+--------------------+--------------------+--------------------+
|      Accuracy      |     Precision      |       Recall       |         F1         |
+--------------------+--------------------+--------------------+--------------------+
| 0.9178082191780822 | 0.9209053007742705 | 0.9178082191780822 | 0.9162328767123289 |
+--------------------+--------------------+--------------------+--------------------+

Epoch loss:0.4401299754091589

+--------------------+--------------------+--------------------+--------------------+
|      Accuracy      |     Precision      |       Recall       |         F1         |
+--------------------+--------------------+--------------------+--------------------+
| 0.9452054794520548 | 0.9522757401679187 | 0.9452054794520548 | 0.9458496156653927 |
+--------------------+--------------------+--------------------+--------------------+

Epoch loss:0.11411331515719089

+--------------------+--------------------+--------------------+-------------------+
|      Accuracy      |     Precision      |       Recall       |         F1        |
+--------------------+--------------------+--------------------+-------------------+
| 0.8767123287671232 | 0.8820643517043645 | 0.8767123287671232 | 0.877878859068558 |
+--------------------+--------------------+--------------------+-------------------+

Epoch loss:0.8431869008305731

+--------------------+--------------------+--------------------+-------------------+
|      Accuracy      |     Precision      |       Recall       |         F1        |
+--------------------+--------------------+--------------------+-------------------+
| 0.9041095890410958 | 0.9090542817376016 | 0.9041095890410958 | 0.901688623479331 |
+--------------------+--------------------+--------------------+-------------------+

Epoch loss:0.2306540686696354

+--------------------+--------------------+--------------------+--------------------+
|      Accuracy      |     Precision      |       Recall       |         F1         |
+--------------------+--------------------+--------------------+--------------------+
| 0.9178082191780822 | 0.9178995433789954 | 0.9178082191780822 | 0.9171019886554717 |
+--------------------+--------------------+--------------------+--------------------+

Epoch loss:0.11260294496864352

+-------------------+--------------------+-------------------+--------------------+
|      Accuracy     |     Precision      |       Recall      |         F1         |
+-------------------+--------------------+-------------------+--------------------+
| 0.863013698630137 | 0.8661914372826041 | 0.863013698630137 | 0.8639378125679495 |
+-------------------+--------------------+-------------------+--------------------+

Epoch loss:0.10932357454402201

+--------------------+-------------------+--------------------+--------------------+
|      Accuracy      |     Precision     |       Recall       |         F1         |
+--------------------+-------------------+--------------------+--------------------+
| 0.9315068493150684 | 0.936030582988213 | 0.9315068493150684 | 0.9321549217047543 |
+--------------------+-------------------+--------------------+--------------------+

Epoch loss:0.19138303785629687

+--------------------+--------------------+--------------------+--------------------+
|      Accuracy      |     Precision      |       Recall       |         F1         |
+--------------------+--------------------+--------------------+--------------------+
| 0.9041095890410958 | 0.9167743602998191 | 0.9041095890410958 | 0.9003588787908229 |
+--------------------+--------------------+--------------------+--------------------+

Epoch loss:0.17090907813726547

+--------------------+--------------------+--------------------+--------------------+
|      Accuracy      |     Precision      |       Recall       |         F1         |
+--------------------+--------------------+--------------------+--------------------+
| 0.8904109589041096 | 0.8899771689497717 | 0.8904109589041096 | 0.8894693182072954 |
+--------------------+--------------------+--------------------+--------------------+

Epoch loss:0.0943618842598063

+--------------------+--------------------+--------------------+--------------------+
|      Accuracy      |     Precision      |       Recall       |         F1         |
+--------------------+--------------------+--------------------+--------------------+
| 0.9452054794520548 | 0.9452054794520548 | 0.9452054794520548 | 0.9452054794520548 |
+--------------------+--------------------+--------------------+--------------------+

Epoch loss:0.19050565482634713

+--------------------+--------------------+--------------------+--------------------+
|      Accuracy      |     Precision      |       Recall       |         F1         |
+--------------------+--------------------+--------------------+--------------------+
| 0.9178082191780822 | 0.9178082191780822 | 0.9178082191780822 | 0.9178082191780822 |
+--------------------+--------------------+--------------------+--------------------+

Epoch loss:0.1237340706416895

+-------------------+--------------------+-------------------+--------------------+
|      Accuracy     |     Precision      |       Recall      |         F1         |
+-------------------+--------------------+-------------------+--------------------+
| 0.958904109589041 | 0.9589601596305182 | 0.958904109589041 | 0.9587373581570632 |
+-------------------+--------------------+-------------------+--------------------+

Epoch loss:0.11181456826973256

+--------------------+--------------------+--------------------+--------------------+
|      Accuracy      |     Precision      |       Recall       |         F1         |
+--------------------+--------------------+--------------------+--------------------+
| 0.9041095890410958 | 0.9051532941943901 | 0.9041095890410958 | 0.9044544496599292 |
+--------------------+--------------------+--------------------+--------------------+

Epoch loss:0.09081585210141134

+--------------------+--------------------+--------------------+--------------------+
|      Accuracy      |     Precision      |       Recall       |         F1         |
+--------------------+--------------------+--------------------+--------------------+
| 0.9452054794520548 | 0.9452054794520548 | 0.9452054794520548 | 0.9452054794520548 |
+--------------------+--------------------+--------------------+--------------------+

Epoch loss:0.3030786898301393

+--------------------+--------------------+--------------------+--------------------+
|      Accuracy      |     Precision      |       Recall       |         F1         |
+--------------------+--------------------+--------------------+--------------------+
| 0.9178082191780822 | 0.9178995433789954 | 0.9178082191780822 | 0.9171019886554717 |
+--------------------+--------------------+--------------------+--------------------+

Epoch loss:0.28532236996447

+--------------------+--------------------+--------------------+--------------------+
|      Accuracy      |     Precision      |       Recall       |         F1         |
+--------------------+--------------------+--------------------+--------------------+
| 0.8767123287671232 | 0.8766074923119933 | 0.8767123287671232 | 0.8750328682302049 |
+--------------------+--------------------+--------------------+--------------------+

Epoch loss:0.2626371373045776

+--------------------+--------------------+--------------------+--------------------+
|      Accuracy      |     Precision      |       Recall       |         F1         |
+--------------------+--------------------+--------------------+--------------------+
| 0.9041095890410958 | 0.9152814901436686 | 0.9041095890410958 | 0.9054172704685504 |
+--------------------+--------------------+--------------------+--------------------+

Epoch loss:0.12283093583884594

+--------------------+--------------------+--------------------+--------------------+
|      Accuracy      |     Precision      |       Recall       |         F1         |
+--------------------+--------------------+--------------------+--------------------+
| 0.8904109589041096 | 0.8904109589041096 | 0.8904109589041096 | 0.8904109589041096 |
+--------------------+--------------------+--------------------+--------------------+

Epoch loss:0.8662620251050372

+--------------------+--------------------+--------------------+--------------------+
|      Accuracy      |     Precision      |       Recall       |         F1         |
+--------------------+--------------------+--------------------+--------------------+
| 0.8904109589041096 | 0.8904109589041096 | 0.8904109589041096 | 0.8904109589041096 |
+--------------------+--------------------+--------------------+--------------------+

Epoch loss:0.13510996113263224

+--------------------+--------------------+--------------------+--------------------+
|      Accuracy      |     Precision      |       Recall       |         F1         |
+--------------------+--------------------+--------------------+--------------------+
| 0.8904109589041096 | 0.9154598825831701 | 0.8904109589041096 | 0.8922626938535025 |
+--------------------+--------------------+--------------------+--------------------+

Epoch loss:0.27437499907830176

+--------------------+--------------------+--------------------+--------------------+
|      Accuracy      |     Precision      |       Recall       |         F1         |
+--------------------+--------------------+--------------------+--------------------+
| 0.9178082191780822 | 0.9203418216172113 | 0.9178082191780822 | 0.9183626875407699 |
+--------------------+--------------------+--------------------+--------------------+

Epoch loss:0.126467828043403

+--------------------+--------------------+--------------------+--------------------+
|      Accuracy      |     Precision      |       Recall       |         F1         |
+--------------------+--------------------+--------------------+--------------------+
| 0.8767123287671232 | 0.8760621482859897 | 0.8767123287671232 | 0.8762120744711895 |
+--------------------+--------------------+--------------------+--------------------+

Epoch loss:0.15849703129157586

+--------------------+--------------------+--------------------+--------------------+
|      Accuracy      |     Precision      |       Recall       |         F1         |
+--------------------+--------------------+--------------------+--------------------+
| 0.8356164383561644 | 0.8725369204821259 | 0.8356164383561644 | 0.8384355162044771 |
+--------------------+--------------------+--------------------+--------------------+

Epoch loss:0.24178129980757343

+--------------------+--------------------+--------------------+--------------------+
|      Accuracy      |     Precision      |       Recall       |         F1         |
+--------------------+--------------------+--------------------+--------------------+
| 0.9041095890410958 | 0.9152814901436686 | 0.9041095890410958 | 0.9054172704685504 |
+--------------------+--------------------+--------------------+--------------------+

Epoch loss:0.13933652837311525

+--------------------+--------------------+--------------------+--------------------+
|      Accuracy      |     Precision      |       Recall       |         F1         |
+--------------------+--------------------+--------------------+--------------------+
| 0.9178082191780822 | 0.9209053007742705 | 0.9178082191780822 | 0.9162328767123289 |
+--------------------+--------------------+--------------------+--------------------+

Epoch loss:0.1945409301440216

+--------------------+--------------------+--------------------+--------------------+
|      Accuracy      |     Precision      |       Recall       |         F1         |
+--------------------+--------------------+--------------------+--------------------+
| 0.8767123287671232 | 0.8968866749688666 | 0.8767123287671232 | 0.8698765766987658 |
+--------------------+--------------------+--------------------+--------------------+

Epoch loss:0.08608664993457874

+--------------------+--------------------+--------------------+--------------------+
|      Accuracy      |     Precision      |       Recall       |         F1         |
+--------------------+--------------------+--------------------+--------------------+
| 0.9041095890410958 | 0.9090474673462887 | 0.9041095890410958 | 0.9050168903866561 |
+--------------------+--------------------+--------------------+--------------------+

Epoch loss:0.28013224460666014

+--------------------+--------------------+--------------------+--------------------+
|      Accuracy      |     Precision      |       Recall       |         F1         |
+--------------------+--------------------+--------------------+--------------------+
| 0.9041095890410958 | 0.9036948187341659 | 0.9041095890410958 | 0.9037205023664807 |
+--------------------+--------------------+--------------------+--------------------+

Epoch loss:0.09369350466216486

+--------------------+--------------------+--------------------+--------------------+
|      Accuracy      |     Precision      |       Recall       |         F1         |
+--------------------+--------------------+--------------------+--------------------+
| 0.9178082191780822 | 0.9327521793275219 | 0.9178082191780822 | 0.9190506530742275 |
+--------------------+--------------------+--------------------+--------------------+

Epoch loss:0.15058757589669178

+--------------------+--------------------+--------------------+--------------------+
|      Accuracy      |     Precision      |       Recall       |         F1         |
+--------------------+--------------------+--------------------+--------------------+
| 0.9041095890410958 | 0.9090474673462887 | 0.9041095890410958 | 0.9050168903866561 |
+--------------------+--------------------+--------------------+--------------------+

Epoch loss:0.15511415698529393

+--------------------+--------------------+--------------------+------------------+
|      Accuracy      |     Precision      |       Recall       |        F1        |
+--------------------+--------------------+--------------------+------------------+
| 0.8904109589041096 | 0.9066463723997972 | 0.8904109589041096 | 0.88526503871352 |
+--------------------+--------------------+--------------------+------------------+

Epoch loss:0.14843513991783422

+--------------------+--------------------+--------------------+--------------------+
|      Accuracy      |     Precision      |       Recall       |         F1         |
+--------------------+--------------------+--------------------+--------------------+
| 0.9178082191780822 | 0.9209053007742705 | 0.9178082191780822 | 0.9162328767123289 |
+--------------------+--------------------+--------------------+--------------------+

Epoch loss:0.12067987439437933

+--------------------+-------------------+--------------------+-------------------+
|      Accuracy      |     Precision     |       Recall       |         F1        |
+--------------------+-------------------+--------------------+-------------------+
| 0.9315068493150684 | 0.931327489182342 | 0.9315068493150684 | 0.931228930261772 |
+--------------------+-------------------+--------------------+-------------------+

Epoch loss:0.16010730613835464

+--------------------+--------------------+--------------------+-------------------+
|      Accuracy      |     Precision      |       Recall       |         F1        |
+--------------------+--------------------+--------------------+-------------------+
| 0.9178082191780822 | 0.9253414136312944 | 0.9178082191780822 | 0.918774423498089 |
+--------------------+--------------------+--------------------+-------------------+

Epoch loss:0.14575454581019917

+--------------------+--------------------+--------------------+-------------------+
|      Accuracy      |     Precision      |       Recall       |         F1        |
+--------------------+--------------------+--------------------+-------------------+
| 0.9041095890410958 | 0.9048783897120493 | 0.9041095890410958 | 0.902803341956826 |
+--------------------+--------------------+--------------------+-------------------+

Epoch loss:0.16374842525397684

+--------------------+-------------------+--------------------+--------------------+
|      Accuracy      |     Precision     |       Recall       |         F1         |
+--------------------+-------------------+--------------------+--------------------+
| 0.9315068493150684 | 0.936030582988213 | 0.9315068493150684 | 0.9321549217047543 |
+--------------------+-------------------+--------------------+--------------------+

Epoch loss:0.07738495006791758

+--------------------+--------------------+--------------------+--------------------+
|      Accuracy      |     Precision      |       Recall       |         F1         |
+--------------------+--------------------+--------------------+--------------------+
| 0.9178082191780822 | 0.9203418216172113 | 0.9178082191780822 | 0.9183626875407699 |
+--------------------+--------------------+--------------------+--------------------+

Epoch loss:0.15382496687625707

+--------------------+--------------------+--------------------+--------------------+
|      Accuracy      |     Precision      |       Recall       |         F1         |
+--------------------+--------------------+--------------------+--------------------+
| 0.8767123287671232 | 0.8968866749688666 | 0.8767123287671232 | 0.8698765766987658 |
+--------------------+--------------------+--------------------+--------------------+

Epoch loss:0.13104220568741126

+--------------------+--------------------+--------------------+--------------------+
|      Accuracy      |     Precision      |       Recall       |         F1         |
+--------------------+--------------------+--------------------+--------------------+
| 0.8904109589041096 | 0.8984070870946699 | 0.8904109589041096 | 0.8916992313307854 |
+--------------------+--------------------+--------------------+--------------------+

Epoch loss:0.09712761305785214

+--------------------+--------------------+--------------------+--------------------+
|      Accuracy      |     Precision      |       Recall       |         F1         |
+--------------------+--------------------+--------------------+--------------------+
| 0.8904109589041096 | 0.8975613427668221 | 0.8904109589041096 | 0.8869164103997763 |
+--------------------+--------------------+--------------------+--------------------+

optimizer:
Adam (
Parameter Group 0
    amsgrad: False
    betas: (0.5, 0.5)
    capturable: False
    decoupled_weight_decay: False
    differentiable: False
    eps: 1e-08
    foreach: None
    fused: None
    lr: 0.0001
    maximize: False
    weight_decay: 0
)
model:
VGG(
  (features): Sequential(
    (0): Conv2d(3, 64, kernel_size=(3, 3), stride=(1, 1), padding=(1, 1))
    (1): ReLU(inplace=True)
    (2): Conv2d(64, 64, kernel_size=(3, 3), stride=(1, 1), padding=(1, 1))
    (3): ReLU(inplace=True)
    (4): MaxPool2d(kernel_size=2, stride=2, padding=0, dilation=1, ceil_mode=False)
    (5): Conv2d(64, 128, kernel_size=(3, 3), stride=(1, 1), padding=(1, 1))
    (6): ReLU(inplace=True)
    (7): Conv2d(128, 128, kernel_size=(3, 3), stride=(1, 1), padding=(1, 1))
    (8): ReLU(inplace=True)
    (9): MaxPool2d(kernel_size=2, stride=2, padding=0, dilation=1, ceil_mode=False)
    (10): Conv2d(128, 256, kernel_size=(3, 3), stride=(1, 1), padding=(1, 1))
    (11): ReLU(inplace=True)
    (12): Conv2d(256, 256, kernel_size=(3, 3), stride=(1, 1), padding=(1, 1))
    (13): ReLU(inplace=True)
    (14): MaxPool2d(kernel_size=2, stride=2, padding=0, dilation=1, ceil_mode=False)
    (15): Conv2d(256, 512, kernel_size=(3, 3), stride=(1, 1), padding=(1, 1))
    (16): ReLU(inplace=True)
    (17): Conv2d(512, 512, kernel_size=(3, 3), stride=(1, 1), padding=(1, 1))
    (18): ReLU(inplace=True)
    (19): MaxPool2d(kernel_size=2, stride=2, padding=0, dilation=1, ceil_mode=False)
    (20): Conv2d(512, 512, kernel_size=(3, 3), stride=(1, 1), padding=(1, 1))
    (21): ReLU(inplace=True)
    (22): Conv2d(512, 512, kernel_size=(3, 3), stride=(1, 1), padding=(1, 1))
    (23): ReLU(inplace=True)
    (24): MaxPool2d(kernel_size=2, stride=2, padding=0, dilation=1, ceil_mode=False)
  )
  (classifier): Sequential(
    (0): Linear(in_features=25088, out_features=4096, bias=True)
    (1): ReLU(inplace=True)
    (2): Dropout(p=0.5, inplace=False)
    (3): Linear(in_features=4096, out_features=4096, bias=True)
    (4): ReLU(inplace=True)
    (5): Dropout(p=0.5, inplace=False)
    (6): Linear(in_features=4096, out_features=2, bias=True)
  )
)

TEST

+--------------------+--------------------+--------------------+--------------------+
|      Accuracy      |     Precision      |       Recall       |         F1         |
+--------------------+--------------------+--------------------+--------------------+
| 0.8904109589041096 | 0.8975613427668221 | 0.8904109589041096 | 0.8869164103997763 |
+--------------------+--------------------+--------------------+--------------------+


              precision    recall  f1-score   support

           0     0.8077    0.9767    0.8842        43
           1     0.9565    0.6875    0.8000        32

    accuracy                         0.8533        75
   macro avg     0.8821    0.8321    0.8421        75
weighted avg     0.8712    0.8533    0.8483        75



[[42  1]
 [10 22]]

