Read csv file.......
Training device information:
+--------------------+-------------------------+---------------------------------+
|   number of gpu    |    applied gpu index    |         applied gpu name        |
+--------------------+-------------------------+---------------------------------+
|         1          |            0            |     NVIDIA GeForce RTX 3090     |
+--------------------+-------------------------+---------------------------------+

Use data information file:/home/zhangxiaohan/constitution/baseline/data.csv
Loading data from path: /home/zhangxiaohan/constitution/data/face......
data information:
+----------------------+----------------+----------------+---------------+----------+
|  number of samples   |  train number  |  valid number  |  test number  | percent  |
+----------------------+----------------+----------------+---------------+----------+
|         738          |      590       |       73       |       75      |   0.8    |
+----------------------+----------------+----------------+---------------+----------+

Classes information:
+------------+------------+
|     0      |     1      |
+------------+------------+
|     0      |     1      |
+------------+------------+

Train information:
+--------------------+-----------------+-----------------+----------+---------------------+----------+----------+-----------------------------------------------------------------------+
|       theme        |      resize     |    batch size   |  epoch   |    learning rate    |  beta1   |  beta2   |                            directory of log                           |
+--------------------+-----------------+-----------------+----------+---------------------+----------+----------+-----------------------------------------------------------------------+
|    constitution    |    (224, 224)   |        16       |   300    |        0.0001       |   0.5    |  0.999   |            /home/zhangxiaohan/constitution/baseline/workdir           |
+--------------------+-----------------+-----------------+----------+---------------------+----------+----------+-----------------------------------------------------------------------+

Train begins......
Epoch loss:0.5308861643881411

+--------------------+--------------------+--------------------+--------------------+
|      Accuracy      |     Precision      |       Recall       |         F1         |
+--------------------+--------------------+--------------------+--------------------+
| 0.6301369863013698 | 0.8339390550740844 | 0.6301369863013698 | 0.6338877098205672 |
+--------------------+--------------------+--------------------+--------------------+

Epoch loss:0.362895494780025

+--------------------+--------------------+--------------------+--------------------+
|      Accuracy      |     Precision      |       Recall       |         F1         |
+--------------------+--------------------+--------------------+--------------------+
| 0.7808219178082192 | 0.8011064278187566 | 0.7808219178082192 | 0.7429066288773422 |
+--------------------+--------------------+--------------------+--------------------+

Epoch loss:0.2998308011808911

+--------------------+--------------------+--------------------+--------------------+
|      Accuracy      |     Precision      |       Recall       |         F1         |
+--------------------+--------------------+--------------------+--------------------+
| 0.8493150684931506 | 0.8603793466807166 | 0.8493150684931506 | 0.8360501401597291 |
+--------------------+--------------------+--------------------+--------------------+

Epoch loss:0.2606579896968764

+--------------------+--------------------+--------------------+--------------------+
|      Accuracy      |     Precision      |       Recall       |         F1         |
+--------------------+--------------------+--------------------+--------------------+
| 0.9041095890410958 | 0.9032063826584376 | 0.9041095890410958 | 0.9034600716943433 |
+--------------------+--------------------+--------------------+--------------------+

Epoch loss:0.21912197698209737

+--------------------+--------------------+--------------------+--------------------+
|      Accuracy      |     Precision      |       Recall       |         F1         |
+--------------------+--------------------+--------------------+--------------------+
| 0.9041095890410958 | 0.9178413076566739 | 0.9041095890410958 | 0.9065305546028608 |
+--------------------+--------------------+--------------------+--------------------+

Epoch loss:0.22382587959637512

+-------------------+--------------------+-------------------+--------------------+
|      Accuracy     |     Precision      |       Recall      |         F1         |
+-------------------+--------------------+-------------------+--------------------+
| 0.684931506849315 | 0.8459665144596651 | 0.684931506849315 | 0.6931460264137954 |
+-------------------+--------------------+-------------------+--------------------+

Epoch loss:0.1842142925471873

+-------------------+--------------------+-------------------+--------------------+
|      Accuracy     |     Precision      |       Recall      |         F1         |
+-------------------+--------------------+-------------------+--------------------+
| 0.863013698630137 | 0.8742685469587248 | 0.863013698630137 | 0.8659258223837479 |
+-------------------+--------------------+-------------------+--------------------+

Epoch loss:0.23027816676610224

+--------------------+--------------------+--------------------+-------------------+
|      Accuracy      |     Precision      |       Recall       |         F1        |
+--------------------+--------------------+--------------------+-------------------+
| 0.6712328767123288 | 0.8427635497319833 | 0.6712328767123288 | 0.678671046922457 |
+--------------------+--------------------+--------------------+-------------------+

Epoch loss:0.19616248473726414

+--------------------+--------------------+--------------------+--------------------+
|      Accuracy      |     Precision      |       Recall       |         F1         |
+--------------------+--------------------+--------------------+--------------------+
| 0.6301369863013698 | 0.8339390550740844 | 0.6301369863013698 | 0.6338877098205672 |
+--------------------+--------------------+--------------------+--------------------+

Epoch loss:0.1807254433027796

+--------------------+--------------------+--------------------+--------------------+
|      Accuracy      |     Precision      |       Recall       |         F1         |
+--------------------+--------------------+--------------------+--------------------+
| 0.7534246575342466 | 0.8177486599166169 | 0.7534246575342466 | 0.6865648050579557 |
+--------------------+--------------------+--------------------+--------------------+

Epoch loss:0.18004453303040685

+--------------------+-------------------+--------------------+--------------------+
|      Accuracy      |     Precision     |       Recall       |         F1         |
+--------------------+-------------------+--------------------+--------------------+
| 0.8767123287671232 | 0.875420241858598 | 0.8767123287671232 | 0.8758772350355842 |
+--------------------+-------------------+--------------------+--------------------+

Epoch loss:0.14994260995976022

+--------------------+--------------------+--------------------+--------------------+
|      Accuracy      |     Precision      |       Recall       |         F1         |
+--------------------+--------------------+--------------------+--------------------+
| 0.8356164383561644 | 0.8385352748018177 | 0.8356164383561644 | 0.8233291822332918 |
+--------------------+--------------------+--------------------+--------------------+

Epoch loss:0.14079824807374058

+--------------------+--------------------+--------------------+--------------------+
|      Accuracy      |     Precision      |       Recall       |         F1         |
+--------------------+--------------------+--------------------+--------------------+
| 0.6575342465753424 | 0.8396968813756922 | 0.6575342465753424 | 0.6639800540932167 |
+--------------------+--------------------+--------------------+--------------------+

Epoch loss:0.14690223829569043

+--------------------+--------------------+--------------------+--------------------+
|      Accuracy      |     Precision      |       Recall       |         F1         |
+--------------------+--------------------+--------------------+--------------------+
| 0.9041095890410958 | 0.9106164383561643 | 0.9041095890410958 | 0.9057170362912129 |
+--------------------+--------------------+--------------------+--------------------+

Epoch loss:0.13963600404157833

+--------------------+--------------------+--------------------+--------------------+
|      Accuracy      |     Precision      |       Recall       |         F1         |
+--------------------+--------------------+--------------------+--------------------+
| 0.9178082191780822 | 0.9212561737023577 | 0.9178082191780822 | 0.9187730792138176 |
+--------------------+--------------------+--------------------+--------------------+

Epoch loss:0.11175932104674142

+--------------------+-------------------+--------------------+--------------------+
|      Accuracy      |     Precision     |       Recall       |         F1         |
+--------------------+-------------------+--------------------+--------------------+
| 0.9041095890410958 | 0.915682569674067 | 0.9041095890410958 | 0.8981179243841051 |
+--------------------+-------------------+--------------------+--------------------+

Epoch loss:0.11522971218250491

+--------------------+--------------------+--------------------+--------------------+
|      Accuracy      |     Precision      |       Recall       |         F1         |
+--------------------+--------------------+--------------------+--------------------+
| 0.8904109589041096 | 0.9091324200913243 | 0.8904109589041096 | 0.8935616438356165 |
+--------------------+--------------------+--------------------+--------------------+

Epoch loss:0.07341846961188256

+--------------------+--------------------+--------------------+--------------------+
|      Accuracy      |     Precision      |       Recall       |         F1         |
+--------------------+--------------------+--------------------+--------------------+
| 0.9178082191780822 | 0.9354207436399216 | 0.9178082191780822 | 0.9201712328767123 |
+--------------------+--------------------+--------------------+--------------------+

Epoch loss:0.08881574085712232

+--------------------+--------------------+--------------------+--------------------+
|      Accuracy      |     Precision      |       Recall       |         F1         |
+--------------------+--------------------+--------------------+--------------------+
| 0.8082191780821918 | 0.8668567532387034 | 0.8082191780821918 | 0.8159817351598174 |
+--------------------+--------------------+--------------------+--------------------+

Epoch loss:0.10997115547542234

+--------------------+--------------------+--------------------+--------------------+
|      Accuracy      |     Precision      |       Recall       |         F1         |
+--------------------+--------------------+--------------------+--------------------+
| 0.8356164383561644 | 0.8936341659951652 | 0.8356164383561644 | 0.8422700587084149 |
+--------------------+--------------------+--------------------+--------------------+

Epoch loss:0.07247318501105986

+-------------------+--------------------+-------------------+--------------------+
|      Accuracy     |     Precision      |       Recall      |         F1         |
+-------------------+--------------------+-------------------+--------------------+
| 0.821917808219178 | 0.8580907534246576 | 0.821917808219178 | 0.7946435090011336 |
+-------------------+--------------------+-------------------+--------------------+

Epoch loss:0.10309017929437293

+--------------------+--------------------+--------------------+---------------------+
|      Accuracy      |     Precision      |       Recall       |          F1         |
+--------------------+--------------------+--------------------+---------------------+
| 0.4794520547945205 | 0.8091324200913241 | 0.4794520547945205 | 0.44552915135315735 |
+--------------------+--------------------+--------------------+---------------------+

Epoch loss:0.06492850378571027

+-------------------+-------------------+-------------------+-------------------+
|      Accuracy     |     Precision     |       Recall      |         F1        |
+-------------------+-------------------+-------------------+-------------------+
| 0.863013698630137 | 0.863013698630137 | 0.863013698630137 | 0.863013698630137 |
+-------------------+-------------------+-------------------+-------------------+

Epoch loss:0.06848329878600969

+--------------------+-------------------+--------------------+-------------------+
|      Accuracy      |     Precision     |       Recall       |         F1        |
+--------------------+-------------------+--------------------+-------------------+
| 0.8767123287671232 | 0.900985528406407 | 0.8767123287671232 | 0.880631070019933 |
+--------------------+-------------------+--------------------+-------------------+

Epoch loss:0.09993099417172473

+--------------------+--------------------+--------------------+--------------------+
|      Accuracy      |     Precision      |       Recall       |         F1         |
+--------------------+--------------------+--------------------+--------------------+
| 0.8356164383561644 | 0.8385352748018177 | 0.8356164383561644 | 0.8233291822332918 |
+--------------------+--------------------+--------------------+--------------------+

Epoch loss:0.10038986318820231

+--------------------+------------------+--------------------+--------------------+
|      Accuracy      |    Precision     |       Recall       |         F1         |
+--------------------+------------------+--------------------+--------------------+
| 0.7945205479452054 | 0.87782302850796 | 0.7945205479452054 | 0.8029270714074122 |
+--------------------+------------------+--------------------+--------------------+

Epoch loss:0.051084828787999276

+--------------------+--------------------+--------------------+--------------------+
|      Accuracy      |     Precision      |       Recall       |         F1         |
+--------------------+--------------------+--------------------+--------------------+
| 0.8904109589041096 | 0.9091324200913243 | 0.8904109589041096 | 0.8935616438356165 |
+--------------------+--------------------+--------------------+--------------------+

Epoch loss:0.0800324224904683

+--------------------+--------------------+--------------------+--------------------+
|      Accuracy      |     Precision      |       Recall       |         F1         |
+--------------------+--------------------+--------------------+--------------------+
| 0.8904109589041096 | 0.9007241665358833 | 0.8904109589041096 | 0.8927406579069985 |
+--------------------+--------------------+--------------------+--------------------+

Epoch loss:0.0667702086911713

+--------------------+--------------------+--------------------+--------------------+
|      Accuracy      |     Precision      |       Recall       |         F1         |
+--------------------+--------------------+--------------------+--------------------+
| 0.9041095890410958 | 0.9272555503070383 | 0.9041095890410958 | 0.9071574989043923 |
+--------------------+--------------------+--------------------+--------------------+

Epoch loss:0.0920306852502698

+--------------------+--------------------+--------------------+--------------------+
|      Accuracy      |     Precision      |       Recall       |         F1         |
+--------------------+--------------------+--------------------+--------------------+
| 0.8767123287671232 | 0.8914918492047734 | 0.8767123287671232 | 0.8798249987751068 |
+--------------------+--------------------+--------------------+--------------------+

Epoch loss:0.040383204446501425

+--------------------+--------------------+--------------------+--------------------+
|      Accuracy      |     Precision      |       Recall       |         F1         |
+--------------------+--------------------+--------------------+--------------------+
| 0.8767123287671232 | 0.8914918492047734 | 0.8767123287671232 | 0.8798249987751068 |
+--------------------+--------------------+--------------------+--------------------+

Epoch loss:0.04714454530905051

+--------------------+-------------------+--------------------+--------------------+
|      Accuracy      |     Precision     |       Recall       |         F1         |
+--------------------+-------------------+--------------------+--------------------+
| 0.9315068493150684 | 0.930992523458277 | 0.9315068493150684 | 0.9310429083531023 |
+--------------------+-------------------+--------------------+--------------------+

Epoch loss:0.059265501424355584

+--------------------+--------------------+--------------------+--------------------+
|      Accuracy      |     Precision      |       Recall       |         F1         |
+--------------------+--------------------+--------------------+--------------------+
| 0.9726027397260274 | 0.9726027397260274 | 0.9726027397260274 | 0.9726027397260274 |
+--------------------+--------------------+--------------------+--------------------+

Epoch loss:0.04834996258983124

+--------------------+--------------------+--------------------+--------------------+
|      Accuracy      |     Precision      |       Recall       |         F1         |
+--------------------+--------------------+--------------------+--------------------+
| 0.8904109589041096 | 0.8904109589041096 | 0.8904109589041096 | 0.8904109589041096 |
+--------------------+--------------------+--------------------+--------------------+

Epoch loss:0.08087730547845855

+--------------------+--------------------+--------------------+--------------------+
|      Accuracy      |     Precision      |       Recall       |         F1         |
+--------------------+--------------------+--------------------+--------------------+
| 0.9041095890410958 | 0.9272555503070383 | 0.9041095890410958 | 0.9071574989043923 |
+--------------------+--------------------+--------------------+--------------------+

Epoch loss:0.04477494838568885

+--------------------+--------------------+--------------------+--------------------+
|      Accuracy      |     Precision      |       Recall       |         F1         |
+--------------------+--------------------+--------------------+--------------------+
| 0.9178082191780822 | 0.9271797861130417 | 0.9178082191780822 | 0.9195554934302488 |
+--------------------+--------------------+--------------------+--------------------+

Epoch loss:0.07843305365925

+--------------------+--------------------+--------------------+--------------------+
|      Accuracy      |     Precision      |       Recall       |         F1         |
+--------------------+--------------------+--------------------+--------------------+
| 0.7808219178082192 | 0.8731074260994953 | 0.7808219178082192 | 0.7896570032919188 |
+--------------------+--------------------+--------------------+--------------------+

Epoch loss:0.09069674494880806

+--------------------+--------------------+--------------------+--------------------+
|      Accuracy      |     Precision      |       Recall       |         F1         |
+--------------------+--------------------+--------------------+--------------------+
| 0.9315068493150684 | 0.9327456819535438 | 0.9315068493150684 | 0.9319288093192881 |
+--------------------+--------------------+--------------------+--------------------+

Epoch loss:0.07962205843697931

+--------------------+--------------------+--------------------+--------------------+
|      Accuracy      |     Precision      |       Recall       |         F1         |
+--------------------+--------------------+--------------------+--------------------+
| 0.9178082191780822 | 0.9271797861130417 | 0.9178082191780822 | 0.9195554934302488 |
+--------------------+--------------------+--------------------+--------------------+

Epoch loss:0.03405495647834991

+--------------------+--------------------+--------------------+--------------------+
|      Accuracy      |     Precision      |       Recall       |         F1         |
+--------------------+--------------------+--------------------+--------------------+
| 0.8493150684931506 | 0.8603793466807166 | 0.8493150684931506 | 0.8360501401597291 |
+--------------------+--------------------+--------------------+--------------------+

Epoch loss:0.104077890708042

+-------------------+--------------------+-------------------+--------------------+
|      Accuracy     |     Precision      |       Recall      |         F1         |
+-------------------+--------------------+-------------------+--------------------+
| 0.821917808219178 | 0.8729452054794521 | 0.821917808219178 | 0.8289628180039139 |
+-------------------+--------------------+-------------------+--------------------+

Epoch loss:0.039404652054292603

+--------------------+--------------------+--------------------+--------------------+
|      Accuracy      |     Precision      |       Recall       |         F1         |
+--------------------+--------------------+--------------------+--------------------+
| 0.9452054794520548 | 0.9536354056902002 | 0.9452054794520548 | 0.9463703289534992 |
+--------------------+--------------------+--------------------+--------------------+

Epoch loss:0.045698074598771496

+-------------------+--------------------+-------------------+-------------------+
|      Accuracy     |     Precision      |       Recall      |         F1        |
+-------------------+--------------------+-------------------+-------------------+
| 0.863013698630137 | 0.9058219178082192 | 0.863013698630137 | 0.868252707740498 |
+-------------------+--------------------+-------------------+-------------------+

Epoch loss:0.020587699618772604

+--------------------+--------------------+--------------------+--------------------+
|      Accuracy      |     Precision      |       Recall       |         F1         |
+--------------------+--------------------+--------------------+--------------------+
| 0.8904109589041096 | 0.9091324200913243 | 0.8904109589041096 | 0.8935616438356165 |
+--------------------+--------------------+--------------------+--------------------+

Epoch loss:0.02839496806277689

+--------------------+--------------------+--------------------+--------------------+
|      Accuracy      |     Precision      |       Recall       |         F1         |
+--------------------+--------------------+--------------------+--------------------+
| 0.8767123287671232 | 0.9125055236411842 | 0.8767123287671232 | 0.8812146174305272 |
+--------------------+--------------------+--------------------+--------------------+

Epoch loss:0.04132138523650733

+--------------------+--------------------+--------------------+--------------------+
|      Accuracy      |     Precision      |       Recall       |         F1         |
+--------------------+--------------------+--------------------+--------------------+
| 0.7808219178082192 | 0.8731074260994953 | 0.7808219178082192 | 0.7896570032919188 |
+--------------------+--------------------+--------------------+--------------------+

Epoch loss:0.021503517149933427

+--------------------+--------------------+--------------------+--------------------+
|      Accuracy      |     Precision      |       Recall       |         F1         |
+--------------------+--------------------+--------------------+--------------------+
| 0.8904109589041096 | 0.8904109589041096 | 0.8904109589041096 | 0.8904109589041096 |
+--------------------+--------------------+--------------------+--------------------+

Epoch loss:0.04011718127200053

+--------------------+--------------------+--------------------+--------------------+
|      Accuracy      |     Precision      |       Recall       |         F1         |
+--------------------+--------------------+--------------------+--------------------+
| 0.7671232876712328 | 0.8686336494555672 | 0.7671232876712328 | 0.7762856501235124 |
+--------------------+--------------------+--------------------+--------------------+

Epoch loss:0.02493474419964981

+--------------------+--------------------+--------------------+--------------------+
|      Accuracy      |     Precision      |       Recall       |         F1         |
+--------------------+--------------------+--------------------+--------------------+
| 0.9178082191780822 | 0.9178082191780822 | 0.9178082191780822 | 0.9178082191780822 |
+--------------------+--------------------+--------------------+--------------------+

Epoch loss:0.02207875734814946

+-------------------+--------------------+-------------------+--------------------+
|      Accuracy     |     Precision      |       Recall      |         F1         |
+-------------------+--------------------+-------------------+--------------------+
| 0.863013698630137 | 0.8933418286078367 | 0.863013698630137 | 0.8677219021142075 |
+-------------------+--------------------+-------------------+--------------------+

Epoch loss:0.08211581252411683

+--------------------+--------------------+--------------------+--------------------+
|      Accuracy      |     Precision      |       Recall       |         F1         |
+--------------------+--------------------+--------------------+--------------------+
| 0.8356164383561644 | 0.8936341659951652 | 0.8356164383561644 | 0.8422700587084149 |
+--------------------+--------------------+--------------------+--------------------+

Epoch loss:0.0682338237175655

+--------------------+-------------------+--------------------+-------------------+
|      Accuracy      |     Precision     |       Recall       |         F1        |
+--------------------+-------------------+--------------------+-------------------+
| 0.8767123287671232 | 0.900985528406407 | 0.8767123287671232 | 0.880631070019933 |
+--------------------+-------------------+--------------------+-------------------+

Epoch loss:0.04008170938853967

+--------------------+--------------------+--------------------+--------------------+
|      Accuracy      |     Precision      |       Recall       |         F1         |
+--------------------+--------------------+--------------------+--------------------+
| 0.7123287671232876 | 0.8528193692258681 | 0.7123287671232876 | 0.7215080201381571 |
+--------------------+--------------------+--------------------+--------------------+

Epoch loss:0.026659634761066676

+--------------------+--------------------+--------------------+--------------------+
|      Accuracy      |     Precision      |       Recall       |         F1         |
+--------------------+--------------------+--------------------+--------------------+
| 0.9315068493150684 | 0.9323880477449331 | 0.9315068493150684 | 0.9299794759200037 |
+--------------------+--------------------+--------------------+--------------------+

Epoch loss:0.06932714806601792

+-------------------+--------------------+-------------------+--------------------+
|      Accuracy     |     Precision      |       Recall      |         F1         |
+-------------------+--------------------+-------------------+--------------------+
| 0.684931506849315 | 0.8459665144596651 | 0.684931506849315 | 0.6931460264137954 |
+-------------------+--------------------+-------------------+--------------------+

Epoch loss:0.04304029979185371

+--------------------+--------------------+--------------------+--------------------+
|      Accuracy      |     Precision      |       Recall       |         F1         |
+--------------------+--------------------+--------------------+--------------------+
| 0.8904109589041096 | 0.9007241665358833 | 0.8904109589041096 | 0.8927406579069985 |
+--------------------+--------------------+--------------------+--------------------+

Epoch loss:0.041543620165661245

+--------------------+--------------------+--------------------+--------------------+
|      Accuracy      |     Precision      |       Recall       |         F1         |
+--------------------+--------------------+--------------------+--------------------+
| 0.9452054794520548 | 0.9452054794520548 | 0.9452054794520548 | 0.9452054794520548 |
+--------------------+--------------------+--------------------+--------------------+

Epoch loss:0.061994800409396505

+--------------------+--------------------+--------------------+--------------------+
|      Accuracy      |     Precision      |       Recall       |         F1         |
+--------------------+--------------------+--------------------+--------------------+
| 0.9178082191780822 | 0.9171362109072112 | 0.9178082191780822 | 0.9166415776004817 |
+--------------------+--------------------+--------------------+--------------------+

Epoch loss:0.027700679791598452

+--------------------+--------------------+--------------------+--------------------+
|      Accuracy      |     Precision      |       Recall       |         F1         |
+--------------------+--------------------+--------------------+--------------------+
| 0.7808219178082192 | 0.8731074260994953 | 0.7808219178082192 | 0.7896570032919188 |
+--------------------+--------------------+--------------------+--------------------+

Epoch loss:0.04744484430719584

+--------------------+--------------------+--------------------+--------------------+
|      Accuracy      |     Precision      |       Recall       |         F1         |
+--------------------+--------------------+--------------------+--------------------+
| 0.8767123287671232 | 0.8914918492047734 | 0.8767123287671232 | 0.8798249987751068 |
+--------------------+--------------------+--------------------+--------------------+

Epoch loss:0.022530526091990445

+-------------------+--------------------+-------------------+--------------------+
|      Accuracy     |     Precision      |       Recall      |         F1         |
+-------------------+--------------------+-------------------+--------------------+
| 0.958904109589041 | 0.9598213222156046 | 0.958904109589041 | 0.9591572855915729 |
+-------------------+--------------------+-------------------+--------------------+

Epoch loss:0.050850664413431064

+--------------------+--------------------+--------------------+--------------------+
|      Accuracy      |     Precision      |       Recall       |         F1         |
+--------------------+--------------------+--------------------+--------------------+
| 0.9315068493150684 | 0.9372260273972604 | 0.9315068493150684 | 0.9326550259222948 |
+--------------------+--------------------+--------------------+--------------------+

Epoch loss:0.017892354757202918

+--------------------+--------------------+--------------------+--------------------+
|      Accuracy      |     Precision      |       Recall       |         F1         |
+--------------------+--------------------+--------------------+--------------------+
| 0.8356164383561644 | 0.8936341659951652 | 0.8356164383561644 | 0.8422700587084149 |
+--------------------+--------------------+--------------------+--------------------+

Epoch loss:0.0436813262807649

+--------------------+-------------------+--------------------+--------------------+
|      Accuracy      |     Precision     |       Recall       |         F1         |
+--------------------+-------------------+--------------------+--------------------+
| 0.8082191780821918 | 0.882800608828006 | 0.8082191780821918 | 0.8161098466955813 |
+--------------------+-------------------+--------------------+--------------------+

Epoch loss:0.03038898844671486

+-------------------+--------------------+-------------------+--------------------+
|      Accuracy     |     Precision      |       Recall      |         F1         |
+-------------------+--------------------+-------------------+--------------------+
| 0.958904109589041 | 0.9598213222156046 | 0.958904109589041 | 0.9591572855915729 |
+-------------------+--------------------+-------------------+--------------------+

Epoch loss:0.02694406615370787

+-------------------+--------------------+-------------------+--------------------+
|      Accuracy     |     Precision      |       Recall      |         F1         |
+-------------------+--------------------+-------------------+--------------------+
| 0.958904109589041 | 0.9587786642581164 | 0.958904109589041 | 0.9586257450118616 |
+-------------------+--------------------+-------------------+--------------------+

Epoch loss:0.026383157846548537

+--------------------+--------------------+--------------------+--------------------+
|      Accuracy      |     Precision      |       Recall       |         F1         |
+--------------------+--------------------+--------------------+--------------------+
| 0.9315068493150684 | 0.9372260273972604 | 0.9315068493150684 | 0.9326550259222948 |
+--------------------+--------------------+--------------------+--------------------+

Epoch loss:0.04663844637085473

+--------------------+--------------------+--------------------+--------------------+
|      Accuracy      |     Precision      |       Recall       |         F1         |
+--------------------+--------------------+--------------------+--------------------+
| 0.8904109589041096 | 0.9196347031963469 | 0.8904109589041096 | 0.8941775216913661 |
+--------------------+--------------------+--------------------+--------------------+

Epoch loss:0.021857271083496704

+--------------------+--------------------+--------------------+--------------------+
|      Accuracy      |     Precision      |       Recall       |         F1         |
+--------------------+--------------------+--------------------+--------------------+
| 0.9315068493150684 | 0.9441907661085743 | 0.9315068493150684 | 0.9332361104306148 |
+--------------------+--------------------+--------------------+--------------------+

Epoch loss:0.012856920594286576

+-------------------+--------------------+-------------------+--------------------+
|      Accuracy     |     Precision      |       Recall      |         F1         |
+-------------------+--------------------+-------------------+--------------------+
| 0.726027397260274 | 0.8564905414220483 | 0.726027397260274 | 0.7354243234213165 |
+-------------------+--------------------+-------------------+--------------------+

Epoch loss:0.01757271521681695

+-------------------+--------------------+-------------------+--------------------+
|      Accuracy     |     Precision      |       Recall      |         F1         |
+-------------------+--------------------+-------------------+--------------------+
| 0.958904109589041 | 0.9638356164383561 | 0.958904109589041 | 0.9595930155533771 |
+-------------------+--------------------+-------------------+--------------------+

Epoch loss:0.0386681787033037

+--------------------+--------------------+--------------------+--------------------+
|      Accuracy      |     Precision      |       Recall       |         F1         |
+--------------------+--------------------+--------------------+--------------------+
| 0.8904109589041096 | 0.9091324200913243 | 0.8904109589041096 | 0.8935616438356165 |
+--------------------+--------------------+--------------------+--------------------+

Epoch loss:0.04231415526960149

+--------------------+--------------------+--------------------+-------------------+
|      Accuracy      |     Precision      |       Recall       |         F1        |
+--------------------+--------------------+--------------------+-------------------+
| 0.8767123287671232 | 0.8952054794520548 | 0.8767123287671232 | 0.865859205585233 |
+--------------------+--------------------+--------------------+-------------------+

Epoch loss:0.03155421572056012

+--------------------+-------------------+--------------------+--------------------+
|      Accuracy      |     Precision     |       Recall       |         F1         |
+--------------------+-------------------+--------------------+--------------------+
| 0.9315068493150684 | 0.930992523458277 | 0.9315068493150684 | 0.9310429083531023 |
+--------------------+-------------------+--------------------+--------------------+

Epoch loss:0.04192660493442196

+--------------------+--------------------+--------------------+--------------------+
|      Accuracy      |     Precision      |       Recall       |         F1         |
+--------------------+--------------------+--------------------+--------------------+
| 0.9452054794520548 | 0.9536354056902002 | 0.9452054794520548 | 0.9463703289534992 |
+--------------------+--------------------+--------------------+--------------------+

Epoch loss:0.008981097252770368

+--------------------+--------------------+--------------------+--------------------+
|      Accuracy      |     Precision      |       Recall       |         F1         |
+--------------------+--------------------+--------------------+--------------------+
| 0.9041095890410958 | 0.9272555503070383 | 0.9041095890410958 | 0.9071574989043923 |
+--------------------+--------------------+--------------------+--------------------+

Epoch loss:0.04228345148471141

+--------------------+--------------------+--------------------+--------------------+
|      Accuracy      |     Precision      |       Recall       |         F1         |
+--------------------+--------------------+--------------------+--------------------+
| 0.8767123287671232 | 0.9125055236411842 | 0.8767123287671232 | 0.8812146174305272 |
+--------------------+--------------------+--------------------+--------------------+

Epoch loss:0.008244394506612702

+--------------------+--------------------+--------------------+--------------------+
|      Accuracy      |     Precision      |       Recall       |         F1         |
+--------------------+--------------------+--------------------+--------------------+
| 0.9041095890410958 | 0.9106164383561643 | 0.9041095890410958 | 0.9057170362912129 |
+--------------------+--------------------+--------------------+--------------------+

Epoch loss:0.0042357144389223176

+--------------------+--------------------+--------------------+--------------------+
|      Accuracy      |     Precision      |       Recall       |         F1         |
+--------------------+--------------------+--------------------+--------------------+
| 0.8904109589041096 | 0.9091324200913243 | 0.8904109589041096 | 0.8935616438356165 |
+--------------------+--------------------+--------------------+--------------------+

Epoch loss:0.03650937249873907

+--------------------+--------------------+--------------------+--------------------+
|      Accuracy      |     Precision      |       Recall       |         F1         |
+--------------------+--------------------+--------------------+--------------------+
| 0.9041095890410958 | 0.9178413076566739 | 0.9041095890410958 | 0.9065305546028608 |
+--------------------+--------------------+--------------------+--------------------+

Epoch loss:0.011223051167665265

+--------------------+--------------------+--------------------+--------------------+
|      Accuracy      |     Precision      |       Recall       |         F1         |
+--------------------+--------------------+--------------------+--------------------+
| 0.9315068493150684 | 0.9372260273972604 | 0.9315068493150684 | 0.9326550259222948 |
+--------------------+--------------------+--------------------+--------------------+

Epoch loss:0.027490255297189414

+--------------------+--------------------+--------------------+--------------------+
|      Accuracy      |     Precision      |       Recall       |         F1         |
+--------------------+--------------------+--------------------+--------------------+
| 0.9041095890410958 | 0.9272555503070383 | 0.9041095890410958 | 0.9071574989043923 |
+--------------------+--------------------+--------------------+--------------------+

Epoch loss:0.015977233758379755

+--------------------+--------------------+--------------------+--------------------+
|      Accuracy      |     Precision      |       Recall       |         F1         |
+--------------------+--------------------+--------------------+--------------------+
| 0.9041095890410958 | 0.9178413076566739 | 0.9041095890410958 | 0.9065305546028608 |
+--------------------+--------------------+--------------------+--------------------+

Epoch loss:0.05195245111154058

+--------------------+--------------------+--------------------+--------------------+
|      Accuracy      |     Precision      |       Recall       |         F1         |
+--------------------+--------------------+--------------------+--------------------+
| 0.9041095890410958 | 0.9272555503070383 | 0.9041095890410958 | 0.9071574989043923 |
+--------------------+--------------------+--------------------+--------------------+

Epoch loss:0.024745552640106815

+-------------------+--------------------+-------------------+--------------------+
|      Accuracy     |     Precision      |       Recall      |         F1         |
+-------------------+--------------------+-------------------+--------------------+
| 0.958904109589041 | 0.9638356164383561 | 0.958904109589041 | 0.9595930155533771 |
+-------------------+--------------------+-------------------+--------------------+

Epoch loss:0.01633113889024448

+--------------------+--------------------+--------------------+--------------------+
|      Accuracy      |     Precision      |       Recall       |         F1         |
+--------------------+--------------------+--------------------+--------------------+
| 0.9041095890410958 | 0.9106164383561643 | 0.9041095890410958 | 0.9057170362912129 |
+--------------------+--------------------+--------------------+--------------------+

Epoch loss:0.05072375340212086

+--------------------+--------------------+--------------------+--------------------+
|      Accuracy      |     Precision      |       Recall       |         F1         |
+--------------------+--------------------+--------------------+--------------------+
| 0.9178082191780822 | 0.9271797861130417 | 0.9178082191780822 | 0.9195554934302488 |
+--------------------+--------------------+--------------------+--------------------+

Epoch loss:0.01563916114803674

+-------------------+--------------------+-------------------+--------------------+
|      Accuracy     |     Precision      |       Recall      |         F1         |
+-------------------+--------------------+-------------------+--------------------+
| 0.863013698630137 | 0.8933418286078367 | 0.863013698630137 | 0.8677219021142075 |
+-------------------+--------------------+-------------------+--------------------+

Epoch loss:0.026994357226625208

+--------------------+--------------------+--------------------+--------------------+
|      Accuracy      |     Precision      |       Recall       |         F1         |
+--------------------+--------------------+--------------------+--------------------+
| 0.9452054794520548 | 0.9480710092256082 | 0.9452054794520548 | 0.9458487194758786 |
+--------------------+--------------------+--------------------+--------------------+

Epoch loss:0.027269130915125995

+--------------------+-------------------+--------------------+--------------------+
|      Accuracy      |     Precision     |       Recall       |         F1         |
+--------------------+-------------------+--------------------+--------------------+
| 0.8904109589041096 | 0.895367700072098 | 0.8904109589041096 | 0.8848033325322439 |
+--------------------+-------------------+--------------------+--------------------+

Epoch loss:0.02827481181312068

+--------------------+--------------------+--------------------+--------------------+
|      Accuracy      |     Precision      |       Recall       |         F1         |
+--------------------+--------------------+--------------------+--------------------+
| 0.9178082191780822 | 0.9354207436399216 | 0.9178082191780822 | 0.9201712328767123 |
+--------------------+--------------------+--------------------+--------------------+

Epoch loss:0.002873141981171474

+--------------------+--------------------+--------------------+--------------------+
|      Accuracy      |     Precision      |       Recall       |         F1         |
+--------------------+--------------------+--------------------+--------------------+
| 0.9315068493150684 | 0.9327456819535438 | 0.9315068493150684 | 0.9319288093192881 |
+--------------------+--------------------+--------------------+--------------------+

Epoch loss:0.029354820369008085

+--------------------+--------------------+--------------------+--------------------+
|      Accuracy      |     Precision      |       Recall       |         F1         |
+--------------------+--------------------+--------------------+--------------------+
| 0.9041095890410958 | 0.9178413076566739 | 0.9041095890410958 | 0.9065305546028608 |
+--------------------+--------------------+--------------------+--------------------+

Epoch loss:0.03797930143943364

+--------------------+--------------------+--------------------+--------------------+
|      Accuracy      |     Precision      |       Recall       |         F1         |
+--------------------+--------------------+--------------------+--------------------+
| 0.9178082191780822 | 0.9212561737023577 | 0.9178082191780822 | 0.9187730792138176 |
+--------------------+--------------------+--------------------+--------------------+

Epoch loss:0.021978833136042365

+--------------------+--------------------+--------------------+--------------------+
|      Accuracy      |     Precision      |       Recall       |         F1         |
+--------------------+--------------------+--------------------+--------------------+
| 0.9041095890410958 | 0.9272555503070383 | 0.9041095890410958 | 0.9071574989043923 |
+--------------------+--------------------+--------------------+--------------------+

Epoch loss:0.024502567611073795

+-------------------+--------------------+-------------------+--------------------+
|      Accuracy     |     Precision      |       Recall      |         F1         |
+-------------------+--------------------+-------------------+--------------------+
| 0.821917808219178 | 0.8880626223091975 | 0.821917808219178 | 0.8292194238096395 |
+-------------------+--------------------+-------------------+--------------------+

Epoch loss:0.01078885093466864

+--------------------+--------------------+--------------------+--------------------+
|      Accuracy      |     Precision      |       Recall       |         F1         |
+--------------------+--------------------+--------------------+--------------------+
| 0.9178082191780822 | 0.9354207436399216 | 0.9178082191780822 | 0.9201712328767123 |
+--------------------+--------------------+--------------------+--------------------+

Epoch loss:0.021003777440614844

+--------------------+--------------------+--------------------+--------------------+
|      Accuracy      |     Precision      |       Recall       |         F1         |
+--------------------+--------------------+--------------------+--------------------+
| 0.9315068493150684 | 0.9441907661085743 | 0.9315068493150684 | 0.9332361104306148 |
+--------------------+--------------------+--------------------+--------------------+

Epoch loss:0.0187191134794604

+--------------------+--------------------+--------------------+--------------------+
|      Accuracy      |     Precision      |       Recall       |         F1         |
+--------------------+--------------------+--------------------+--------------------+
| 0.9178082191780822 | 0.9354207436399216 | 0.9178082191780822 | 0.9201712328767123 |
+--------------------+--------------------+--------------------+--------------------+

Epoch loss:0.014447199860447102

+--------------------+--------------------+--------------------+--------------------+
|      Accuracy      |     Precision      |       Recall       |         F1         |
+--------------------+--------------------+--------------------+--------------------+
| 0.9315068493150684 | 0.9441907661085743 | 0.9315068493150684 | 0.9332361104306148 |
+--------------------+--------------------+--------------------+--------------------+

Epoch loss:0.01756810315138612

+--------------------+--------------------+--------------------+--------------------+
|      Accuracy      |     Precision      |       Recall       |         F1         |
+--------------------+--------------------+--------------------+--------------------+
| 0.9452054794520548 | 0.9536354056902002 | 0.9452054794520548 | 0.9463703289534992 |
+--------------------+--------------------+--------------------+--------------------+

Epoch loss:0.042050781814002736

+-------------------+--------------------+-------------------+-------------------+
|      Accuracy     |     Precision      |       Recall      |         F1        |
+-------------------+--------------------+-------------------+-------------------+
| 0.863013698630137 | 0.9058219178082192 | 0.863013698630137 | 0.868252707740498 |
+-------------------+--------------------+-------------------+-------------------+

Epoch loss:0.01970679008264916

+--------------------+--------------------+--------------------+--------------------+
|      Accuracy      |     Precision      |       Recall       |         F1         |
+--------------------+--------------------+--------------------+--------------------+
| 0.9315068493150684 | 0.9327456819535438 | 0.9315068493150684 | 0.9319288093192881 |
+--------------------+--------------------+--------------------+--------------------+

Epoch loss:0.015281327582291693

+--------------------+--------------------+--------------------+--------------------+
|      Accuracy      |     Precision      |       Recall       |         F1         |
+--------------------+--------------------+--------------------+--------------------+
| 0.8904109589041096 | 0.9091324200913243 | 0.8904109589041096 | 0.8935616438356165 |
+--------------------+--------------------+--------------------+--------------------+

Epoch loss:0.01534173478778546

+--------------------+--------------------+--------------------+--------------------+
|      Accuracy      |     Precision      |       Recall       |         F1         |
+--------------------+--------------------+--------------------+--------------------+
| 0.9041095890410958 | 0.9272555503070383 | 0.9041095890410958 | 0.9071574989043923 |
+--------------------+--------------------+--------------------+--------------------+

Epoch loss:0.02271089746607062

+--------------------+--------------------+--------------------+--------------------+
|      Accuracy      |     Precision      |       Recall       |         F1         |
+--------------------+--------------------+--------------------+--------------------+
| 0.8904109589041096 | 0.9091324200913243 | 0.8904109589041096 | 0.8935616438356165 |
+--------------------+--------------------+--------------------+--------------------+

Epoch loss:0.03338577427423941

+--------------------+-------------------+--------------------+-------------------+
|      Accuracy      |     Precision     |       Recall       |         F1        |
+--------------------+-------------------+--------------------+-------------------+
| 0.8767123287671232 | 0.900985528406407 | 0.8767123287671232 | 0.880631070019933 |
+--------------------+-------------------+--------------------+-------------------+

Epoch loss:0.010419960566408107

+--------------------+--------------------+--------------------+--------------------+
|      Accuracy      |     Precision      |       Recall       |         F1         |
+--------------------+--------------------+--------------------+--------------------+
| 0.9452054794520548 | 0.9452054794520548 | 0.9452054794520548 | 0.9452054794520548 |
+--------------------+--------------------+--------------------+--------------------+

Epoch loss:0.04786154348794052

+--------------------+--------------------+--------------------+--------------------+
|      Accuracy      |     Precision      |       Recall       |         F1         |
+--------------------+--------------------+--------------------+--------------------+
| 0.9726027397260274 | 0.9726027397260274 | 0.9726027397260274 | 0.9726027397260274 |
+--------------------+--------------------+--------------------+--------------------+

Epoch loss:0.05809282172735241

+--------------------+-------------------+--------------------+-------------------+
|      Accuracy      |     Precision     |       Recall       |         F1        |
+--------------------+-------------------+--------------------+-------------------+
| 0.8767123287671232 | 0.900985528406407 | 0.8767123287671232 | 0.880631070019933 |
+--------------------+-------------------+--------------------+-------------------+

Epoch loss:0.032404502632206456

+--------------------+--------------------+--------------------+--------------------+
|      Accuracy      |     Precision      |       Recall       |         F1         |
+--------------------+--------------------+--------------------+--------------------+
| 0.9178082191780822 | 0.9271797861130417 | 0.9178082191780822 | 0.9195554934302488 |
+--------------------+--------------------+--------------------+--------------------+

Epoch loss:0.03783144668892493

+--------------------+--------------------+--------------------+--------------------+
|      Accuracy      |     Precision      |       Recall       |         F1         |
+--------------------+--------------------+--------------------+--------------------+
| 0.9178082191780822 | 0.9212561737023577 | 0.9178082191780822 | 0.9187730792138176 |
+--------------------+--------------------+--------------------+--------------------+

Epoch loss:0.004477328452439713

+--------------------+--------------------+--------------------+--------------------+
|      Accuracy      |     Precision      |       Recall       |         F1         |
+--------------------+--------------------+--------------------+--------------------+
| 0.9452054794520548 | 0.9536354056902002 | 0.9452054794520548 | 0.9463703289534992 |
+--------------------+--------------------+--------------------+--------------------+

Epoch loss:0.01140278227439572

+--------------------+--------------------+--------------------+--------------------+
|      Accuracy      |     Precision      |       Recall       |         F1         |
+--------------------+--------------------+--------------------+--------------------+
| 0.9178082191780822 | 0.9354207436399216 | 0.9178082191780822 | 0.9201712328767123 |
+--------------------+--------------------+--------------------+--------------------+

Epoch loss:0.0038709536161383356

+--------------------+--------------------+--------------------+--------------------+
|      Accuracy      |     Precision      |       Recall       |         F1         |
+--------------------+--------------------+--------------------+--------------------+
| 0.9178082191780822 | 0.9171362109072112 | 0.9178082191780822 | 0.9166415776004817 |
+--------------------+--------------------+--------------------+--------------------+

Epoch loss:0.00490902144461026

+--------------------+--------------------+--------------------+--------------------+
|      Accuracy      |     Precision      |       Recall       |         F1         |
+--------------------+--------------------+--------------------+--------------------+
| 0.9178082191780822 | 0.9354207436399216 | 0.9178082191780822 | 0.9201712328767123 |
+--------------------+--------------------+--------------------+--------------------+

Epoch loss:0.012390575374321061

+--------------------+--------------------+--------------------+--------------------+
|      Accuracy      |     Precision      |       Recall       |         F1         |
+--------------------+--------------------+--------------------+--------------------+
| 0.9041095890410958 | 0.9272555503070383 | 0.9041095890410958 | 0.9071574989043923 |
+--------------------+--------------------+--------------------+--------------------+

Epoch loss:0.01695217826306336

+--------------------+--------------------+--------------------+--------------------+
|      Accuracy      |     Precision      |       Recall       |         F1         |
+--------------------+--------------------+--------------------+--------------------+
| 0.8904109589041096 | 0.8903002629030027 | 0.8904109589041096 | 0.8869992246058414 |
+--------------------+--------------------+--------------------+--------------------+

Epoch loss:0.004608453689669424

+--------------------+--------------------+--------------------+--------------------+
|      Accuracy      |     Precision      |       Recall       |         F1         |
+--------------------+--------------------+--------------------+--------------------+
| 0.8904109589041096 | 0.9091324200913243 | 0.8904109589041096 | 0.8935616438356165 |
+--------------------+--------------------+--------------------+--------------------+

Epoch loss:0.020432597336972527

+-------------------+--------------------+-------------------+--------------------+
|      Accuracy     |     Precision      |       Recall      |         F1         |
+-------------------+--------------------+-------------------+--------------------+
| 0.863013698630137 | 0.8933418286078367 | 0.863013698630137 | 0.8677219021142075 |
+-------------------+--------------------+-------------------+--------------------+

Epoch loss:0.053560906577588

+--------------------+--------------------+--------------------+--------------------+
|      Accuracy      |     Precision      |       Recall       |         F1         |
+--------------------+--------------------+--------------------+--------------------+
| 0.8356164383561644 | 0.8670489540193267 | 0.8356164383561644 | 0.8412662825370492 |
+--------------------+--------------------+--------------------+--------------------+

Epoch loss:0.027773362206894837

+--------------------+--------------------+--------------------+--------------------+
|      Accuracy      |     Precision      |       Recall       |         F1         |
+--------------------+--------------------+--------------------+--------------------+
| 0.9041095890410958 | 0.9178413076566739 | 0.9041095890410958 | 0.9065305546028608 |
+--------------------+--------------------+--------------------+--------------------+

Epoch loss:0.00897897588175177

+--------------------+--------------------+--------------------+--------------------+
|      Accuracy      |     Precision      |       Recall       |         F1         |
+--------------------+--------------------+--------------------+--------------------+
| 0.9178082191780822 | 0.9271797861130417 | 0.9178082191780822 | 0.9195554934302488 |
+--------------------+--------------------+--------------------+--------------------+

Epoch loss:0.019522477802301673

+-------------------+--------------------+-------------------+-------------------+
|      Accuracy     |     Precision      |       Recall      |         F1        |
+-------------------+--------------------+-------------------+-------------------+
| 0.863013698630137 | 0.9058219178082192 | 0.863013698630137 | 0.868252707740498 |
+-------------------+--------------------+-------------------+-------------------+

Epoch loss:0.026427003976974835

+--------------------+--------------------+--------------------+--------------------+
|      Accuracy      |     Precision      |       Recall       |         F1         |
+--------------------+--------------------+--------------------+--------------------+
| 0.9041095890410958 | 0.9106164383561643 | 0.9041095890410958 | 0.9057170362912129 |
+--------------------+--------------------+--------------------+--------------------+

Epoch loss:0.00501785557267127

+--------------------+--------------------+--------------------+--------------------+
|      Accuracy      |     Precision      |       Recall       |         F1         |
+--------------------+--------------------+--------------------+--------------------+
| 0.8767123287671232 | 0.9125055236411842 | 0.8767123287671232 | 0.8812146174305272 |
+--------------------+--------------------+--------------------+--------------------+

Epoch loss:0.06235924304237977

+--------------------+--------------------+--------------------+--------------------+
|      Accuracy      |     Precision      |       Recall       |         F1         |
+--------------------+--------------------+--------------------+--------------------+
| 0.8904109589041096 | 0.9091324200913243 | 0.8904109589041096 | 0.8935616438356165 |
+--------------------+--------------------+--------------------+--------------------+

Epoch loss:0.0400652315547211

+--------------------+--------------------+--------------------+--------------------+
|      Accuracy      |     Precision      |       Recall       |         F1         |
+--------------------+--------------------+--------------------+--------------------+
| 0.8904109589041096 | 0.9091324200913243 | 0.8904109589041096 | 0.8935616438356165 |
+--------------------+--------------------+--------------------+--------------------+

Epoch loss:0.013879580531079369

+--------------------+--------------------+--------------------+--------------------+
|      Accuracy      |     Precision      |       Recall       |         F1         |
+--------------------+--------------------+--------------------+--------------------+
| 0.9041095890410958 | 0.9272555503070383 | 0.9041095890410958 | 0.9071574989043923 |
+--------------------+--------------------+--------------------+--------------------+

Epoch loss:0.0008376178381840679

+--------------------+--------------------+--------------------+--------------------+
|      Accuracy      |     Precision      |       Recall       |         F1         |
+--------------------+--------------------+--------------------+--------------------+
| 0.9315068493150684 | 0.9372260273972604 | 0.9315068493150684 | 0.9326550259222948 |
+--------------------+--------------------+--------------------+--------------------+

Epoch loss:0.007129258336251503

+--------------------+--------------------+--------------------+--------------------+
|      Accuracy      |     Precision      |       Recall       |         F1         |
+--------------------+--------------------+--------------------+--------------------+
| 0.9315068493150684 | 0.9441907661085743 | 0.9315068493150684 | 0.9332361104306148 |
+--------------------+--------------------+--------------------+--------------------+

Epoch loss:0.03957996302108619

+--------------------+--------------------+--------------------+--------------------+
|      Accuracy      |     Precision      |       Recall       |         F1         |
+--------------------+--------------------+--------------------+--------------------+
| 0.9178082191780822 | 0.9271797861130417 | 0.9178082191780822 | 0.9195554934302488 |
+--------------------+--------------------+--------------------+--------------------+

Epoch loss:0.041624429785917676

+--------------------+--------------------+--------------------+--------------------+
|      Accuracy      |     Precision      |       Recall       |         F1         |
+--------------------+--------------------+--------------------+--------------------+
| 0.9041095890410958 | 0.9272555503070383 | 0.9041095890410958 | 0.9071574989043923 |
+--------------------+--------------------+--------------------+--------------------+

Epoch loss:0.008906242506180443

+--------------------+--------------------+--------------------+--------------------+
|      Accuracy      |     Precision      |       Recall       |         F1         |
+--------------------+--------------------+--------------------+--------------------+
| 0.8767123287671232 | 0.8785944014294224 | 0.8767123287671232 | 0.8774718567747186 |
+--------------------+--------------------+--------------------+--------------------+

Epoch loss:0.08355081601988115

+-------------------+--------------------+-------------------+--------------------+
|      Accuracy     |     Precision      |       Recall      |         F1         |
+-------------------+--------------------+-------------------+--------------------+
| 0.863013698630137 | 0.8933418286078367 | 0.863013698630137 | 0.8677219021142075 |
+-------------------+--------------------+-------------------+--------------------+

Epoch loss:0.027920177088896814

+--------------------+--------------------+--------------------+--------------------+
|      Accuracy      |     Precision      |       Recall       |         F1         |
+--------------------+--------------------+--------------------+--------------------+
| 0.9315068493150684 | 0.9372260273972604 | 0.9315068493150684 | 0.9326550259222948 |
+--------------------+--------------------+--------------------+--------------------+

Epoch loss:0.002542705583735051

+--------------------+--------------------+--------------------+--------------------+
|      Accuracy      |     Precision      |       Recall       |         F1         |
+--------------------+--------------------+--------------------+--------------------+
| 0.9041095890410958 | 0.9272555503070383 | 0.9041095890410958 | 0.9071574989043923 |
+--------------------+--------------------+--------------------+--------------------+

Epoch loss:0.02480933762592081

+--------------------+--------------------+--------------------+--------------------+
|      Accuracy      |     Precision      |       Recall       |         F1         |
+--------------------+--------------------+--------------------+--------------------+
| 0.9178082191780822 | 0.9178082191780822 | 0.9178082191780822 | 0.9178082191780822 |
+--------------------+--------------------+--------------------+--------------------+

Epoch loss:0.008903960999617502

+--------------------+--------------------+--------------------+--------------------+
|      Accuracy      |     Precision      |       Recall       |         F1         |
+--------------------+--------------------+--------------------+--------------------+
| 0.9452054794520548 | 0.9480710092256082 | 0.9452054794520548 | 0.9458487194758786 |
+--------------------+--------------------+--------------------+--------------------+

Epoch loss:0.02812158603880455

+--------------------+--------------------+--------------------+--------------------+
|      Accuracy      |     Precision      |       Recall       |         F1         |
+--------------------+--------------------+--------------------+--------------------+
| 0.9178082191780822 | 0.9212561737023577 | 0.9178082191780822 | 0.9187730792138176 |
+--------------------+--------------------+--------------------+--------------------+

Epoch loss:0.019856259222358456

+--------------------+--------------------+--------------------+--------------------+
|      Accuracy      |     Precision      |       Recall       |         F1         |
+--------------------+--------------------+--------------------+--------------------+
| 0.7534246575342466 | 0.8452157791739624 | 0.7534246575342466 | 0.7633641287034086 |
+--------------------+--------------------+--------------------+--------------------+

Epoch loss:0.00327006946120457

+--------------------+--------------------+--------------------+--------------------+
|      Accuracy      |     Precision      |       Recall       |         F1         |
+--------------------+--------------------+--------------------+--------------------+
| 0.9315068493150684 | 0.9372260273972604 | 0.9315068493150684 | 0.9326550259222948 |
+--------------------+--------------------+--------------------+--------------------+

Epoch loss:0.016822763271445208

+--------------------+--------------------+--------------------+--------------------+
|      Accuracy      |     Precision      |       Recall       |         F1         |
+--------------------+--------------------+--------------------+--------------------+
| 0.9178082191780822 | 0.9271797861130417 | 0.9178082191780822 | 0.9195554934302488 |
+--------------------+--------------------+--------------------+--------------------+

Epoch loss:0.0015306581832296373

+-------------------+--------------------+-------------------+-------------------+
|      Accuracy     |     Precision      |       Recall      |         F1        |
+-------------------+--------------------+-------------------+-------------------+
| 0.863013698630137 | 0.9058219178082192 | 0.863013698630137 | 0.868252707740498 |
+-------------------+--------------------+-------------------+-------------------+

Epoch loss:0.00963147806920319

+--------------------+--------------------+--------------------+--------------------+
|      Accuracy      |     Precision      |       Recall       |         F1         |
+--------------------+--------------------+--------------------+--------------------+
| 0.9041095890410958 | 0.9272555503070383 | 0.9041095890410958 | 0.9071574989043923 |
+--------------------+--------------------+--------------------+--------------------+

Epoch loss:0.005735363224571655

+--------------------+--------------------+--------------------+--------------------+
|      Accuracy      |     Precision      |       Recall       |         F1         |
+--------------------+--------------------+--------------------+--------------------+
| 0.9178082191780822 | 0.9271797861130417 | 0.9178082191780822 | 0.9195554934302488 |
+--------------------+--------------------+--------------------+--------------------+

Epoch loss:0.006119061038866679

+--------------------+--------------------+--------------------+--------------------+
|      Accuracy      |     Precision      |       Recall       |         F1         |
+--------------------+--------------------+--------------------+--------------------+
| 0.9315068493150684 | 0.9441907661085743 | 0.9315068493150684 | 0.9332361104306148 |
+--------------------+--------------------+--------------------+--------------------+

Epoch loss:0.018769763032334234

+--------------------+--------------------+--------------------+--------------------+
|      Accuracy      |     Precision      |       Recall       |         F1         |
+--------------------+--------------------+--------------------+--------------------+
| 0.9452054794520548 | 0.9480710092256082 | 0.9452054794520548 | 0.9458487194758786 |
+--------------------+--------------------+--------------------+--------------------+

Epoch loss:0.01696448039036531

+--------------------+-------------------+--------------------+-------------------+
|      Accuracy      |     Precision     |       Recall       |         F1        |
+--------------------+-------------------+--------------------+-------------------+
| 0.8767123287671232 | 0.900985528406407 | 0.8767123287671232 | 0.880631070019933 |
+--------------------+-------------------+--------------------+-------------------+

Epoch loss:0.007446320266810391

+-------------------+--------------------+-------------------+--------------------+
|      Accuracy     |     Precision      |       Recall      |         F1         |
+-------------------+--------------------+-------------------+--------------------+
| 0.958904109589041 | 0.9598213222156046 | 0.958904109589041 | 0.9591572855915729 |
+-------------------+--------------------+-------------------+--------------------+

Epoch loss:0.0025543998318101765

+--------------------+--------------------+--------------------+--------------------+
|      Accuracy      |     Precision      |       Recall       |         F1         |
+--------------------+--------------------+--------------------+--------------------+
| 0.9041095890410958 | 0.9178413076566739 | 0.9041095890410958 | 0.9065305546028608 |
+--------------------+--------------------+--------------------+--------------------+

Epoch loss:0.01364978864657291

+--------------------+-------------------+--------------------+-------------------+
|      Accuracy      |     Precision     |       Recall       |         F1        |
+--------------------+-------------------+--------------------+-------------------+
| 0.8767123287671232 | 0.900985528406407 | 0.8767123287671232 | 0.880631070019933 |
+--------------------+-------------------+--------------------+-------------------+

Epoch loss:0.03515605715679169

+--------------------+--------------------+--------------------+--------------------+
|      Accuracy      |     Precision      |       Recall       |         F1         |
+--------------------+--------------------+--------------------+--------------------+
| 0.9315068493150684 | 0.9441907661085743 | 0.9315068493150684 | 0.9332361104306148 |
+--------------------+--------------------+--------------------+--------------------+

Epoch loss:0.0291450977915955

+--------------------+--------------------+--------------------+--------------------+
|      Accuracy      |     Precision      |       Recall       |         F1         |
+--------------------+--------------------+--------------------+--------------------+
| 0.9452054794520548 | 0.9480710092256082 | 0.9452054794520548 | 0.9458487194758786 |
+--------------------+--------------------+--------------------+--------------------+

Epoch loss:0.0035468897699916565

+--------------------+--------------------+--------------------+--------------------+
|      Accuracy      |     Precision      |       Recall       |         F1         |
+--------------------+--------------------+--------------------+--------------------+
| 0.8904109589041096 | 0.9091324200913243 | 0.8904109589041096 | 0.8935616438356165 |
+--------------------+--------------------+--------------------+--------------------+

Epoch loss:0.002009068042288854

+--------------------+--------------------+--------------------+--------------------+
|      Accuracy      |     Precision      |       Recall       |         F1         |
+--------------------+--------------------+--------------------+--------------------+
| 0.8767123287671232 | 0.9125055236411842 | 0.8767123287671232 | 0.8812146174305272 |
+--------------------+--------------------+--------------------+--------------------+

Epoch loss:0.00215626893584675

+--------------------+--------------------+--------------------+--------------------+
|      Accuracy      |     Precision      |       Recall       |         F1         |
+--------------------+--------------------+--------------------+--------------------+
| 0.9178082191780822 | 0.9354207436399216 | 0.9178082191780822 | 0.9201712328767123 |
+--------------------+--------------------+--------------------+--------------------+

Epoch loss:0.012626496065259214

+--------------------+--------------------+--------------------+--------------------+
|      Accuracy      |     Precision      |       Recall       |         F1         |
+--------------------+--------------------+--------------------+--------------------+
| 0.9315068493150684 | 0.9441907661085743 | 0.9315068493150684 | 0.9332361104306148 |
+--------------------+--------------------+--------------------+--------------------+

Epoch loss:0.008323694702545606

+--------------------+--------------------+--------------------+--------------------+
|      Accuracy      |     Precision      |       Recall       |         F1         |
+--------------------+--------------------+--------------------+--------------------+
| 0.9452054794520548 | 0.9480710092256082 | 0.9452054794520548 | 0.9458487194758786 |
+--------------------+--------------------+--------------------+--------------------+

Epoch loss:0.00997784300144211

+--------------------+--------------------+--------------------+--------------------+
|      Accuracy      |     Precision      |       Recall       |         F1         |
+--------------------+--------------------+--------------------+--------------------+
| 0.9041095890410958 | 0.9272555503070383 | 0.9041095890410958 | 0.9071574989043923 |
+--------------------+--------------------+--------------------+--------------------+

Epoch loss:0.01249259112455119

+--------------------+--------------------+--------------------+--------------------+
|      Accuracy      |     Precision      |       Recall       |         F1         |
+--------------------+--------------------+--------------------+--------------------+
| 0.9041095890410958 | 0.9178413076566739 | 0.9041095890410958 | 0.9065305546028608 |
+--------------------+--------------------+--------------------+--------------------+

Epoch loss:0.007247390784809801

+--------------------+--------------------+--------------------+--------------------+
|      Accuracy      |     Precision      |       Recall       |         F1         |
+--------------------+--------------------+--------------------+--------------------+
| 0.8356164383561644 | 0.8936341659951652 | 0.8356164383561644 | 0.8422700587084149 |
+--------------------+--------------------+--------------------+--------------------+

Epoch loss:0.023952192040118687

+--------------------+--------------------+--------------------+--------------------+
|      Accuracy      |     Precision      |       Recall       |         F1         |
+--------------------+--------------------+--------------------+--------------------+
| 0.9726027397260274 | 0.9748858447488583 | 0.9726027397260274 | 0.9729243597379392 |
+--------------------+--------------------+--------------------+--------------------+

Epoch loss:0.004261112801941095

+-------------------+--------------------+-------------------+--------------------+
|      Accuracy     |     Precision      |       Recall      |         F1         |
+-------------------+--------------------+-------------------+--------------------+
| 0.958904109589041 | 0.9598213222156046 | 0.958904109589041 | 0.9591572855915729 |
+-------------------+--------------------+-------------------+--------------------+

Epoch loss:0.01990160853996921

+--------------------+--------------------+--------------------+--------------------+
|      Accuracy      |     Precision      |       Recall       |         F1         |
+--------------------+--------------------+--------------------+--------------------+
| 0.9041095890410958 | 0.9272555503070383 | 0.9041095890410958 | 0.9071574989043923 |
+--------------------+--------------------+--------------------+--------------------+

Epoch loss:0.015089368601802725

+-------------------+--------------------+-------------------+--------------------+
|      Accuracy     |     Precision      |       Recall      |         F1         |
+-------------------+--------------------+-------------------+--------------------+
| 0.958904109589041 | 0.9598213222156046 | 0.958904109589041 | 0.9591572855915729 |
+-------------------+--------------------+-------------------+--------------------+

Epoch loss:0.024476186483478594

+--------------------+--------------------+--------------------+--------------------+
|      Accuracy      |     Precision      |       Recall       |         F1         |
+--------------------+--------------------+--------------------+--------------------+
| 0.9178082191780822 | 0.9271797861130417 | 0.9178082191780822 | 0.9195554934302488 |
+--------------------+--------------------+--------------------+--------------------+

Epoch loss:0.015379396191131687

+--------------------+--------------------+--------------------+--------------------+
|      Accuracy      |     Precision      |       Recall       |         F1         |
+--------------------+--------------------+--------------------+--------------------+
| 0.8767123287671232 | 0.9125055236411842 | 0.8767123287671232 | 0.8812146174305272 |
+--------------------+--------------------+--------------------+--------------------+

Epoch loss:0.0012395841879244995

+--------------------+--------------------+--------------------+--------------------+
|      Accuracy      |     Precision      |       Recall       |         F1         |
+--------------------+--------------------+--------------------+--------------------+
| 0.9178082191780822 | 0.9271797861130417 | 0.9178082191780822 | 0.9195554934302488 |
+--------------------+--------------------+--------------------+--------------------+

Epoch loss:0.0471643861644364

+--------------------+--------------------+--------------------+--------------------+
|      Accuracy      |     Precision      |       Recall       |         F1         |
+--------------------+--------------------+--------------------+--------------------+
| 0.9315068493150684 | 0.9372260273972604 | 0.9315068493150684 | 0.9326550259222948 |
+--------------------+--------------------+--------------------+--------------------+

Epoch loss:0.008371501809185559

+--------------------+--------------------+--------------------+--------------------+
|      Accuracy      |     Precision      |       Recall       |         F1         |
+--------------------+--------------------+--------------------+--------------------+
| 0.8356164383561644 | 0.8936341659951652 | 0.8356164383561644 | 0.8422700587084149 |
+--------------------+--------------------+--------------------+--------------------+

Epoch loss:0.02041366160052164

+--------------------+--------------------+--------------------+--------------------+
|      Accuracy      |     Precision      |       Recall       |         F1         |
+--------------------+--------------------+--------------------+--------------------+
| 0.9452054794520548 | 0.9480710092256082 | 0.9452054794520548 | 0.9458487194758786 |
+--------------------+--------------------+--------------------+--------------------+

Epoch loss:0.011981470423471764

+--------------------+--------------------+--------------------+--------------------+
|      Accuracy      |     Precision      |       Recall       |         F1         |
+--------------------+--------------------+--------------------+--------------------+
| 0.9178082191780822 | 0.9171362109072112 | 0.9178082191780822 | 0.9166415776004817 |
+--------------------+--------------------+--------------------+--------------------+

Epoch loss:0.007590396157121759

+--------------------+--------------------+--------------------+--------------------+
|      Accuracy      |     Precision      |       Recall       |         F1         |
+--------------------+--------------------+--------------------+--------------------+
| 0.9178082191780822 | 0.9354207436399216 | 0.9178082191780822 | 0.9201712328767123 |
+--------------------+--------------------+--------------------+--------------------+

Epoch loss:0.03414950892553647

+-------------------+--------------------+-------------------+--------------------+
|      Accuracy     |     Precision      |       Recall      |         F1         |
+-------------------+--------------------+-------------------+--------------------+
| 0.821917808219178 | 0.8880626223091975 | 0.821917808219178 | 0.8292194238096395 |
+-------------------+--------------------+-------------------+--------------------+

Epoch loss:0.017706982795013756

+--------------------+--------------------+--------------------+--------------------+
|      Accuracy      |     Precision      |       Recall       |         F1         |
+--------------------+--------------------+--------------------+--------------------+
| 0.9041095890410958 | 0.9272555503070383 | 0.9041095890410958 | 0.9071574989043923 |
+--------------------+--------------------+--------------------+--------------------+

Epoch loss:0.007586473085371373

+--------------------+--------------------+--------------------+--------------------+
|      Accuracy      |     Precision      |       Recall       |         F1         |
+--------------------+--------------------+--------------------+--------------------+
| 0.9178082191780822 | 0.9271797861130417 | 0.9178082191780822 | 0.9195554934302488 |
+--------------------+--------------------+--------------------+--------------------+

Epoch loss:0.023397074758248496

+--------------------+--------------------+--------------------+--------------------+
|      Accuracy      |     Precision      |       Recall       |         F1         |
+--------------------+--------------------+--------------------+--------------------+
| 0.8767123287671232 | 0.9125055236411842 | 0.8767123287671232 | 0.8812146174305272 |
+--------------------+--------------------+--------------------+--------------------+

Epoch loss:0.0018375218216627254

+--------------------+-------------------+--------------------+--------------------+
|      Accuracy      |     Precision     |       Recall       |         F1         |
+--------------------+-------------------+--------------------+--------------------+
| 0.9041095890410958 | 0.905670041691483 | 0.9041095890410958 | 0.9047003330470034 |
+--------------------+-------------------+--------------------+--------------------+

Epoch loss:0.0038076695316662484

+--------------------+--------------------+--------------------+--------------------+
|      Accuracy      |     Precision      |       Recall       |         F1         |
+--------------------+--------------------+--------------------+--------------------+
| 0.9452054794520548 | 0.9480710092256082 | 0.9452054794520548 | 0.9458487194758786 |
+--------------------+--------------------+--------------------+--------------------+

Epoch loss:0.002390185194847992

+--------------------+--------------------+--------------------+--------------------+
|      Accuracy      |     Precision      |       Recall       |         F1         |
+--------------------+--------------------+--------------------+--------------------+
| 0.9178082191780822 | 0.9354207436399216 | 0.9178082191780822 | 0.9201712328767123 |
+--------------------+--------------------+--------------------+--------------------+

Epoch loss:0.0006619049685386996

+--------------------+-------------------+--------------------+-------------------+
|      Accuracy      |     Precision     |       Recall       |         F1        |
+--------------------+-------------------+--------------------+-------------------+
| 0.8767123287671232 | 0.900985528406407 | 0.8767123287671232 | 0.880631070019933 |
+--------------------+-------------------+--------------------+-------------------+

Epoch loss:0.004850381325864821

+-------------------+--------------------+-------------------+-------------------+
|      Accuracy     |     Precision      |       Recall      |         F1        |
+-------------------+--------------------+-------------------+-------------------+
| 0.863013698630137 | 0.9058219178082192 | 0.863013698630137 | 0.868252707740498 |
+-------------------+--------------------+-------------------+-------------------+

Epoch loss:0.003522000420888628

+--------------------+--------------------+--------------------+--------------------+
|      Accuracy      |     Precision      |       Recall       |         F1         |
+--------------------+--------------------+--------------------+--------------------+
| 0.9452054794520548 | 0.9480710092256082 | 0.9452054794520548 | 0.9458487194758786 |
+--------------------+--------------------+--------------------+--------------------+

Epoch loss:0.0005742859780383157

+--------------------+--------------------+--------------------+--------------------+
|      Accuracy      |     Precision      |       Recall       |         F1         |
+--------------------+--------------------+--------------------+--------------------+
| 0.8904109589041096 | 0.9196347031963469 | 0.8904109589041096 | 0.8941775216913661 |
+--------------------+--------------------+--------------------+--------------------+

Epoch loss:0.008614545148262077

+--------------------+--------------------+--------------------+--------------------+
|      Accuracy      |     Precision      |       Recall       |         F1         |
+--------------------+--------------------+--------------------+--------------------+
| 0.9178082191780822 | 0.9212561737023577 | 0.9178082191780822 | 0.9187730792138176 |
+--------------------+--------------------+--------------------+--------------------+

Epoch loss:0.02261223072493263

+--------------------+--------------------+--------------------+--------------------+
|      Accuracy      |     Precision      |       Recall       |         F1         |
+--------------------+--------------------+--------------------+--------------------+
| 0.9178082191780822 | 0.9271797861130417 | 0.9178082191780822 | 0.9195554934302488 |
+--------------------+--------------------+--------------------+--------------------+

Epoch loss:0.011000840427963607

+--------------------+--------------------+--------------------+--------------------+
|      Accuracy      |     Precision      |       Recall       |         F1         |
+--------------------+--------------------+--------------------+--------------------+
| 0.9178082191780822 | 0.9271797861130417 | 0.9178082191780822 | 0.9195554934302488 |
+--------------------+--------------------+--------------------+--------------------+

Epoch loss:0.01408944738954595

+--------------------+--------------------+--------------------+--------------------+
|      Accuracy      |     Precision      |       Recall       |         F1         |
+--------------------+--------------------+--------------------+--------------------+
| 0.8904109589041096 | 0.9091324200913243 | 0.8904109589041096 | 0.8935616438356165 |
+--------------------+--------------------+--------------------+--------------------+

Epoch loss:0.020060856076515

+--------------------+--------------------+--------------------+--------------------+
|      Accuracy      |     Precision      |       Recall       |         F1         |
+--------------------+--------------------+--------------------+--------------------+
| 0.9452054794520548 | 0.9452054794520548 | 0.9452054794520548 | 0.9452054794520548 |
+--------------------+--------------------+--------------------+--------------------+

Epoch loss:0.01269079562567209

+--------------------+--------------------+--------------------+--------------------+
|      Accuracy      |     Precision      |       Recall       |         F1         |
+--------------------+--------------------+--------------------+--------------------+
| 0.9178082191780822 | 0.9271797861130417 | 0.9178082191780822 | 0.9195554934302488 |
+--------------------+--------------------+--------------------+--------------------+

Epoch loss:0.04503997399738419

+--------------------+--------------------+--------------------+--------------------+
|      Accuracy      |     Precision      |       Recall       |         F1         |
+--------------------+--------------------+--------------------+--------------------+
| 0.9041095890410958 | 0.9178413076566739 | 0.9041095890410958 | 0.9065305546028608 |
+--------------------+--------------------+--------------------+--------------------+

Epoch loss:0.007439781929261295

+--------------------+--------------------+--------------------+--------------------+
|      Accuracy      |     Precision      |       Recall       |         F1         |
+--------------------+--------------------+--------------------+--------------------+
| 0.9315068493150684 | 0.9441907661085743 | 0.9315068493150684 | 0.9332361104306148 |
+--------------------+--------------------+--------------------+--------------------+

Epoch loss:0.0023831089258257044

+--------------------+--------------------+--------------------+--------------------+
|      Accuracy      |     Precision      |       Recall       |         F1         |
+--------------------+--------------------+--------------------+--------------------+
| 0.8493150684931506 | 0.8995433789954339 | 0.8493150684931506 | 0.8552762306186964 |
+--------------------+--------------------+--------------------+--------------------+

Epoch loss:0.0032846043164666923

+--------------------+--------------------+--------------------+--------------------+
|      Accuracy      |     Precision      |       Recall       |         F1         |
+--------------------+--------------------+--------------------+--------------------+
| 0.8493150684931506 | 0.8861498642762451 | 0.8493150684931506 | 0.8548178657484222 |
+--------------------+--------------------+--------------------+--------------------+

Epoch loss:0.002853020719913299

+--------------------+--------------------+--------------------+--------------------+
|      Accuracy      |     Precision      |       Recall       |         F1         |
+--------------------+--------------------+--------------------+--------------------+
| 0.8904109589041096 | 0.9007241665358833 | 0.8904109589041096 | 0.8927406579069985 |
+--------------------+--------------------+--------------------+--------------------+

Epoch loss:0.010362517282666576

+--------------------+--------------------+--------------------+--------------------+
|      Accuracy      |     Precision      |       Recall       |         F1         |
+--------------------+--------------------+--------------------+--------------------+
| 0.9041095890410958 | 0.9272555503070383 | 0.9041095890410958 | 0.9071574989043923 |
+--------------------+--------------------+--------------------+--------------------+

Epoch loss:0.018665389489940724

+--------------------+--------------------+--------------------+--------------------+
|      Accuracy      |     Precision      |       Recall       |         F1         |
+--------------------+--------------------+--------------------+--------------------+
| 0.9178082191780822 | 0.9271797861130417 | 0.9178082191780822 | 0.9195554934302488 |
+--------------------+--------------------+--------------------+--------------------+

Epoch loss:0.0034097369050240236

+--------------------+--------------------+--------------------+--------------------+
|      Accuracy      |     Precision      |       Recall       |         F1         |
+--------------------+--------------------+--------------------+--------------------+
| 0.9178082191780822 | 0.9271797861130417 | 0.9178082191780822 | 0.9195554934302488 |
+--------------------+--------------------+--------------------+--------------------+

Epoch loss:0.03623402208563284

+--------------------+--------------------+--------------------+--------------------+
|      Accuracy      |     Precision      |       Recall       |         F1         |
+--------------------+--------------------+--------------------+--------------------+
| 0.9452054794520548 | 0.9536354056902002 | 0.9452054794520548 | 0.9463703289534992 |
+--------------------+--------------------+--------------------+--------------------+

Epoch loss:0.0010828572033383867

+--------------------+--------------------+--------------------+--------------------+
|      Accuracy      |     Precision      |       Recall       |         F1         |
+--------------------+--------------------+--------------------+--------------------+
| 0.9452054794520548 | 0.9480710092256082 | 0.9452054794520548 | 0.9458487194758786 |
+--------------------+--------------------+--------------------+--------------------+

Epoch loss:0.006680692208225071

+--------------------+--------------------+--------------------+--------------------+
|      Accuracy      |     Precision      |       Recall       |         F1         |
+--------------------+--------------------+--------------------+--------------------+
| 0.9178082191780822 | 0.9354207436399216 | 0.9178082191780822 | 0.9201712328767123 |
+--------------------+--------------------+--------------------+--------------------+

Epoch loss:3.7443536454193744e-05

+--------------------+--------------------+--------------------+--------------------+
|      Accuracy      |     Precision      |       Recall       |         F1         |
+--------------------+--------------------+--------------------+--------------------+
| 0.9315068493150684 | 0.9441907661085743 | 0.9315068493150684 | 0.9332361104306148 |
+--------------------+--------------------+--------------------+--------------------+

Epoch loss:0.005231085036605557

+--------------------+--------------------+--------------------+--------------------+
|      Accuracy      |     Precision      |       Recall       |         F1         |
+--------------------+--------------------+--------------------+--------------------+
| 0.9041095890410958 | 0.9272555503070383 | 0.9041095890410958 | 0.9071574989043923 |
+--------------------+--------------------+--------------------+--------------------+

Epoch loss:0.006738084348261439

+--------------------+--------------------+--------------------+--------------------+
|      Accuracy      |     Precision      |       Recall       |         F1         |
+--------------------+--------------------+--------------------+--------------------+
| 0.9315068493150684 | 0.9441907661085743 | 0.9315068493150684 | 0.9332361104306148 |
+--------------------+--------------------+--------------------+--------------------+

Epoch loss:0.0071423694364022685

+--------------------+--------------------+--------------------+--------------------+
|      Accuracy      |     Precision      |       Recall       |         F1         |
+--------------------+--------------------+--------------------+--------------------+
| 0.9178082191780822 | 0.9271797861130417 | 0.9178082191780822 | 0.9195554934302488 |
+--------------------+--------------------+--------------------+--------------------+

Epoch loss:0.004625174544334073

+--------------------+--------------------+--------------------+--------------------+
|      Accuracy      |     Precision      |       Recall       |         F1         |
+--------------------+--------------------+--------------------+--------------------+
| 0.9178082191780822 | 0.9354207436399216 | 0.9178082191780822 | 0.9201712328767123 |
+--------------------+--------------------+--------------------+--------------------+

Epoch loss:0.004117086331799461

+--------------------+--------------------+--------------------+--------------------+
|      Accuracy      |     Precision      |       Recall       |         F1         |
+--------------------+--------------------+--------------------+--------------------+
| 0.9452054794520548 | 0.9536354056902002 | 0.9452054794520548 | 0.9463703289534992 |
+--------------------+--------------------+--------------------+--------------------+

Epoch loss:0.00561423097803374

+--------------------+--------------------+--------------------+--------------------+
|      Accuracy      |     Precision      |       Recall       |         F1         |
+--------------------+--------------------+--------------------+--------------------+
| 0.9315068493150684 | 0.9441907661085743 | 0.9315068493150684 | 0.9332361104306148 |
+--------------------+--------------------+--------------------+--------------------+

Epoch loss:0.0002499060825965777

+-------------------+--------------------+-------------------+--------------------+
|      Accuracy     |     Precision      |       Recall      |         F1         |
+-------------------+--------------------+-------------------+--------------------+
| 0.958904109589041 | 0.9638356164383561 | 0.958904109589041 | 0.9595930155533771 |
+-------------------+--------------------+-------------------+--------------------+

Epoch loss:0.011187059429198329

+--------------------+--------------------+--------------------+--------------------+
|      Accuracy      |     Precision      |       Recall       |         F1         |
+--------------------+--------------------+--------------------+--------------------+
| 0.9178082191780822 | 0.9354207436399216 | 0.9178082191780822 | 0.9201712328767123 |
+--------------------+--------------------+--------------------+--------------------+

Epoch loss:0.025608787571589558

+--------------------+--------------------+--------------------+--------------------+
|      Accuracy      |     Precision      |       Recall       |         F1         |
+--------------------+--------------------+--------------------+--------------------+
| 0.9041095890410958 | 0.9272555503070383 | 0.9041095890410958 | 0.9071574989043923 |
+--------------------+--------------------+--------------------+--------------------+

Epoch loss:0.015269112446781221

+--------------------+--------------------+--------------------+--------------------+
|      Accuracy      |     Precision      |       Recall       |         F1         |
+--------------------+--------------------+--------------------+--------------------+
| 0.8767123287671232 | 0.9125055236411842 | 0.8767123287671232 | 0.8812146174305272 |
+--------------------+--------------------+--------------------+--------------------+

Epoch loss:0.13548624706642257

+--------------------+--------------------+--------------------+--------------------+
|      Accuracy      |     Precision      |       Recall       |         F1         |
+--------------------+--------------------+--------------------+--------------------+
| 0.8904109589041096 | 0.8944413381791071 | 0.8904109589041096 | 0.8916974389517571 |
+--------------------+--------------------+--------------------+--------------------+

Epoch loss:0.00011066998937057813

+--------------------+--------------------+--------------------+--------------------+
|      Accuracy      |     Precision      |       Recall       |         F1         |
+--------------------+--------------------+--------------------+--------------------+
| 0.9178082191780822 | 0.9212561737023577 | 0.9178082191780822 | 0.9187730792138176 |
+--------------------+--------------------+--------------------+--------------------+

Epoch loss:2.782261744787078e-05

+--------------------+--------------------+--------------------+--------------------+
|      Accuracy      |     Precision      |       Recall       |         F1         |
+--------------------+--------------------+--------------------+--------------------+
| 0.9041095890410958 | 0.9272555503070383 | 0.9041095890410958 | 0.9071574989043923 |
+--------------------+--------------------+--------------------+--------------------+

Epoch loss:6.32688857734628e-06

+-------------------+--------------------+-------------------+-------------------+
|      Accuracy     |     Precision      |       Recall      |         F1        |
+-------------------+--------------------+-------------------+-------------------+
| 0.863013698630137 | 0.9058219178082192 | 0.863013698630137 | 0.868252707740498 |
+-------------------+--------------------+-------------------+-------------------+

Epoch loss:0.008644617738534865

+--------------------+--------------------+--------------------+--------------------+
|      Accuracy      |     Precision      |       Recall       |         F1         |
+--------------------+--------------------+--------------------+--------------------+
| 0.9178082191780822 | 0.9271797861130417 | 0.9178082191780822 | 0.9195554934302488 |
+--------------------+--------------------+--------------------+--------------------+

Epoch loss:0.00015903312485697973

+--------------------+--------------------+--------------------+--------------------+
|      Accuracy      |     Precision      |       Recall       |         F1         |
+--------------------+--------------------+--------------------+--------------------+
| 0.9041095890410958 | 0.9106164383561643 | 0.9041095890410958 | 0.9057170362912129 |
+--------------------+--------------------+--------------------+--------------------+

Epoch loss:0.007225518827484676

+--------------------+--------------------+--------------------+--------------------+
|      Accuracy      |     Precision      |       Recall       |         F1         |
+--------------------+--------------------+--------------------+--------------------+
| 0.8904109589041096 | 0.9196347031963469 | 0.8904109589041096 | 0.8941775216913661 |
+--------------------+--------------------+--------------------+--------------------+

Epoch loss:1.2698818396467888e-06

+--------------------+-------------------+--------------------+-------------------+
|      Accuracy      |     Precision     |       Recall       |         F1        |
+--------------------+-------------------+--------------------+-------------------+
| 0.8767123287671232 | 0.900985528406407 | 0.8767123287671232 | 0.880631070019933 |
+--------------------+-------------------+--------------------+-------------------+

Epoch loss:0.009514575931935972

+--------------------+--------------------+--------------------+--------------------+
|      Accuracy      |     Precision      |       Recall       |         F1         |
+--------------------+--------------------+--------------------+--------------------+
| 0.8904109589041096 | 0.8944413381791071 | 0.8904109589041096 | 0.8916974389517571 |
+--------------------+--------------------+--------------------+--------------------+

Epoch loss:0.0056998068316701424

+--------------------+--------------------+--------------------+--------------------+
|      Accuracy      |     Precision      |       Recall       |         F1         |
+--------------------+--------------------+--------------------+--------------------+
| 0.9315068493150684 | 0.9372260273972604 | 0.9315068493150684 | 0.9326550259222948 |
+--------------------+--------------------+--------------------+--------------------+

Epoch loss:0.00011607629412121786

+--------------------+--------------------+--------------------+--------------------+
|      Accuracy      |     Precision      |       Recall       |         F1         |
+--------------------+--------------------+--------------------+--------------------+
| 0.9041095890410958 | 0.9106164383561643 | 0.9041095890410958 | 0.9057170362912129 |
+--------------------+--------------------+--------------------+--------------------+

Epoch loss:0.009408519776374889

+--------------------+--------------------+--------------------+--------------------+
|      Accuracy      |     Precision      |       Recall       |         F1         |
+--------------------+--------------------+--------------------+--------------------+
| 0.9041095890410958 | 0.9272555503070383 | 0.9041095890410958 | 0.9071574989043923 |
+--------------------+--------------------+--------------------+--------------------+

Epoch loss:0.019300476106979193

+--------------------+--------------------+--------------------+--------------------+
|      Accuracy      |     Precision      |       Recall       |         F1         |
+--------------------+--------------------+--------------------+--------------------+
| 0.9178082191780822 | 0.9354207436399216 | 0.9178082191780822 | 0.9201712328767123 |
+--------------------+--------------------+--------------------+--------------------+

Epoch loss:0.00042320152736213964

+--------------------+--------------------+--------------------+--------------------+
|      Accuracy      |     Precision      |       Recall       |         F1         |
+--------------------+--------------------+--------------------+--------------------+
| 0.8493150684931506 | 0.8995433789954339 | 0.8493150684931506 | 0.8552762306186964 |
+--------------------+--------------------+--------------------+--------------------+

Epoch loss:0.0008439456397624283

+--------------------+--------------------+--------------------+--------------------+
|      Accuracy      |     Precision      |       Recall       |         F1         |
+--------------------+--------------------+--------------------+--------------------+
| 0.9178082191780822 | 0.9354207436399216 | 0.9178082191780822 | 0.9201712328767123 |
+--------------------+--------------------+--------------------+--------------------+

Epoch loss:0.0037095959019025895

+--------------------+--------------------+--------------------+--------------------+
|      Accuracy      |     Precision      |       Recall       |         F1         |
+--------------------+--------------------+--------------------+--------------------+
| 0.9178082191780822 | 0.9354207436399216 | 0.9178082191780822 | 0.9201712328767123 |
+--------------------+--------------------+--------------------+--------------------+

Epoch loss:1.1015139212167424e-05

+--------------------+--------------------+--------------------+--------------------+
|      Accuracy      |     Precision      |       Recall       |         F1         |
+--------------------+--------------------+--------------------+--------------------+
| 0.9178082191780822 | 0.9354207436399216 | 0.9178082191780822 | 0.9201712328767123 |
+--------------------+--------------------+--------------------+--------------------+

Epoch loss:0.0013938765845573332

+--------------------+-------------------+--------------------+--------------------+
|      Accuracy      |     Precision     |       Recall       |         F1         |
+--------------------+-------------------+--------------------+--------------------+
| 0.9041095890410958 | 0.905670041691483 | 0.9041095890410958 | 0.9047003330470034 |
+--------------------+-------------------+--------------------+--------------------+

Epoch loss:9.667823900393845e-06

+--------------------+--------------------+--------------------+--------------------+
|      Accuracy      |     Precision      |       Recall       |         F1         |
+--------------------+--------------------+--------------------+--------------------+
| 0.9315068493150684 | 0.9441907661085743 | 0.9315068493150684 | 0.9332361104306148 |
+--------------------+--------------------+--------------------+--------------------+

Epoch loss:0.0007274570538059196

+--------------------+--------------------+--------------------+--------------------+
|      Accuracy      |     Precision      |       Recall       |         F1         |
+--------------------+--------------------+--------------------+--------------------+
| 0.9178082191780822 | 0.9354207436399216 | 0.9178082191780822 | 0.9201712328767123 |
+--------------------+--------------------+--------------------+--------------------+

Epoch loss:0.00010114131033063485

+--------------------+--------------------+--------------------+--------------------+
|      Accuracy      |     Precision      |       Recall       |         F1         |
+--------------------+--------------------+--------------------+--------------------+
| 0.9315068493150684 | 0.9441907661085743 | 0.9315068493150684 | 0.9332361104306148 |
+--------------------+--------------------+--------------------+--------------------+

Epoch loss:2.7911510774708397e-07

+--------------------+--------------------+--------------------+--------------------+
|      Accuracy      |     Precision      |       Recall       |         F1         |
+--------------------+--------------------+--------------------+--------------------+
| 0.9315068493150684 | 0.9372260273972604 | 0.9315068493150684 | 0.9326550259222948 |
+--------------------+--------------------+--------------------+--------------------+

Epoch loss:0.019526783199417194

+--------------------+--------------------+--------------------+--------------------+
|      Accuracy      |     Precision      |       Recall       |         F1         |
+--------------------+--------------------+--------------------+--------------------+
| 0.8904109589041096 | 0.9196347031963469 | 0.8904109589041096 | 0.8941775216913661 |
+--------------------+--------------------+--------------------+--------------------+

Epoch loss:0.007180414075618827

+--------------------+--------------------+--------------------+--------------------+
|      Accuracy      |     Precision      |       Recall       |         F1         |
+--------------------+--------------------+--------------------+--------------------+
| 0.9315068493150684 | 0.9441907661085743 | 0.9315068493150684 | 0.9332361104306148 |
+--------------------+--------------------+--------------------+--------------------+

Epoch loss:0.011506171165993005

+--------------------+--------------------+--------------------+--------------------+
|      Accuracy      |     Precision      |       Recall       |         F1         |
+--------------------+--------------------+--------------------+--------------------+
| 0.9315068493150684 | 0.9372260273972604 | 0.9315068493150684 | 0.9326550259222948 |
+--------------------+--------------------+--------------------+--------------------+

Epoch loss:0.00945812819588429

+--------------------+--------------------+--------------------+--------------------+
|      Accuracy      |     Precision      |       Recall       |         F1         |
+--------------------+--------------------+--------------------+--------------------+
| 0.9041095890410958 | 0.9178413076566739 | 0.9041095890410958 | 0.9065305546028608 |
+--------------------+--------------------+--------------------+--------------------+

Epoch loss:1.177358602114023e-05

+--------------------+--------------------+--------------------+--------------------+
|      Accuracy      |     Precision      |       Recall       |         F1         |
+--------------------+--------------------+--------------------+--------------------+
| 0.9178082191780822 | 0.9354207436399216 | 0.9178082191780822 | 0.9201712328767123 |
+--------------------+--------------------+--------------------+--------------------+

Epoch loss:9.459392635540847e-05

+--------------------+--------------------+--------------------+--------------------+
|      Accuracy      |     Precision      |       Recall       |         F1         |
+--------------------+--------------------+--------------------+--------------------+
| 0.9315068493150684 | 0.9441907661085743 | 0.9315068493150684 | 0.9332361104306148 |
+--------------------+--------------------+--------------------+--------------------+

Epoch loss:0.0022408958817238525

+--------------------+--------------------+--------------------+--------------------+
|      Accuracy      |     Precision      |       Recall       |         F1         |
+--------------------+--------------------+--------------------+--------------------+
| 0.9315068493150684 | 0.9372260273972604 | 0.9315068493150684 | 0.9326550259222948 |
+--------------------+--------------------+--------------------+--------------------+

Epoch loss:2.206244697312055e-06

+--------------------+--------------------+--------------------+--------------------+
|      Accuracy      |     Precision      |       Recall       |         F1         |
+--------------------+--------------------+--------------------+--------------------+
| 0.9315068493150684 | 0.9372260273972604 | 0.9315068493150684 | 0.9326550259222948 |
+--------------------+--------------------+--------------------+--------------------+

Epoch loss:2.924334265924494e-06

+--------------------+--------------------+--------------------+--------------------+
|      Accuracy      |     Precision      |       Recall       |         F1         |
+--------------------+--------------------+--------------------+--------------------+
| 0.9178082191780822 | 0.9354207436399216 | 0.9178082191780822 | 0.9201712328767123 |
+--------------------+--------------------+--------------------+--------------------+

Epoch loss:0.1078933111423042

+--------------------+--------------------+--------------------+--------------------+
|      Accuracy      |     Precision      |       Recall       |         F1         |
+--------------------+--------------------+--------------------+--------------------+
| 0.8493150684931506 | 0.8995433789954339 | 0.8493150684931506 | 0.8552762306186964 |
+--------------------+--------------------+--------------------+--------------------+

Epoch loss:0.0008218195161380046

+-------------------+--------------------+-------------------+--------------------+
|      Accuracy     |     Precision      |       Recall      |         F1         |
+-------------------+--------------------+-------------------+--------------------+
| 0.958904109589041 | 0.9638356164383561 | 0.958904109589041 | 0.9595930155533771 |
+-------------------+--------------------+-------------------+--------------------+

Epoch loss:0.03562627090283839

+-------------------+--------------------+-------------------+--------------------+
|      Accuracy     |     Precision      |       Recall      |         F1         |
+-------------------+--------------------+-------------------+--------------------+
| 0.958904109589041 | 0.9638356164383561 | 0.958904109589041 | 0.9595930155533771 |
+-------------------+--------------------+-------------------+--------------------+

Epoch loss:0.007838435415398654

+--------------------+--------------------+--------------------+--------------------+
|      Accuracy      |     Precision      |       Recall       |         F1         |
+--------------------+--------------------+--------------------+--------------------+
| 0.9178082191780822 | 0.9354207436399216 | 0.9178082191780822 | 0.9201712328767123 |
+--------------------+--------------------+--------------------+--------------------+

Epoch loss:3.833172171790872e-05

+--------------------+--------------------+--------------------+--------------------+
|      Accuracy      |     Precision      |       Recall       |         F1         |
+--------------------+--------------------+--------------------+--------------------+
| 0.9041095890410958 | 0.9272555503070383 | 0.9041095890410958 | 0.9071574989043923 |
+--------------------+--------------------+--------------------+--------------------+

Epoch loss:8.074763146414487e-08

+--------------------+--------------------+--------------------+--------------------+
|      Accuracy      |     Precision      |       Recall       |         F1         |
+--------------------+--------------------+--------------------+--------------------+
| 0.9315068493150684 | 0.9441907661085743 | 0.9315068493150684 | 0.9332361104306148 |
+--------------------+--------------------+--------------------+--------------------+

Epoch loss:1.0719477245666284e-06

+--------------------+--------------------+--------------------+--------------------+
|      Accuracy      |     Precision      |       Recall       |         F1         |
+--------------------+--------------------+--------------------+--------------------+
| 0.9041095890410958 | 0.9272555503070383 | 0.9041095890410958 | 0.9071574989043923 |
+--------------------+--------------------+--------------------+--------------------+

Epoch loss:0.016795720620827643

+--------------------+--------------------+--------------------+--------------------+
|      Accuracy      |     Precision      |       Recall       |         F1         |
+--------------------+--------------------+--------------------+--------------------+
| 0.9315068493150684 | 0.9372260273972604 | 0.9315068493150684 | 0.9326550259222948 |
+--------------------+--------------------+--------------------+--------------------+

Epoch loss:0.0001829990041830358

+-------------------+--------------------+-------------------+--------------------+
|      Accuracy     |     Precision      |       Recall      |         F1         |
+-------------------+--------------------+-------------------+--------------------+
| 0.958904109589041 | 0.9638356164383561 | 0.958904109589041 | 0.9595930155533771 |
+-------------------+--------------------+-------------------+--------------------+

Epoch loss:0.014843222585841937

+--------------------+--------------------+--------------------+--------------------+
|      Accuracy      |     Precision      |       Recall       |         F1         |
+--------------------+--------------------+--------------------+--------------------+
| 0.9178082191780822 | 0.9271797861130417 | 0.9178082191780822 | 0.9195554934302488 |
+--------------------+--------------------+--------------------+--------------------+

Epoch loss:0.002462991600926007

+--------------------+--------------------+--------------------+--------------------+
|      Accuracy      |     Precision      |       Recall       |         F1         |
+--------------------+--------------------+--------------------+--------------------+
| 0.9315068493150684 | 0.9441907661085743 | 0.9315068493150684 | 0.9332361104306148 |
+--------------------+--------------------+--------------------+--------------------+

Epoch loss:9.628185502712554e-06

+--------------------+--------------------+--------------------+--------------------+
|      Accuracy      |     Precision      |       Recall       |         F1         |
+--------------------+--------------------+--------------------+--------------------+
| 0.8904109589041096 | 0.9091324200913243 | 0.8904109589041096 | 0.8935616438356165 |
+--------------------+--------------------+--------------------+--------------------+

Epoch loss:0.0036073582262609967

+--------------------+--------------------+--------------------+--------------------+
|      Accuracy      |     Precision      |       Recall       |         F1         |
+--------------------+--------------------+--------------------+--------------------+
| 0.9178082191780822 | 0.9354207436399216 | 0.9178082191780822 | 0.9201712328767123 |
+--------------------+--------------------+--------------------+--------------------+

Epoch loss:1.5263283844031958e-07

+--------------------+--------------------+--------------------+--------------------+
|      Accuracy      |     Precision      |       Recall       |         F1         |
+--------------------+--------------------+--------------------+--------------------+
| 0.9178082191780822 | 0.9354207436399216 | 0.9178082191780822 | 0.9201712328767123 |
+--------------------+--------------------+--------------------+--------------------+

Epoch loss:8.376838928220316e-08

+--------------------+--------------------+--------------------+--------------------+
|      Accuracy      |     Precision      |       Recall       |         F1         |
+--------------------+--------------------+--------------------+--------------------+
| 0.9041095890410958 | 0.9272555503070383 | 0.9041095890410958 | 0.9071574989043923 |
+--------------------+--------------------+--------------------+--------------------+

Epoch loss:0.06022516535656287

+--------------------+--------------------+--------------------+--------------------+
|      Accuracy      |     Precision      |       Recall       |         F1         |
+--------------------+--------------------+--------------------+--------------------+
| 0.9041095890410958 | 0.9178413076566739 | 0.9041095890410958 | 0.9065305546028608 |
+--------------------+--------------------+--------------------+--------------------+

Epoch loss:6.154373723052461e-06

+--------------------+--------------------+--------------------+--------------------+
|      Accuracy      |     Precision      |       Recall       |         F1         |
+--------------------+--------------------+--------------------+--------------------+
| 0.9178082191780822 | 0.9271797861130417 | 0.9178082191780822 | 0.9195554934302488 |
+--------------------+--------------------+--------------------+--------------------+

Epoch loss:2.014026871871727e-06

+--------------------+--------------------+--------------------+--------------------+
|      Accuracy      |     Precision      |       Recall       |         F1         |
+--------------------+--------------------+--------------------+--------------------+
| 0.9178082191780822 | 0.9271797861130417 | 0.9178082191780822 | 0.9195554934302488 |
+--------------------+--------------------+--------------------+--------------------+

Epoch loss:3.2663214510297257e-06

+--------------------+--------------------+--------------------+--------------------+
|      Accuracy      |     Precision      |       Recall       |         F1         |
+--------------------+--------------------+--------------------+--------------------+
| 0.9041095890410958 | 0.9178413076566739 | 0.9041095890410958 | 0.9065305546028608 |
+--------------------+--------------------+--------------------+--------------------+

Epoch loss:0.00021148815032388988

+--------------------+--------------------+--------------------+--------------------+
|      Accuracy      |     Precision      |       Recall       |         F1         |
+--------------------+--------------------+--------------------+--------------------+
| 0.8767123287671232 | 0.8914918492047734 | 0.8767123287671232 | 0.8798249987751068 |
+--------------------+--------------------+--------------------+--------------------+

Epoch loss:0.007569846078144461

+--------------------+--------------------+--------------------+--------------------+
|      Accuracy      |     Precision      |       Recall       |         F1         |
+--------------------+--------------------+--------------------+--------------------+
| 0.9041095890410958 | 0.9178413076566739 | 0.9041095890410958 | 0.9065305546028608 |
+--------------------+--------------------+--------------------+--------------------+

Epoch loss:0.0003924649532418316

+--------------------+--------------------+--------------------+--------------------+
|      Accuracy      |     Precision      |       Recall       |         F1         |
+--------------------+--------------------+--------------------+--------------------+
| 0.9178082191780822 | 0.9354207436399216 | 0.9178082191780822 | 0.9201712328767123 |
+--------------------+--------------------+--------------------+--------------------+

Epoch loss:5.985898650505004e-07

+--------------------+--------------------+--------------------+--------------------+
|      Accuracy      |     Precision      |       Recall       |         F1         |
+--------------------+--------------------+--------------------+--------------------+
| 0.8904109589041096 | 0.9091324200913243 | 0.8904109589041096 | 0.8935616438356165 |
+--------------------+--------------------+--------------------+--------------------+

Epoch loss:6.076876564476164e-07

+--------------------+--------------------+--------------------+--------------------+
|      Accuracy      |     Precision      |       Recall       |         F1         |
+--------------------+--------------------+--------------------+--------------------+
| 0.8904109589041096 | 0.9091324200913243 | 0.8904109589041096 | 0.8935616438356165 |
+--------------------+--------------------+--------------------+--------------------+

Epoch loss:1.91537666046056e-06

+--------------------+--------------------+--------------------+--------------------+
|      Accuracy      |     Precision      |       Recall       |         F1         |
+--------------------+--------------------+--------------------+--------------------+
| 0.9315068493150684 | 0.9441907661085743 | 0.9315068493150684 | 0.9332361104306148 |
+--------------------+--------------------+--------------------+--------------------+

Epoch loss:0.003037989219973711

+--------------------+--------------------+--------------------+--------------------+
|      Accuracy      |     Precision      |       Recall       |         F1         |
+--------------------+--------------------+--------------------+--------------------+
| 0.9452054794520548 | 0.9480710092256082 | 0.9452054794520548 | 0.9458487194758786 |
+--------------------+--------------------+--------------------+--------------------+

Epoch loss:0.011317781179573326

+--------------------+--------------------+--------------------+--------------------+
|      Accuracy      |     Precision      |       Recall       |         F1         |
+--------------------+--------------------+--------------------+--------------------+
| 0.9315068493150684 | 0.9441907661085743 | 0.9315068493150684 | 0.9332361104306148 |
+--------------------+--------------------+--------------------+--------------------+

Epoch loss:1.6954935122368385e-05

+--------------------+--------------------+--------------------+--------------------+
|      Accuracy      |     Precision      |       Recall       |         F1         |
+--------------------+--------------------+--------------------+--------------------+
| 0.9041095890410958 | 0.9272555503070383 | 0.9041095890410958 | 0.9071574989043923 |
+--------------------+--------------------+--------------------+--------------------+

Epoch loss:0.0010205391928055604

+--------------------+--------------------+--------------------+--------------------+
|      Accuracy      |     Precision      |       Recall       |         F1         |
+--------------------+--------------------+--------------------+--------------------+
| 0.9041095890410958 | 0.9272555503070383 | 0.9041095890410958 | 0.9071574989043923 |
+--------------------+--------------------+--------------------+--------------------+

Epoch loss:9.013694748565342e-05

+--------------------+--------------------+--------------------+--------------------+
|      Accuracy      |     Precision      |       Recall       |         F1         |
+--------------------+--------------------+--------------------+--------------------+
| 0.9315068493150684 | 0.9372260273972604 | 0.9315068493150684 | 0.9326550259222948 |
+--------------------+--------------------+--------------------+--------------------+

Epoch loss:0.0053299098567940704

+--------------------+--------------------+--------------------+--------------------+
|      Accuracy      |     Precision      |       Recall       |         F1         |
+--------------------+--------------------+--------------------+--------------------+
| 0.9315068493150684 | 0.9441907661085743 | 0.9315068493150684 | 0.9332361104306148 |
+--------------------+--------------------+--------------------+--------------------+

Epoch loss:1.7779847766567207e-06

+--------------------+--------------------+--------------------+--------------------+
|      Accuracy      |     Precision      |       Recall       |         F1         |
+--------------------+--------------------+--------------------+--------------------+
| 0.9178082191780822 | 0.9354207436399216 | 0.9178082191780822 | 0.9201712328767123 |
+--------------------+--------------------+--------------------+--------------------+

Epoch loss:0.00025735328460761

+--------------------+--------------------+--------------------+--------------------+
|      Accuracy      |     Precision      |       Recall       |         F1         |
+--------------------+--------------------+--------------------+--------------------+
| 0.9041095890410958 | 0.9178413076566739 | 0.9041095890410958 | 0.9065305546028608 |
+--------------------+--------------------+--------------------+--------------------+

Epoch loss:0.00018716580542059774

+--------------------+--------------------+--------------------+--------------------+
|      Accuracy      |     Precision      |       Recall       |         F1         |
+--------------------+--------------------+--------------------+--------------------+
| 0.8904109589041096 | 0.9091324200913243 | 0.8904109589041096 | 0.8935616438356165 |
+--------------------+--------------------+--------------------+--------------------+

Epoch loss:7.030547900011608e-08

+--------------------+--------------------+--------------------+--------------------+
|      Accuracy      |     Precision      |       Recall       |         F1         |
+--------------------+--------------------+--------------------+--------------------+
| 0.9315068493150684 | 0.9372260273972604 | 0.9315068493150684 | 0.9326550259222948 |
+--------------------+--------------------+--------------------+--------------------+

Epoch loss:3.91519353963505e-05

+--------------------+--------------------+--------------------+--------------------+
|      Accuracy      |     Precision      |       Recall       |         F1         |
+--------------------+--------------------+--------------------+--------------------+
| 0.9452054794520548 | 0.9536354056902002 | 0.9452054794520548 | 0.9463703289534992 |
+--------------------+--------------------+--------------------+--------------------+

Epoch loss:0.0003813896849815452

+--------------------+--------------------+--------------------+--------------------+
|      Accuracy      |     Precision      |       Recall       |         F1         |
+--------------------+--------------------+--------------------+--------------------+
| 0.9041095890410958 | 0.9178413076566739 | 0.9041095890410958 | 0.9065305546028608 |
+--------------------+--------------------+--------------------+--------------------+

Epoch loss:0.008332217494920812

+--------------------+--------------------+--------------------+--------------------+
|      Accuracy      |     Precision      |       Recall       |         F1         |
+--------------------+--------------------+--------------------+--------------------+
| 0.9178082191780822 | 0.9271797861130417 | 0.9178082191780822 | 0.9195554934302488 |
+--------------------+--------------------+--------------------+--------------------+

Epoch loss:6.321379667165397e-07

+--------------------+--------------------+--------------------+--------------------+
|      Accuracy      |     Precision      |       Recall       |         F1         |
+--------------------+--------------------+--------------------+--------------------+
| 0.8904109589041096 | 0.9196347031963469 | 0.8904109589041096 | 0.8941775216913661 |
+--------------------+--------------------+--------------------+--------------------+

Epoch loss:0.011405305146559764

+--------------------+--------------------+--------------------+--------------------+
|      Accuracy      |     Precision      |       Recall       |         F1         |
+--------------------+--------------------+--------------------+--------------------+
| 0.9315068493150684 | 0.9372260273972604 | 0.9315068493150684 | 0.9326550259222948 |
+--------------------+--------------------+--------------------+--------------------+

Epoch loss:3.892166331934047e-07

+--------------------+--------------------+--------------------+--------------------+
|      Accuracy      |     Precision      |       Recall       |         F1         |
+--------------------+--------------------+--------------------+--------------------+
| 0.9178082191780822 | 0.9212561737023577 | 0.9178082191780822 | 0.9187730792138176 |
+--------------------+--------------------+--------------------+--------------------+

Epoch loss:0.0007544438836225066

+--------------------+--------------------+--------------------+--------------------+
|      Accuracy      |     Precision      |       Recall       |         F1         |
+--------------------+--------------------+--------------------+--------------------+
| 0.9178082191780822 | 0.9271797861130417 | 0.9178082191780822 | 0.9195554934302488 |
+--------------------+--------------------+--------------------+--------------------+

Epoch loss:0.00045057203227148024

+--------------------+--------------------+--------------------+--------------------+
|      Accuracy      |     Precision      |       Recall       |         F1         |
+--------------------+--------------------+--------------------+--------------------+
| 0.8904109589041096 | 0.9196347031963469 | 0.8904109589041096 | 0.8941775216913661 |
+--------------------+--------------------+--------------------+--------------------+

Epoch loss:2.761082022711219e-05

+--------------------+--------------------+--------------------+--------------------+
|      Accuracy      |     Precision      |       Recall       |         F1         |
+--------------------+--------------------+--------------------+--------------------+
| 0.9315068493150684 | 0.9372260273972604 | 0.9315068493150684 | 0.9326550259222948 |
+--------------------+--------------------+--------------------+--------------------+

Epoch loss:5.275758573552102e-08

+--------------------+--------------------+--------------------+--------------------+
|      Accuracy      |     Precision      |       Recall       |         F1         |
+--------------------+--------------------+--------------------+--------------------+
| 0.9041095890410958 | 0.9272555503070383 | 0.9041095890410958 | 0.9071574989043923 |
+--------------------+--------------------+--------------------+--------------------+

Epoch loss:3.50370147537558e-07

+--------------------+--------------------+--------------------+--------------------+
|      Accuracy      |     Precision      |       Recall       |         F1         |
+--------------------+--------------------+--------------------+--------------------+
| 0.9315068493150684 | 0.9372260273972604 | 0.9315068493150684 | 0.9326550259222948 |
+--------------------+--------------------+--------------------+--------------------+

Epoch loss:1.4518261847984136e-07

+--------------------+--------------------+--------------------+--------------------+
|      Accuracy      |     Precision      |       Recall       |         F1         |
+--------------------+--------------------+--------------------+--------------------+
| 0.9041095890410958 | 0.9272555503070383 | 0.9041095890410958 | 0.9071574989043923 |
+--------------------+--------------------+--------------------+--------------------+

Epoch loss:0.003971875105248249

+--------------------+--------------------+--------------------+--------------------+
|      Accuracy      |     Precision      |       Recall       |         F1         |
+--------------------+--------------------+--------------------+--------------------+
| 0.8493150684931506 | 0.8995433789954339 | 0.8493150684931506 | 0.8552762306186964 |
+--------------------+--------------------+--------------------+--------------------+

Epoch loss:2.3675227672140177e-05

+--------------------+--------------------+--------------------+--------------------+
|      Accuracy      |     Precision      |       Recall       |         F1         |
+--------------------+--------------------+--------------------+--------------------+
| 0.8904109589041096 | 0.9196347031963469 | 0.8904109589041096 | 0.8941775216913661 |
+--------------------+--------------------+--------------------+--------------------+

Epoch loss:1.4297004661237814e-08

+--------------------+--------------------+--------------------+--------------------+
|      Accuracy      |     Precision      |       Recall       |         F1         |
+--------------------+--------------------+--------------------+--------------------+
| 0.9041095890410958 | 0.9272555503070383 | 0.9041095890410958 | 0.9071574989043923 |
+--------------------+--------------------+--------------------+--------------------+

Epoch loss:5.58873926415011e-05

+--------------------+--------------------+--------------------+--------------------+
|      Accuracy      |     Precision      |       Recall       |         F1         |
+--------------------+--------------------+--------------------+--------------------+
| 0.9178082191780822 | 0.9271797861130417 | 0.9178082191780822 | 0.9195554934302488 |
+--------------------+--------------------+--------------------+--------------------+

Epoch loss:1.2484730354638923e-08

+--------------------+--------------------+--------------------+--------------------+
|      Accuracy      |     Precision      |       Recall       |         F1         |
+--------------------+--------------------+--------------------+--------------------+
| 0.9178082191780822 | 0.9354207436399216 | 0.9178082191780822 | 0.9201712328767123 |
+--------------------+--------------------+--------------------+--------------------+

Epoch loss:4.890340228865238e-09

+--------------------+--------------------+--------------------+--------------------+
|      Accuracy      |     Precision      |       Recall       |         F1         |
+--------------------+--------------------+--------------------+--------------------+
| 0.9178082191780822 | 0.9271797861130417 | 0.9178082191780822 | 0.9195554934302488 |
+--------------------+--------------------+--------------------+--------------------+

Epoch loss:3.2218716223470695e-09

+--------------------+--------------------+--------------------+--------------------+
|      Accuracy      |     Precision      |       Recall       |         F1         |
+--------------------+--------------------+--------------------+--------------------+
| 0.9041095890410958 | 0.9178413076566739 | 0.9041095890410958 | 0.9065305546028608 |
+--------------------+--------------------+--------------------+--------------------+

Epoch loss:2.3013363467135923e-09

+--------------------+--------------------+--------------------+--------------------+
|      Accuracy      |     Precision      |       Recall       |         F1         |
+--------------------+--------------------+--------------------+--------------------+
| 0.9315068493150684 | 0.9441907661085743 | 0.9315068493150684 | 0.9332361104306148 |
+--------------------+--------------------+--------------------+--------------------+

Epoch loss:2.617769820731739e-09

+--------------------+--------------------+--------------------+--------------------+
|      Accuracy      |     Precision      |       Recall       |         F1         |
+--------------------+--------------------+--------------------+--------------------+
| 0.9452054794520548 | 0.9536354056902002 | 0.9452054794520548 | 0.9463703289534992 |
+--------------------+--------------------+--------------------+--------------------+

optimizer:
Adam (
Parameter Group 0
    amsgrad: False
    betas: (0.5, 0.5)
    capturable: False
    decoupled_weight_decay: False
    differentiable: False
    eps: 1e-08
    foreach: None
    fused: None
    lr: 0.0001
    maximize: False
    weight_decay: 0
)
model:
DenseNet(
  (features): Sequential(
    (conv0): Conv2d(3, 96, kernel_size=(7, 7), stride=(2, 2), padding=(3, 3), bias=False)
    (norm0): BatchNorm2d(96, eps=1e-05, momentum=0.1, affine=True, track_running_stats=True)
    (relu0): ReLU(inplace=True)
    (pool0): MaxPool2d(kernel_size=3, stride=2, padding=1, dilation=1, ceil_mode=False)
    (denseblock1): _DenseBlock(
      (denselayer1): _DenseLayer(
        (norm1): BatchNorm2d(96, eps=1e-05, momentum=0.1, affine=True, track_running_stats=True)
        (relu1): ReLU(inplace=True)
        (conv1): Conv2d(96, 192, kernel_size=(1, 1), stride=(1, 1), bias=False)
        (norm2): BatchNorm2d(192, eps=1e-05, momentum=0.1, affine=True, track_running_stats=True)
        (relu2): ReLU(inplace=True)
        (conv2): Conv2d(192, 48, kernel_size=(3, 3), stride=(1, 1), padding=(1, 1), bias=False)
      )
      (denselayer2): _DenseLayer(
        (norm1): BatchNorm2d(144, eps=1e-05, momentum=0.1, affine=True, track_running_stats=True)
        (relu1): ReLU(inplace=True)
        (conv1): Conv2d(144, 192, kernel_size=(1, 1), stride=(1, 1), bias=False)
        (norm2): BatchNorm2d(192, eps=1e-05, momentum=0.1, affine=True, track_running_stats=True)
        (relu2): ReLU(inplace=True)
        (conv2): Conv2d(192, 48, kernel_size=(3, 3), stride=(1, 1), padding=(1, 1), bias=False)
      )
      (denselayer3): _DenseLayer(
        (norm1): BatchNorm2d(192, eps=1e-05, momentum=0.1, affine=True, track_running_stats=True)
        (relu1): ReLU(inplace=True)
        (conv1): Conv2d(192, 192, kernel_size=(1, 1), stride=(1, 1), bias=False)
        (norm2): BatchNorm2d(192, eps=1e-05, momentum=0.1, affine=True, track_running_stats=True)
        (relu2): ReLU(inplace=True)
        (conv2): Conv2d(192, 48, kernel_size=(3, 3), stride=(1, 1), padding=(1, 1), bias=False)
      )
      (denselayer4): _DenseLayer(
        (norm1): BatchNorm2d(240, eps=1e-05, momentum=0.1, affine=True, track_running_stats=True)
        (relu1): ReLU(inplace=True)
        (conv1): Conv2d(240, 192, kernel_size=(1, 1), stride=(1, 1), bias=False)
        (norm2): BatchNorm2d(192, eps=1e-05, momentum=0.1, affine=True, track_running_stats=True)
        (relu2): ReLU(inplace=True)
        (conv2): Conv2d(192, 48, kernel_size=(3, 3), stride=(1, 1), padding=(1, 1), bias=False)
      )
      (denselayer5): _DenseLayer(
        (norm1): BatchNorm2d(288, eps=1e-05, momentum=0.1, affine=True, track_running_stats=True)
        (relu1): ReLU(inplace=True)
        (conv1): Conv2d(288, 192, kernel_size=(1, 1), stride=(1, 1), bias=False)
        (norm2): BatchNorm2d(192, eps=1e-05, momentum=0.1, affine=True, track_running_stats=True)
        (relu2): ReLU(inplace=True)
        (conv2): Conv2d(192, 48, kernel_size=(3, 3), stride=(1, 1), padding=(1, 1), bias=False)
      )
      (denselayer6): _DenseLayer(
        (norm1): BatchNorm2d(336, eps=1e-05, momentum=0.1, affine=True, track_running_stats=True)
        (relu1): ReLU(inplace=True)
        (conv1): Conv2d(336, 192, kernel_size=(1, 1), stride=(1, 1), bias=False)
        (norm2): BatchNorm2d(192, eps=1e-05, momentum=0.1, affine=True, track_running_stats=True)
        (relu2): ReLU(inplace=True)
        (conv2): Conv2d(192, 48, kernel_size=(3, 3), stride=(1, 1), padding=(1, 1), bias=False)
      )
    )
    (transition1): _Transition(
      (norm): BatchNorm2d(384, eps=1e-05, momentum=0.1, affine=True, track_running_stats=True)
      (relu): ReLU(inplace=True)
      (conv): Conv2d(384, 192, kernel_size=(1, 1), stride=(1, 1), bias=False)
      (pool): AvgPool2d(kernel_size=2, stride=2, padding=0)
    )
    (denseblock2): _DenseBlock(
      (denselayer1): _DenseLayer(
        (norm1): BatchNorm2d(192, eps=1e-05, momentum=0.1, affine=True, track_running_stats=True)
        (relu1): ReLU(inplace=True)
        (conv1): Conv2d(192, 192, kernel_size=(1, 1), stride=(1, 1), bias=False)
        (norm2): BatchNorm2d(192, eps=1e-05, momentum=0.1, affine=True, track_running_stats=True)
        (relu2): ReLU(inplace=True)
        (conv2): Conv2d(192, 48, kernel_size=(3, 3), stride=(1, 1), padding=(1, 1), bias=False)
      )
      (denselayer2): _DenseLayer(
        (norm1): BatchNorm2d(240, eps=1e-05, momentum=0.1, affine=True, track_running_stats=True)
        (relu1): ReLU(inplace=True)
        (conv1): Conv2d(240, 192, kernel_size=(1, 1), stride=(1, 1), bias=False)
        (norm2): BatchNorm2d(192, eps=1e-05, momentum=0.1, affine=True, track_running_stats=True)
        (relu2): ReLU(inplace=True)
        (conv2): Conv2d(192, 48, kernel_size=(3, 3), stride=(1, 1), padding=(1, 1), bias=False)
      )
      (denselayer3): _DenseLayer(
        (norm1): BatchNorm2d(288, eps=1e-05, momentum=0.1, affine=True, track_running_stats=True)
        (relu1): ReLU(inplace=True)
        (conv1): Conv2d(288, 192, kernel_size=(1, 1), stride=(1, 1), bias=False)
        (norm2): BatchNorm2d(192, eps=1e-05, momentum=0.1, affine=True, track_running_stats=True)
        (relu2): ReLU(inplace=True)
        (conv2): Conv2d(192, 48, kernel_size=(3, 3), stride=(1, 1), padding=(1, 1), bias=False)
      )
      (denselayer4): _DenseLayer(
        (norm1): BatchNorm2d(336, eps=1e-05, momentum=0.1, affine=True, track_running_stats=True)
        (relu1): ReLU(inplace=True)
        (conv1): Conv2d(336, 192, kernel_size=(1, 1), stride=(1, 1), bias=False)
        (norm2): BatchNorm2d(192, eps=1e-05, momentum=0.1, affine=True, track_running_stats=True)
        (relu2): ReLU(inplace=True)
        (conv2): Conv2d(192, 48, kernel_size=(3, 3), stride=(1, 1), padding=(1, 1), bias=False)
      )
      (denselayer5): _DenseLayer(
        (norm1): BatchNorm2d(384, eps=1e-05, momentum=0.1, affine=True, track_running_stats=True)
        (relu1): ReLU(inplace=True)
        (conv1): Conv2d(384, 192, kernel_size=(1, 1), stride=(1, 1), bias=False)
        (norm2): BatchNorm2d(192, eps=1e-05, momentum=0.1, affine=True, track_running_stats=True)
        (relu2): ReLU(inplace=True)
        (conv2): Conv2d(192, 48, kernel_size=(3, 3), stride=(1, 1), padding=(1, 1), bias=False)
      )
      (denselayer6): _DenseLayer(
        (norm1): BatchNorm2d(432, eps=1e-05, momentum=0.1, affine=True, track_running_stats=True)
        (relu1): ReLU(inplace=True)
        (conv1): Conv2d(432, 192, kernel_size=(1, 1), stride=(1, 1), bias=False)
        (norm2): BatchNorm2d(192, eps=1e-05, momentum=0.1, affine=True, track_running_stats=True)
        (relu2): ReLU(inplace=True)
        (conv2): Conv2d(192, 48, kernel_size=(3, 3), stride=(1, 1), padding=(1, 1), bias=False)
      )
      (denselayer7): _DenseLayer(
        (norm1): BatchNorm2d(480, eps=1e-05, momentum=0.1, affine=True, track_running_stats=True)
        (relu1): ReLU(inplace=True)
        (conv1): Conv2d(480, 192, kernel_size=(1, 1), stride=(1, 1), bias=False)
        (norm2): BatchNorm2d(192, eps=1e-05, momentum=0.1, affine=True, track_running_stats=True)
        (relu2): ReLU(inplace=True)
        (conv2): Conv2d(192, 48, kernel_size=(3, 3), stride=(1, 1), padding=(1, 1), bias=False)
      )
      (denselayer8): _DenseLayer(
        (norm1): BatchNorm2d(528, eps=1e-05, momentum=0.1, affine=True, track_running_stats=True)
        (relu1): ReLU(inplace=True)
        (conv1): Conv2d(528, 192, kernel_size=(1, 1), stride=(1, 1), bias=False)
        (norm2): BatchNorm2d(192, eps=1e-05, momentum=0.1, affine=True, track_running_stats=True)
        (relu2): ReLU(inplace=True)
        (conv2): Conv2d(192, 48, kernel_size=(3, 3), stride=(1, 1), padding=(1, 1), bias=False)
      )
      (denselayer9): _DenseLayer(
        (norm1): BatchNorm2d(576, eps=1e-05, momentum=0.1, affine=True, track_running_stats=True)
        (relu1): ReLU(inplace=True)
        (conv1): Conv2d(576, 192, kernel_size=(1, 1), stride=(1, 1), bias=False)
        (norm2): BatchNorm2d(192, eps=1e-05, momentum=0.1, affine=True, track_running_stats=True)
        (relu2): ReLU(inplace=True)
        (conv2): Conv2d(192, 48, kernel_size=(3, 3), stride=(1, 1), padding=(1, 1), bias=False)
      )
      (denselayer10): _DenseLayer(
        (norm1): BatchNorm2d(624, eps=1e-05, momentum=0.1, affine=True, track_running_stats=True)
        (relu1): ReLU(inplace=True)
        (conv1): Conv2d(624, 192, kernel_size=(1, 1), stride=(1, 1), bias=False)
        (norm2): BatchNorm2d(192, eps=1e-05, momentum=0.1, affine=True, track_running_stats=True)
        (relu2): ReLU(inplace=True)
        (conv2): Conv2d(192, 48, kernel_size=(3, 3), stride=(1, 1), padding=(1, 1), bias=False)
      )
      (denselayer11): _DenseLayer(
        (norm1): BatchNorm2d(672, eps=1e-05, momentum=0.1, affine=True, track_running_stats=True)
        (relu1): ReLU(inplace=True)
        (conv1): Conv2d(672, 192, kernel_size=(1, 1), stride=(1, 1), bias=False)
        (norm2): BatchNorm2d(192, eps=1e-05, momentum=0.1, affine=True, track_running_stats=True)
        (relu2): ReLU(inplace=True)
        (conv2): Conv2d(192, 48, kernel_size=(3, 3), stride=(1, 1), padding=(1, 1), bias=False)
      )
      (denselayer12): _DenseLayer(
        (norm1): BatchNorm2d(720, eps=1e-05, momentum=0.1, affine=True, track_running_stats=True)
        (relu1): ReLU(inplace=True)
        (conv1): Conv2d(720, 192, kernel_size=(1, 1), stride=(1, 1), bias=False)
        (norm2): BatchNorm2d(192, eps=1e-05, momentum=0.1, affine=True, track_running_stats=True)
        (relu2): ReLU(inplace=True)
        (conv2): Conv2d(192, 48, kernel_size=(3, 3), stride=(1, 1), padding=(1, 1), bias=False)
      )
    )
    (transition2): _Transition(
      (norm): BatchNorm2d(768, eps=1e-05, momentum=0.1, affine=True, track_running_stats=True)
      (relu): ReLU(inplace=True)
      (conv): Conv2d(768, 384, kernel_size=(1, 1), stride=(1, 1), bias=False)
      (pool): AvgPool2d(kernel_size=2, stride=2, padding=0)
    )
    (denseblock3): _DenseBlock(
      (denselayer1): _DenseLayer(
        (norm1): BatchNorm2d(384, eps=1e-05, momentum=0.1, affine=True, track_running_stats=True)
        (relu1): ReLU(inplace=True)
        (conv1): Conv2d(384, 192, kernel_size=(1, 1), stride=(1, 1), bias=False)
        (norm2): BatchNorm2d(192, eps=1e-05, momentum=0.1, affine=True, track_running_stats=True)
        (relu2): ReLU(inplace=True)
        (conv2): Conv2d(192, 48, kernel_size=(3, 3), stride=(1, 1), padding=(1, 1), bias=False)
      )
      (denselayer2): _DenseLayer(
        (norm1): BatchNorm2d(432, eps=1e-05, momentum=0.1, affine=True, track_running_stats=True)
        (relu1): ReLU(inplace=True)
        (conv1): Conv2d(432, 192, kernel_size=(1, 1), stride=(1, 1), bias=False)
        (norm2): BatchNorm2d(192, eps=1e-05, momentum=0.1, affine=True, track_running_stats=True)
        (relu2): ReLU(inplace=True)
        (conv2): Conv2d(192, 48, kernel_size=(3, 3), stride=(1, 1), padding=(1, 1), bias=False)
      )
      (denselayer3): _DenseLayer(
        (norm1): BatchNorm2d(480, eps=1e-05, momentum=0.1, affine=True, track_running_stats=True)
        (relu1): ReLU(inplace=True)
        (conv1): Conv2d(480, 192, kernel_size=(1, 1), stride=(1, 1), bias=False)
        (norm2): BatchNorm2d(192, eps=1e-05, momentum=0.1, affine=True, track_running_stats=True)
        (relu2): ReLU(inplace=True)
        (conv2): Conv2d(192, 48, kernel_size=(3, 3), stride=(1, 1), padding=(1, 1), bias=False)
      )
      (denselayer4): _DenseLayer(
        (norm1): BatchNorm2d(528, eps=1e-05, momentum=0.1, affine=True, track_running_stats=True)
        (relu1): ReLU(inplace=True)
        (conv1): Conv2d(528, 192, kernel_size=(1, 1), stride=(1, 1), bias=False)
        (norm2): BatchNorm2d(192, eps=1e-05, momentum=0.1, affine=True, track_running_stats=True)
        (relu2): ReLU(inplace=True)
        (conv2): Conv2d(192, 48, kernel_size=(3, 3), stride=(1, 1), padding=(1, 1), bias=False)
      )
      (denselayer5): _DenseLayer(
        (norm1): BatchNorm2d(576, eps=1e-05, momentum=0.1, affine=True, track_running_stats=True)
        (relu1): ReLU(inplace=True)
        (conv1): Conv2d(576, 192, kernel_size=(1, 1), stride=(1, 1), bias=False)
        (norm2): BatchNorm2d(192, eps=1e-05, momentum=0.1, affine=True, track_running_stats=True)
        (relu2): ReLU(inplace=True)
        (conv2): Conv2d(192, 48, kernel_size=(3, 3), stride=(1, 1), padding=(1, 1), bias=False)
      )
      (denselayer6): _DenseLayer(
        (norm1): BatchNorm2d(624, eps=1e-05, momentum=0.1, affine=True, track_running_stats=True)
        (relu1): ReLU(inplace=True)
        (conv1): Conv2d(624, 192, kernel_size=(1, 1), stride=(1, 1), bias=False)
        (norm2): BatchNorm2d(192, eps=1e-05, momentum=0.1, affine=True, track_running_stats=True)
        (relu2): ReLU(inplace=True)
        (conv2): Conv2d(192, 48, kernel_size=(3, 3), stride=(1, 1), padding=(1, 1), bias=False)
      )
      (denselayer7): _DenseLayer(
        (norm1): BatchNorm2d(672, eps=1e-05, momentum=0.1, affine=True, track_running_stats=True)
        (relu1): ReLU(inplace=True)
        (conv1): Conv2d(672, 192, kernel_size=(1, 1), stride=(1, 1), bias=False)
        (norm2): BatchNorm2d(192, eps=1e-05, momentum=0.1, affine=True, track_running_stats=True)
        (relu2): ReLU(inplace=True)
        (conv2): Conv2d(192, 48, kernel_size=(3, 3), stride=(1, 1), padding=(1, 1), bias=False)
      )
      (denselayer8): _DenseLayer(
        (norm1): BatchNorm2d(720, eps=1e-05, momentum=0.1, affine=True, track_running_stats=True)
        (relu1): ReLU(inplace=True)
        (conv1): Conv2d(720, 192, kernel_size=(1, 1), stride=(1, 1), bias=False)
        (norm2): BatchNorm2d(192, eps=1e-05, momentum=0.1, affine=True, track_running_stats=True)
        (relu2): ReLU(inplace=True)
        (conv2): Conv2d(192, 48, kernel_size=(3, 3), stride=(1, 1), padding=(1, 1), bias=False)
      )
      (denselayer9): _DenseLayer(
        (norm1): BatchNorm2d(768, eps=1e-05, momentum=0.1, affine=True, track_running_stats=True)
        (relu1): ReLU(inplace=True)
        (conv1): Conv2d(768, 192, kernel_size=(1, 1), stride=(1, 1), bias=False)
        (norm2): BatchNorm2d(192, eps=1e-05, momentum=0.1, affine=True, track_running_stats=True)
        (relu2): ReLU(inplace=True)
        (conv2): Conv2d(192, 48, kernel_size=(3, 3), stride=(1, 1), padding=(1, 1), bias=False)
      )
      (denselayer10): _DenseLayer(
        (norm1): BatchNorm2d(816, eps=1e-05, momentum=0.1, affine=True, track_running_stats=True)
        (relu1): ReLU(inplace=True)
        (conv1): Conv2d(816, 192, kernel_size=(1, 1), stride=(1, 1), bias=False)
        (norm2): BatchNorm2d(192, eps=1e-05, momentum=0.1, affine=True, track_running_stats=True)
        (relu2): ReLU(inplace=True)
        (conv2): Conv2d(192, 48, kernel_size=(3, 3), stride=(1, 1), padding=(1, 1), bias=False)
      )
      (denselayer11): _DenseLayer(
        (norm1): BatchNorm2d(864, eps=1e-05, momentum=0.1, affine=True, track_running_stats=True)
        (relu1): ReLU(inplace=True)
        (conv1): Conv2d(864, 192, kernel_size=(1, 1), stride=(1, 1), bias=False)
        (norm2): BatchNorm2d(192, eps=1e-05, momentum=0.1, affine=True, track_running_stats=True)
        (relu2): ReLU(inplace=True)
        (conv2): Conv2d(192, 48, kernel_size=(3, 3), stride=(1, 1), padding=(1, 1), bias=False)
      )
      (denselayer12): _DenseLayer(
        (norm1): BatchNorm2d(912, eps=1e-05, momentum=0.1, affine=True, track_running_stats=True)
        (relu1): ReLU(inplace=True)
        (conv1): Conv2d(912, 192, kernel_size=(1, 1), stride=(1, 1), bias=False)
        (norm2): BatchNorm2d(192, eps=1e-05, momentum=0.1, affine=True, track_running_stats=True)
        (relu2): ReLU(inplace=True)
        (conv2): Conv2d(192, 48, kernel_size=(3, 3), stride=(1, 1), padding=(1, 1), bias=False)
      )
      (denselayer13): _DenseLayer(
        (norm1): BatchNorm2d(960, eps=1e-05, momentum=0.1, affine=True, track_running_stats=True)
        (relu1): ReLU(inplace=True)
        (conv1): Conv2d(960, 192, kernel_size=(1, 1), stride=(1, 1), bias=False)
        (norm2): BatchNorm2d(192, eps=1e-05, momentum=0.1, affine=True, track_running_stats=True)
        (relu2): ReLU(inplace=True)
        (conv2): Conv2d(192, 48, kernel_size=(3, 3), stride=(1, 1), padding=(1, 1), bias=False)
      )
      (denselayer14): _DenseLayer(
        (norm1): BatchNorm2d(1008, eps=1e-05, momentum=0.1, affine=True, track_running_stats=True)
        (relu1): ReLU(inplace=True)
        (conv1): Conv2d(1008, 192, kernel_size=(1, 1), stride=(1, 1), bias=False)
        (norm2): BatchNorm2d(192, eps=1e-05, momentum=0.1, affine=True, track_running_stats=True)
        (relu2): ReLU(inplace=True)
        (conv2): Conv2d(192, 48, kernel_size=(3, 3), stride=(1, 1), padding=(1, 1), bias=False)
      )
      (denselayer15): _DenseLayer(
        (norm1): BatchNorm2d(1056, eps=1e-05, momentum=0.1, affine=True, track_running_stats=True)
        (relu1): ReLU(inplace=True)
        (conv1): Conv2d(1056, 192, kernel_size=(1, 1), stride=(1, 1), bias=False)
        (norm2): BatchNorm2d(192, eps=1e-05, momentum=0.1, affine=True, track_running_stats=True)
        (relu2): ReLU(inplace=True)
        (conv2): Conv2d(192, 48, kernel_size=(3, 3), stride=(1, 1), padding=(1, 1), bias=False)
      )
      (denselayer16): _DenseLayer(
        (norm1): BatchNorm2d(1104, eps=1e-05, momentum=0.1, affine=True, track_running_stats=True)
        (relu1): ReLU(inplace=True)
        (conv1): Conv2d(1104, 192, kernel_size=(1, 1), stride=(1, 1), bias=False)
        (norm2): BatchNorm2d(192, eps=1e-05, momentum=0.1, affine=True, track_running_stats=True)
        (relu2): ReLU(inplace=True)
        (conv2): Conv2d(192, 48, kernel_size=(3, 3), stride=(1, 1), padding=(1, 1), bias=False)
      )
      (denselayer17): _DenseLayer(
        (norm1): BatchNorm2d(1152, eps=1e-05, momentum=0.1, affine=True, track_running_stats=True)
        (relu1): ReLU(inplace=True)
        (conv1): Conv2d(1152, 192, kernel_size=(1, 1), stride=(1, 1), bias=False)
        (norm2): BatchNorm2d(192, eps=1e-05, momentum=0.1, affine=True, track_running_stats=True)
        (relu2): ReLU(inplace=True)
        (conv2): Conv2d(192, 48, kernel_size=(3, 3), stride=(1, 1), padding=(1, 1), bias=False)
      )
      (denselayer18): _DenseLayer(
        (norm1): BatchNorm2d(1200, eps=1e-05, momentum=0.1, affine=True, track_running_stats=True)
        (relu1): ReLU(inplace=True)
        (conv1): Conv2d(1200, 192, kernel_size=(1, 1), stride=(1, 1), bias=False)
        (norm2): BatchNorm2d(192, eps=1e-05, momentum=0.1, affine=True, track_running_stats=True)
        (relu2): ReLU(inplace=True)
        (conv2): Conv2d(192, 48, kernel_size=(3, 3), stride=(1, 1), padding=(1, 1), bias=False)
      )
      (denselayer19): _DenseLayer(
        (norm1): BatchNorm2d(1248, eps=1e-05, momentum=0.1, affine=True, track_running_stats=True)
        (relu1): ReLU(inplace=True)
        (conv1): Conv2d(1248, 192, kernel_size=(1, 1), stride=(1, 1), bias=False)
        (norm2): BatchNorm2d(192, eps=1e-05, momentum=0.1, affine=True, track_running_stats=True)
        (relu2): ReLU(inplace=True)
        (conv2): Conv2d(192, 48, kernel_size=(3, 3), stride=(1, 1), padding=(1, 1), bias=False)
      )
      (denselayer20): _DenseLayer(
        (norm1): BatchNorm2d(1296, eps=1e-05, momentum=0.1, affine=True, track_running_stats=True)
        (relu1): ReLU(inplace=True)
        (conv1): Conv2d(1296, 192, kernel_size=(1, 1), stride=(1, 1), bias=False)
        (norm2): BatchNorm2d(192, eps=1e-05, momentum=0.1, affine=True, track_running_stats=True)
        (relu2): ReLU(inplace=True)
        (conv2): Conv2d(192, 48, kernel_size=(3, 3), stride=(1, 1), padding=(1, 1), bias=False)
      )
      (denselayer21): _DenseLayer(
        (norm1): BatchNorm2d(1344, eps=1e-05, momentum=0.1, affine=True, track_running_stats=True)
        (relu1): ReLU(inplace=True)
        (conv1): Conv2d(1344, 192, kernel_size=(1, 1), stride=(1, 1), bias=False)
        (norm2): BatchNorm2d(192, eps=1e-05, momentum=0.1, affine=True, track_running_stats=True)
        (relu2): ReLU(inplace=True)
        (conv2): Conv2d(192, 48, kernel_size=(3, 3), stride=(1, 1), padding=(1, 1), bias=False)
      )
      (denselayer22): _DenseLayer(
        (norm1): BatchNorm2d(1392, eps=1e-05, momentum=0.1, affine=True, track_running_stats=True)
        (relu1): ReLU(inplace=True)
        (conv1): Conv2d(1392, 192, kernel_size=(1, 1), stride=(1, 1), bias=False)
        (norm2): BatchNorm2d(192, eps=1e-05, momentum=0.1, affine=True, track_running_stats=True)
        (relu2): ReLU(inplace=True)
        (conv2): Conv2d(192, 48, kernel_size=(3, 3), stride=(1, 1), padding=(1, 1), bias=False)
      )
      (denselayer23): _DenseLayer(
        (norm1): BatchNorm2d(1440, eps=1e-05, momentum=0.1, affine=True, track_running_stats=True)
        (relu1): ReLU(inplace=True)
        (conv1): Conv2d(1440, 192, kernel_size=(1, 1), stride=(1, 1), bias=False)
        (norm2): BatchNorm2d(192, eps=1e-05, momentum=0.1, affine=True, track_running_stats=True)
        (relu2): ReLU(inplace=True)
        (conv2): Conv2d(192, 48, kernel_size=(3, 3), stride=(1, 1), padding=(1, 1), bias=False)
      )
      (denselayer24): _DenseLayer(
        (norm1): BatchNorm2d(1488, eps=1e-05, momentum=0.1, affine=True, track_running_stats=True)
        (relu1): ReLU(inplace=True)
        (conv1): Conv2d(1488, 192, kernel_size=(1, 1), stride=(1, 1), bias=False)
        (norm2): BatchNorm2d(192, eps=1e-05, momentum=0.1, affine=True, track_running_stats=True)
        (relu2): ReLU(inplace=True)
        (conv2): Conv2d(192, 48, kernel_size=(3, 3), stride=(1, 1), padding=(1, 1), bias=False)
      )
      (denselayer25): _DenseLayer(
        (norm1): BatchNorm2d(1536, eps=1e-05, momentum=0.1, affine=True, track_running_stats=True)
        (relu1): ReLU(inplace=True)
        (conv1): Conv2d(1536, 192, kernel_size=(1, 1), stride=(1, 1), bias=False)
        (norm2): BatchNorm2d(192, eps=1e-05, momentum=0.1, affine=True, track_running_stats=True)
        (relu2): ReLU(inplace=True)
        (conv2): Conv2d(192, 48, kernel_size=(3, 3), stride=(1, 1), padding=(1, 1), bias=False)
      )
      (denselayer26): _DenseLayer(
        (norm1): BatchNorm2d(1584, eps=1e-05, momentum=0.1, affine=True, track_running_stats=True)
        (relu1): ReLU(inplace=True)
        (conv1): Conv2d(1584, 192, kernel_size=(1, 1), stride=(1, 1), bias=False)
        (norm2): BatchNorm2d(192, eps=1e-05, momentum=0.1, affine=True, track_running_stats=True)
        (relu2): ReLU(inplace=True)
        (conv2): Conv2d(192, 48, kernel_size=(3, 3), stride=(1, 1), padding=(1, 1), bias=False)
      )
      (denselayer27): _DenseLayer(
        (norm1): BatchNorm2d(1632, eps=1e-05, momentum=0.1, affine=True, track_running_stats=True)
        (relu1): ReLU(inplace=True)
        (conv1): Conv2d(1632, 192, kernel_size=(1, 1), stride=(1, 1), bias=False)
        (norm2): BatchNorm2d(192, eps=1e-05, momentum=0.1, affine=True, track_running_stats=True)
        (relu2): ReLU(inplace=True)
        (conv2): Conv2d(192, 48, kernel_size=(3, 3), stride=(1, 1), padding=(1, 1), bias=False)
      )
      (denselayer28): _DenseLayer(
        (norm1): BatchNorm2d(1680, eps=1e-05, momentum=0.1, affine=True, track_running_stats=True)
        (relu1): ReLU(inplace=True)
        (conv1): Conv2d(1680, 192, kernel_size=(1, 1), stride=(1, 1), bias=False)
        (norm2): BatchNorm2d(192, eps=1e-05, momentum=0.1, affine=True, track_running_stats=True)
        (relu2): ReLU(inplace=True)
        (conv2): Conv2d(192, 48, kernel_size=(3, 3), stride=(1, 1), padding=(1, 1), bias=False)
      )
      (denselayer29): _DenseLayer(
        (norm1): BatchNorm2d(1728, eps=1e-05, momentum=0.1, affine=True, track_running_stats=True)
        (relu1): ReLU(inplace=True)
        (conv1): Conv2d(1728, 192, kernel_size=(1, 1), stride=(1, 1), bias=False)
        (norm2): BatchNorm2d(192, eps=1e-05, momentum=0.1, affine=True, track_running_stats=True)
        (relu2): ReLU(inplace=True)
        (conv2): Conv2d(192, 48, kernel_size=(3, 3), stride=(1, 1), padding=(1, 1), bias=False)
      )
      (denselayer30): _DenseLayer(
        (norm1): BatchNorm2d(1776, eps=1e-05, momentum=0.1, affine=True, track_running_stats=True)
        (relu1): ReLU(inplace=True)
        (conv1): Conv2d(1776, 192, kernel_size=(1, 1), stride=(1, 1), bias=False)
        (norm2): BatchNorm2d(192, eps=1e-05, momentum=0.1, affine=True, track_running_stats=True)
        (relu2): ReLU(inplace=True)
        (conv2): Conv2d(192, 48, kernel_size=(3, 3), stride=(1, 1), padding=(1, 1), bias=False)
      )
      (denselayer31): _DenseLayer(
        (norm1): BatchNorm2d(1824, eps=1e-05, momentum=0.1, affine=True, track_running_stats=True)
        (relu1): ReLU(inplace=True)
        (conv1): Conv2d(1824, 192, kernel_size=(1, 1), stride=(1, 1), bias=False)
        (norm2): BatchNorm2d(192, eps=1e-05, momentum=0.1, affine=True, track_running_stats=True)
        (relu2): ReLU(inplace=True)
        (conv2): Conv2d(192, 48, kernel_size=(3, 3), stride=(1, 1), padding=(1, 1), bias=False)
      )
      (denselayer32): _DenseLayer(
        (norm1): BatchNorm2d(1872, eps=1e-05, momentum=0.1, affine=True, track_running_stats=True)
        (relu1): ReLU(inplace=True)
        (conv1): Conv2d(1872, 192, kernel_size=(1, 1), stride=(1, 1), bias=False)
        (norm2): BatchNorm2d(192, eps=1e-05, momentum=0.1, affine=True, track_running_stats=True)
        (relu2): ReLU(inplace=True)
        (conv2): Conv2d(192, 48, kernel_size=(3, 3), stride=(1, 1), padding=(1, 1), bias=False)
      )
      (denselayer33): _DenseLayer(
        (norm1): BatchNorm2d(1920, eps=1e-05, momentum=0.1, affine=True, track_running_stats=True)
        (relu1): ReLU(inplace=True)
        (conv1): Conv2d(1920, 192, kernel_size=(1, 1), stride=(1, 1), bias=False)
        (norm2): BatchNorm2d(192, eps=1e-05, momentum=0.1, affine=True, track_running_stats=True)
        (relu2): ReLU(inplace=True)
        (conv2): Conv2d(192, 48, kernel_size=(3, 3), stride=(1, 1), padding=(1, 1), bias=False)
      )
      (denselayer34): _DenseLayer(
        (norm1): BatchNorm2d(1968, eps=1e-05, momentum=0.1, affine=True, track_running_stats=True)
        (relu1): ReLU(inplace=True)
        (conv1): Conv2d(1968, 192, kernel_size=(1, 1), stride=(1, 1), bias=False)
        (norm2): BatchNorm2d(192, eps=1e-05, momentum=0.1, affine=True, track_running_stats=True)
        (relu2): ReLU(inplace=True)
        (conv2): Conv2d(192, 48, kernel_size=(3, 3), stride=(1, 1), padding=(1, 1), bias=False)
      )
      (denselayer35): _DenseLayer(
        (norm1): BatchNorm2d(2016, eps=1e-05, momentum=0.1, affine=True, track_running_stats=True)
        (relu1): ReLU(inplace=True)
        (conv1): Conv2d(2016, 192, kernel_size=(1, 1), stride=(1, 1), bias=False)
        (norm2): BatchNorm2d(192, eps=1e-05, momentum=0.1, affine=True, track_running_stats=True)
        (relu2): ReLU(inplace=True)
        (conv2): Conv2d(192, 48, kernel_size=(3, 3), stride=(1, 1), padding=(1, 1), bias=False)
      )
      (denselayer36): _DenseLayer(
        (norm1): BatchNorm2d(2064, eps=1e-05, momentum=0.1, affine=True, track_running_stats=True)
        (relu1): ReLU(inplace=True)
        (conv1): Conv2d(2064, 192, kernel_size=(1, 1), stride=(1, 1), bias=False)
        (norm2): BatchNorm2d(192, eps=1e-05, momentum=0.1, affine=True, track_running_stats=True)
        (relu2): ReLU(inplace=True)
        (conv2): Conv2d(192, 48, kernel_size=(3, 3), stride=(1, 1), padding=(1, 1), bias=False)
      )
    )
    (transition3): _Transition(
      (norm): BatchNorm2d(2112, eps=1e-05, momentum=0.1, affine=True, track_running_stats=True)
      (relu): ReLU(inplace=True)
      (conv): Conv2d(2112, 1056, kernel_size=(1, 1), stride=(1, 1), bias=False)
      (pool): AvgPool2d(kernel_size=2, stride=2, padding=0)
    )
    (denseblock4): _DenseBlock(
      (denselayer1): _DenseLayer(
        (norm1): BatchNorm2d(1056, eps=1e-05, momentum=0.1, affine=True, track_running_stats=True)
        (relu1): ReLU(inplace=True)
        (conv1): Conv2d(1056, 192, kernel_size=(1, 1), stride=(1, 1), bias=False)
        (norm2): BatchNorm2d(192, eps=1e-05, momentum=0.1, affine=True, track_running_stats=True)
        (relu2): ReLU(inplace=True)
        (conv2): Conv2d(192, 48, kernel_size=(3, 3), stride=(1, 1), padding=(1, 1), bias=False)
      )
      (denselayer2): _DenseLayer(
        (norm1): BatchNorm2d(1104, eps=1e-05, momentum=0.1, affine=True, track_running_stats=True)
        (relu1): ReLU(inplace=True)
        (conv1): Conv2d(1104, 192, kernel_size=(1, 1), stride=(1, 1), bias=False)
        (norm2): BatchNorm2d(192, eps=1e-05, momentum=0.1, affine=True, track_running_stats=True)
        (relu2): ReLU(inplace=True)
        (conv2): Conv2d(192, 48, kernel_size=(3, 3), stride=(1, 1), padding=(1, 1), bias=False)
      )
      (denselayer3): _DenseLayer(
        (norm1): BatchNorm2d(1152, eps=1e-05, momentum=0.1, affine=True, track_running_stats=True)
        (relu1): ReLU(inplace=True)
        (conv1): Conv2d(1152, 192, kernel_size=(1, 1), stride=(1, 1), bias=False)
        (norm2): BatchNorm2d(192, eps=1e-05, momentum=0.1, affine=True, track_running_stats=True)
        (relu2): ReLU(inplace=True)
        (conv2): Conv2d(192, 48, kernel_size=(3, 3), stride=(1, 1), padding=(1, 1), bias=False)
      )
      (denselayer4): _DenseLayer(
        (norm1): BatchNorm2d(1200, eps=1e-05, momentum=0.1, affine=True, track_running_stats=True)
        (relu1): ReLU(inplace=True)
        (conv1): Conv2d(1200, 192, kernel_size=(1, 1), stride=(1, 1), bias=False)
        (norm2): BatchNorm2d(192, eps=1e-05, momentum=0.1, affine=True, track_running_stats=True)
        (relu2): ReLU(inplace=True)
        (conv2): Conv2d(192, 48, kernel_size=(3, 3), stride=(1, 1), padding=(1, 1), bias=False)
      )
      (denselayer5): _DenseLayer(
        (norm1): BatchNorm2d(1248, eps=1e-05, momentum=0.1, affine=True, track_running_stats=True)
        (relu1): ReLU(inplace=True)
        (conv1): Conv2d(1248, 192, kernel_size=(1, 1), stride=(1, 1), bias=False)
        (norm2): BatchNorm2d(192, eps=1e-05, momentum=0.1, affine=True, track_running_stats=True)
        (relu2): ReLU(inplace=True)
        (conv2): Conv2d(192, 48, kernel_size=(3, 3), stride=(1, 1), padding=(1, 1), bias=False)
      )
      (denselayer6): _DenseLayer(
        (norm1): BatchNorm2d(1296, eps=1e-05, momentum=0.1, affine=True, track_running_stats=True)
        (relu1): ReLU(inplace=True)
        (conv1): Conv2d(1296, 192, kernel_size=(1, 1), stride=(1, 1), bias=False)
        (norm2): BatchNorm2d(192, eps=1e-05, momentum=0.1, affine=True, track_running_stats=True)
        (relu2): ReLU(inplace=True)
        (conv2): Conv2d(192, 48, kernel_size=(3, 3), stride=(1, 1), padding=(1, 1), bias=False)
      )
      (denselayer7): _DenseLayer(
        (norm1): BatchNorm2d(1344, eps=1e-05, momentum=0.1, affine=True, track_running_stats=True)
        (relu1): ReLU(inplace=True)
        (conv1): Conv2d(1344, 192, kernel_size=(1, 1), stride=(1, 1), bias=False)
        (norm2): BatchNorm2d(192, eps=1e-05, momentum=0.1, affine=True, track_running_stats=True)
        (relu2): ReLU(inplace=True)
        (conv2): Conv2d(192, 48, kernel_size=(3, 3), stride=(1, 1), padding=(1, 1), bias=False)
      )
      (denselayer8): _DenseLayer(
        (norm1): BatchNorm2d(1392, eps=1e-05, momentum=0.1, affine=True, track_running_stats=True)
        (relu1): ReLU(inplace=True)
        (conv1): Conv2d(1392, 192, kernel_size=(1, 1), stride=(1, 1), bias=False)
        (norm2): BatchNorm2d(192, eps=1e-05, momentum=0.1, affine=True, track_running_stats=True)
        (relu2): ReLU(inplace=True)
        (conv2): Conv2d(192, 48, kernel_size=(3, 3), stride=(1, 1), padding=(1, 1), bias=False)
      )
      (denselayer9): _DenseLayer(
        (norm1): BatchNorm2d(1440, eps=1e-05, momentum=0.1, affine=True, track_running_stats=True)
        (relu1): ReLU(inplace=True)
        (conv1): Conv2d(1440, 192, kernel_size=(1, 1), stride=(1, 1), bias=False)
        (norm2): BatchNorm2d(192, eps=1e-05, momentum=0.1, affine=True, track_running_stats=True)
        (relu2): ReLU(inplace=True)
        (conv2): Conv2d(192, 48, kernel_size=(3, 3), stride=(1, 1), padding=(1, 1), bias=False)
      )
      (denselayer10): _DenseLayer(
        (norm1): BatchNorm2d(1488, eps=1e-05, momentum=0.1, affine=True, track_running_stats=True)
        (relu1): ReLU(inplace=True)
        (conv1): Conv2d(1488, 192, kernel_size=(1, 1), stride=(1, 1), bias=False)
        (norm2): BatchNorm2d(192, eps=1e-05, momentum=0.1, affine=True, track_running_stats=True)
        (relu2): ReLU(inplace=True)
        (conv2): Conv2d(192, 48, kernel_size=(3, 3), stride=(1, 1), padding=(1, 1), bias=False)
      )
      (denselayer11): _DenseLayer(
        (norm1): BatchNorm2d(1536, eps=1e-05, momentum=0.1, affine=True, track_running_stats=True)
        (relu1): ReLU(inplace=True)
        (conv1): Conv2d(1536, 192, kernel_size=(1, 1), stride=(1, 1), bias=False)
        (norm2): BatchNorm2d(192, eps=1e-05, momentum=0.1, affine=True, track_running_stats=True)
        (relu2): ReLU(inplace=True)
        (conv2): Conv2d(192, 48, kernel_size=(3, 3), stride=(1, 1), padding=(1, 1), bias=False)
      )
      (denselayer12): _DenseLayer(
        (norm1): BatchNorm2d(1584, eps=1e-05, momentum=0.1, affine=True, track_running_stats=True)
        (relu1): ReLU(inplace=True)
        (conv1): Conv2d(1584, 192, kernel_size=(1, 1), stride=(1, 1), bias=False)
        (norm2): BatchNorm2d(192, eps=1e-05, momentum=0.1, affine=True, track_running_stats=True)
        (relu2): ReLU(inplace=True)
        (conv2): Conv2d(192, 48, kernel_size=(3, 3), stride=(1, 1), padding=(1, 1), bias=False)
      )
      (denselayer13): _DenseLayer(
        (norm1): BatchNorm2d(1632, eps=1e-05, momentum=0.1, affine=True, track_running_stats=True)
        (relu1): ReLU(inplace=True)
        (conv1): Conv2d(1632, 192, kernel_size=(1, 1), stride=(1, 1), bias=False)
        (norm2): BatchNorm2d(192, eps=1e-05, momentum=0.1, affine=True, track_running_stats=True)
        (relu2): ReLU(inplace=True)
        (conv2): Conv2d(192, 48, kernel_size=(3, 3), stride=(1, 1), padding=(1, 1), bias=False)
      )
      (denselayer14): _DenseLayer(
        (norm1): BatchNorm2d(1680, eps=1e-05, momentum=0.1, affine=True, track_running_stats=True)
        (relu1): ReLU(inplace=True)
        (conv1): Conv2d(1680, 192, kernel_size=(1, 1), stride=(1, 1), bias=False)
        (norm2): BatchNorm2d(192, eps=1e-05, momentum=0.1, affine=True, track_running_stats=True)
        (relu2): ReLU(inplace=True)
        (conv2): Conv2d(192, 48, kernel_size=(3, 3), stride=(1, 1), padding=(1, 1), bias=False)
      )
      (denselayer15): _DenseLayer(
        (norm1): BatchNorm2d(1728, eps=1e-05, momentum=0.1, affine=True, track_running_stats=True)
        (relu1): ReLU(inplace=True)
        (conv1): Conv2d(1728, 192, kernel_size=(1, 1), stride=(1, 1), bias=False)
        (norm2): BatchNorm2d(192, eps=1e-05, momentum=0.1, affine=True, track_running_stats=True)
        (relu2): ReLU(inplace=True)
        (conv2): Conv2d(192, 48, kernel_size=(3, 3), stride=(1, 1), padding=(1, 1), bias=False)
      )
      (denselayer16): _DenseLayer(
        (norm1): BatchNorm2d(1776, eps=1e-05, momentum=0.1, affine=True, track_running_stats=True)
        (relu1): ReLU(inplace=True)
        (conv1): Conv2d(1776, 192, kernel_size=(1, 1), stride=(1, 1), bias=False)
        (norm2): BatchNorm2d(192, eps=1e-05, momentum=0.1, affine=True, track_running_stats=True)
        (relu2): ReLU(inplace=True)
        (conv2): Conv2d(192, 48, kernel_size=(3, 3), stride=(1, 1), padding=(1, 1), bias=False)
      )
      (denselayer17): _DenseLayer(
        (norm1): BatchNorm2d(1824, eps=1e-05, momentum=0.1, affine=True, track_running_stats=True)
        (relu1): ReLU(inplace=True)
        (conv1): Conv2d(1824, 192, kernel_size=(1, 1), stride=(1, 1), bias=False)
        (norm2): BatchNorm2d(192, eps=1e-05, momentum=0.1, affine=True, track_running_stats=True)
        (relu2): ReLU(inplace=True)
        (conv2): Conv2d(192, 48, kernel_size=(3, 3), stride=(1, 1), padding=(1, 1), bias=False)
      )
      (denselayer18): _DenseLayer(
        (norm1): BatchNorm2d(1872, eps=1e-05, momentum=0.1, affine=True, track_running_stats=True)
        (relu1): ReLU(inplace=True)
        (conv1): Conv2d(1872, 192, kernel_size=(1, 1), stride=(1, 1), bias=False)
        (norm2): BatchNorm2d(192, eps=1e-05, momentum=0.1, affine=True, track_running_stats=True)
        (relu2): ReLU(inplace=True)
        (conv2): Conv2d(192, 48, kernel_size=(3, 3), stride=(1, 1), padding=(1, 1), bias=False)
      )
      (denselayer19): _DenseLayer(
        (norm1): BatchNorm2d(1920, eps=1e-05, momentum=0.1, affine=True, track_running_stats=True)
        (relu1): ReLU(inplace=True)
        (conv1): Conv2d(1920, 192, kernel_size=(1, 1), stride=(1, 1), bias=False)
        (norm2): BatchNorm2d(192, eps=1e-05, momentum=0.1, affine=True, track_running_stats=True)
        (relu2): ReLU(inplace=True)
        (conv2): Conv2d(192, 48, kernel_size=(3, 3), stride=(1, 1), padding=(1, 1), bias=False)
      )
      (denselayer20): _DenseLayer(
        (norm1): BatchNorm2d(1968, eps=1e-05, momentum=0.1, affine=True, track_running_stats=True)
        (relu1): ReLU(inplace=True)
        (conv1): Conv2d(1968, 192, kernel_size=(1, 1), stride=(1, 1), bias=False)
        (norm2): BatchNorm2d(192, eps=1e-05, momentum=0.1, affine=True, track_running_stats=True)
        (relu2): ReLU(inplace=True)
        (conv2): Conv2d(192, 48, kernel_size=(3, 3), stride=(1, 1), padding=(1, 1), bias=False)
      )
      (denselayer21): _DenseLayer(
        (norm1): BatchNorm2d(2016, eps=1e-05, momentum=0.1, affine=True, track_running_stats=True)
        (relu1): ReLU(inplace=True)
        (conv1): Conv2d(2016, 192, kernel_size=(1, 1), stride=(1, 1), bias=False)
        (norm2): BatchNorm2d(192, eps=1e-05, momentum=0.1, affine=True, track_running_stats=True)
        (relu2): ReLU(inplace=True)
        (conv2): Conv2d(192, 48, kernel_size=(3, 3), stride=(1, 1), padding=(1, 1), bias=False)
      )
      (denselayer22): _DenseLayer(
        (norm1): BatchNorm2d(2064, eps=1e-05, momentum=0.1, affine=True, track_running_stats=True)
        (relu1): ReLU(inplace=True)
        (conv1): Conv2d(2064, 192, kernel_size=(1, 1), stride=(1, 1), bias=False)
        (norm2): BatchNorm2d(192, eps=1e-05, momentum=0.1, affine=True, track_running_stats=True)
        (relu2): ReLU(inplace=True)
        (conv2): Conv2d(192, 48, kernel_size=(3, 3), stride=(1, 1), padding=(1, 1), bias=False)
      )
      (denselayer23): _DenseLayer(
        (norm1): BatchNorm2d(2112, eps=1e-05, momentum=0.1, affine=True, track_running_stats=True)
        (relu1): ReLU(inplace=True)
        (conv1): Conv2d(2112, 192, kernel_size=(1, 1), stride=(1, 1), bias=False)
        (norm2): BatchNorm2d(192, eps=1e-05, momentum=0.1, affine=True, track_running_stats=True)
        (relu2): ReLU(inplace=True)
        (conv2): Conv2d(192, 48, kernel_size=(3, 3), stride=(1, 1), padding=(1, 1), bias=False)
      )
      (denselayer24): _DenseLayer(
        (norm1): BatchNorm2d(2160, eps=1e-05, momentum=0.1, affine=True, track_running_stats=True)
        (relu1): ReLU(inplace=True)
        (conv1): Conv2d(2160, 192, kernel_size=(1, 1), stride=(1, 1), bias=False)
        (norm2): BatchNorm2d(192, eps=1e-05, momentum=0.1, affine=True, track_running_stats=True)
        (relu2): ReLU(inplace=True)
        (conv2): Conv2d(192, 48, kernel_size=(3, 3), stride=(1, 1), padding=(1, 1), bias=False)
      )
    )
    (norm5): BatchNorm2d(2208, eps=1e-05, momentum=0.1, affine=True, track_running_stats=True)
  )
  (classifier): Linear(in_features=2208, out_features=2, bias=True)
)

TEST

+--------------------+--------------------+--------------------+--------------------+
|      Accuracy      |     Precision      |       Recall       |         F1         |
+--------------------+--------------------+--------------------+--------------------+
| 0.9452054794520548 | 0.9536354056902002 | 0.9452054794520548 | 0.9463703289534992 |
+--------------------+--------------------+--------------------+--------------------+


              precision    recall  f1-score   support

           0     0.9459    0.8974    0.9211        39
           1     0.8947    0.9444    0.9189        36

    accuracy                         0.9200        75
   macro avg     0.9203    0.9209    0.9200        75
weighted avg     0.9214    0.9200    0.9200        75



[[35  4]
 [ 2 34]]

