Read csv file.......
Training device information:
+--------------------+-------------------------+---------------------------------+
|   number of gpu    |    applied gpu index    |         applied gpu name        |
+--------------------+-------------------------+---------------------------------+
|         1          |            0            |     NVIDIA GeForce RTX 3090     |
+--------------------+-------------------------+---------------------------------+

Use data information file:/home/zhangxiaohan/constitution/baseline/data.csv
Loading data from path: /home/zhangxiaohan/constitution/data/face......
data information:
+----------------------+----------------+----------------+---------------+----------+
|  number of samples   |  train number  |  valid number  |  test number  | percent  |
+----------------------+----------------+----------------+---------------+----------+
|         738          |      590       |       73       |       75      |   0.8    |
+----------------------+----------------+----------------+---------------+----------+

Classes information:
+------------+------------+
|     0      |     1      |
+------------+------------+
|     0      |     1      |
+------------+------------+

Train information:
+--------------------+-----------------+-----------------+----------+---------------------+----------+----------+-----------------------------------------------------------------------+
|       theme        |      resize     |    batch size   |  epoch   |    learning rate    |  beta1   |  beta2   |                            directory of log                           |
+--------------------+-----------------+-----------------+----------+---------------------+----------+----------+-----------------------------------------------------------------------+
|    constitution    |    (224, 224)   |        16       |   300    |        0.0001       |   0.5    |  0.999   |            /home/zhangxiaohan/constitution/baseline/workdir           |
+--------------------+-----------------+-----------------+----------+---------------------+----------+----------+-----------------------------------------------------------------------+

Train begins......
Epoch loss:0.5392868575212117

+--------------------+--------------------+--------------------+--------------------+
|      Accuracy      |     Precision      |       Recall       |         F1         |
+--------------------+--------------------+--------------------+--------------------+
| 0.5753424657534246 | 0.8023145961265943 | 0.5753424657534246 | 0.5448752328238728 |
+--------------------+--------------------+--------------------+--------------------+

Epoch loss:0.381874937060717

+-------------------+--------------------+-------------------+-------------------+
|      Accuracy     |     Precision      |       Recall      |         F1        |
+-------------------+--------------------+-------------------+-------------------+
| 0.821917808219178 | 0.8235159817351598 | 0.821917808219178 | 0.822558263654154 |
+-------------------+--------------------+-------------------+-------------------+

Epoch loss:0.333092982704575

+--------------------+--------------------+--------------------+--------------------+
|      Accuracy      |     Precision      |       Recall       |         F1         |
+--------------------+--------------------+--------------------+--------------------+
| 0.7534246575342466 | 0.8327705213974727 | 0.7534246575342466 | 0.7556493974662685 |
+--------------------+--------------------+--------------------+--------------------+

Epoch loss:0.3001308014263978

+--------------------+--------------------+--------------------+--------------------+
|      Accuracy      |     Precision      |       Recall       |         F1         |
+--------------------+--------------------+--------------------+--------------------+
| 0.3972602739726027 | 0.7707891182712715 | 0.3972602739726027 | 0.2563134842978287 |
+--------------------+--------------------+--------------------+--------------------+

Epoch loss:0.21042630962423375

+--------------------+--------------------+--------------------+--------------------+
|      Accuracy      |     Precision      |       Recall       |         F1         |
+--------------------+--------------------+--------------------+--------------------+
| 0.8904109589041096 | 0.8904109589041096 | 0.8904109589041096 | 0.8904109589041096 |
+--------------------+--------------------+--------------------+--------------------+

Epoch loss:0.2375796606411805

+--------------------+--------------------+--------------------+--------------------+
|      Accuracy      |     Precision      |       Recall       |         F1         |
+--------------------+--------------------+--------------------+--------------------+
| 0.7671232876712328 | 0.8097229374806879 | 0.7671232876712328 | 0.7710156239836605 |
+--------------------+--------------------+--------------------+--------------------+

Epoch loss:0.22100899952488975

+-------------------+--------------------+-------------------+--------------------+
|      Accuracy     |     Precision      |       Recall      |         F1         |
+-------------------+--------------------+-------------------+--------------------+
| 0.863013698630137 | 0.8883098156349779 | 0.863013698630137 | 0.8653283673168782 |
+-------------------+--------------------+-------------------+--------------------+

Epoch loss:0.19035420642309897

+--------------------+--------------------+--------------------+--------------------+
|      Accuracy      |     Precision      |       Recall       |         F1         |
+--------------------+--------------------+--------------------+--------------------+
| 0.8904109589041096 | 0.8975613427668221 | 0.8904109589041096 | 0.8869164103997763 |
+--------------------+--------------------+--------------------+--------------------+

Epoch loss:0.18070892747995015

+--------------------+--------------------+--------------------+-------------------+
|      Accuracy      |     Precision      |       Recall       |         F1        |
+--------------------+--------------------+--------------------+-------------------+
| 0.9178082191780822 | 0.9253414136312944 | 0.9178082191780822 | 0.918774423498089 |
+--------------------+--------------------+--------------------+-------------------+

Epoch loss:0.17456066331549272

+--------------------+--------------------+--------------------+--------------------+
|      Accuracy      |     Precision      |       Recall       |         F1         |
+--------------------+--------------------+--------------------+--------------------+
| 0.8904109589041096 | 0.8932666294499078 | 0.8904109589041096 | 0.8911502500543595 |
+--------------------+--------------------+--------------------+--------------------+

Epoch loss:0.14942136784461704

+--------------------+--------------------+--------------------+-------------------+
|      Accuracy      |     Precision      |       Recall       |         F1        |
+--------------------+--------------------+--------------------+-------------------+
| 0.9178082191780822 | 0.9253414136312944 | 0.9178082191780822 | 0.918774423498089 |
+--------------------+--------------------+--------------------+-------------------+

Epoch loss:0.11647654865943902

+-------------------+--------------------+-------------------+--------------------+
|      Accuracy     |     Precision      |       Recall      |         F1         |
+-------------------+--------------------+-------------------+--------------------+
| 0.863013698630137 | 0.8714727605580456 | 0.863013698630137 | 0.8646240391634817 |
+-------------------+--------------------+-------------------+--------------------+

Epoch loss:0.14487718191702623

+--------------------+--------------------+--------------------+-------------------+
|      Accuracy      |     Precision      |       Recall       |         F1        |
+--------------------+--------------------+--------------------+-------------------+
| 0.9041095890410958 | 0.9090542817376016 | 0.9041095890410958 | 0.901688623479331 |
+--------------------+--------------------+--------------------+-------------------+

Epoch loss:0.11889574024826288

+-------------------+------------------+-------------------+---------------------+
|      Accuracy     |    Precision     |       Recall      |          F1         |
+-------------------+------------------+-------------------+---------------------+
| 0.410958904109589 | 0.77279843444227 | 0.410958904109589 | 0.28306275200378134 |
+-------------------+------------------+-------------------+---------------------+

Epoch loss:0.1226330980079601

+--------------------+--------------------+--------------------+--------------------+
|      Accuracy      |     Precision      |       Recall       |         F1         |
+--------------------+--------------------+--------------------+--------------------+
| 0.8767123287671232 | 0.8863918325148616 | 0.8767123287671232 | 0.8718899870167722 |
+--------------------+--------------------+--------------------+--------------------+

Epoch loss:0.11736781779374625

+--------------------+--------------------+--------------------+--------------------+
|      Accuracy      |     Precision      |       Recall       |         F1         |
+--------------------+--------------------+--------------------+--------------------+
| 0.9178082191780822 | 0.9178995433789954 | 0.9178082191780822 | 0.9171019886554717 |
+--------------------+--------------------+--------------------+--------------------+

Epoch loss:0.11684371057797123

+--------------------+--------------------+--------------------+--------------------+
|      Accuracy      |     Precision      |       Recall       |         F1         |
+--------------------+--------------------+--------------------+--------------------+
| 0.4246575342465753 | 0.7748659916617033 | 0.4246575342465753 | 0.3088698630136986 |
+--------------------+--------------------+--------------------+--------------------+

Epoch loss:0.10176977741758565

+--------------------+--------------------+--------------------+--------------------+
|      Accuracy      |     Precision      |       Recall       |         F1         |
+--------------------+--------------------+--------------------+--------------------+
| 0.9041095890410958 | 0.9051532941943901 | 0.9041095890410958 | 0.9044544496599292 |
+--------------------+--------------------+--------------------+--------------------+

Epoch loss:0.08313986616259492

+--------------------+-------------------+--------------------+--------------------+
|      Accuracy      |     Precision     |       Recall       |         F1         |
+--------------------+-------------------+--------------------+--------------------+
| 0.8767123287671232 | 0.888354076177748 | 0.8767123287671232 | 0.8783936334595646 |
+--------------------+-------------------+--------------------+--------------------+

Epoch loss:0.09407022002631345

+--------------------+--------------------+--------------------+--------------------+
|      Accuracy      |     Precision      |       Recall       |         F1         |
+--------------------+--------------------+--------------------+--------------------+
| 0.8493150684931506 | 0.8560093047299044 | 0.8493150684931506 | 0.8434210952427216 |
+--------------------+--------------------+--------------------+--------------------+

Epoch loss:0.0979954663764786

+--------------------+--------------------+--------------------+--------------------+
|      Accuracy      |     Precision      |       Recall       |         F1         |
+--------------------+--------------------+--------------------+--------------------+
| 0.7945205479452054 | 0.8514528850145289 | 0.7945205479452054 | 0.7975485844576321 |
+--------------------+--------------------+--------------------+--------------------+

Epoch loss:0.09883446450269706

+--------------------+--------------------+--------------------+--------------------+
|      Accuracy      |     Precision      |       Recall       |         F1         |
+--------------------+--------------------+--------------------+--------------------+
| 0.8904109589041096 | 0.8932666294499078 | 0.8904109589041096 | 0.8911502500543595 |
+--------------------+--------------------+--------------------+--------------------+

Epoch loss:0.08061639137402479

+--------------------+--------------------+--------------------+---------------------+
|      Accuracy      |     Precision      |       Recall       |          F1         |
+--------------------+--------------------+--------------------+---------------------+
| 0.4931506849315068 | 0.7861729452054794 | 0.4931506849315068 | 0.42570580104826683 |
+--------------------+--------------------+--------------------+---------------------+

Epoch loss:0.11016603260351396

+--------------------+--------------------+--------------------+--------------------+
|      Accuracy      |     Precision      |       Recall       |         F1         |
+--------------------+--------------------+--------------------+--------------------+
| 0.9178082191780822 | 0.9209053007742705 | 0.9178082191780822 | 0.9162328767123289 |
+--------------------+--------------------+--------------------+--------------------+

Epoch loss:0.08308633612594693

+--------------------+--------------------+--------------------+--------------------+
|      Accuracy      |     Precision      |       Recall       |         F1         |
+--------------------+--------------------+--------------------+--------------------+
| 0.9041095890410958 | 0.9152814901436686 | 0.9041095890410958 | 0.9054172704685504 |
+--------------------+--------------------+--------------------+--------------------+

Epoch loss:0.09050838245280288

+--------------------+--------------------+--------------------+--------------------+
|      Accuracy      |     Precision      |       Recall       |         F1         |
+--------------------+--------------------+--------------------+--------------------+
| 0.8904109589041096 | 0.8984070870946699 | 0.8904109589041096 | 0.8916992313307854 |
+--------------------+--------------------+--------------------+--------------------+

Epoch loss:0.08232614815209967

+--------------------+--------------------+--------------------+--------------------+
|      Accuracy      |     Precision      |       Recall       |         F1         |
+--------------------+--------------------+--------------------+--------------------+
| 0.9041095890410958 | 0.9036948187341659 | 0.9041095890410958 | 0.9037205023664807 |
+--------------------+--------------------+--------------------+--------------------+

Epoch loss:0.09933889943577752

+--------------------+--------------------+--------------------+--------------------+
|      Accuracy      |     Precision      |       Recall       |         F1         |
+--------------------+--------------------+--------------------+--------------------+
| 0.9178082191780822 | 0.9272918861959958 | 0.9178082191780822 | 0.9151873077998323 |
+--------------------+--------------------+--------------------+--------------------+

Epoch loss:0.05420434498228133

+--------------------+--------------------+--------------------+--------------------+
|      Accuracy      |     Precision      |       Recall       |         F1         |
+--------------------+--------------------+--------------------+--------------------+
| 0.9041095890410958 | 0.9152814901436686 | 0.9041095890410958 | 0.9054172704685504 |
+--------------------+--------------------+--------------------+--------------------+

Epoch loss:0.06457986376512595

+--------------------+--------------------+--------------------+--------------------+
|      Accuracy      |     Precision      |       Recall       |         F1         |
+--------------------+--------------------+--------------------+--------------------+
| 0.8767123287671232 | 0.8968160499183866 | 0.8767123287671232 | 0.8787096603743676 |
+--------------------+--------------------+--------------------+--------------------+

Epoch loss:0.055155109079252626

+--------------------+--------------------+--------------------+--------------------+
|      Accuracy      |     Precision      |       Recall       |         F1         |
+--------------------+--------------------+--------------------+--------------------+
| 0.9041095890410958 | 0.9036948187341659 | 0.9041095890410958 | 0.9037205023664807 |
+--------------------+--------------------+--------------------+--------------------+

Epoch loss:0.10931818702295926

+--------------------+--------------------+--------------------+--------------------+
|      Accuracy      |     Precision      |       Recall       |         F1         |
+--------------------+--------------------+--------------------+--------------------+
| 0.8904109589041096 | 0.8899771689497717 | 0.8904109589041096 | 0.8894693182072954 |
+--------------------+--------------------+--------------------+--------------------+

Epoch loss:0.05172611069173325

+--------------------+--------------------+--------------------+--------------------+
|      Accuracy      |     Precision      |       Recall       |         F1         |
+--------------------+--------------------+--------------------+--------------------+
| 0.5753424657534246 | 0.8023145961265943 | 0.5753424657534246 | 0.5448752328238728 |
+--------------------+--------------------+--------------------+--------------------+

Epoch loss:0.04472868820822269

+--------------------+--------------------+--------------------+--------------------+
|      Accuracy      |     Precision      |       Recall       |         F1         |
+--------------------+--------------------+--------------------+--------------------+
| 0.9178082191780822 | 0.9178082191780822 | 0.9178082191780822 | 0.9178082191780822 |
+--------------------+--------------------+--------------------+--------------------+

Epoch loss:0.08789001015719732

+--------------------+--------------------+--------------------+--------------------+
|      Accuracy      |     Precision      |       Recall       |         F1         |
+--------------------+--------------------+--------------------+--------------------+
| 0.9178082191780822 | 0.9272918861959958 | 0.9178082191780822 | 0.9151873077998323 |
+--------------------+--------------------+--------------------+--------------------+

Epoch loss:0.06839957210782764

+--------------------+--------------------+--------------------+--------------------+
|      Accuracy      |     Precision      |       Recall       |         F1         |
+--------------------+--------------------+--------------------+--------------------+
| 0.8767123287671232 | 0.8766074923119933 | 0.8767123287671232 | 0.8750328682302049 |
+--------------------+--------------------+--------------------+--------------------+

Epoch loss:0.04142710854569953

+--------------------+--------------------+--------------------+--------------------+
|      Accuracy      |     Precision      |       Recall       |         F1         |
+--------------------+--------------------+--------------------+--------------------+
| 0.9041095890410958 | 0.9051532941943901 | 0.9041095890410958 | 0.9044544496599292 |
+--------------------+--------------------+--------------------+--------------------+

Epoch loss:0.04229947125045205

+--------------------+--------------------+--------------------+--------------------+
|      Accuracy      |     Precision      |       Recall       |         F1         |
+--------------------+--------------------+--------------------+--------------------+
| 0.9041095890410958 | 0.9090474673462887 | 0.9041095890410958 | 0.9050168903866561 |
+--------------------+--------------------+--------------------+--------------------+

Epoch loss:0.06665241839427098

+--------------------+--------------------+--------------------+--------------------+
|      Accuracy      |     Precision      |       Recall       |         F1         |
+--------------------+--------------------+--------------------+--------------------+
| 0.8904109589041096 | 0.8932666294499078 | 0.8904109589041096 | 0.8911502500543595 |
+--------------------+--------------------+--------------------+--------------------+

Epoch loss:0.05285757572887264

+--------------------+--------------------+--------------------+--------------------+
|      Accuracy      |     Precision      |       Recall       |         F1         |
+--------------------+--------------------+--------------------+--------------------+
| 0.8082191780821918 | 0.8581788879935536 | 0.8082191780821918 | 0.8112702366127024 |
+--------------------+--------------------+--------------------+--------------------+

Epoch loss:0.03719358196453745

+--------------------+--------------------+--------------------+--------------------+
|      Accuracy      |     Precision      |       Recall       |         F1         |
+--------------------+--------------------+--------------------+--------------------+
| 0.9315068493150684 | 0.9382218640881012 | 0.9315068493150684 | 0.9297775881995222 |
+--------------------+--------------------+--------------------+--------------------+

Epoch loss:0.04250027330488445

+--------------------+--------------------+--------------------+--------------------+
|      Accuracy      |     Precision      |       Recall       |         F1         |
+--------------------+--------------------+--------------------+--------------------+
| 0.9315068493150684 | 0.9323657316808002 | 0.9315068493150684 | 0.9317531783285209 |
+--------------------+--------------------+--------------------+--------------------+

Epoch loss:0.06579498085743948

+--------------------+-------------------+--------------------+-------------------+
|      Accuracy      |     Precision     |       Recall       |         F1        |
+--------------------+-------------------+--------------------+-------------------+
| 0.9315068493150684 | 0.931327489182342 | 0.9315068493150684 | 0.931228930261772 |
+--------------------+-------------------+--------------------+-------------------+

Epoch loss:0.04090141645802588

+--------------------+--------------------+--------------------+--------------------+
|      Accuracy      |     Precision      |       Recall       |         F1         |
+--------------------+--------------------+--------------------+--------------------+
| 0.9315068493150684 | 0.9382218640881012 | 0.9315068493150684 | 0.9297775881995222 |
+--------------------+--------------------+--------------------+--------------------+

Epoch loss:0.0689562500660572

+--------------------+--------------------+--------------------+--------------------+
|      Accuracy      |     Precision      |       Recall       |         F1         |
+--------------------+--------------------+--------------------+--------------------+
| 0.9041095890410958 | 0.9238517324738114 | 0.9041095890410958 | 0.9056630691800637 |
+--------------------+--------------------+--------------------+--------------------+

Epoch loss:0.033001044979067265

+--------------------+--------------------+--------------------+--------------------+
|      Accuracy      |     Precision      |       Recall       |         F1         |
+--------------------+--------------------+--------------------+--------------------+
| 0.7945205479452054 | 0.8450482820570401 | 0.7945205479452054 | 0.7694080340348424 |
+--------------------+--------------------+--------------------+--------------------+

Epoch loss:0.053490626384233554

+--------------------+--------------------+--------------------+--------------------+
|      Accuracy      |     Precision      |       Recall       |         F1         |
+--------------------+--------------------+--------------------+--------------------+
| 0.8493150684931506 | 0.8614266622118276 | 0.8493150684931506 | 0.8513699964505791 |
+--------------------+--------------------+--------------------+--------------------+

Epoch loss:0.05183851631964727

+--------------------+--------------------+--------------------+--------------------+
|      Accuracy      |     Precision      |       Recall       |         F1         |
+--------------------+--------------------+--------------------+--------------------+
| 0.9041095890410958 | 0.9090474673462887 | 0.9041095890410958 | 0.9050168903866561 |
+--------------------+--------------------+--------------------+--------------------+

Epoch loss:0.046414417757045454

+--------------------+--------------------+--------------------+--------------------+
|      Accuracy      |     Precision      |       Recall       |         F1         |
+--------------------+--------------------+--------------------+--------------------+
| 0.9178082191780822 | 0.9178995433789954 | 0.9178082191780822 | 0.9171019886554717 |
+--------------------+--------------------+--------------------+--------------------+

Epoch loss:0.061504995657250636

+--------------------+--------------------+--------------------+--------------------+
|      Accuracy      |     Precision      |       Recall       |         F1         |
+--------------------+--------------------+--------------------+--------------------+
| 0.8904109589041096 | 0.8984070870946699 | 0.8904109589041096 | 0.8916992313307854 |
+--------------------+--------------------+--------------------+--------------------+

Epoch loss:0.0457857821315269

+--------------------+--------------------+--------------------+--------------------+
|      Accuracy      |     Precision      |       Recall       |         F1         |
+--------------------+--------------------+--------------------+--------------------+
| 0.9178082191780822 | 0.9203418216172113 | 0.9178082191780822 | 0.9183626875407699 |
+--------------------+--------------------+--------------------+--------------------+

Epoch loss:0.051617216766415466

+--------------------+-------------------+--------------------+--------------------+
|      Accuracy      |     Precision     |       Recall       |         F1         |
+--------------------+-------------------+--------------------+--------------------+
| 0.8767123287671232 | 0.888354076177748 | 0.8767123287671232 | 0.8783936334595646 |
+--------------------+-------------------+--------------------+--------------------+

Epoch loss:0.07087031540396384

+--------------------+--------------------+--------------------+--------------------+
|      Accuracy      |     Precision      |       Recall       |         F1         |
+--------------------+--------------------+--------------------+--------------------+
| 0.9315068493150684 | 0.9331492871121051 | 0.9315068493150684 | 0.9305738156834471 |
+--------------------+--------------------+--------------------+--------------------+

Epoch loss:0.02818660797139101

+--------------------+--------------------+--------------------+--------------------+
|      Accuracy      |     Precision      |       Recall       |         F1         |
+--------------------+--------------------+--------------------+--------------------+
| 0.9452054794520548 | 0.9495890410958903 | 0.9452054794520548 | 0.9441552511415525 |
+--------------------+--------------------+--------------------+--------------------+

Epoch loss:0.07408219165557278

+-------------------+--------------------+-------------------+--------------------+
|      Accuracy     |     Precision      |       Recall      |         F1         |
+-------------------+--------------------+-------------------+--------------------+
| 0.863013698630137 | 0.8883098156349779 | 0.863013698630137 | 0.8653283673168782 |
+-------------------+--------------------+-------------------+--------------------+

Epoch loss:0.03957206764145569

+--------------------+--------------------+--------------------+--------------------+
|      Accuracy      |     Precision      |       Recall       |         F1         |
+--------------------+--------------------+--------------------+--------------------+
| 0.7534246575342466 | 0.8327705213974727 | 0.7534246575342466 | 0.7556493974662685 |
+--------------------+--------------------+--------------------+--------------------+

Epoch loss:0.029543249090115627

+--------------------+--------------------+--------------------+--------------------+
|      Accuracy      |     Precision      |       Recall       |         F1         |
+--------------------+--------------------+--------------------+--------------------+
| 0.8904109589041096 | 0.8899771689497717 | 0.8904109589041096 | 0.8894693182072954 |
+--------------------+--------------------+--------------------+--------------------+

Epoch loss:0.05847026642102817

+--------------------+--------------------+--------------------+--------------------+
|      Accuracy      |     Precision      |       Recall       |         F1         |
+--------------------+--------------------+--------------------+--------------------+
| 0.8767123287671232 | 0.8968866749688666 | 0.8767123287671232 | 0.8698765766987658 |
+--------------------+--------------------+--------------------+--------------------+

Epoch loss:0.05999966857740907

+--------------------+--------------------+--------------------+--------------------+
|      Accuracy      |     Precision      |       Recall       |         F1         |
+--------------------+--------------------+--------------------+--------------------+
| 0.9041095890410958 | 0.9090474673462887 | 0.9041095890410958 | 0.9050168903866561 |
+--------------------+--------------------+--------------------+--------------------+

Epoch loss:0.03897579090521872

+--------------------+--------------------+--------------------+--------------------+
|      Accuracy      |     Precision      |       Recall       |         F1         |
+--------------------+--------------------+--------------------+--------------------+
| 0.8904109589041096 | 0.8904109589041096 | 0.8904109589041096 | 0.8904109589041096 |
+--------------------+--------------------+--------------------+--------------------+

Epoch loss:0.04460734735275273

+--------------------+--------------------+--------------------+--------------------+
|      Accuracy      |     Precision      |       Recall       |         F1         |
+--------------------+--------------------+--------------------+--------------------+
| 0.9178082191780822 | 0.9327521793275219 | 0.9178082191780822 | 0.9190506530742275 |
+--------------------+--------------------+--------------------+--------------------+

Epoch loss:0.0340252742922481

+--------------------+--------------------+--------------------+--------------------+
|      Accuracy      |     Precision      |       Recall       |         F1         |
+--------------------+--------------------+--------------------+--------------------+
| 0.8356164383561644 | 0.8861959957850369 | 0.8356164383561644 | 0.8382316313823164 |
+--------------------+--------------------+--------------------+--------------------+

Epoch loss:0.02639927840130907

+--------------------+-------------------+--------------------+-------------------+
|      Accuracy      |     Precision     |       Recall       |         F1        |
+--------------------+-------------------+--------------------+-------------------+
| 0.9315068493150684 | 0.931327489182342 | 0.9315068493150684 | 0.931228930261772 |
+--------------------+-------------------+--------------------+-------------------+

Epoch loss:0.03771458441956752

+-------------------+--------------------+-------------------+--------------------+
|      Accuracy     |     Precision      |       Recall      |         F1         |
+-------------------+--------------------+-------------------+--------------------+
| 0.863013698630137 | 0.8874755381604695 | 0.863013698630137 | 0.8541620882475033 |
+-------------------+--------------------+-------------------+--------------------+

Epoch loss:0.03166850131910414

+--------------------+--------------------+--------------------+--------------------+
|      Accuracy      |     Precision      |       Recall       |         F1         |
+--------------------+--------------------+--------------------+--------------------+
| 0.9315068493150684 | 0.9323657316808002 | 0.9315068493150684 | 0.9317531783285209 |
+--------------------+--------------------+--------------------+--------------------+

Epoch loss:0.008718370101288767

+--------------------+--------------------+--------------------+--------------------+
|      Accuracy      |     Precision      |       Recall       |         F1         |
+--------------------+--------------------+--------------------+--------------------+
| 0.8904109589041096 | 0.8899771689497717 | 0.8904109589041096 | 0.8894693182072954 |
+--------------------+--------------------+--------------------+--------------------+

Epoch loss:0.0356065675332502

+--------------------+-------------------+--------------------+--------------------+
|      Accuracy      |     Precision     |       Recall       |         F1         |
+--------------------+-------------------+--------------------+--------------------+
| 0.9452054794520548 | 0.947417013784515 | 0.9452054794520548 | 0.9455751250271799 |
+--------------------+-------------------+--------------------+--------------------+

Epoch loss:0.03330256672509406

+--------------------+--------------------+--------------------+-------------------+
|      Accuracy      |     Precision      |       Recall       |         F1        |
+--------------------+--------------------+--------------------+-------------------+
| 0.9041095890410958 | 0.9090542817376016 | 0.9041095890410958 | 0.901688623479331 |
+--------------------+--------------------+--------------------+-------------------+

Epoch loss:0.0998578291842883

+--------------------+-------------------+--------------------+--------------------+
|      Accuracy      |     Precision     |       Recall       |         F1         |
+--------------------+-------------------+--------------------+--------------------+
| 0.8493150684931506 | 0.869780367362962 | 0.8493150684931506 | 0.8517562515686714 |
+--------------------+-------------------+--------------------+--------------------+

Epoch loss:0.02193006773322358

+--------------------+--------------------+--------------------+--------------------+
|      Accuracy      |     Precision      |       Recall       |         F1         |
+--------------------+--------------------+--------------------+--------------------+
| 0.9178082191780822 | 0.9178995433789954 | 0.9178082191780822 | 0.9171019886554717 |
+--------------------+--------------------+--------------------+--------------------+

Epoch loss:0.013874769226080191

+--------------------+--------------------+--------------------+--------------------+
|      Accuracy      |     Precision      |       Recall       |         F1         |
+--------------------+--------------------+--------------------+--------------------+
| 0.6164383561643836 | 0.7800723701214783 | 0.6164383561643836 | 0.6032171025321711 |
+--------------------+--------------------+--------------------+--------------------+

Epoch loss:0.035322693606144026

+--------------------+--------------------+--------------------+-------------------+
|      Accuracy      |     Precision      |       Recall       |         F1        |
+--------------------+--------------------+--------------------+-------------------+
| 0.9178082191780822 | 0.9253414136312944 | 0.9178082191780822 | 0.918774423498089 |
+--------------------+--------------------+--------------------+-------------------+

Epoch loss:0.022379499279014527

+--------------------+--------------------+--------------------+--------------------+
|      Accuracy      |     Precision      |       Recall       |         F1         |
+--------------------+--------------------+--------------------+--------------------+
| 0.9315068493150684 | 0.9331492871121051 | 0.9315068493150684 | 0.9305738156834471 |
+--------------------+--------------------+--------------------+--------------------+

Epoch loss:0.01980478361272961

+--------------------+--------------------+--------------------+--------------------+
|      Accuracy      |     Precision      |       Recall       |         F1         |
+--------------------+--------------------+--------------------+--------------------+
| 0.8767123287671232 | 0.9075342465753424 | 0.8767123287671232 | 0.8788343196661401 |
+--------------------+--------------------+--------------------+--------------------+

Epoch loss:0.027279496599156707

+--------------------+--------------------+--------------------+--------------------+
|      Accuracy      |     Precision      |       Recall       |         F1         |
+--------------------+--------------------+--------------------+--------------------+
| 0.8356164383561644 | 0.8725369204821259 | 0.8356164383561644 | 0.8384355162044771 |
+--------------------+--------------------+--------------------+--------------------+

Epoch loss:0.041991424766377815

+--------------------+-------------------+--------------------+--------------------+
|      Accuracy      |     Precision     |       Recall       |         F1         |
+--------------------+-------------------+--------------------+--------------------+
| 0.9315068493150684 | 0.936030582988213 | 0.9315068493150684 | 0.9321549217047543 |
+--------------------+-------------------+--------------------+--------------------+

Epoch loss:0.06458941221171699

+--------------------+-------------------+--------------------+--------------------+
|      Accuracy      |     Precision     |       Recall       |         F1         |
+--------------------+-------------------+--------------------+--------------------+
| 0.8493150684931506 | 0.878394616678683 | 0.8493150684931506 | 0.8380876972135706 |
+--------------------+-------------------+--------------------+--------------------+

Epoch loss:0.0358157257868132

+--------------------+--------------------+--------------------+--------------------+
|      Accuracy      |     Precision      |       Recall       |         F1         |
+--------------------+--------------------+--------------------+--------------------+
| 0.9178082191780822 | 0.9327521793275219 | 0.9178082191780822 | 0.9190506530742275 |
+--------------------+--------------------+--------------------+--------------------+

Epoch loss:0.018146639399895543

+--------------------+--------------------+--------------------+--------------------+
|      Accuracy      |     Precision      |       Recall       |         F1         |
+--------------------+--------------------+--------------------+--------------------+
| 0.9041095890410958 | 0.9051532941943901 | 0.9041095890410958 | 0.9044544496599292 |
+--------------------+--------------------+--------------------+--------------------+

Epoch loss:0.02788145177357758

+--------------------+--------------------+--------------------+-------------------+
|      Accuracy      |     Precision      |       Recall       |         F1        |
+--------------------+--------------------+--------------------+-------------------+
| 0.9178082191780822 | 0.9253414136312944 | 0.9178082191780822 | 0.918774423498089 |
+--------------------+--------------------+--------------------+-------------------+

Epoch loss:0.03747658762394339

+--------------------+--------------------+--------------------+--------------------+
|      Accuracy      |     Precision      |       Recall       |         F1         |
+--------------------+--------------------+--------------------+--------------------+
| 0.9452054794520548 | 0.9495890410958903 | 0.9452054794520548 | 0.9441552511415525 |
+--------------------+--------------------+--------------------+--------------------+

Epoch loss:0.012326340858414147

+--------------------+--------------------+--------------------+--------------------+
|      Accuracy      |     Precision      |       Recall       |         F1         |
+--------------------+--------------------+--------------------+--------------------+
| 0.7808219178082192 | 0.8623765530423702 | 0.7808219178082192 | 0.7827994644144608 |
+--------------------+--------------------+--------------------+--------------------+

Epoch loss:0.03166361110867444

+--------------------+--------------------+--------------------+--------------------+
|      Accuracy      |     Precision      |       Recall       |         F1         |
+--------------------+--------------------+--------------------+--------------------+
| 0.9452054794520548 | 0.9452054794520548 | 0.9452054794520548 | 0.9452054794520548 |
+--------------------+--------------------+--------------------+--------------------+

Epoch loss:0.040018528774256795

+--------------------+--------------------+--------------------+--------------------+
|      Accuracy      |     Precision      |       Recall       |         F1         |
+--------------------+--------------------+--------------------+--------------------+
| 0.9315068493150684 | 0.9382218640881012 | 0.9315068493150684 | 0.9297775881995222 |
+--------------------+--------------------+--------------------+--------------------+

Epoch loss:0.047704661842765964

+--------------------+--------------------+--------------------+--------------------+
|      Accuracy      |     Precision      |       Recall       |         F1         |
+--------------------+--------------------+--------------------+--------------------+
| 0.9178082191780822 | 0.9209053007742705 | 0.9178082191780822 | 0.9162328767123289 |
+--------------------+--------------------+--------------------+--------------------+

Epoch loss:0.04608374047278925

+--------------------+--------------------+--------------------+--------------------+
|      Accuracy      |     Precision      |       Recall       |         F1         |
+--------------------+--------------------+--------------------+--------------------+
| 0.9178082191780822 | 0.9178082191780822 | 0.9178082191780822 | 0.9178082191780822 |
+--------------------+--------------------+--------------------+--------------------+

Epoch loss:0.019485834219242836

+--------------------+--------------------+--------------------+--------------------+
|      Accuracy      |     Precision      |       Recall       |         F1         |
+--------------------+--------------------+--------------------+--------------------+
| 0.9178082191780822 | 0.9209053007742705 | 0.9178082191780822 | 0.9162328767123289 |
+--------------------+--------------------+--------------------+--------------------+

Epoch loss:0.05144285362360439

+--------------------+--------------------+--------------------+--------------------+
|      Accuracy      |     Precision      |       Recall       |         F1         |
+--------------------+--------------------+--------------------+--------------------+
| 0.9178082191780822 | 0.9272918861959958 | 0.9178082191780822 | 0.9151873077998323 |
+--------------------+--------------------+--------------------+--------------------+

Epoch loss:0.02581962530227945

+--------------------+--------------------+--------------------+--------------------+
|      Accuracy      |     Precision      |       Recall       |         F1         |
+--------------------+--------------------+--------------------+--------------------+
| 0.9178082191780822 | 0.9203418216172113 | 0.9178082191780822 | 0.9183626875407699 |
+--------------------+--------------------+--------------------+--------------------+

Epoch loss:0.03361008310413446

+--------------------+-------------------+--------------------+-------------------+
|      Accuracy      |     Precision     |       Recall       |         F1        |
+--------------------+-------------------+--------------------+-------------------+
| 0.9315068493150684 | 0.931327489182342 | 0.9315068493150684 | 0.931228930261772 |
+--------------------+-------------------+--------------------+-------------------+

Epoch loss:0.012610581223350743

+--------------------+--------------------+--------------------+--------------------+
|      Accuracy      |     Precision      |       Recall       |         F1         |
+--------------------+--------------------+--------------------+--------------------+
| 0.9726027397260274 | 0.9737442922374431 | 0.9726027397260274 | 0.9723673295518239 |
+--------------------+--------------------+--------------------+--------------------+

Epoch loss:0.02646391346454923

+--------------------+--------------------+--------------------+--------------------+
|      Accuracy      |     Precision      |       Recall       |         F1         |
+--------------------+--------------------+--------------------+--------------------+
| 0.9041095890410958 | 0.9238517324738114 | 0.9041095890410958 | 0.9056630691800637 |
+--------------------+--------------------+--------------------+--------------------+

Epoch loss:0.029864248802657645

+--------------------+--------------------+--------------------+-------------------+
|      Accuracy      |     Precision      |       Recall       |         F1        |
+--------------------+--------------------+--------------------+-------------------+
| 0.9041095890410958 | 0.9048783897120493 | 0.9041095890410958 | 0.902803341956826 |
+--------------------+--------------------+--------------------+-------------------+

Epoch loss:0.021755602397937814

+--------------------+--------------------+--------------------+--------------------+
|      Accuracy      |     Precision      |       Recall       |         F1         |
+--------------------+--------------------+--------------------+--------------------+
| 0.9041095890410958 | 0.9090474673462887 | 0.9041095890410958 | 0.9050168903866561 |
+--------------------+--------------------+--------------------+--------------------+

Epoch loss:0.034556303956231056

+--------------------+--------------------+--------------------+--------------------+
|      Accuracy      |     Precision      |       Recall       |         F1         |
+--------------------+--------------------+--------------------+--------------------+
| 0.9315068493150684 | 0.9382218640881012 | 0.9315068493150684 | 0.9297775881995222 |
+--------------------+--------------------+--------------------+--------------------+

Epoch loss:0.024215419787086266

+--------------------+--------------------+--------------------+--------------------+
|      Accuracy      |     Precision      |       Recall       |         F1         |
+--------------------+--------------------+--------------------+--------------------+
| 0.9452054794520548 | 0.9458219178082192 | 0.9452054794520548 | 0.9447346591036477 |
+--------------------+--------------------+--------------------+--------------------+

Epoch loss:0.018366720255720472

+--------------------+--------------------+--------------------+--------------------+
|      Accuracy      |     Precision      |       Recall       |         F1         |
+--------------------+--------------------+--------------------+--------------------+
| 0.9315068493150684 | 0.9331492871121051 | 0.9315068493150684 | 0.9305738156834471 |
+--------------------+--------------------+--------------------+--------------------+

Epoch loss:0.019633430246597992

+--------------------+--------------------+--------------------+--------------------+
|      Accuracy      |     Precision      |       Recall       |         F1         |
+--------------------+--------------------+--------------------+--------------------+
| 0.8904109589041096 | 0.9154598825831701 | 0.8904109589041096 | 0.8922626938535025 |
+--------------------+--------------------+--------------------+--------------------+

Epoch loss:0.012688229487508038

+--------------------+--------------------+--------------------+--------------------+
|      Accuracy      |     Precision      |       Recall       |         F1         |
+--------------------+--------------------+--------------------+--------------------+
| 0.8767123287671232 | 0.9075342465753424 | 0.8767123287671232 | 0.8788343196661401 |
+--------------------+--------------------+--------------------+--------------------+

Epoch loss:0.023303654160249484

+--------------------+--------------------+--------------------+--------------------+
|      Accuracy      |     Precision      |       Recall       |         F1         |
+--------------------+--------------------+--------------------+--------------------+
| 0.9178082191780822 | 0.9178082191780822 | 0.9178082191780822 | 0.9178082191780822 |
+--------------------+--------------------+--------------------+--------------------+

Epoch loss:0.014483563342666358

+--------------------+--------------------+--------------------+--------------------+
|      Accuracy      |     Precision      |       Recall       |         F1         |
+--------------------+--------------------+--------------------+--------------------+
| 0.8904109589041096 | 0.8932666294499078 | 0.8904109589041096 | 0.8911502500543595 |
+--------------------+--------------------+--------------------+--------------------+

Epoch loss:0.007931520958529469

+--------------------+--------------------+--------------------+------------------+
|      Accuracy      |     Precision      |       Recall       |        F1        |
+--------------------+--------------------+--------------------+------------------+
| 0.8904109589041096 | 0.9066463723997972 | 0.8904109589041096 | 0.88526503871352 |
+--------------------+--------------------+--------------------+------------------+

Epoch loss:0.04406897561587455

+--------------------+--------------------+--------------------+--------------------+
|      Accuracy      |     Precision      |       Recall       |         F1         |
+--------------------+--------------------+--------------------+--------------------+
| 0.9041095890410958 | 0.9090474673462887 | 0.9041095890410958 | 0.9050168903866561 |
+--------------------+--------------------+--------------------+--------------------+

Epoch loss:0.04025910507533581

+--------------------+--------------------+--------------------+--------------------+
|      Accuracy      |     Precision      |       Recall       |         F1         |
+--------------------+--------------------+--------------------+--------------------+
| 0.9726027397260274 | 0.9737442922374431 | 0.9726027397260274 | 0.9723673295518239 |
+--------------------+--------------------+--------------------+--------------------+

Epoch loss:0.008818487320465121

+--------------------+--------------------+--------------------+--------------------+
|      Accuracy      |     Precision      |       Recall       |         F1         |
+--------------------+--------------------+--------------------+--------------------+
| 0.9178082191780822 | 0.9178995433789954 | 0.9178082191780822 | 0.9171019886554717 |
+--------------------+--------------------+--------------------+--------------------+

Epoch loss:0.02753345106631317

+--------------------+--------------------+--------------------+--------------------+
|      Accuracy      |     Precision      |       Recall       |         F1         |
+--------------------+--------------------+--------------------+--------------------+
| 0.9315068493150684 | 0.9382218640881012 | 0.9315068493150684 | 0.9297775881995222 |
+--------------------+--------------------+--------------------+--------------------+

Epoch loss:0.007463753598475139

+--------------------+--------------------+--------------------+--------------------+
|      Accuracy      |     Precision      |       Recall       |         F1         |
+--------------------+--------------------+--------------------+--------------------+
| 0.9178082191780822 | 0.9178082191780822 | 0.9178082191780822 | 0.9178082191780822 |
+--------------------+--------------------+--------------------+--------------------+

Epoch loss:0.015107717044414229

+--------------------+-------------------+--------------------+--------------------+
|      Accuracy      |     Precision     |       Recall       |         F1         |
+--------------------+-------------------+--------------------+--------------------+
| 0.9315068493150684 | 0.942208904109589 | 0.9315068493150684 | 0.9324409074775358 |
+--------------------+-------------------+--------------------+--------------------+

Epoch loss:0.02097624154297026

+--------------------+--------------------+--------------------+--------------------+
|      Accuracy      |     Precision      |       Recall       |         F1         |
+--------------------+--------------------+--------------------+--------------------+
| 0.9041095890410958 | 0.9152814901436686 | 0.9041095890410958 | 0.9054172704685504 |
+--------------------+--------------------+--------------------+--------------------+

Epoch loss:0.013827778203750387

+--------------------+--------------------+--------------------+-------------------+
|      Accuracy      |     Precision      |       Recall       |         F1        |
+--------------------+--------------------+--------------------+-------------------+
| 0.9178082191780822 | 0.9253414136312944 | 0.9178082191780822 | 0.918774423498089 |
+--------------------+--------------------+--------------------+-------------------+

Epoch loss:0.003564788609594416

+--------------------+--------------------+--------------------+--------------------+
|      Accuracy      |     Precision      |       Recall       |         F1         |
+--------------------+--------------------+--------------------+--------------------+
| 0.9315068493150684 | 0.9331492871121051 | 0.9315068493150684 | 0.9305738156834471 |
+--------------------+--------------------+--------------------+--------------------+

Epoch loss:0.03804855559443437

+--------------------+--------------------+--------------------+--------------------+
|      Accuracy      |     Precision      |       Recall       |         F1         |
+--------------------+--------------------+--------------------+--------------------+
| 0.9315068493150684 | 0.9382218640881012 | 0.9315068493150684 | 0.9297775881995222 |
+--------------------+--------------------+--------------------+--------------------+

Epoch loss:0.02741718187948473

+-------------------+-------------------+-------------------+--------------------+
|      Accuracy     |     Precision     |       Recall      |         F1         |
+-------------------+-------------------+-------------------+--------------------+
| 0.863013698630137 | 0.878829389788294 | 0.863013698630137 | 0.8650844217903791 |
+-------------------+-------------------+-------------------+--------------------+

Epoch loss:0.0039028121669552143

+--------------------+--------------------+--------------------+-------------------+
|      Accuracy      |     Precision      |       Recall       |         F1        |
+--------------------+--------------------+--------------------+-------------------+
| 0.9178082191780822 | 0.9253414136312944 | 0.9178082191780822 | 0.918774423498089 |
+--------------------+--------------------+--------------------+-------------------+

Epoch loss:0.019566225168051534

+--------------------+--------------------+--------------------+--------------------+
|      Accuracy      |     Precision      |       Recall       |         F1         |
+--------------------+--------------------+--------------------+--------------------+
| 0.9041095890410958 | 0.9090474673462887 | 0.9041095890410958 | 0.9050168903866561 |
+--------------------+--------------------+--------------------+--------------------+

Epoch loss:0.007782295536221559

+--------------------+--------------------+--------------------+--------------------+
|      Accuracy      |     Precision      |       Recall       |         F1         |
+--------------------+--------------------+--------------------+--------------------+
| 0.9178082191780822 | 0.9203418216172113 | 0.9178082191780822 | 0.9183626875407699 |
+--------------------+--------------------+--------------------+--------------------+

Epoch loss:0.011914102825079147

+--------------------+--------------------+--------------------+--------------------+
|      Accuracy      |     Precision      |       Recall       |         F1         |
+--------------------+--------------------+--------------------+--------------------+
| 0.9315068493150684 | 0.9323657316808002 | 0.9315068493150684 | 0.9317531783285209 |
+--------------------+--------------------+--------------------+--------------------+

Epoch loss:0.006838215527703578

+--------------------+--------------------+--------------------+--------------------+
|      Accuracy      |     Precision      |       Recall       |         F1         |
+--------------------+--------------------+--------------------+--------------------+
| 0.9178082191780822 | 0.9203418216172113 | 0.9178082191780822 | 0.9183626875407699 |
+--------------------+--------------------+--------------------+--------------------+

Epoch loss:0.02027232886308293

+--------------------+--------------------+--------------------+--------------------+
|      Accuracy      |     Precision      |       Recall       |         F1         |
+--------------------+--------------------+--------------------+--------------------+
| 0.9178082191780822 | 0.9272918861959958 | 0.9178082191780822 | 0.9151873077998323 |
+--------------------+--------------------+--------------------+--------------------+

Epoch loss:0.017763424639465054

+--------------------+--------------------+--------------------+-------------------+
|      Accuracy      |     Precision      |       Recall       |         F1        |
+--------------------+--------------------+--------------------+-------------------+
| 0.9178082191780822 | 0.9253414136312944 | 0.9178082191780822 | 0.918774423498089 |
+--------------------+--------------------+--------------------+-------------------+

Epoch loss:0.01729105312713457

+-------------------+--------------------+-------------------+--------------------+
|      Accuracy     |     Precision      |       Recall      |         F1         |
+-------------------+--------------------+-------------------+--------------------+
| 0.958904109589041 | 0.9595781691672102 | 0.958904109589041 | 0.9590519069971125 |
+-------------------+--------------------+-------------------+--------------------+

Epoch loss:0.0077587696554279224

+--------------------+--------------------+--------------------+--------------------+
|      Accuracy      |     Precision      |       Recall       |         F1         |
+--------------------+--------------------+--------------------+--------------------+
| 0.9178082191780822 | 0.9178082191780822 | 0.9178082191780822 | 0.9178082191780822 |
+--------------------+--------------------+--------------------+--------------------+

Epoch loss:0.02567762122082421

+--------------------+--------------------+--------------------+-------------------+
|      Accuracy      |     Precision      |       Recall       |         F1        |
+--------------------+--------------------+--------------------+-------------------+
| 0.9041095890410958 | 0.9048783897120493 | 0.9041095890410958 | 0.902803341956826 |
+--------------------+--------------------+--------------------+-------------------+

Epoch loss:0.02091763175737417

+--------------------+--------------------+--------------------+-------------------+
|      Accuracy      |     Precision      |       Recall       |         F1        |
+--------------------+--------------------+--------------------+-------------------+
| 0.9178082191780822 | 0.9253414136312944 | 0.9178082191780822 | 0.918774423498089 |
+--------------------+--------------------+--------------------+-------------------+

Epoch loss:0.021900026001374598

+--------------------+--------------------+--------------------+-------------------+
|      Accuracy      |     Precision      |       Recall       |         F1        |
+--------------------+--------------------+--------------------+-------------------+
| 0.9041095890410958 | 0.9090542817376016 | 0.9041095890410958 | 0.901688623479331 |
+--------------------+--------------------+--------------------+-------------------+

Epoch loss:0.008036331853647143

+--------------------+--------------------+--------------------+--------------------+
|      Accuracy      |     Precision      |       Recall       |         F1         |
+--------------------+--------------------+--------------------+--------------------+
| 0.9041095890410958 | 0.9167743602998191 | 0.9041095890410958 | 0.9003588787908229 |
+--------------------+--------------------+--------------------+--------------------+

Epoch loss:0.0019856776292115413

+--------------------+--------------------+--------------------+--------------------+
|      Accuracy      |     Precision      |       Recall       |         F1         |
+--------------------+--------------------+--------------------+--------------------+
| 0.9178082191780822 | 0.9178995433789954 | 0.9178082191780822 | 0.9171019886554717 |
+--------------------+--------------------+--------------------+--------------------+

Epoch loss:0.016203710178615438

+--------------------+--------------------+--------------------+--------------------+
|      Accuracy      |     Precision      |       Recall       |         F1         |
+--------------------+--------------------+--------------------+--------------------+
| 0.9452054794520548 | 0.9452054794520548 | 0.9452054794520548 | 0.9452054794520548 |
+--------------------+--------------------+--------------------+--------------------+

Epoch loss:0.0031529774078234295

+-------------------+-------------------+-------------------+--------------------+
|      Accuracy     |     Precision     |       Recall      |         F1         |
+-------------------+-------------------+-------------------+--------------------+
| 0.958904109589041 | 0.963013698630137 | 0.958904109589041 | 0.9592929530228527 |
+-------------------+-------------------+-------------------+--------------------+

Epoch loss:0.01645126349828015

+--------------------+--------------------+--------------------+--------------------+
|      Accuracy      |     Precision      |       Recall       |         F1         |
+--------------------+--------------------+--------------------+--------------------+
| 0.9452054794520548 | 0.9452054794520548 | 0.9452054794520548 | 0.9452054794520548 |
+--------------------+--------------------+--------------------+--------------------+

Epoch loss:0.013121370356709131

+--------------------+--------------------+--------------------+--------------------+
|      Accuracy      |     Precision      |       Recall       |         F1         |
+--------------------+--------------------+--------------------+--------------------+
| 0.9315068493150684 | 0.9323657316808002 | 0.9315068493150684 | 0.9317531783285209 |
+--------------------+--------------------+--------------------+--------------------+

Epoch loss:0.007975332387411821

+--------------------+--------------------+--------------------+--------------------+
|      Accuracy      |     Precision      |       Recall       |         F1         |
+--------------------+--------------------+--------------------+--------------------+
| 0.9315068493150684 | 0.9331492871121051 | 0.9315068493150684 | 0.9305738156834471 |
+--------------------+--------------------+--------------------+--------------------+

Epoch loss:0.015401539597352546

+--------------------+--------------------+--------------------+--------------------+
|      Accuracy      |     Precision      |       Recall       |         F1         |
+--------------------+--------------------+--------------------+--------------------+
| 0.9315068493150684 | 0.9323657316808002 | 0.9315068493150684 | 0.9317531783285209 |
+--------------------+--------------------+--------------------+--------------------+

Epoch loss:0.0017398440950772954

+--------------------+--------------------+--------------------+--------------------+
|      Accuracy      |     Precision      |       Recall       |         F1         |
+--------------------+--------------------+--------------------+--------------------+
| 0.8904109589041096 | 0.8984070870946699 | 0.8904109589041096 | 0.8916992313307854 |
+--------------------+--------------------+--------------------+--------------------+

Epoch loss:0.0032859078034573256

+--------------------+--------------------+--------------------+--------------------+
|      Accuracy      |     Precision      |       Recall       |         F1         |
+--------------------+--------------------+--------------------+--------------------+
| 0.9041095890410958 | 0.9036948187341659 | 0.9041095890410958 | 0.9037205023664807 |
+--------------------+--------------------+--------------------+--------------------+

Epoch loss:0.02684849590943785

+--------------------+--------------------+--------------------+--------------------+
|      Accuracy      |     Precision      |       Recall       |         F1         |
+--------------------+--------------------+--------------------+--------------------+
| 0.8904109589041096 | 0.9154598825831701 | 0.8904109589041096 | 0.8922626938535025 |
+--------------------+--------------------+--------------------+--------------------+

Epoch loss:0.012978278928204684

+--------------------+--------------------+--------------------+--------------------+
|      Accuracy      |     Precision      |       Recall       |         F1         |
+--------------------+--------------------+--------------------+--------------------+
| 0.8904109589041096 | 0.8932666294499078 | 0.8904109589041096 | 0.8911502500543595 |
+--------------------+--------------------+--------------------+--------------------+

Epoch loss:0.005405154306303851

+--------------------+--------------------+--------------------+--------------------+
|      Accuracy      |     Precision      |       Recall       |         F1         |
+--------------------+--------------------+--------------------+--------------------+
| 0.9315068493150684 | 0.9331492871121051 | 0.9315068493150684 | 0.9305738156834471 |
+--------------------+--------------------+--------------------+--------------------+

Epoch loss:0.024984614248598068

+--------------------+--------------------+--------------------+--------------------+
|      Accuracy      |     Precision      |       Recall       |         F1         |
+--------------------+--------------------+--------------------+--------------------+
| 0.9452054794520548 | 0.9458219178082192 | 0.9452054794520548 | 0.9447346591036477 |
+--------------------+--------------------+--------------------+--------------------+

Epoch loss:0.008427668223181644

+--------------------+--------------------+--------------------+--------------------+
|      Accuracy      |     Precision      |       Recall       |         F1         |
+--------------------+--------------------+--------------------+--------------------+
| 0.9178082191780822 | 0.9272918861959958 | 0.9178082191780822 | 0.9151873077998323 |
+--------------------+--------------------+--------------------+--------------------+

Epoch loss:0.014219106866186026

+--------------------+--------------------+--------------------+--------------------+
|      Accuracy      |     Precision      |       Recall       |         F1         |
+--------------------+--------------------+--------------------+--------------------+
| 0.9041095890410958 | 0.9090474673462887 | 0.9041095890410958 | 0.9050168903866561 |
+--------------------+--------------------+--------------------+--------------------+

Epoch loss:0.011057358607280781

+-------------------+--------------------+-------------------+--------------------+
|      Accuracy     |     Precision      |       Recall      |         F1         |
+-------------------+--------------------+-------------------+--------------------+
| 0.958904109589041 | 0.9589601596305182 | 0.958904109589041 | 0.9587373581570632 |
+-------------------+--------------------+-------------------+--------------------+

Epoch loss:0.004755483142316519

+--------------------+--------------------+--------------------+------------------+
|      Accuracy      |     Precision      |       Recall       |        F1        |
+--------------------+--------------------+--------------------+------------------+
| 0.9726027397260274 | 0.9744922059518186 | 0.9726027397260274 | 0.97278756251359 |
+--------------------+--------------------+--------------------+------------------+

Epoch loss:0.010461409213711

+-------------------+--------------------+-------------------+--------------------+
|      Accuracy     |     Precision      |       Recall      |         F1         |
+-------------------+--------------------+-------------------+--------------------+
| 0.958904109589041 | 0.9589601596305182 | 0.958904109589041 | 0.9587373581570632 |
+-------------------+--------------------+-------------------+--------------------+

Epoch loss:0.0003237326586175899

+--------------------+-------------------+--------------------+--------------------+
|      Accuracy      |     Precision     |       Recall       |         F1         |
+--------------------+-------------------+--------------------+--------------------+
| 0.9315068493150684 | 0.936030582988213 | 0.9315068493150684 | 0.9321549217047543 |
+--------------------+-------------------+--------------------+--------------------+

Epoch loss:0.009326312258553487

+-------------------+--------------------+-------------------+--------------------+
|      Accuracy     |     Precision      |       Recall      |         F1         |
+-------------------+--------------------+-------------------+--------------------+
| 0.958904109589041 | 0.9589601596305182 | 0.958904109589041 | 0.9587373581570632 |
+-------------------+--------------------+-------------------+--------------------+

Epoch loss:0.01527175973307877

+--------------------+--------------------+--------------------+--------------------+
|      Accuracy      |     Precision      |       Recall       |         F1         |
+--------------------+--------------------+--------------------+--------------------+
| 0.9178082191780822 | 0.9209053007742705 | 0.9178082191780822 | 0.9162328767123289 |
+--------------------+--------------------+--------------------+--------------------+

Epoch loss:0.0031473039634644577

+-------------------+--------------------+-------------------+--------------------+
|      Accuracy     |     Precision      |       Recall      |         F1         |
+-------------------+--------------------+-------------------+--------------------+
| 0.958904109589041 | 0.9589601596305182 | 0.958904109589041 | 0.9587373581570632 |
+-------------------+--------------------+-------------------+--------------------+

Epoch loss:0.00175036862080677

+-------------------+--------------------+-------------------+--------------------+
|      Accuracy     |     Precision      |       Recall      |         F1         |
+-------------------+--------------------+-------------------+--------------------+
| 0.958904109589041 | 0.9595781691672102 | 0.958904109589041 | 0.9590519069971125 |
+-------------------+--------------------+-------------------+--------------------+

Epoch loss:0.00833282746584496

+--------------------+-------------------+--------------------+--------------------+
|      Accuracy      |     Precision     |       Recall       |         F1         |
+--------------------+-------------------+--------------------+--------------------+
| 0.9315068493150684 | 0.936030582988213 | 0.9315068493150684 | 0.9321549217047543 |
+--------------------+-------------------+--------------------+--------------------+

Epoch loss:0.06780017287795048

+--------------------+--------------------+--------------------+--------------------+
|      Accuracy      |     Precision      |       Recall       |         F1         |
+--------------------+--------------------+--------------------+--------------------+
| 0.9315068493150684 | 0.9323657316808002 | 0.9315068493150684 | 0.9317531783285209 |
+--------------------+--------------------+--------------------+--------------------+

Epoch loss:0.005456325932256795

+--------------------+--------------------+--------------------+--------------------+
|      Accuracy      |     Precision      |       Recall       |         F1         |
+--------------------+--------------------+--------------------+--------------------+
| 0.9452054794520548 | 0.9452054794520548 | 0.9452054794520548 | 0.9452054794520548 |
+--------------------+--------------------+--------------------+--------------------+

Epoch loss:0.00025459714387049566

+--------------------+--------------------+--------------------+--------------------+
|      Accuracy      |     Precision      |       Recall       |         F1         |
+--------------------+--------------------+--------------------+--------------------+
| 0.9178082191780822 | 0.9178082191780822 | 0.9178082191780822 | 0.9178082191780822 |
+--------------------+--------------------+--------------------+--------------------+

Epoch loss:0.02193921138047952

+--------------------+--------------------+--------------------+--------------------+
|      Accuracy      |     Precision      |       Recall       |         F1         |
+--------------------+--------------------+--------------------+--------------------+
| 0.9452054794520548 | 0.9458219178082192 | 0.9452054794520548 | 0.9447346591036477 |
+--------------------+--------------------+--------------------+--------------------+

Epoch loss:0.03326262125421784

+--------------------+--------------------+--------------------+--------------------+
|      Accuracy      |     Precision      |       Recall       |         F1         |
+--------------------+--------------------+--------------------+--------------------+
| 0.8904109589041096 | 0.9057907845579078 | 0.8904109589041096 | 0.8920675374323033 |
+--------------------+--------------------+--------------------+--------------------+

Epoch loss:0.000429979269808043

+--------------------+--------------------+--------------------+--------------------+
|      Accuracy      |     Precision      |       Recall       |         F1         |
+--------------------+--------------------+--------------------+--------------------+
| 0.9315068493150684 | 0.9331492871121051 | 0.9315068493150684 | 0.9305738156834471 |
+--------------------+--------------------+--------------------+--------------------+

Epoch loss:0.01845089439274924

+-------------------+--------------------+-------------------+--------------------+
|      Accuracy     |     Precision      |       Recall      |         F1         |
+-------------------+--------------------+-------------------+--------------------+
| 0.958904109589041 | 0.9589601596305182 | 0.958904109589041 | 0.9587373581570632 |
+-------------------+--------------------+-------------------+--------------------+

Epoch loss:0.04289634190453672

+-------------------+--------------------+-------------------+--------------------+
|      Accuracy     |     Precision      |       Recall      |         F1         |
+-------------------+--------------------+-------------------+--------------------+
| 0.958904109589041 | 0.9595781691672102 | 0.958904109589041 | 0.9590519069971125 |
+-------------------+--------------------+-------------------+--------------------+

Epoch loss:0.0019984338939185164

+-------------------+--------------------+-------------------+--------------------+
|      Accuracy     |     Precision      |       Recall      |         F1         |
+-------------------+--------------------+-------------------+--------------------+
| 0.958904109589041 | 0.9595781691672102 | 0.958904109589041 | 0.9590519069971125 |
+-------------------+--------------------+-------------------+--------------------+

Epoch loss:0.0001848986305106266

+--------------------+--------------------+--------------------+-------------------+
|      Accuracy      |     Precision      |       Recall       |         F1        |
+--------------------+--------------------+--------------------+-------------------+
| 0.9178082191780822 | 0.9253414136312944 | 0.9178082191780822 | 0.918774423498089 |
+--------------------+--------------------+--------------------+-------------------+

Epoch loss:0.026755145222320656

+--------------------+-------------------+--------------------+--------------------+
|      Accuracy      |     Precision     |       Recall       |         F1         |
+--------------------+-------------------+--------------------+--------------------+
| 0.9315068493150684 | 0.936030582988213 | 0.9315068493150684 | 0.9321549217047543 |
+--------------------+-------------------+--------------------+--------------------+

Epoch loss:0.030371933476703087

+--------------------+--------------------+--------------------+--------------------+
|      Accuracy      |     Precision      |       Recall       |         F1         |
+--------------------+--------------------+--------------------+--------------------+
| 0.9178082191780822 | 0.9178995433789954 | 0.9178082191780822 | 0.9171019886554717 |
+--------------------+--------------------+--------------------+--------------------+

Epoch loss:0.00109050650562963

+--------------------+--------------------+--------------------+--------------------+
|      Accuracy      |     Precision      |       Recall       |         F1         |
+--------------------+--------------------+--------------------+--------------------+
| 0.9452054794520548 | 0.9458219178082192 | 0.9452054794520548 | 0.9447346591036477 |
+--------------------+--------------------+--------------------+--------------------+

Epoch loss:0.008518328441129418

+--------------------+--------------------+--------------------+--------------------+
|      Accuracy      |     Precision      |       Recall       |         F1         |
+--------------------+--------------------+--------------------+--------------------+
| 0.9452054794520548 | 0.9452054794520548 | 0.9452054794520548 | 0.9452054794520548 |
+--------------------+--------------------+--------------------+--------------------+

Epoch loss:0.00019452609297112447

+-------------------+--------------------+-------------------+--------------------+
|      Accuracy     |     Precision      |       Recall      |         F1         |
+-------------------+--------------------+-------------------+--------------------+
| 0.958904109589041 | 0.9589601596305182 | 0.958904109589041 | 0.9587373581570632 |
+-------------------+--------------------+-------------------+--------------------+

Epoch loss:0.010293318728765525

+--------------------+--------------------+--------------------+--------------------+
|      Accuracy      |     Precision      |       Recall       |         F1         |
+--------------------+--------------------+--------------------+--------------------+
| 0.8904109589041096 | 0.9057907845579078 | 0.8904109589041096 | 0.8920675374323033 |
+--------------------+--------------------+--------------------+--------------------+

Epoch loss:0.003984276000962025

+--------------------+--------------------+--------------------+--------------------+
|      Accuracy      |     Precision      |       Recall       |         F1         |
+--------------------+--------------------+--------------------+--------------------+
| 0.9452054794520548 | 0.9495890410958903 | 0.9452054794520548 | 0.9441552511415525 |
+--------------------+--------------------+--------------------+--------------------+

Epoch loss:0.012047781794924092

+--------------------+--------------------+--------------------+--------------------+
|      Accuracy      |     Precision      |       Recall       |         F1         |
+--------------------+--------------------+--------------------+--------------------+
| 0.8767123287671232 | 0.8968160499183866 | 0.8767123287671232 | 0.8787096603743676 |
+--------------------+--------------------+--------------------+--------------------+

Epoch loss:0.020672908078670834

+--------------------+--------------------+--------------------+--------------------+
|      Accuracy      |     Precision      |       Recall       |         F1         |
+--------------------+--------------------+--------------------+--------------------+
| 0.9178082191780822 | 0.9209053007742705 | 0.9178082191780822 | 0.9162328767123289 |
+--------------------+--------------------+--------------------+--------------------+

Epoch loss:0.0012051632203453862

+-------------------+--------------------+-------------------+--------------------+
|      Accuracy     |     Precision      |       Recall      |         F1         |
+-------------------+--------------------+-------------------+--------------------+
| 0.958904109589041 | 0.9589601596305182 | 0.958904109589041 | 0.9587373581570632 |
+-------------------+--------------------+-------------------+--------------------+

Epoch loss:0.009244359546905714

+--------------------+-------------------+--------------------+--------------------+
|      Accuracy      |     Precision     |       Recall       |         F1         |
+--------------------+-------------------+--------------------+--------------------+
| 0.9315068493150684 | 0.936030582988213 | 0.9315068493150684 | 0.9321549217047543 |
+--------------------+-------------------+--------------------+--------------------+

Epoch loss:0.0020051476911379486

+--------------------+-------------------+--------------------+-------------------+
|      Accuracy      |     Precision     |       Recall       |         F1        |
+--------------------+-------------------+--------------------+-------------------+
| 0.9315068493150684 | 0.931327489182342 | 0.9315068493150684 | 0.931228930261772 |
+--------------------+-------------------+--------------------+-------------------+

Epoch loss:0.05078479850777182

+--------------------+-------------------+--------------------+--------------------+
|      Accuracy      |     Precision     |       Recall       |         F1         |
+--------------------+-------------------+--------------------+--------------------+
| 0.9452054794520548 | 0.947417013784515 | 0.9452054794520548 | 0.9455751250271799 |
+--------------------+-------------------+--------------------+--------------------+

Epoch loss:4.495948027445591e-06

+--------------------+--------------------+--------------------+--------------------+
|      Accuracy      |     Precision      |       Recall       |         F1         |
+--------------------+--------------------+--------------------+--------------------+
| 0.9041095890410958 | 0.9152814901436686 | 0.9041095890410958 | 0.9054172704685504 |
+--------------------+--------------------+--------------------+--------------------+

Epoch loss:0.0057183975591482425

+-------------------+--------------------+-------------------+--------------------+
|      Accuracy     |     Precision      |       Recall      |         F1         |
+-------------------+--------------------+-------------------+--------------------+
| 0.958904109589041 | 0.9595781691672102 | 0.958904109589041 | 0.9590519069971125 |
+-------------------+--------------------+-------------------+--------------------+

Epoch loss:0.0004264546687794203

+--------------------+--------------------+--------------------+--------------------+
|      Accuracy      |     Precision      |       Recall       |         F1         |
+--------------------+--------------------+--------------------+--------------------+
| 0.9041095890410958 | 0.9051532941943901 | 0.9041095890410958 | 0.9044544496599292 |
+--------------------+--------------------+--------------------+--------------------+

Epoch loss:0.017461908490676692

+--------------------+--------------------+--------------------+--------------------+
|      Accuracy      |     Precision      |       Recall       |         F1         |
+--------------------+--------------------+--------------------+--------------------+
| 0.9452054794520548 | 0.9458219178082192 | 0.9452054794520548 | 0.9447346591036477 |
+--------------------+--------------------+--------------------+--------------------+

Epoch loss:0.011191481870563649

+--------------------+--------------------+--------------------+--------------------+
|      Accuracy      |     Precision      |       Recall       |         F1         |
+--------------------+--------------------+--------------------+--------------------+
| 0.9452054794520548 | 0.9452054794520548 | 0.9452054794520548 | 0.9452054794520548 |
+--------------------+--------------------+--------------------+--------------------+

Epoch loss:0.024428545038443102

+--------------------+--------------------+--------------------+--------------------+
|      Accuracy      |     Precision      |       Recall       |         F1         |
+--------------------+--------------------+--------------------+--------------------+
| 0.9041095890410958 | 0.9152814901436686 | 0.9041095890410958 | 0.9054172704685504 |
+--------------------+--------------------+--------------------+--------------------+

Epoch loss:1.9679203060379996e-05

+-------------------+--------------------+-------------------+--------------------+
|      Accuracy     |     Precision      |       Recall      |         F1         |
+-------------------+--------------------+-------------------+--------------------+
| 0.958904109589041 | 0.9595781691672102 | 0.958904109589041 | 0.9590519069971125 |
+-------------------+--------------------+-------------------+--------------------+

Epoch loss:0.04044165238490144

+--------------------+--------------------+--------------------+--------------------+
|      Accuracy      |     Precision      |       Recall       |         F1         |
+--------------------+--------------------+--------------------+--------------------+
| 0.9315068493150684 | 0.9323657316808002 | 0.9315068493150684 | 0.9317531783285209 |
+--------------------+--------------------+--------------------+--------------------+

Epoch loss:0.002889649181474484

+--------------------+--------------------+--------------------+--------------------+
|      Accuracy      |     Precision      |       Recall       |         F1         |
+--------------------+--------------------+--------------------+--------------------+
| 0.9178082191780822 | 0.9327521793275219 | 0.9178082191780822 | 0.9190506530742275 |
+--------------------+--------------------+--------------------+--------------------+

Epoch loss:0.025039269648092298

+--------------------+--------------------+--------------------+--------------------+
|      Accuracy      |     Precision      |       Recall       |         F1         |
+--------------------+--------------------+--------------------+--------------------+
| 0.9726027397260274 | 0.9737442922374431 | 0.9726027397260274 | 0.9723673295518239 |
+--------------------+--------------------+--------------------+--------------------+

Epoch loss:0.00043327069882239245

+--------------------+--------------------+--------------------+--------------------+
|      Accuracy      |     Precision      |       Recall       |         F1         |
+--------------------+--------------------+--------------------+--------------------+
| 0.9041095890410958 | 0.9090474673462887 | 0.9041095890410958 | 0.9050168903866561 |
+--------------------+--------------------+--------------------+--------------------+

Epoch loss:2.436276391594551e-05

+--------------------+-------------------+--------------------+--------------------+
|      Accuracy      |     Precision     |       Recall       |         F1         |
+--------------------+-------------------+--------------------+--------------------+
| 0.9315068493150684 | 0.942208904109589 | 0.9315068493150684 | 0.9324409074775358 |
+--------------------+-------------------+--------------------+--------------------+

Epoch loss:0.04473871909483405

+-------------------+--------------------+-------------------+--------------------+
|      Accuracy     |     Precision      |       Recall      |         F1         |
+-------------------+--------------------+-------------------+--------------------+
| 0.958904109589041 | 0.9589601596305182 | 0.958904109589041 | 0.9587373581570632 |
+-------------------+--------------------+-------------------+--------------------+

Epoch loss:0.0007608935687842852

+--------------------+--------------------+--------------------+--------------------+
|      Accuracy      |     Precision      |       Recall       |         F1         |
+--------------------+--------------------+--------------------+--------------------+
| 0.9726027397260274 | 0.9737442922374431 | 0.9726027397260274 | 0.9723673295518239 |
+--------------------+--------------------+--------------------+--------------------+

Epoch loss:1.7698897123549546e-05

+-------------------+--------------------+-------------------+--------------------+
|      Accuracy     |     Precision      |       Recall      |         F1         |
+-------------------+--------------------+-------------------+--------------------+
| 0.958904109589041 | 0.9595781691672102 | 0.958904109589041 | 0.9590519069971125 |
+-------------------+--------------------+-------------------+--------------------+

Epoch loss:0.03504041926501881

+--------------------+--------------------+--------------------+--------------------+
|      Accuracy      |     Precision      |       Recall       |         F1         |
+--------------------+--------------------+--------------------+--------------------+
| 0.9178082191780822 | 0.9209053007742705 | 0.9178082191780822 | 0.9162328767123289 |
+--------------------+--------------------+--------------------+--------------------+

Epoch loss:0.005481870153493365

+--------------------+--------------------+--------------------+--------------------+
|      Accuracy      |     Precision      |       Recall       |         F1         |
+--------------------+--------------------+--------------------+--------------------+
| 0.9041095890410958 | 0.9152814901436686 | 0.9041095890410958 | 0.9054172704685504 |
+--------------------+--------------------+--------------------+--------------------+

Epoch loss:0.021369203789956447

+--------------------+--------------------+--------------------+--------------------+
|      Accuracy      |     Precision      |       Recall       |         F1         |
+--------------------+--------------------+--------------------+--------------------+
| 0.9315068493150684 | 0.9323657316808002 | 0.9315068493150684 | 0.9317531783285209 |
+--------------------+--------------------+--------------------+--------------------+

Epoch loss:0.0006461072576766046

+--------------------+--------------------+--------------------+--------------------+
|      Accuracy      |     Precision      |       Recall       |         F1         |
+--------------------+--------------------+--------------------+--------------------+
| 0.9452054794520548 | 0.9452054794520548 | 0.9452054794520548 | 0.9452054794520548 |
+--------------------+--------------------+--------------------+--------------------+

Epoch loss:0.009778440268993693

+--------------------+--------------------+--------------------+--------------------+
|      Accuracy      |     Precision      |       Recall       |         F1         |
+--------------------+--------------------+--------------------+--------------------+
| 0.9315068493150684 | 0.9323657316808002 | 0.9315068493150684 | 0.9317531783285209 |
+--------------------+--------------------+--------------------+--------------------+

Epoch loss:7.753716232008669e-05

+--------------------+--------------------+--------------------+--------------------+
|      Accuracy      |     Precision      |       Recall       |         F1         |
+--------------------+--------------------+--------------------+--------------------+
| 0.9315068493150684 | 0.9323657316808002 | 0.9315068493150684 | 0.9317531783285209 |
+--------------------+--------------------+--------------------+--------------------+

Epoch loss:0.054509702339364315

+--------------------+--------------------+--------------------+-------------------+
|      Accuracy      |     Precision      |       Recall       |         F1        |
+--------------------+--------------------+--------------------+-------------------+
| 0.9178082191780822 | 0.9253414136312944 | 0.9178082191780822 | 0.918774423498089 |
+--------------------+--------------------+--------------------+-------------------+

Epoch loss:0.00010427453617470853

+--------------------+--------------------+--------------------+--------------------+
|      Accuracy      |     Precision      |       Recall       |         F1         |
+--------------------+--------------------+--------------------+--------------------+
| 0.9041095890410958 | 0.9090474673462887 | 0.9041095890410958 | 0.9050168903866561 |
+--------------------+--------------------+--------------------+--------------------+

Epoch loss:0.04142069893976417

+--------------------+--------------------+--------------------+--------------------+
|      Accuracy      |     Precision      |       Recall       |         F1         |
+--------------------+--------------------+--------------------+--------------------+
| 0.8904109589041096 | 0.8984070870946699 | 0.8904109589041096 | 0.8916992313307854 |
+--------------------+--------------------+--------------------+--------------------+

Epoch loss:0.015785549105931444

+--------------------+--------------------+--------------------+--------------------+
|      Accuracy      |     Precision      |       Recall       |         F1         |
+--------------------+--------------------+--------------------+--------------------+
| 0.9178082191780822 | 0.9178082191780822 | 0.9178082191780822 | 0.9178082191780822 |
+--------------------+--------------------+--------------------+--------------------+

Epoch loss:0.016611863282077245

+--------------------+--------------------+--------------------+--------------------+
|      Accuracy      |     Precision      |       Recall       |         F1         |
+--------------------+--------------------+--------------------+--------------------+
| 0.9315068493150684 | 0.9331492871121051 | 0.9315068493150684 | 0.9305738156834471 |
+--------------------+--------------------+--------------------+--------------------+

Epoch loss:0.010125264270061846

+--------------------+--------------------+--------------------+--------------------+
|      Accuracy      |     Precision      |       Recall       |         F1         |
+--------------------+--------------------+--------------------+--------------------+
| 0.8904109589041096 | 0.8899771689497717 | 0.8904109589041096 | 0.8894693182072954 |
+--------------------+--------------------+--------------------+--------------------+

Epoch loss:0.006868786896890825

+--------------------+-------------------+--------------------+--------------------+
|      Accuracy      |     Precision     |       Recall       |         F1         |
+--------------------+-------------------+--------------------+--------------------+
| 0.9452054794520548 | 0.947417013784515 | 0.9452054794520548 | 0.9455751250271799 |
+--------------------+-------------------+--------------------+--------------------+

Epoch loss:1.1993484427999149e-05

+--------------------+--------------------+--------------------+--------------------+
|      Accuracy      |     Precision      |       Recall       |         F1         |
+--------------------+--------------------+--------------------+--------------------+
| 0.8904109589041096 | 0.9057907845579078 | 0.8904109589041096 | 0.8920675374323033 |
+--------------------+--------------------+--------------------+--------------------+

Epoch loss:0.0031829287371590224

+--------------------+--------------------+--------------------+--------------------+
|      Accuracy      |     Precision      |       Recall       |         F1         |
+--------------------+--------------------+--------------------+--------------------+
| 0.9178082191780822 | 0.9203418216172113 | 0.9178082191780822 | 0.9183626875407699 |
+--------------------+--------------------+--------------------+--------------------+

Epoch loss:0.019166672885586877

+--------------------+--------------------+--------------------+--------------------+
|      Accuracy      |     Precision      |       Recall       |         F1         |
+--------------------+--------------------+--------------------+--------------------+
| 0.9452054794520548 | 0.9458219178082192 | 0.9452054794520548 | 0.9447346591036477 |
+--------------------+--------------------+--------------------+--------------------+

Epoch loss:0.010004471367255291

+-------------------+--------------------+-------------------+--------------------+
|      Accuracy     |     Precision      |       Recall      |         F1         |
+-------------------+--------------------+-------------------+--------------------+
| 0.958904109589041 | 0.9589601596305182 | 0.958904109589041 | 0.9587373581570632 |
+-------------------+--------------------+-------------------+--------------------+

Epoch loss:2.9755087332068683e-06

+--------------------+--------------------+--------------------+--------------------+
|      Accuracy      |     Precision      |       Recall       |         F1         |
+--------------------+--------------------+--------------------+--------------------+
| 0.9315068493150684 | 0.9331492871121051 | 0.9315068493150684 | 0.9305738156834471 |
+--------------------+--------------------+--------------------+--------------------+

Epoch loss:0.006865096027097932

+--------------------+--------------------+--------------------+--------------------+
|      Accuracy      |     Precision      |       Recall       |         F1         |
+--------------------+--------------------+--------------------+--------------------+
| 0.9315068493150684 | 0.9382218640881012 | 0.9315068493150684 | 0.9297775881995222 |
+--------------------+--------------------+--------------------+--------------------+

Epoch loss:0.018072827847752562

+--------------------+--------------------+--------------------+--------------------+
|      Accuracy      |     Precision      |       Recall       |         F1         |
+--------------------+--------------------+--------------------+--------------------+
| 0.9178082191780822 | 0.9209053007742705 | 0.9178082191780822 | 0.9162328767123289 |
+--------------------+--------------------+--------------------+--------------------+

Epoch loss:0.00011605069931343117

+--------------------+--------------------+--------------------+--------------------+
|      Accuracy      |     Precision      |       Recall       |         F1         |
+--------------------+--------------------+--------------------+--------------------+
| 0.9178082191780822 | 0.9178082191780822 | 0.9178082191780822 | 0.9178082191780822 |
+--------------------+--------------------+--------------------+--------------------+

Epoch loss:0.01407499434449812

+--------------------+--------------------+--------------------+--------------------+
|      Accuracy      |     Precision      |       Recall       |         F1         |
+--------------------+--------------------+--------------------+--------------------+
| 0.9178082191780822 | 0.9272918861959958 | 0.9178082191780822 | 0.9151873077998323 |
+--------------------+--------------------+--------------------+--------------------+

Epoch loss:0.010360419486198254

+--------------------+--------------------+--------------------+--------------------+
|      Accuracy      |     Precision      |       Recall       |         F1         |
+--------------------+--------------------+--------------------+--------------------+
| 0.9178082191780822 | 0.9327521793275219 | 0.9178082191780822 | 0.9190506530742275 |
+--------------------+--------------------+--------------------+--------------------+

Epoch loss:0.012055248832646732

+--------------------+--------------------+--------------------+--------------------+
|      Accuracy      |     Precision      |       Recall       |         F1         |
+--------------------+--------------------+--------------------+--------------------+
| 0.9178082191780822 | 0.9203418216172113 | 0.9178082191780822 | 0.9183626875407699 |
+--------------------+--------------------+--------------------+--------------------+

Epoch loss:0.004692565930087084

+--------------------+-------------------+--------------------+--------------------+
|      Accuracy      |     Precision     |       Recall       |         F1         |
+--------------------+-------------------+--------------------+--------------------+
| 0.9452054794520548 | 0.947417013784515 | 0.9452054794520548 | 0.9455751250271799 |
+--------------------+-------------------+--------------------+--------------------+

Epoch loss:0.002854666473445263

+--------------------+--------------------+--------------------+--------------------+
|      Accuracy      |     Precision      |       Recall       |         F1         |
+--------------------+--------------------+--------------------+--------------------+
| 0.9452054794520548 | 0.9452054794520548 | 0.9452054794520548 | 0.9452054794520548 |
+--------------------+--------------------+--------------------+--------------------+

Epoch loss:3.6558381211553665e-06

+-------------------+--------------------+-------------------+--------------------+
|      Accuracy     |     Precision      |       Recall      |         F1         |
+-------------------+--------------------+-------------------+--------------------+
| 0.958904109589041 | 0.9595781691672102 | 0.958904109589041 | 0.9590519069971125 |
+-------------------+--------------------+-------------------+--------------------+

Epoch loss:0.028715040466113617

+--------------------+--------------------+--------------------+--------------------+
|      Accuracy      |     Precision      |       Recall       |         F1         |
+--------------------+--------------------+--------------------+--------------------+
| 0.9452054794520548 | 0.9522757401679187 | 0.9452054794520548 | 0.9458496156653927 |
+--------------------+--------------------+--------------------+--------------------+

Epoch loss:3.090378977324784e-05

+--------------------+--------------------+--------------------+--------------------+
|      Accuracy      |     Precision      |       Recall       |         F1         |
+--------------------+--------------------+--------------------+--------------------+
| 0.9178082191780822 | 0.9178082191780822 | 0.9178082191780822 | 0.9178082191780822 |
+--------------------+--------------------+--------------------+--------------------+

Epoch loss:0.006445089739832326

+--------------------+--------------------+--------------------+--------------------+
|      Accuracy      |     Precision      |       Recall       |         F1         |
+--------------------+--------------------+--------------------+--------------------+
| 0.9178082191780822 | 0.9203418216172113 | 0.9178082191780822 | 0.9183626875407699 |
+--------------------+--------------------+--------------------+--------------------+

Epoch loss:0.007649124245040861

+--------------------+--------------------+--------------------+--------------------+
|      Accuracy      |     Precision      |       Recall       |         F1         |
+--------------------+--------------------+--------------------+--------------------+
| 0.9452054794520548 | 0.9452054794520548 | 0.9452054794520548 | 0.9452054794520548 |
+--------------------+--------------------+--------------------+--------------------+

Epoch loss:0.00028485631812683867

+--------------------+--------------------+--------------------+--------------------+
|      Accuracy      |     Precision      |       Recall       |         F1         |
+--------------------+--------------------+--------------------+--------------------+
| 0.9178082191780822 | 0.9327521793275219 | 0.9178082191780822 | 0.9190506530742275 |
+--------------------+--------------------+--------------------+--------------------+

Epoch loss:0.0015657720045710775

+--------------------+--------------------+--------------------+--------------------+
|      Accuracy      |     Precision      |       Recall       |         F1         |
+--------------------+--------------------+--------------------+--------------------+
| 0.9452054794520548 | 0.9452054794520548 | 0.9452054794520548 | 0.9452054794520548 |
+--------------------+--------------------+--------------------+--------------------+

Epoch loss:0.00036667012700232596

+--------------------+--------------------+--------------------+--------------------+
|      Accuracy      |     Precision      |       Recall       |         F1         |
+--------------------+--------------------+--------------------+--------------------+
| 0.9178082191780822 | 0.9209053007742705 | 0.9178082191780822 | 0.9162328767123289 |
+--------------------+--------------------+--------------------+--------------------+

Epoch loss:0.004926677021221647

+--------------------+--------------------+--------------------+--------------------+
|      Accuracy      |     Precision      |       Recall       |         F1         |
+--------------------+--------------------+--------------------+--------------------+
| 0.9178082191780822 | 0.9203418216172113 | 0.9178082191780822 | 0.9183626875407699 |
+--------------------+--------------------+--------------------+--------------------+

Epoch loss:0.011064698587244057

+--------------------+--------------------+--------------------+------------------+
|      Accuracy      |     Precision      |       Recall       |        F1        |
+--------------------+--------------------+--------------------+------------------+
| 0.9726027397260274 | 0.9744922059518186 | 0.9726027397260274 | 0.97278756251359 |
+--------------------+--------------------+--------------------+------------------+

Epoch loss:2.8684137564570387e-05

+--------------------+--------------------+--------------------+--------------------+
|      Accuracy      |     Precision      |       Recall       |         F1         |
+--------------------+--------------------+--------------------+--------------------+
| 0.9315068493150684 | 0.9382218640881012 | 0.9315068493150684 | 0.9297775881995222 |
+--------------------+--------------------+--------------------+--------------------+

Epoch loss:2.9954722635288148e-05

+--------------------+--------------------+--------------------+--------------------+
|      Accuracy      |     Precision      |       Recall       |         F1         |
+--------------------+--------------------+--------------------+--------------------+
| 0.9315068493150684 | 0.9323657316808002 | 0.9315068493150684 | 0.9317531783285209 |
+--------------------+--------------------+--------------------+--------------------+

Epoch loss:0.0001377465048151943

+--------------------+--------------------+--------------------+--------------------+
|      Accuracy      |     Precision      |       Recall       |         F1         |
+--------------------+--------------------+--------------------+--------------------+
| 0.9315068493150684 | 0.9323657316808002 | 0.9315068493150684 | 0.9317531783285209 |
+--------------------+--------------------+--------------------+--------------------+

Epoch loss:0.00877825783584339

+--------------------+--------------------+--------------------+--------------------+
|      Accuracy      |     Precision      |       Recall       |         F1         |
+--------------------+--------------------+--------------------+--------------------+
| 0.9726027397260274 | 0.9726027397260274 | 0.9726027397260274 | 0.9726027397260274 |
+--------------------+--------------------+--------------------+--------------------+

Epoch loss:9.777403157277834e-05

+--------------------+--------------------+--------------------+--------------------+
|      Accuracy      |     Precision      |       Recall       |         F1         |
+--------------------+--------------------+--------------------+--------------------+
| 0.9452054794520548 | 0.9452054794520548 | 0.9452054794520548 | 0.9452054794520548 |
+--------------------+--------------------+--------------------+--------------------+

Epoch loss:0.0016117941934255756

+--------------------+-------------------+--------------------+--------------------+
|      Accuracy      |     Precision     |       Recall       |         F1         |
+--------------------+-------------------+--------------------+--------------------+
| 0.9452054794520548 | 0.947417013784515 | 0.9452054794520548 | 0.9455751250271799 |
+--------------------+-------------------+--------------------+--------------------+

Epoch loss:0.009440092574049154

+-------------------+--------------------+-------------------+--------------------+
|      Accuracy     |     Precision      |       Recall      |         F1         |
+-------------------+--------------------+-------------------+--------------------+
| 0.958904109589041 | 0.9595781691672102 | 0.958904109589041 | 0.9590519069971125 |
+-------------------+--------------------+-------------------+--------------------+

Epoch loss:0.00025961899241209297

+--------------------+--------------------+--------------------+-------------------+
|      Accuracy      |     Precision      |       Recall       |         F1        |
+--------------------+--------------------+--------------------+-------------------+
| 0.9178082191780822 | 0.9253414136312944 | 0.9178082191780822 | 0.918774423498089 |
+--------------------+--------------------+--------------------+-------------------+

Epoch loss:0.04174085069558328

+--------------------+-------------------+--------------------+--------------------+
|      Accuracy      |     Precision     |       Recall       |         F1         |
+--------------------+-------------------+--------------------+--------------------+
| 0.9315068493150684 | 0.936030582988213 | 0.9315068493150684 | 0.9321549217047543 |
+--------------------+-------------------+--------------------+--------------------+

Epoch loss:0.003201274115825057

+--------------------+--------------------+--------------------+--------------------+
|      Accuracy      |     Precision      |       Recall       |         F1         |
+--------------------+--------------------+--------------------+--------------------+
| 0.9178082191780822 | 0.9178082191780822 | 0.9178082191780822 | 0.9178082191780822 |
+--------------------+--------------------+--------------------+--------------------+

Epoch loss:2.377317476617921e-06

+--------------------+-------------------+--------------------+--------------------+
|      Accuracy      |     Precision     |       Recall       |         F1         |
+--------------------+-------------------+--------------------+--------------------+
| 0.9315068493150684 | 0.936030582988213 | 0.9315068493150684 | 0.9321549217047543 |
+--------------------+-------------------+--------------------+--------------------+

Epoch loss:0.036346542938857106

+--------------------+--------------------+--------------------+--------------------+
|      Accuracy      |     Precision      |       Recall       |         F1         |
+--------------------+--------------------+--------------------+--------------------+
| 0.8767123287671232 | 0.8968160499183866 | 0.8767123287671232 | 0.8787096603743676 |
+--------------------+--------------------+--------------------+--------------------+

Epoch loss:0.002110217307763744

+--------------------+-------------------+--------------------+--------------------+
|      Accuracy      |     Precision     |       Recall       |         F1         |
+--------------------+-------------------+--------------------+--------------------+
| 0.9315068493150684 | 0.936030582988213 | 0.9315068493150684 | 0.9321549217047543 |
+--------------------+-------------------+--------------------+--------------------+

Epoch loss:0.014344537784838183

+-------------------+--------------------+-------------------+--------------------+
|      Accuracy     |     Precision      |       Recall      |         F1         |
+-------------------+--------------------+-------------------+--------------------+
| 0.958904109589041 | 0.9589601596305182 | 0.958904109589041 | 0.9587373581570632 |
+-------------------+--------------------+-------------------+--------------------+

Epoch loss:0.003365382840307842

+-------------------+-------------------+-------------------+--------------------+
|      Accuracy     |     Precision     |       Recall      |         F1         |
+-------------------+-------------------+-------------------+--------------------+
| 0.958904109589041 | 0.961420184512161 | 0.958904109589041 | 0.9583442894100683 |
+-------------------+-------------------+-------------------+--------------------+

Epoch loss:0.014163341896707484

+--------------------+-------------------+--------------------+-------------------+
|      Accuracy      |     Precision     |       Recall       |         F1        |
+--------------------+-------------------+--------------------+-------------------+
| 0.9315068493150684 | 0.931327489182342 | 0.9315068493150684 | 0.931228930261772 |
+--------------------+-------------------+--------------------+-------------------+

Epoch loss:0.0008845001311088982

+-------------------+--------------------+-------------------+--------------------+
|      Accuracy     |     Precision      |       Recall      |         F1         |
+-------------------+--------------------+-------------------+--------------------+
| 0.958904109589041 | 0.9595781691672102 | 0.958904109589041 | 0.9590519069971125 |
+-------------------+--------------------+-------------------+--------------------+

Epoch loss:1.0558517248095558e-05

+--------------------+--------------------+--------------------+--------------------+
|      Accuracy      |     Precision      |       Recall       |         F1         |
+--------------------+--------------------+--------------------+--------------------+
| 0.8904109589041096 | 0.9154598825831701 | 0.8904109589041096 | 0.8922626938535025 |
+--------------------+--------------------+--------------------+--------------------+

Epoch loss:0.026092963494416394

+----------+-----------+--------+-----+
| Accuracy | Precision | Recall |  F1 |
+----------+-----------+--------+-----+
|   1.0    |    1.0    |  1.0   | 1.0 |
+----------+-----------+--------+-----+

Epoch loss:0.010978794095345239

+--------------------+-------------------+--------------------+-------------------+
|      Accuracy      |     Precision     |       Recall       |         F1        |
+--------------------+-------------------+--------------------+-------------------+
| 0.9315068493150684 | 0.931327489182342 | 0.9315068493150684 | 0.931228930261772 |
+--------------------+-------------------+--------------------+-------------------+

Epoch loss:0.006197056235326163

+--------------------+--------------------+--------------------+--------------------+
|      Accuracy      |     Precision      |       Recall       |         F1         |
+--------------------+--------------------+--------------------+--------------------+
| 0.8904109589041096 | 0.8984070870946699 | 0.8904109589041096 | 0.8916992313307854 |
+--------------------+--------------------+--------------------+--------------------+

Epoch loss:1.3297371500845805e-06

+--------------------+--------------------+--------------------+--------------------+
|      Accuracy      |     Precision      |       Recall       |         F1         |
+--------------------+--------------------+--------------------+--------------------+
| 0.9452054794520548 | 0.9495890410958903 | 0.9452054794520548 | 0.9441552511415525 |
+--------------------+--------------------+--------------------+--------------------+

Epoch loss:4.389911635071474e-05

+--------------------+-------------------+--------------------+-------------------+
|      Accuracy      |     Precision     |       Recall       |         F1        |
+--------------------+-------------------+--------------------+-------------------+
| 0.9315068493150684 | 0.931327489182342 | 0.9315068493150684 | 0.931228930261772 |
+--------------------+-------------------+--------------------+-------------------+

Epoch loss:2.1680966984381356e-06

+--------------------+--------------------+--------------------+-------------------+
|      Accuracy      |     Precision      |       Recall       |         F1        |
+--------------------+--------------------+--------------------+-------------------+
| 0.9178082191780822 | 0.9253414136312944 | 0.9178082191780822 | 0.918774423498089 |
+--------------------+--------------------+--------------------+-------------------+

Epoch loss:3.252372979078688e-06

+--------------------+--------------------+--------------------+--------------------+
|      Accuracy      |     Precision      |       Recall       |         F1         |
+--------------------+--------------------+--------------------+--------------------+
| 0.9315068493150684 | 0.9323657316808002 | 0.9315068493150684 | 0.9317531783285209 |
+--------------------+--------------------+--------------------+--------------------+

Epoch loss:6.906874210103924e-08

+--------------------+--------------------+--------------------+-------------------+
|      Accuracy      |     Precision      |       Recall       |         F1        |
+--------------------+--------------------+--------------------+-------------------+
| 0.9178082191780822 | 0.9253414136312944 | 0.9178082191780822 | 0.918774423498089 |
+--------------------+--------------------+--------------------+-------------------+

Epoch loss:7.479336357459329e-09

+--------------------+--------------------+--------------------+--------------------+
|      Accuracy      |     Precision      |       Recall       |         F1         |
+--------------------+--------------------+--------------------+--------------------+
| 0.9178082191780822 | 0.9327521793275219 | 0.9178082191780822 | 0.9190506530742275 |
+--------------------+--------------------+--------------------+--------------------+

Epoch loss:0.008018075614357984

+--------------------+-------------------+--------------------+--------------------+
|      Accuracy      |     Precision     |       Recall       |         F1         |
+--------------------+-------------------+--------------------+--------------------+
| 0.9315068493150684 | 0.942208904109589 | 0.9315068493150684 | 0.9324409074775358 |
+--------------------+-------------------+--------------------+--------------------+

Epoch loss:0.0020030138023397945

+-------------------+--------------------+-------------------+--------------------+
|      Accuracy     |     Precision      |       Recall      |         F1         |
+-------------------+--------------------+-------------------+--------------------+
| 0.958904109589041 | 0.9595781691672102 | 0.958904109589041 | 0.9590519069971125 |
+-------------------+--------------------+-------------------+--------------------+

Epoch loss:0.006186258978264204

+--------------------+--------------------+--------------------+--------------------+
|      Accuracy      |     Precision      |       Recall       |         F1         |
+--------------------+--------------------+--------------------+--------------------+
| 0.9452054794520548 | 0.9452054794520548 | 0.9452054794520548 | 0.9452054794520548 |
+--------------------+--------------------+--------------------+--------------------+

Epoch loss:0.018607182513535454

+--------------------+--------------------+--------------------+--------------------+
|      Accuracy      |     Precision      |       Recall       |         F1         |
+--------------------+--------------------+--------------------+--------------------+
| 0.9452054794520548 | 0.9458219178082192 | 0.9452054794520548 | 0.9447346591036477 |
+--------------------+--------------------+--------------------+--------------------+

Epoch loss:0.008957575746833328

+--------------------+--------------------+--------------------+--------------------+
|      Accuracy      |     Precision      |       Recall       |         F1         |
+--------------------+--------------------+--------------------+--------------------+
| 0.9041095890410958 | 0.9152814901436686 | 0.9041095890410958 | 0.9054172704685504 |
+--------------------+--------------------+--------------------+--------------------+

Epoch loss:0.0032941006159012604

+--------------------+--------------------+--------------------+--------------------+
|      Accuracy      |     Precision      |       Recall       |         F1         |
+--------------------+--------------------+--------------------+--------------------+
| 0.9315068493150684 | 0.9323657316808002 | 0.9315068493150684 | 0.9317531783285209 |
+--------------------+--------------------+--------------------+--------------------+

Epoch loss:0.016803170401816305

+--------------------+--------------------+--------------------+------------------+
|      Accuracy      |     Precision      |       Recall       |        F1        |
+--------------------+--------------------+--------------------+------------------+
| 0.9726027397260274 | 0.9744922059518186 | 0.9726027397260274 | 0.97278756251359 |
+--------------------+--------------------+--------------------+------------------+

Epoch loss:1.394057734664404e-05

+--------------------+--------------------+--------------------+--------------------+
|      Accuracy      |     Precision      |       Recall       |         F1         |
+--------------------+--------------------+--------------------+--------------------+
| 0.9178082191780822 | 0.9178082191780822 | 0.9178082191780822 | 0.9178082191780822 |
+--------------------+--------------------+--------------------+--------------------+

Epoch loss:1.4009813259046705e-06

+--------------------+--------------------+--------------------+------------------+
|      Accuracy      |     Precision      |       Recall       |        F1        |
+--------------------+--------------------+--------------------+------------------+
| 0.9726027397260274 | 0.9744922059518186 | 0.9726027397260274 | 0.97278756251359 |
+--------------------+--------------------+--------------------+------------------+

Epoch loss:0.0016905000764119251

+--------------------+--------------------+--------------------+--------------------+
|      Accuracy      |     Precision      |       Recall       |         F1         |
+--------------------+--------------------+--------------------+--------------------+
| 0.9178082191780822 | 0.9203418216172113 | 0.9178082191780822 | 0.9183626875407699 |
+--------------------+--------------------+--------------------+--------------------+

Epoch loss:0.0032449631283210253

+--------------------+-------------------+--------------------+--------------------+
|      Accuracy      |     Precision     |       Recall       |         F1         |
+--------------------+-------------------+--------------------+--------------------+
| 0.9315068493150684 | 0.936030582988213 | 0.9315068493150684 | 0.9321549217047543 |
+--------------------+-------------------+--------------------+--------------------+

Epoch loss:0.01960450687197226

+--------------------+--------------------+--------------------+--------------------+
|      Accuracy      |     Precision      |       Recall       |         F1         |
+--------------------+--------------------+--------------------+--------------------+
| 0.9452054794520548 | 0.9452054794520548 | 0.9452054794520548 | 0.9452054794520548 |
+--------------------+--------------------+--------------------+--------------------+

Epoch loss:4.228324538298152e-06

+--------------------+--------------------+--------------------+--------------------+
|      Accuracy      |     Precision      |       Recall       |         F1         |
+--------------------+--------------------+--------------------+--------------------+
| 0.9041095890410958 | 0.9036948187341659 | 0.9041095890410958 | 0.9037205023664807 |
+--------------------+--------------------+--------------------+--------------------+

Epoch loss:0.0034117253167446583

+--------------------+--------------------+--------------------+--------------------+
|      Accuracy      |     Precision      |       Recall       |         F1         |
+--------------------+--------------------+--------------------+--------------------+
| 0.9452054794520548 | 0.9452054794520548 | 0.9452054794520548 | 0.9452054794520548 |
+--------------------+--------------------+--------------------+--------------------+

Epoch loss:0.0011418986946035263

+--------------------+--------------------+--------------------+--------------------+
|      Accuracy      |     Precision      |       Recall       |         F1         |
+--------------------+--------------------+--------------------+--------------------+
| 0.9315068493150684 | 0.9323657316808002 | 0.9315068493150684 | 0.9317531783285209 |
+--------------------+--------------------+--------------------+--------------------+

Epoch loss:0.0061290775601842845

+--------------------+--------------------+--------------------+--------------------+
|      Accuracy      |     Precision      |       Recall       |         F1         |
+--------------------+--------------------+--------------------+--------------------+
| 0.9726027397260274 | 0.9737442922374431 | 0.9726027397260274 | 0.9723673295518239 |
+--------------------+--------------------+--------------------+--------------------+

Epoch loss:1.2216980440374862e-05

+-------------------+-------------------+-------------------+--------------------+
|      Accuracy     |     Precision     |       Recall      |         F1         |
+-------------------+-------------------+-------------------+--------------------+
| 0.958904109589041 | 0.961420184512161 | 0.958904109589041 | 0.9583442894100683 |
+-------------------+-------------------+-------------------+--------------------+

Epoch loss:2.6580387584656334e-08

+-------------------+--------------------+-------------------+--------------------+
|      Accuracy     |     Precision      |       Recall      |         F1         |
+-------------------+--------------------+-------------------+--------------------+
| 0.958904109589041 | 0.9589601596305182 | 0.958904109589041 | 0.9587373581570632 |
+-------------------+--------------------+-------------------+--------------------+

Epoch loss:3.4232390855915605e-09

+--------------------+--------------------+--------------------+--------------------+
|      Accuracy      |     Precision      |       Recall       |         F1         |
+--------------------+--------------------+--------------------+--------------------+
| 0.9178082191780822 | 0.9203418216172113 | 0.9178082191780822 | 0.9183626875407699 |
+--------------------+--------------------+--------------------+--------------------+

Epoch loss:2.013670311576924e-10

+--------------------+--------------------+--------------------+--------------------+
|      Accuracy      |     Precision      |       Recall       |         F1         |
+--------------------+--------------------+--------------------+--------------------+
| 0.9315068493150684 | 0.9323657316808002 | 0.9315068493150684 | 0.9317531783285209 |
+--------------------+--------------------+--------------------+--------------------+

Epoch loss:8.054673060663342e-09

+--------------------+--------------------+--------------------+--------------------+
|      Accuracy      |     Precision      |       Recall       |         F1         |
+--------------------+--------------------+--------------------+--------------------+
| 0.9315068493150684 | 0.9323657316808002 | 0.9315068493150684 | 0.9317531783285209 |
+--------------------+--------------------+--------------------+--------------------+

Epoch loss:5.6382679906311894e-09

+--------------------+--------------------+--------------------+--------------------+
|      Accuracy      |     Precision      |       Recall       |         F1         |
+--------------------+--------------------+--------------------+--------------------+
| 0.9178082191780822 | 0.9203418216172113 | 0.9178082191780822 | 0.9183626875407699 |
+--------------------+--------------------+--------------------+--------------------+

Epoch loss:0.0

+--------------------+--------------------+--------------------+--------------------+
|      Accuracy      |     Precision      |       Recall       |         F1         |
+--------------------+--------------------+--------------------+--------------------+
| 0.9178082191780822 | 0.9178082191780822 | 0.9178082191780822 | 0.9178082191780822 |
+--------------------+--------------------+--------------------+--------------------+

Epoch loss:0.017016486072341803

+--------------------+--------------------+--------------------+--------------------+
|      Accuracy      |     Precision      |       Recall       |         F1         |
+--------------------+--------------------+--------------------+--------------------+
| 0.8904109589041096 | 0.8984070870946699 | 0.8904109589041096 | 0.8916992313307854 |
+--------------------+--------------------+--------------------+--------------------+

Epoch loss:2.4888274474365844e-07

+--------------------+--------------------+--------------------+--------------------+
|      Accuracy      |     Precision      |       Recall       |         F1         |
+--------------------+--------------------+--------------------+--------------------+
| 0.9315068493150684 | 0.9323657316808002 | 0.9315068493150684 | 0.9317531783285209 |
+--------------------+--------------------+--------------------+--------------------+

Epoch loss:4.56532483630792e-06

+--------------------+--------------------+--------------------+--------------------+
|      Accuracy      |     Precision      |       Recall       |         F1         |
+--------------------+--------------------+--------------------+--------------------+
| 0.9315068493150684 | 0.9323657316808002 | 0.9315068493150684 | 0.9317531783285209 |
+--------------------+--------------------+--------------------+--------------------+

Epoch loss:9.530173627796161e-07

+--------------------+--------------------+--------------------+--------------------+
|      Accuracy      |     Precision      |       Recall       |         F1         |
+--------------------+--------------------+--------------------+--------------------+
| 0.9452054794520548 | 0.9452054794520548 | 0.9452054794520548 | 0.9452054794520548 |
+--------------------+--------------------+--------------------+--------------------+

Epoch loss:1.610936093230195e-09

+--------------------+-------------------+--------------------+--------------------+
|      Accuracy      |     Precision     |       Recall       |         F1         |
+--------------------+-------------------+--------------------+--------------------+
| 0.9452054794520548 | 0.947417013784515 | 0.9452054794520548 | 0.9455751250271799 |
+--------------------+-------------------+--------------------+--------------------+

Epoch loss:1.3894302345299728e-08

+--------------------+--------------------+--------------------+--------------------+
|      Accuracy      |     Precision      |       Recall       |         F1         |
+--------------------+--------------------+--------------------+--------------------+
| 0.9041095890410958 | 0.9051532941943901 | 0.9041095890410958 | 0.9044544496599292 |
+--------------------+--------------------+--------------------+--------------------+

Epoch loss:1.812303028368599e-09

+--------------------+--------------------+--------------------+--------------------+
|      Accuracy      |     Precision      |       Recall       |         F1         |
+--------------------+--------------------+--------------------+--------------------+
| 0.9178082191780822 | 0.9178082191780822 | 0.9178082191780822 | 0.9178082191780822 |
+--------------------+--------------------+--------------------+--------------------+

Epoch loss:0.0

+--------------------+--------------------+--------------------+--------------------+
|      Accuracy      |     Precision      |       Recall       |         F1         |
+--------------------+--------------------+--------------------+--------------------+
| 0.9315068493150684 | 0.9323657316808002 | 0.9315068493150684 | 0.9317531783285209 |
+--------------------+--------------------+--------------------+--------------------+

Epoch loss:0.0

+--------------------+--------------------+--------------------+--------------------+
|      Accuracy      |     Precision      |       Recall       |         F1         |
+--------------------+--------------------+--------------------+--------------------+
| 0.9315068493150684 | 0.9323657316808002 | 0.9315068493150684 | 0.9317531783285209 |
+--------------------+--------------------+--------------------+--------------------+

Epoch loss:0.022260678365042433

+--------------------+--------------------+--------------------+--------------------+
|      Accuracy      |     Precision      |       Recall       |         F1         |
+--------------------+--------------------+--------------------+--------------------+
| 0.9726027397260274 | 0.9726027397260274 | 0.9726027397260274 | 0.9726027397260274 |
+--------------------+--------------------+--------------------+--------------------+

Epoch loss:1.1477900563928212e-08

+--------------------+-------------------+--------------------+-------------------+
|      Accuracy      |     Precision     |       Recall       |         F1        |
+--------------------+-------------------+--------------------+-------------------+
| 0.9315068493150684 | 0.931327489182342 | 0.9315068493150684 | 0.931228930261772 |
+--------------------+-------------------+--------------------+-------------------+

Epoch loss:8.860143345728105e-09

+--------------------+-------------------+--------------------+--------------------+
|      Accuracy      |     Precision     |       Recall       |         F1         |
+--------------------+-------------------+--------------------+--------------------+
| 0.9315068493150684 | 0.942208904109589 | 0.9315068493150684 | 0.9324409074775358 |
+--------------------+-------------------+--------------------+--------------------+

Epoch loss:2.3050129371570947e-06

+--------------------+-------------------+--------------------+--------------------+
|      Accuracy      |     Precision     |       Recall       |         F1         |
+--------------------+-------------------+--------------------+--------------------+
| 0.9315068493150684 | 0.936030582988213 | 0.9315068493150684 | 0.9321549217047543 |
+--------------------+-------------------+--------------------+--------------------+

Epoch loss:0.0005995252509422821

+--------------------+--------------------+--------------------+--------------------+
|      Accuracy      |     Precision      |       Recall       |         F1         |
+--------------------+--------------------+--------------------+--------------------+
| 0.9452054794520548 | 0.9452054794520548 | 0.9452054794520548 | 0.9452054794520548 |
+--------------------+--------------------+--------------------+--------------------+

Epoch loss:3.1538434450215165e-06

+--------------------+-------------------+--------------------+--------------------+
|      Accuracy      |     Precision     |       Recall       |         F1         |
+--------------------+-------------------+--------------------+--------------------+
| 0.9452054794520548 | 0.947417013784515 | 0.9452054794520548 | 0.9455751250271799 |
+--------------------+-------------------+--------------------+--------------------+

Epoch loss:0.0024874484751708156

+--------------------+--------------------+--------------------+--------------------+
|      Accuracy      |     Precision      |       Recall       |         F1         |
+--------------------+--------------------+--------------------+--------------------+
| 0.9452054794520548 | 0.9458219178082192 | 0.9452054794520548 | 0.9447346591036477 |
+--------------------+--------------------+--------------------+--------------------+

Epoch loss:0.013584213038626546

+--------------------+--------------------+--------------------+--------------------+
|      Accuracy      |     Precision      |       Recall       |         F1         |
+--------------------+--------------------+--------------------+--------------------+
| 0.9452054794520548 | 0.9458219178082192 | 0.9452054794520548 | 0.9447346591036477 |
+--------------------+--------------------+--------------------+--------------------+

Epoch loss:7.445908249726397e-05

+--------------------+--------------------+--------------------+--------------------+
|      Accuracy      |     Precision      |       Recall       |         F1         |
+--------------------+--------------------+--------------------+--------------------+
| 0.9726027397260274 | 0.9726027397260274 | 0.9726027397260274 | 0.9726027397260274 |
+--------------------+--------------------+--------------------+--------------------+

Epoch loss:0.0013086090002324504

+--------------------+--------------------+--------------------+--------------------+
|      Accuracy      |     Precision      |       Recall       |         F1         |
+--------------------+--------------------+--------------------+--------------------+
| 0.9178082191780822 | 0.9178082191780822 | 0.9178082191780822 | 0.9178082191780822 |
+--------------------+--------------------+--------------------+--------------------+

Epoch loss:8.054681006259473e-10

+--------------------+--------------------+--------------------+--------------------+
|      Accuracy      |     Precision      |       Recall       |         F1         |
+--------------------+--------------------+--------------------+--------------------+
| 0.9041095890410958 | 0.9090474673462887 | 0.9041095890410958 | 0.9050168903866561 |
+--------------------+--------------------+--------------------+--------------------+

Epoch loss:6.6451043346583485e-09

+--------------------+-------------------+--------------------+--------------------+
|      Accuracy      |     Precision     |       Recall       |         F1         |
+--------------------+-------------------+--------------------+--------------------+
| 0.9452054794520548 | 0.947417013784515 | 0.9452054794520548 | 0.9455751250271799 |
+--------------------+-------------------+--------------------+--------------------+

Epoch loss:0.0121561124341958

+--------------------+--------------------+--------------------+--------------------+
|      Accuracy      |     Precision      |       Recall       |         F1         |
+--------------------+--------------------+--------------------+--------------------+
| 0.9452054794520548 | 0.9452054794520548 | 0.9452054794520548 | 0.9452054794520548 |
+--------------------+--------------------+--------------------+--------------------+

Epoch loss:0.0012165507544599759

+--------------------+-------------------+--------------------+--------------------+
|      Accuracy      |     Precision     |       Recall       |         F1         |
+--------------------+-------------------+--------------------+--------------------+
| 0.9452054794520548 | 0.947417013784515 | 0.9452054794520548 | 0.9455751250271799 |
+--------------------+-------------------+--------------------+--------------------+

Epoch loss:2.2754360149844088e-08

+--------------------+--------------------+--------------------+--------------------+
|      Accuracy      |     Precision      |       Recall       |         F1         |
+--------------------+--------------------+--------------------+--------------------+
| 0.9726027397260274 | 0.9726027397260274 | 0.9726027397260274 | 0.9726027397260274 |
+--------------------+--------------------+--------------------+--------------------+

Epoch loss:3.624604592443046e-09

+--------------------+--------------------+--------------------+--------------------+
|      Accuracy      |     Precision      |       Recall       |         F1         |
+--------------------+--------------------+--------------------+--------------------+
| 0.9315068493150684 | 0.9323657316808002 | 0.9315068493150684 | 0.9317531783285209 |
+--------------------+--------------------+--------------------+--------------------+

Epoch loss:1.2082021749437433e-09

+--------------------+--------------------+--------------------+--------------------+
|      Accuracy      |     Precision      |       Recall       |         F1         |
+--------------------+--------------------+--------------------+--------------------+
| 0.9452054794520548 | 0.9522757401679187 | 0.9452054794520548 | 0.9458496156653927 |
+--------------------+--------------------+--------------------+--------------------+

optimizer:
Adam (
Parameter Group 0
    amsgrad: False
    betas: (0.5, 0.5)
    capturable: False
    decoupled_weight_decay: False
    differentiable: False
    eps: 1e-08
    foreach: None
    fused: None
    lr: 0.0001
    maximize: False
    weight_decay: 0
)
model:
DenseNet(
  (features): Sequential(
    (conv0): Conv2d(3, 64, kernel_size=(7, 7), stride=(2, 2), padding=(3, 3), bias=False)
    (norm0): BatchNorm2d(64, eps=1e-05, momentum=0.1, affine=True, track_running_stats=True)
    (relu0): ReLU(inplace=True)
    (pool0): MaxPool2d(kernel_size=3, stride=2, padding=1, dilation=1, ceil_mode=False)
    (denseblock1): _DenseBlock(
      (denselayer1): _DenseLayer(
        (norm1): BatchNorm2d(64, eps=1e-05, momentum=0.1, affine=True, track_running_stats=True)
        (relu1): ReLU(inplace=True)
        (conv1): Conv2d(64, 128, kernel_size=(1, 1), stride=(1, 1), bias=False)
        (norm2): BatchNorm2d(128, eps=1e-05, momentum=0.1, affine=True, track_running_stats=True)
        (relu2): ReLU(inplace=True)
        (conv2): Conv2d(128, 32, kernel_size=(3, 3), stride=(1, 1), padding=(1, 1), bias=False)
      )
      (denselayer2): _DenseLayer(
        (norm1): BatchNorm2d(96, eps=1e-05, momentum=0.1, affine=True, track_running_stats=True)
        (relu1): ReLU(inplace=True)
        (conv1): Conv2d(96, 128, kernel_size=(1, 1), stride=(1, 1), bias=False)
        (norm2): BatchNorm2d(128, eps=1e-05, momentum=0.1, affine=True, track_running_stats=True)
        (relu2): ReLU(inplace=True)
        (conv2): Conv2d(128, 32, kernel_size=(3, 3), stride=(1, 1), padding=(1, 1), bias=False)
      )
      (denselayer3): _DenseLayer(
        (norm1): BatchNorm2d(128, eps=1e-05, momentum=0.1, affine=True, track_running_stats=True)
        (relu1): ReLU(inplace=True)
        (conv1): Conv2d(128, 128, kernel_size=(1, 1), stride=(1, 1), bias=False)
        (norm2): BatchNorm2d(128, eps=1e-05, momentum=0.1, affine=True, track_running_stats=True)
        (relu2): ReLU(inplace=True)
        (conv2): Conv2d(128, 32, kernel_size=(3, 3), stride=(1, 1), padding=(1, 1), bias=False)
      )
      (denselayer4): _DenseLayer(
        (norm1): BatchNorm2d(160, eps=1e-05, momentum=0.1, affine=True, track_running_stats=True)
        (relu1): ReLU(inplace=True)
        (conv1): Conv2d(160, 128, kernel_size=(1, 1), stride=(1, 1), bias=False)
        (norm2): BatchNorm2d(128, eps=1e-05, momentum=0.1, affine=True, track_running_stats=True)
        (relu2): ReLU(inplace=True)
        (conv2): Conv2d(128, 32, kernel_size=(3, 3), stride=(1, 1), padding=(1, 1), bias=False)
      )
      (denselayer5): _DenseLayer(
        (norm1): BatchNorm2d(192, eps=1e-05, momentum=0.1, affine=True, track_running_stats=True)
        (relu1): ReLU(inplace=True)
        (conv1): Conv2d(192, 128, kernel_size=(1, 1), stride=(1, 1), bias=False)
        (norm2): BatchNorm2d(128, eps=1e-05, momentum=0.1, affine=True, track_running_stats=True)
        (relu2): ReLU(inplace=True)
        (conv2): Conv2d(128, 32, kernel_size=(3, 3), stride=(1, 1), padding=(1, 1), bias=False)
      )
      (denselayer6): _DenseLayer(
        (norm1): BatchNorm2d(224, eps=1e-05, momentum=0.1, affine=True, track_running_stats=True)
        (relu1): ReLU(inplace=True)
        (conv1): Conv2d(224, 128, kernel_size=(1, 1), stride=(1, 1), bias=False)
        (norm2): BatchNorm2d(128, eps=1e-05, momentum=0.1, affine=True, track_running_stats=True)
        (relu2): ReLU(inplace=True)
        (conv2): Conv2d(128, 32, kernel_size=(3, 3), stride=(1, 1), padding=(1, 1), bias=False)
      )
    )
    (transition1): _Transition(
      (norm): BatchNorm2d(256, eps=1e-05, momentum=0.1, affine=True, track_running_stats=True)
      (relu): ReLU(inplace=True)
      (conv): Conv2d(256, 128, kernel_size=(1, 1), stride=(1, 1), bias=False)
      (pool): AvgPool2d(kernel_size=2, stride=2, padding=0)
    )
    (denseblock2): _DenseBlock(
      (denselayer1): _DenseLayer(
        (norm1): BatchNorm2d(128, eps=1e-05, momentum=0.1, affine=True, track_running_stats=True)
        (relu1): ReLU(inplace=True)
        (conv1): Conv2d(128, 128, kernel_size=(1, 1), stride=(1, 1), bias=False)
        (norm2): BatchNorm2d(128, eps=1e-05, momentum=0.1, affine=True, track_running_stats=True)
        (relu2): ReLU(inplace=True)
        (conv2): Conv2d(128, 32, kernel_size=(3, 3), stride=(1, 1), padding=(1, 1), bias=False)
      )
      (denselayer2): _DenseLayer(
        (norm1): BatchNorm2d(160, eps=1e-05, momentum=0.1, affine=True, track_running_stats=True)
        (relu1): ReLU(inplace=True)
        (conv1): Conv2d(160, 128, kernel_size=(1, 1), stride=(1, 1), bias=False)
        (norm2): BatchNorm2d(128, eps=1e-05, momentum=0.1, affine=True, track_running_stats=True)
        (relu2): ReLU(inplace=True)
        (conv2): Conv2d(128, 32, kernel_size=(3, 3), stride=(1, 1), padding=(1, 1), bias=False)
      )
      (denselayer3): _DenseLayer(
        (norm1): BatchNorm2d(192, eps=1e-05, momentum=0.1, affine=True, track_running_stats=True)
        (relu1): ReLU(inplace=True)
        (conv1): Conv2d(192, 128, kernel_size=(1, 1), stride=(1, 1), bias=False)
        (norm2): BatchNorm2d(128, eps=1e-05, momentum=0.1, affine=True, track_running_stats=True)
        (relu2): ReLU(inplace=True)
        (conv2): Conv2d(128, 32, kernel_size=(3, 3), stride=(1, 1), padding=(1, 1), bias=False)
      )
      (denselayer4): _DenseLayer(
        (norm1): BatchNorm2d(224, eps=1e-05, momentum=0.1, affine=True, track_running_stats=True)
        (relu1): ReLU(inplace=True)
        (conv1): Conv2d(224, 128, kernel_size=(1, 1), stride=(1, 1), bias=False)
        (norm2): BatchNorm2d(128, eps=1e-05, momentum=0.1, affine=True, track_running_stats=True)
        (relu2): ReLU(inplace=True)
        (conv2): Conv2d(128, 32, kernel_size=(3, 3), stride=(1, 1), padding=(1, 1), bias=False)
      )
      (denselayer5): _DenseLayer(
        (norm1): BatchNorm2d(256, eps=1e-05, momentum=0.1, affine=True, track_running_stats=True)
        (relu1): ReLU(inplace=True)
        (conv1): Conv2d(256, 128, kernel_size=(1, 1), stride=(1, 1), bias=False)
        (norm2): BatchNorm2d(128, eps=1e-05, momentum=0.1, affine=True, track_running_stats=True)
        (relu2): ReLU(inplace=True)
        (conv2): Conv2d(128, 32, kernel_size=(3, 3), stride=(1, 1), padding=(1, 1), bias=False)
      )
      (denselayer6): _DenseLayer(
        (norm1): BatchNorm2d(288, eps=1e-05, momentum=0.1, affine=True, track_running_stats=True)
        (relu1): ReLU(inplace=True)
        (conv1): Conv2d(288, 128, kernel_size=(1, 1), stride=(1, 1), bias=False)
        (norm2): BatchNorm2d(128, eps=1e-05, momentum=0.1, affine=True, track_running_stats=True)
        (relu2): ReLU(inplace=True)
        (conv2): Conv2d(128, 32, kernel_size=(3, 3), stride=(1, 1), padding=(1, 1), bias=False)
      )
      (denselayer7): _DenseLayer(
        (norm1): BatchNorm2d(320, eps=1e-05, momentum=0.1, affine=True, track_running_stats=True)
        (relu1): ReLU(inplace=True)
        (conv1): Conv2d(320, 128, kernel_size=(1, 1), stride=(1, 1), bias=False)
        (norm2): BatchNorm2d(128, eps=1e-05, momentum=0.1, affine=True, track_running_stats=True)
        (relu2): ReLU(inplace=True)
        (conv2): Conv2d(128, 32, kernel_size=(3, 3), stride=(1, 1), padding=(1, 1), bias=False)
      )
      (denselayer8): _DenseLayer(
        (norm1): BatchNorm2d(352, eps=1e-05, momentum=0.1, affine=True, track_running_stats=True)
        (relu1): ReLU(inplace=True)
        (conv1): Conv2d(352, 128, kernel_size=(1, 1), stride=(1, 1), bias=False)
        (norm2): BatchNorm2d(128, eps=1e-05, momentum=0.1, affine=True, track_running_stats=True)
        (relu2): ReLU(inplace=True)
        (conv2): Conv2d(128, 32, kernel_size=(3, 3), stride=(1, 1), padding=(1, 1), bias=False)
      )
      (denselayer9): _DenseLayer(
        (norm1): BatchNorm2d(384, eps=1e-05, momentum=0.1, affine=True, track_running_stats=True)
        (relu1): ReLU(inplace=True)
        (conv1): Conv2d(384, 128, kernel_size=(1, 1), stride=(1, 1), bias=False)
        (norm2): BatchNorm2d(128, eps=1e-05, momentum=0.1, affine=True, track_running_stats=True)
        (relu2): ReLU(inplace=True)
        (conv2): Conv2d(128, 32, kernel_size=(3, 3), stride=(1, 1), padding=(1, 1), bias=False)
      )
      (denselayer10): _DenseLayer(
        (norm1): BatchNorm2d(416, eps=1e-05, momentum=0.1, affine=True, track_running_stats=True)
        (relu1): ReLU(inplace=True)
        (conv1): Conv2d(416, 128, kernel_size=(1, 1), stride=(1, 1), bias=False)
        (norm2): BatchNorm2d(128, eps=1e-05, momentum=0.1, affine=True, track_running_stats=True)
        (relu2): ReLU(inplace=True)
        (conv2): Conv2d(128, 32, kernel_size=(3, 3), stride=(1, 1), padding=(1, 1), bias=False)
      )
      (denselayer11): _DenseLayer(
        (norm1): BatchNorm2d(448, eps=1e-05, momentum=0.1, affine=True, track_running_stats=True)
        (relu1): ReLU(inplace=True)
        (conv1): Conv2d(448, 128, kernel_size=(1, 1), stride=(1, 1), bias=False)
        (norm2): BatchNorm2d(128, eps=1e-05, momentum=0.1, affine=True, track_running_stats=True)
        (relu2): ReLU(inplace=True)
        (conv2): Conv2d(128, 32, kernel_size=(3, 3), stride=(1, 1), padding=(1, 1), bias=False)
      )
      (denselayer12): _DenseLayer(
        (norm1): BatchNorm2d(480, eps=1e-05, momentum=0.1, affine=True, track_running_stats=True)
        (relu1): ReLU(inplace=True)
        (conv1): Conv2d(480, 128, kernel_size=(1, 1), stride=(1, 1), bias=False)
        (norm2): BatchNorm2d(128, eps=1e-05, momentum=0.1, affine=True, track_running_stats=True)
        (relu2): ReLU(inplace=True)
        (conv2): Conv2d(128, 32, kernel_size=(3, 3), stride=(1, 1), padding=(1, 1), bias=False)
      )
    )
    (transition2): _Transition(
      (norm): BatchNorm2d(512, eps=1e-05, momentum=0.1, affine=True, track_running_stats=True)
      (relu): ReLU(inplace=True)
      (conv): Conv2d(512, 256, kernel_size=(1, 1), stride=(1, 1), bias=False)
      (pool): AvgPool2d(kernel_size=2, stride=2, padding=0)
    )
    (denseblock3): _DenseBlock(
      (denselayer1): _DenseLayer(
        (norm1): BatchNorm2d(256, eps=1e-05, momentum=0.1, affine=True, track_running_stats=True)
        (relu1): ReLU(inplace=True)
        (conv1): Conv2d(256, 128, kernel_size=(1, 1), stride=(1, 1), bias=False)
        (norm2): BatchNorm2d(128, eps=1e-05, momentum=0.1, affine=True, track_running_stats=True)
        (relu2): ReLU(inplace=True)
        (conv2): Conv2d(128, 32, kernel_size=(3, 3), stride=(1, 1), padding=(1, 1), bias=False)
      )
      (denselayer2): _DenseLayer(
        (norm1): BatchNorm2d(288, eps=1e-05, momentum=0.1, affine=True, track_running_stats=True)
        (relu1): ReLU(inplace=True)
        (conv1): Conv2d(288, 128, kernel_size=(1, 1), stride=(1, 1), bias=False)
        (norm2): BatchNorm2d(128, eps=1e-05, momentum=0.1, affine=True, track_running_stats=True)
        (relu2): ReLU(inplace=True)
        (conv2): Conv2d(128, 32, kernel_size=(3, 3), stride=(1, 1), padding=(1, 1), bias=False)
      )
      (denselayer3): _DenseLayer(
        (norm1): BatchNorm2d(320, eps=1e-05, momentum=0.1, affine=True, track_running_stats=True)
        (relu1): ReLU(inplace=True)
        (conv1): Conv2d(320, 128, kernel_size=(1, 1), stride=(1, 1), bias=False)
        (norm2): BatchNorm2d(128, eps=1e-05, momentum=0.1, affine=True, track_running_stats=True)
        (relu2): ReLU(inplace=True)
        (conv2): Conv2d(128, 32, kernel_size=(3, 3), stride=(1, 1), padding=(1, 1), bias=False)
      )
      (denselayer4): _DenseLayer(
        (norm1): BatchNorm2d(352, eps=1e-05, momentum=0.1, affine=True, track_running_stats=True)
        (relu1): ReLU(inplace=True)
        (conv1): Conv2d(352, 128, kernel_size=(1, 1), stride=(1, 1), bias=False)
        (norm2): BatchNorm2d(128, eps=1e-05, momentum=0.1, affine=True, track_running_stats=True)
        (relu2): ReLU(inplace=True)
        (conv2): Conv2d(128, 32, kernel_size=(3, 3), stride=(1, 1), padding=(1, 1), bias=False)
      )
      (denselayer5): _DenseLayer(
        (norm1): BatchNorm2d(384, eps=1e-05, momentum=0.1, affine=True, track_running_stats=True)
        (relu1): ReLU(inplace=True)
        (conv1): Conv2d(384, 128, kernel_size=(1, 1), stride=(1, 1), bias=False)
        (norm2): BatchNorm2d(128, eps=1e-05, momentum=0.1, affine=True, track_running_stats=True)
        (relu2): ReLU(inplace=True)
        (conv2): Conv2d(128, 32, kernel_size=(3, 3), stride=(1, 1), padding=(1, 1), bias=False)
      )
      (denselayer6): _DenseLayer(
        (norm1): BatchNorm2d(416, eps=1e-05, momentum=0.1, affine=True, track_running_stats=True)
        (relu1): ReLU(inplace=True)
        (conv1): Conv2d(416, 128, kernel_size=(1, 1), stride=(1, 1), bias=False)
        (norm2): BatchNorm2d(128, eps=1e-05, momentum=0.1, affine=True, track_running_stats=True)
        (relu2): ReLU(inplace=True)
        (conv2): Conv2d(128, 32, kernel_size=(3, 3), stride=(1, 1), padding=(1, 1), bias=False)
      )
      (denselayer7): _DenseLayer(
        (norm1): BatchNorm2d(448, eps=1e-05, momentum=0.1, affine=True, track_running_stats=True)
        (relu1): ReLU(inplace=True)
        (conv1): Conv2d(448, 128, kernel_size=(1, 1), stride=(1, 1), bias=False)
        (norm2): BatchNorm2d(128, eps=1e-05, momentum=0.1, affine=True, track_running_stats=True)
        (relu2): ReLU(inplace=True)
        (conv2): Conv2d(128, 32, kernel_size=(3, 3), stride=(1, 1), padding=(1, 1), bias=False)
      )
      (denselayer8): _DenseLayer(
        (norm1): BatchNorm2d(480, eps=1e-05, momentum=0.1, affine=True, track_running_stats=True)
        (relu1): ReLU(inplace=True)
        (conv1): Conv2d(480, 128, kernel_size=(1, 1), stride=(1, 1), bias=False)
        (norm2): BatchNorm2d(128, eps=1e-05, momentum=0.1, affine=True, track_running_stats=True)
        (relu2): ReLU(inplace=True)
        (conv2): Conv2d(128, 32, kernel_size=(3, 3), stride=(1, 1), padding=(1, 1), bias=False)
      )
      (denselayer9): _DenseLayer(
        (norm1): BatchNorm2d(512, eps=1e-05, momentum=0.1, affine=True, track_running_stats=True)
        (relu1): ReLU(inplace=True)
        (conv1): Conv2d(512, 128, kernel_size=(1, 1), stride=(1, 1), bias=False)
        (norm2): BatchNorm2d(128, eps=1e-05, momentum=0.1, affine=True, track_running_stats=True)
        (relu2): ReLU(inplace=True)
        (conv2): Conv2d(128, 32, kernel_size=(3, 3), stride=(1, 1), padding=(1, 1), bias=False)
      )
      (denselayer10): _DenseLayer(
        (norm1): BatchNorm2d(544, eps=1e-05, momentum=0.1, affine=True, track_running_stats=True)
        (relu1): ReLU(inplace=True)
        (conv1): Conv2d(544, 128, kernel_size=(1, 1), stride=(1, 1), bias=False)
        (norm2): BatchNorm2d(128, eps=1e-05, momentum=0.1, affine=True, track_running_stats=True)
        (relu2): ReLU(inplace=True)
        (conv2): Conv2d(128, 32, kernel_size=(3, 3), stride=(1, 1), padding=(1, 1), bias=False)
      )
      (denselayer11): _DenseLayer(
        (norm1): BatchNorm2d(576, eps=1e-05, momentum=0.1, affine=True, track_running_stats=True)
        (relu1): ReLU(inplace=True)
        (conv1): Conv2d(576, 128, kernel_size=(1, 1), stride=(1, 1), bias=False)
        (norm2): BatchNorm2d(128, eps=1e-05, momentum=0.1, affine=True, track_running_stats=True)
        (relu2): ReLU(inplace=True)
        (conv2): Conv2d(128, 32, kernel_size=(3, 3), stride=(1, 1), padding=(1, 1), bias=False)
      )
      (denselayer12): _DenseLayer(
        (norm1): BatchNorm2d(608, eps=1e-05, momentum=0.1, affine=True, track_running_stats=True)
        (relu1): ReLU(inplace=True)
        (conv1): Conv2d(608, 128, kernel_size=(1, 1), stride=(1, 1), bias=False)
        (norm2): BatchNorm2d(128, eps=1e-05, momentum=0.1, affine=True, track_running_stats=True)
        (relu2): ReLU(inplace=True)
        (conv2): Conv2d(128, 32, kernel_size=(3, 3), stride=(1, 1), padding=(1, 1), bias=False)
      )
      (denselayer13): _DenseLayer(
        (norm1): BatchNorm2d(640, eps=1e-05, momentum=0.1, affine=True, track_running_stats=True)
        (relu1): ReLU(inplace=True)
        (conv1): Conv2d(640, 128, kernel_size=(1, 1), stride=(1, 1), bias=False)
        (norm2): BatchNorm2d(128, eps=1e-05, momentum=0.1, affine=True, track_running_stats=True)
        (relu2): ReLU(inplace=True)
        (conv2): Conv2d(128, 32, kernel_size=(3, 3), stride=(1, 1), padding=(1, 1), bias=False)
      )
      (denselayer14): _DenseLayer(
        (norm1): BatchNorm2d(672, eps=1e-05, momentum=0.1, affine=True, track_running_stats=True)
        (relu1): ReLU(inplace=True)
        (conv1): Conv2d(672, 128, kernel_size=(1, 1), stride=(1, 1), bias=False)
        (norm2): BatchNorm2d(128, eps=1e-05, momentum=0.1, affine=True, track_running_stats=True)
        (relu2): ReLU(inplace=True)
        (conv2): Conv2d(128, 32, kernel_size=(3, 3), stride=(1, 1), padding=(1, 1), bias=False)
      )
      (denselayer15): _DenseLayer(
        (norm1): BatchNorm2d(704, eps=1e-05, momentum=0.1, affine=True, track_running_stats=True)
        (relu1): ReLU(inplace=True)
        (conv1): Conv2d(704, 128, kernel_size=(1, 1), stride=(1, 1), bias=False)
        (norm2): BatchNorm2d(128, eps=1e-05, momentum=0.1, affine=True, track_running_stats=True)
        (relu2): ReLU(inplace=True)
        (conv2): Conv2d(128, 32, kernel_size=(3, 3), stride=(1, 1), padding=(1, 1), bias=False)
      )
      (denselayer16): _DenseLayer(
        (norm1): BatchNorm2d(736, eps=1e-05, momentum=0.1, affine=True, track_running_stats=True)
        (relu1): ReLU(inplace=True)
        (conv1): Conv2d(736, 128, kernel_size=(1, 1), stride=(1, 1), bias=False)
        (norm2): BatchNorm2d(128, eps=1e-05, momentum=0.1, affine=True, track_running_stats=True)
        (relu2): ReLU(inplace=True)
        (conv2): Conv2d(128, 32, kernel_size=(3, 3), stride=(1, 1), padding=(1, 1), bias=False)
      )
      (denselayer17): _DenseLayer(
        (norm1): BatchNorm2d(768, eps=1e-05, momentum=0.1, affine=True, track_running_stats=True)
        (relu1): ReLU(inplace=True)
        (conv1): Conv2d(768, 128, kernel_size=(1, 1), stride=(1, 1), bias=False)
        (norm2): BatchNorm2d(128, eps=1e-05, momentum=0.1, affine=True, track_running_stats=True)
        (relu2): ReLU(inplace=True)
        (conv2): Conv2d(128, 32, kernel_size=(3, 3), stride=(1, 1), padding=(1, 1), bias=False)
      )
      (denselayer18): _DenseLayer(
        (norm1): BatchNorm2d(800, eps=1e-05, momentum=0.1, affine=True, track_running_stats=True)
        (relu1): ReLU(inplace=True)
        (conv1): Conv2d(800, 128, kernel_size=(1, 1), stride=(1, 1), bias=False)
        (norm2): BatchNorm2d(128, eps=1e-05, momentum=0.1, affine=True, track_running_stats=True)
        (relu2): ReLU(inplace=True)
        (conv2): Conv2d(128, 32, kernel_size=(3, 3), stride=(1, 1), padding=(1, 1), bias=False)
      )
      (denselayer19): _DenseLayer(
        (norm1): BatchNorm2d(832, eps=1e-05, momentum=0.1, affine=True, track_running_stats=True)
        (relu1): ReLU(inplace=True)
        (conv1): Conv2d(832, 128, kernel_size=(1, 1), stride=(1, 1), bias=False)
        (norm2): BatchNorm2d(128, eps=1e-05, momentum=0.1, affine=True, track_running_stats=True)
        (relu2): ReLU(inplace=True)
        (conv2): Conv2d(128, 32, kernel_size=(3, 3), stride=(1, 1), padding=(1, 1), bias=False)
      )
      (denselayer20): _DenseLayer(
        (norm1): BatchNorm2d(864, eps=1e-05, momentum=0.1, affine=True, track_running_stats=True)
        (relu1): ReLU(inplace=True)
        (conv1): Conv2d(864, 128, kernel_size=(1, 1), stride=(1, 1), bias=False)
        (norm2): BatchNorm2d(128, eps=1e-05, momentum=0.1, affine=True, track_running_stats=True)
        (relu2): ReLU(inplace=True)
        (conv2): Conv2d(128, 32, kernel_size=(3, 3), stride=(1, 1), padding=(1, 1), bias=False)
      )
      (denselayer21): _DenseLayer(
        (norm1): BatchNorm2d(896, eps=1e-05, momentum=0.1, affine=True, track_running_stats=True)
        (relu1): ReLU(inplace=True)
        (conv1): Conv2d(896, 128, kernel_size=(1, 1), stride=(1, 1), bias=False)
        (norm2): BatchNorm2d(128, eps=1e-05, momentum=0.1, affine=True, track_running_stats=True)
        (relu2): ReLU(inplace=True)
        (conv2): Conv2d(128, 32, kernel_size=(3, 3), stride=(1, 1), padding=(1, 1), bias=False)
      )
      (denselayer22): _DenseLayer(
        (norm1): BatchNorm2d(928, eps=1e-05, momentum=0.1, affine=True, track_running_stats=True)
        (relu1): ReLU(inplace=True)
        (conv1): Conv2d(928, 128, kernel_size=(1, 1), stride=(1, 1), bias=False)
        (norm2): BatchNorm2d(128, eps=1e-05, momentum=0.1, affine=True, track_running_stats=True)
        (relu2): ReLU(inplace=True)
        (conv2): Conv2d(128, 32, kernel_size=(3, 3), stride=(1, 1), padding=(1, 1), bias=False)
      )
      (denselayer23): _DenseLayer(
        (norm1): BatchNorm2d(960, eps=1e-05, momentum=0.1, affine=True, track_running_stats=True)
        (relu1): ReLU(inplace=True)
        (conv1): Conv2d(960, 128, kernel_size=(1, 1), stride=(1, 1), bias=False)
        (norm2): BatchNorm2d(128, eps=1e-05, momentum=0.1, affine=True, track_running_stats=True)
        (relu2): ReLU(inplace=True)
        (conv2): Conv2d(128, 32, kernel_size=(3, 3), stride=(1, 1), padding=(1, 1), bias=False)
      )
      (denselayer24): _DenseLayer(
        (norm1): BatchNorm2d(992, eps=1e-05, momentum=0.1, affine=True, track_running_stats=True)
        (relu1): ReLU(inplace=True)
        (conv1): Conv2d(992, 128, kernel_size=(1, 1), stride=(1, 1), bias=False)
        (norm2): BatchNorm2d(128, eps=1e-05, momentum=0.1, affine=True, track_running_stats=True)
        (relu2): ReLU(inplace=True)
        (conv2): Conv2d(128, 32, kernel_size=(3, 3), stride=(1, 1), padding=(1, 1), bias=False)
      )
      (denselayer25): _DenseLayer(
        (norm1): BatchNorm2d(1024, eps=1e-05, momentum=0.1, affine=True, track_running_stats=True)
        (relu1): ReLU(inplace=True)
        (conv1): Conv2d(1024, 128, kernel_size=(1, 1), stride=(1, 1), bias=False)
        (norm2): BatchNorm2d(128, eps=1e-05, momentum=0.1, affine=True, track_running_stats=True)
        (relu2): ReLU(inplace=True)
        (conv2): Conv2d(128, 32, kernel_size=(3, 3), stride=(1, 1), padding=(1, 1), bias=False)
      )
      (denselayer26): _DenseLayer(
        (norm1): BatchNorm2d(1056, eps=1e-05, momentum=0.1, affine=True, track_running_stats=True)
        (relu1): ReLU(inplace=True)
        (conv1): Conv2d(1056, 128, kernel_size=(1, 1), stride=(1, 1), bias=False)
        (norm2): BatchNorm2d(128, eps=1e-05, momentum=0.1, affine=True, track_running_stats=True)
        (relu2): ReLU(inplace=True)
        (conv2): Conv2d(128, 32, kernel_size=(3, 3), stride=(1, 1), padding=(1, 1), bias=False)
      )
      (denselayer27): _DenseLayer(
        (norm1): BatchNorm2d(1088, eps=1e-05, momentum=0.1, affine=True, track_running_stats=True)
        (relu1): ReLU(inplace=True)
        (conv1): Conv2d(1088, 128, kernel_size=(1, 1), stride=(1, 1), bias=False)
        (norm2): BatchNorm2d(128, eps=1e-05, momentum=0.1, affine=True, track_running_stats=True)
        (relu2): ReLU(inplace=True)
        (conv2): Conv2d(128, 32, kernel_size=(3, 3), stride=(1, 1), padding=(1, 1), bias=False)
      )
      (denselayer28): _DenseLayer(
        (norm1): BatchNorm2d(1120, eps=1e-05, momentum=0.1, affine=True, track_running_stats=True)
        (relu1): ReLU(inplace=True)
        (conv1): Conv2d(1120, 128, kernel_size=(1, 1), stride=(1, 1), bias=False)
        (norm2): BatchNorm2d(128, eps=1e-05, momentum=0.1, affine=True, track_running_stats=True)
        (relu2): ReLU(inplace=True)
        (conv2): Conv2d(128, 32, kernel_size=(3, 3), stride=(1, 1), padding=(1, 1), bias=False)
      )
      (denselayer29): _DenseLayer(
        (norm1): BatchNorm2d(1152, eps=1e-05, momentum=0.1, affine=True, track_running_stats=True)
        (relu1): ReLU(inplace=True)
        (conv1): Conv2d(1152, 128, kernel_size=(1, 1), stride=(1, 1), bias=False)
        (norm2): BatchNorm2d(128, eps=1e-05, momentum=0.1, affine=True, track_running_stats=True)
        (relu2): ReLU(inplace=True)
        (conv2): Conv2d(128, 32, kernel_size=(3, 3), stride=(1, 1), padding=(1, 1), bias=False)
      )
      (denselayer30): _DenseLayer(
        (norm1): BatchNorm2d(1184, eps=1e-05, momentum=0.1, affine=True, track_running_stats=True)
        (relu1): ReLU(inplace=True)
        (conv1): Conv2d(1184, 128, kernel_size=(1, 1), stride=(1, 1), bias=False)
        (norm2): BatchNorm2d(128, eps=1e-05, momentum=0.1, affine=True, track_running_stats=True)
        (relu2): ReLU(inplace=True)
        (conv2): Conv2d(128, 32, kernel_size=(3, 3), stride=(1, 1), padding=(1, 1), bias=False)
      )
      (denselayer31): _DenseLayer(
        (norm1): BatchNorm2d(1216, eps=1e-05, momentum=0.1, affine=True, track_running_stats=True)
        (relu1): ReLU(inplace=True)
        (conv1): Conv2d(1216, 128, kernel_size=(1, 1), stride=(1, 1), bias=False)
        (norm2): BatchNorm2d(128, eps=1e-05, momentum=0.1, affine=True, track_running_stats=True)
        (relu2): ReLU(inplace=True)
        (conv2): Conv2d(128, 32, kernel_size=(3, 3), stride=(1, 1), padding=(1, 1), bias=False)
      )
      (denselayer32): _DenseLayer(
        (norm1): BatchNorm2d(1248, eps=1e-05, momentum=0.1, affine=True, track_running_stats=True)
        (relu1): ReLU(inplace=True)
        (conv1): Conv2d(1248, 128, kernel_size=(1, 1), stride=(1, 1), bias=False)
        (norm2): BatchNorm2d(128, eps=1e-05, momentum=0.1, affine=True, track_running_stats=True)
        (relu2): ReLU(inplace=True)
        (conv2): Conv2d(128, 32, kernel_size=(3, 3), stride=(1, 1), padding=(1, 1), bias=False)
      )
    )
    (transition3): _Transition(
      (norm): BatchNorm2d(1280, eps=1e-05, momentum=0.1, affine=True, track_running_stats=True)
      (relu): ReLU(inplace=True)
      (conv): Conv2d(1280, 640, kernel_size=(1, 1), stride=(1, 1), bias=False)
      (pool): AvgPool2d(kernel_size=2, stride=2, padding=0)
    )
    (denseblock4): _DenseBlock(
      (denselayer1): _DenseLayer(
        (norm1): BatchNorm2d(640, eps=1e-05, momentum=0.1, affine=True, track_running_stats=True)
        (relu1): ReLU(inplace=True)
        (conv1): Conv2d(640, 128, kernel_size=(1, 1), stride=(1, 1), bias=False)
        (norm2): BatchNorm2d(128, eps=1e-05, momentum=0.1, affine=True, track_running_stats=True)
        (relu2): ReLU(inplace=True)
        (conv2): Conv2d(128, 32, kernel_size=(3, 3), stride=(1, 1), padding=(1, 1), bias=False)
      )
      (denselayer2): _DenseLayer(
        (norm1): BatchNorm2d(672, eps=1e-05, momentum=0.1, affine=True, track_running_stats=True)
        (relu1): ReLU(inplace=True)
        (conv1): Conv2d(672, 128, kernel_size=(1, 1), stride=(1, 1), bias=False)
        (norm2): BatchNorm2d(128, eps=1e-05, momentum=0.1, affine=True, track_running_stats=True)
        (relu2): ReLU(inplace=True)
        (conv2): Conv2d(128, 32, kernel_size=(3, 3), stride=(1, 1), padding=(1, 1), bias=False)
      )
      (denselayer3): _DenseLayer(
        (norm1): BatchNorm2d(704, eps=1e-05, momentum=0.1, affine=True, track_running_stats=True)
        (relu1): ReLU(inplace=True)
        (conv1): Conv2d(704, 128, kernel_size=(1, 1), stride=(1, 1), bias=False)
        (norm2): BatchNorm2d(128, eps=1e-05, momentum=0.1, affine=True, track_running_stats=True)
        (relu2): ReLU(inplace=True)
        (conv2): Conv2d(128, 32, kernel_size=(3, 3), stride=(1, 1), padding=(1, 1), bias=False)
      )
      (denselayer4): _DenseLayer(
        (norm1): BatchNorm2d(736, eps=1e-05, momentum=0.1, affine=True, track_running_stats=True)
        (relu1): ReLU(inplace=True)
        (conv1): Conv2d(736, 128, kernel_size=(1, 1), stride=(1, 1), bias=False)
        (norm2): BatchNorm2d(128, eps=1e-05, momentum=0.1, affine=True, track_running_stats=True)
        (relu2): ReLU(inplace=True)
        (conv2): Conv2d(128, 32, kernel_size=(3, 3), stride=(1, 1), padding=(1, 1), bias=False)
      )
      (denselayer5): _DenseLayer(
        (norm1): BatchNorm2d(768, eps=1e-05, momentum=0.1, affine=True, track_running_stats=True)
        (relu1): ReLU(inplace=True)
        (conv1): Conv2d(768, 128, kernel_size=(1, 1), stride=(1, 1), bias=False)
        (norm2): BatchNorm2d(128, eps=1e-05, momentum=0.1, affine=True, track_running_stats=True)
        (relu2): ReLU(inplace=True)
        (conv2): Conv2d(128, 32, kernel_size=(3, 3), stride=(1, 1), padding=(1, 1), bias=False)
      )
      (denselayer6): _DenseLayer(
        (norm1): BatchNorm2d(800, eps=1e-05, momentum=0.1, affine=True, track_running_stats=True)
        (relu1): ReLU(inplace=True)
        (conv1): Conv2d(800, 128, kernel_size=(1, 1), stride=(1, 1), bias=False)
        (norm2): BatchNorm2d(128, eps=1e-05, momentum=0.1, affine=True, track_running_stats=True)
        (relu2): ReLU(inplace=True)
        (conv2): Conv2d(128, 32, kernel_size=(3, 3), stride=(1, 1), padding=(1, 1), bias=False)
      )
      (denselayer7): _DenseLayer(
        (norm1): BatchNorm2d(832, eps=1e-05, momentum=0.1, affine=True, track_running_stats=True)
        (relu1): ReLU(inplace=True)
        (conv1): Conv2d(832, 128, kernel_size=(1, 1), stride=(1, 1), bias=False)
        (norm2): BatchNorm2d(128, eps=1e-05, momentum=0.1, affine=True, track_running_stats=True)
        (relu2): ReLU(inplace=True)
        (conv2): Conv2d(128, 32, kernel_size=(3, 3), stride=(1, 1), padding=(1, 1), bias=False)
      )
      (denselayer8): _DenseLayer(
        (norm1): BatchNorm2d(864, eps=1e-05, momentum=0.1, affine=True, track_running_stats=True)
        (relu1): ReLU(inplace=True)
        (conv1): Conv2d(864, 128, kernel_size=(1, 1), stride=(1, 1), bias=False)
        (norm2): BatchNorm2d(128, eps=1e-05, momentum=0.1, affine=True, track_running_stats=True)
        (relu2): ReLU(inplace=True)
        (conv2): Conv2d(128, 32, kernel_size=(3, 3), stride=(1, 1), padding=(1, 1), bias=False)
      )
      (denselayer9): _DenseLayer(
        (norm1): BatchNorm2d(896, eps=1e-05, momentum=0.1, affine=True, track_running_stats=True)
        (relu1): ReLU(inplace=True)
        (conv1): Conv2d(896, 128, kernel_size=(1, 1), stride=(1, 1), bias=False)
        (norm2): BatchNorm2d(128, eps=1e-05, momentum=0.1, affine=True, track_running_stats=True)
        (relu2): ReLU(inplace=True)
        (conv2): Conv2d(128, 32, kernel_size=(3, 3), stride=(1, 1), padding=(1, 1), bias=False)
      )
      (denselayer10): _DenseLayer(
        (norm1): BatchNorm2d(928, eps=1e-05, momentum=0.1, affine=True, track_running_stats=True)
        (relu1): ReLU(inplace=True)
        (conv1): Conv2d(928, 128, kernel_size=(1, 1), stride=(1, 1), bias=False)
        (norm2): BatchNorm2d(128, eps=1e-05, momentum=0.1, affine=True, track_running_stats=True)
        (relu2): ReLU(inplace=True)
        (conv2): Conv2d(128, 32, kernel_size=(3, 3), stride=(1, 1), padding=(1, 1), bias=False)
      )
      (denselayer11): _DenseLayer(
        (norm1): BatchNorm2d(960, eps=1e-05, momentum=0.1, affine=True, track_running_stats=True)
        (relu1): ReLU(inplace=True)
        (conv1): Conv2d(960, 128, kernel_size=(1, 1), stride=(1, 1), bias=False)
        (norm2): BatchNorm2d(128, eps=1e-05, momentum=0.1, affine=True, track_running_stats=True)
        (relu2): ReLU(inplace=True)
        (conv2): Conv2d(128, 32, kernel_size=(3, 3), stride=(1, 1), padding=(1, 1), bias=False)
      )
      (denselayer12): _DenseLayer(
        (norm1): BatchNorm2d(992, eps=1e-05, momentum=0.1, affine=True, track_running_stats=True)
        (relu1): ReLU(inplace=True)
        (conv1): Conv2d(992, 128, kernel_size=(1, 1), stride=(1, 1), bias=False)
        (norm2): BatchNorm2d(128, eps=1e-05, momentum=0.1, affine=True, track_running_stats=True)
        (relu2): ReLU(inplace=True)
        (conv2): Conv2d(128, 32, kernel_size=(3, 3), stride=(1, 1), padding=(1, 1), bias=False)
      )
      (denselayer13): _DenseLayer(
        (norm1): BatchNorm2d(1024, eps=1e-05, momentum=0.1, affine=True, track_running_stats=True)
        (relu1): ReLU(inplace=True)
        (conv1): Conv2d(1024, 128, kernel_size=(1, 1), stride=(1, 1), bias=False)
        (norm2): BatchNorm2d(128, eps=1e-05, momentum=0.1, affine=True, track_running_stats=True)
        (relu2): ReLU(inplace=True)
        (conv2): Conv2d(128, 32, kernel_size=(3, 3), stride=(1, 1), padding=(1, 1), bias=False)
      )
      (denselayer14): _DenseLayer(
        (norm1): BatchNorm2d(1056, eps=1e-05, momentum=0.1, affine=True, track_running_stats=True)
        (relu1): ReLU(inplace=True)
        (conv1): Conv2d(1056, 128, kernel_size=(1, 1), stride=(1, 1), bias=False)
        (norm2): BatchNorm2d(128, eps=1e-05, momentum=0.1, affine=True, track_running_stats=True)
        (relu2): ReLU(inplace=True)
        (conv2): Conv2d(128, 32, kernel_size=(3, 3), stride=(1, 1), padding=(1, 1), bias=False)
      )
      (denselayer15): _DenseLayer(
        (norm1): BatchNorm2d(1088, eps=1e-05, momentum=0.1, affine=True, track_running_stats=True)
        (relu1): ReLU(inplace=True)
        (conv1): Conv2d(1088, 128, kernel_size=(1, 1), stride=(1, 1), bias=False)
        (norm2): BatchNorm2d(128, eps=1e-05, momentum=0.1, affine=True, track_running_stats=True)
        (relu2): ReLU(inplace=True)
        (conv2): Conv2d(128, 32, kernel_size=(3, 3), stride=(1, 1), padding=(1, 1), bias=False)
      )
      (denselayer16): _DenseLayer(
        (norm1): BatchNorm2d(1120, eps=1e-05, momentum=0.1, affine=True, track_running_stats=True)
        (relu1): ReLU(inplace=True)
        (conv1): Conv2d(1120, 128, kernel_size=(1, 1), stride=(1, 1), bias=False)
        (norm2): BatchNorm2d(128, eps=1e-05, momentum=0.1, affine=True, track_running_stats=True)
        (relu2): ReLU(inplace=True)
        (conv2): Conv2d(128, 32, kernel_size=(3, 3), stride=(1, 1), padding=(1, 1), bias=False)
      )
      (denselayer17): _DenseLayer(
        (norm1): BatchNorm2d(1152, eps=1e-05, momentum=0.1, affine=True, track_running_stats=True)
        (relu1): ReLU(inplace=True)
        (conv1): Conv2d(1152, 128, kernel_size=(1, 1), stride=(1, 1), bias=False)
        (norm2): BatchNorm2d(128, eps=1e-05, momentum=0.1, affine=True, track_running_stats=True)
        (relu2): ReLU(inplace=True)
        (conv2): Conv2d(128, 32, kernel_size=(3, 3), stride=(1, 1), padding=(1, 1), bias=False)
      )
      (denselayer18): _DenseLayer(
        (norm1): BatchNorm2d(1184, eps=1e-05, momentum=0.1, affine=True, track_running_stats=True)
        (relu1): ReLU(inplace=True)
        (conv1): Conv2d(1184, 128, kernel_size=(1, 1), stride=(1, 1), bias=False)
        (norm2): BatchNorm2d(128, eps=1e-05, momentum=0.1, affine=True, track_running_stats=True)
        (relu2): ReLU(inplace=True)
        (conv2): Conv2d(128, 32, kernel_size=(3, 3), stride=(1, 1), padding=(1, 1), bias=False)
      )
      (denselayer19): _DenseLayer(
        (norm1): BatchNorm2d(1216, eps=1e-05, momentum=0.1, affine=True, track_running_stats=True)
        (relu1): ReLU(inplace=True)
        (conv1): Conv2d(1216, 128, kernel_size=(1, 1), stride=(1, 1), bias=False)
        (norm2): BatchNorm2d(128, eps=1e-05, momentum=0.1, affine=True, track_running_stats=True)
        (relu2): ReLU(inplace=True)
        (conv2): Conv2d(128, 32, kernel_size=(3, 3), stride=(1, 1), padding=(1, 1), bias=False)
      )
      (denselayer20): _DenseLayer(
        (norm1): BatchNorm2d(1248, eps=1e-05, momentum=0.1, affine=True, track_running_stats=True)
        (relu1): ReLU(inplace=True)
        (conv1): Conv2d(1248, 128, kernel_size=(1, 1), stride=(1, 1), bias=False)
        (norm2): BatchNorm2d(128, eps=1e-05, momentum=0.1, affine=True, track_running_stats=True)
        (relu2): ReLU(inplace=True)
        (conv2): Conv2d(128, 32, kernel_size=(3, 3), stride=(1, 1), padding=(1, 1), bias=False)
      )
      (denselayer21): _DenseLayer(
        (norm1): BatchNorm2d(1280, eps=1e-05, momentum=0.1, affine=True, track_running_stats=True)
        (relu1): ReLU(inplace=True)
        (conv1): Conv2d(1280, 128, kernel_size=(1, 1), stride=(1, 1), bias=False)
        (norm2): BatchNorm2d(128, eps=1e-05, momentum=0.1, affine=True, track_running_stats=True)
        (relu2): ReLU(inplace=True)
        (conv2): Conv2d(128, 32, kernel_size=(3, 3), stride=(1, 1), padding=(1, 1), bias=False)
      )
      (denselayer22): _DenseLayer(
        (norm1): BatchNorm2d(1312, eps=1e-05, momentum=0.1, affine=True, track_running_stats=True)
        (relu1): ReLU(inplace=True)
        (conv1): Conv2d(1312, 128, kernel_size=(1, 1), stride=(1, 1), bias=False)
        (norm2): BatchNorm2d(128, eps=1e-05, momentum=0.1, affine=True, track_running_stats=True)
        (relu2): ReLU(inplace=True)
        (conv2): Conv2d(128, 32, kernel_size=(3, 3), stride=(1, 1), padding=(1, 1), bias=False)
      )
      (denselayer23): _DenseLayer(
        (norm1): BatchNorm2d(1344, eps=1e-05, momentum=0.1, affine=True, track_running_stats=True)
        (relu1): ReLU(inplace=True)
        (conv1): Conv2d(1344, 128, kernel_size=(1, 1), stride=(1, 1), bias=False)
        (norm2): BatchNorm2d(128, eps=1e-05, momentum=0.1, affine=True, track_running_stats=True)
        (relu2): ReLU(inplace=True)
        (conv2): Conv2d(128, 32, kernel_size=(3, 3), stride=(1, 1), padding=(1, 1), bias=False)
      )
      (denselayer24): _DenseLayer(
        (norm1): BatchNorm2d(1376, eps=1e-05, momentum=0.1, affine=True, track_running_stats=True)
        (relu1): ReLU(inplace=True)
        (conv1): Conv2d(1376, 128, kernel_size=(1, 1), stride=(1, 1), bias=False)
        (norm2): BatchNorm2d(128, eps=1e-05, momentum=0.1, affine=True, track_running_stats=True)
        (relu2): ReLU(inplace=True)
        (conv2): Conv2d(128, 32, kernel_size=(3, 3), stride=(1, 1), padding=(1, 1), bias=False)
      )
      (denselayer25): _DenseLayer(
        (norm1): BatchNorm2d(1408, eps=1e-05, momentum=0.1, affine=True, track_running_stats=True)
        (relu1): ReLU(inplace=True)
        (conv1): Conv2d(1408, 128, kernel_size=(1, 1), stride=(1, 1), bias=False)
        (norm2): BatchNorm2d(128, eps=1e-05, momentum=0.1, affine=True, track_running_stats=True)
        (relu2): ReLU(inplace=True)
        (conv2): Conv2d(128, 32, kernel_size=(3, 3), stride=(1, 1), padding=(1, 1), bias=False)
      )
      (denselayer26): _DenseLayer(
        (norm1): BatchNorm2d(1440, eps=1e-05, momentum=0.1, affine=True, track_running_stats=True)
        (relu1): ReLU(inplace=True)
        (conv1): Conv2d(1440, 128, kernel_size=(1, 1), stride=(1, 1), bias=False)
        (norm2): BatchNorm2d(128, eps=1e-05, momentum=0.1, affine=True, track_running_stats=True)
        (relu2): ReLU(inplace=True)
        (conv2): Conv2d(128, 32, kernel_size=(3, 3), stride=(1, 1), padding=(1, 1), bias=False)
      )
      (denselayer27): _DenseLayer(
        (norm1): BatchNorm2d(1472, eps=1e-05, momentum=0.1, affine=True, track_running_stats=True)
        (relu1): ReLU(inplace=True)
        (conv1): Conv2d(1472, 128, kernel_size=(1, 1), stride=(1, 1), bias=False)
        (norm2): BatchNorm2d(128, eps=1e-05, momentum=0.1, affine=True, track_running_stats=True)
        (relu2): ReLU(inplace=True)
        (conv2): Conv2d(128, 32, kernel_size=(3, 3), stride=(1, 1), padding=(1, 1), bias=False)
      )
      (denselayer28): _DenseLayer(
        (norm1): BatchNorm2d(1504, eps=1e-05, momentum=0.1, affine=True, track_running_stats=True)
        (relu1): ReLU(inplace=True)
        (conv1): Conv2d(1504, 128, kernel_size=(1, 1), stride=(1, 1), bias=False)
        (norm2): BatchNorm2d(128, eps=1e-05, momentum=0.1, affine=True, track_running_stats=True)
        (relu2): ReLU(inplace=True)
        (conv2): Conv2d(128, 32, kernel_size=(3, 3), stride=(1, 1), padding=(1, 1), bias=False)
      )
      (denselayer29): _DenseLayer(
        (norm1): BatchNorm2d(1536, eps=1e-05, momentum=0.1, affine=True, track_running_stats=True)
        (relu1): ReLU(inplace=True)
        (conv1): Conv2d(1536, 128, kernel_size=(1, 1), stride=(1, 1), bias=False)
        (norm2): BatchNorm2d(128, eps=1e-05, momentum=0.1, affine=True, track_running_stats=True)
        (relu2): ReLU(inplace=True)
        (conv2): Conv2d(128, 32, kernel_size=(3, 3), stride=(1, 1), padding=(1, 1), bias=False)
      )
      (denselayer30): _DenseLayer(
        (norm1): BatchNorm2d(1568, eps=1e-05, momentum=0.1, affine=True, track_running_stats=True)
        (relu1): ReLU(inplace=True)
        (conv1): Conv2d(1568, 128, kernel_size=(1, 1), stride=(1, 1), bias=False)
        (norm2): BatchNorm2d(128, eps=1e-05, momentum=0.1, affine=True, track_running_stats=True)
        (relu2): ReLU(inplace=True)
        (conv2): Conv2d(128, 32, kernel_size=(3, 3), stride=(1, 1), padding=(1, 1), bias=False)
      )
      (denselayer31): _DenseLayer(
        (norm1): BatchNorm2d(1600, eps=1e-05, momentum=0.1, affine=True, track_running_stats=True)
        (relu1): ReLU(inplace=True)
        (conv1): Conv2d(1600, 128, kernel_size=(1, 1), stride=(1, 1), bias=False)
        (norm2): BatchNorm2d(128, eps=1e-05, momentum=0.1, affine=True, track_running_stats=True)
        (relu2): ReLU(inplace=True)
        (conv2): Conv2d(128, 32, kernel_size=(3, 3), stride=(1, 1), padding=(1, 1), bias=False)
      )
      (denselayer32): _DenseLayer(
        (norm1): BatchNorm2d(1632, eps=1e-05, momentum=0.1, affine=True, track_running_stats=True)
        (relu1): ReLU(inplace=True)
        (conv1): Conv2d(1632, 128, kernel_size=(1, 1), stride=(1, 1), bias=False)
        (norm2): BatchNorm2d(128, eps=1e-05, momentum=0.1, affine=True, track_running_stats=True)
        (relu2): ReLU(inplace=True)
        (conv2): Conv2d(128, 32, kernel_size=(3, 3), stride=(1, 1), padding=(1, 1), bias=False)
      )
    )
    (norm5): BatchNorm2d(1664, eps=1e-05, momentum=0.1, affine=True, track_running_stats=True)
  )
  (classifier): Linear(in_features=1664, out_features=2, bias=True)
)

TEST

+--------------------+--------------------+--------------------+--------------------+
|      Accuracy      |     Precision      |       Recall       |         F1         |
+--------------------+--------------------+--------------------+--------------------+
| 0.9452054794520548 | 0.9522757401679187 | 0.9452054794520548 | 0.9458496156653927 |
+--------------------+--------------------+--------------------+--------------------+


              precision    recall  f1-score   support

           0     1.0000    0.9796    0.9897        49
           1     0.9630    1.0000    0.9811        26

    accuracy                         0.9867        75
   macro avg     0.9815    0.9898    0.9854        75
weighted avg     0.9872    0.9867    0.9867        75



[[48  1]
 [ 0 26]]

