2025-08-08 03:35:20,209 - root - 

2025-08-08 03:35:20,209 - root - ==================== Start Training ====================
2025-08-08 03:35:20,209 - root - seed: 2023
2025-08-08 03:35:20,209 - root - model: Model(
  (fc): Sequential(
    (0): Linear(in_features=768, out_features=256, bias=True)
    (1): ReLU()
    (2): Linear(in_features=256, out_features=128, bias=True)
    (3): ReLU()
    (4): Linear(in_features=128, out_features=3, bias=True)
  )
)
2025-08-08 03:35:20,209 - root - batch_size: 32
2025-08-08 03:35:20,209 - root - n_epochs: 1000
2025-08-08 03:35:20,209 - root - lr: 0.001
2025-08-08 03:35:20,209 - root - early_stop: 50
2025-08-08 03:35:20,209 - root - loss_fn: CrossEntropyLoss()
2025-08-08 03:35:20,209 - root - optimizer: Adam (
Parameter Group 0
    amsgrad: False
    betas: (0.9, 0.999)
    capturable: False
    decoupled_weight_decay: False
    differentiable: False
    eps: 1e-08
    foreach: None
    fused: None
    lr: 0.001
    maximize: False
    weight_decay: 0
)
2025-08-08 03:35:20,209 - root - scheduler: <torch.optim.lr_scheduler.ReduceLROnPlateau object at 0x71070ad8f520>
2025-08-08 03:35:21,014 - root - Training on cuda
2025-08-08 03:35:22,591 - root - Epoch 1: train_loss: 1.0880, train_acc: 0.4127, dev_loss: 1.0810, dev_acc: 0.4138, time: 1.6
2025-08-08 03:35:23,573 - root - Epoch 2: train_loss: 1.0723, train_acc: 0.4170, dev_loss: 1.0723, dev_acc: 0.4425, time: 1.0
2025-08-08 03:35:24,538 - root - Epoch 3: train_loss: 1.0646, train_acc: 0.4055, dev_loss: 1.0794, dev_acc: 0.4080, time: 1.0
2025-08-08 03:35:25,502 - root - Epoch 4: train_loss: 1.0595, train_acc: 0.4343, dev_loss: 1.0845, dev_acc: 0.4483, time: 1.0
2025-08-08 03:35:26,471 - root - Epoch 5: train_loss: 1.0493, train_acc: 0.4329, dev_loss: 1.0811, dev_acc: 0.4195, time: 1.0
2025-08-08 03:35:27,429 - root - Epoch 6: train_loss: 1.0468, train_acc: 0.4675, dev_loss: 1.0702, dev_acc: 0.3908, time: 1.0
2025-08-08 03:35:28,400 - root - Epoch 7: train_loss: 1.0333, train_acc: 0.4762, dev_loss: 1.0757, dev_acc: 0.4425, time: 1.0
2025-08-08 03:35:29,377 - root - Epoch 8: train_loss: 1.0172, train_acc: 0.5079, dev_loss: 1.0900, dev_acc: 0.4023, time: 1.0
2025-08-08 03:35:30,336 - root - Epoch 9: train_loss: 1.0133, train_acc: 0.4935, dev_loss: 1.0777, dev_acc: 0.4368, time: 1.0
2025-08-08 03:35:31,293 - root - Epoch 10: train_loss: 0.9986, train_acc: 0.5224, dev_loss: 1.0820, dev_acc: 0.4195, time: 1.0
2025-08-08 03:35:32,243 - root - Epoch 11: train_loss: 0.9720, train_acc: 0.5152, dev_loss: 1.0803, dev_acc: 0.4253, time: 0.9
2025-08-08 03:35:33,198 - root - Epoch 12: train_loss: 0.9420, train_acc: 0.5541, dev_loss: 1.0861, dev_acc: 0.4425, time: 1.0
2025-08-08 03:35:34,160 - root - Epoch 13: train_loss: 0.9554, train_acc: 0.5541, dev_loss: 1.1101, dev_acc: 0.4138, time: 1.0
2025-08-08 03:35:35,117 - root - Epoch 14: train_loss: 0.9524, train_acc: 0.5628, dev_loss: 1.0816, dev_acc: 0.4310, time: 1.0
2025-08-08 03:35:36,057 - root - Epoch 15: train_loss: 0.9029, train_acc: 0.5815, dev_loss: 1.1167, dev_acc: 0.4368, time: 0.9
2025-08-08 03:35:37,000 - root - Epoch 16: train_loss: 0.8745, train_acc: 0.5960, dev_loss: 1.2013, dev_acc: 0.3851, time: 0.9
2025-08-08 03:35:37,941 - root - Epoch 17: train_loss: 0.8536, train_acc: 0.5945, dev_loss: 1.1295, dev_acc: 0.4138, time: 0.9
2025-08-08 03:35:38,900 - root - Epoch 18: train_loss: 0.8561, train_acc: 0.6133, dev_loss: 1.1893, dev_acc: 0.3851, time: 1.0
2025-08-08 03:35:39,871 - root - Epoch 19: train_loss: 0.8745, train_acc: 0.5859, dev_loss: 1.1834, dev_acc: 0.4023, time: 1.0
2025-08-08 03:35:40,815 - root - Epoch 20: train_loss: 0.8362, train_acc: 0.6277, dev_loss: 1.1716, dev_acc: 0.4310, time: 0.9
2025-08-08 03:35:41,755 - root - Epoch 21: train_loss: 0.7883, train_acc: 0.6580, dev_loss: 1.2307, dev_acc: 0.4310, time: 0.9
2025-08-08 03:35:42,714 - root - Epoch 22: train_loss: 0.7756, train_acc: 0.6623, dev_loss: 1.2045, dev_acc: 0.4540, time: 1.0
2025-08-08 03:35:43,666 - root - Epoch 23: train_loss: 0.7298, train_acc: 0.6999, dev_loss: 1.3910, dev_acc: 0.4253, time: 0.9
2025-08-08 03:35:44,610 - root - Epoch 24: train_loss: 0.7756, train_acc: 0.6623, dev_loss: 1.2120, dev_acc: 0.4368, time: 0.9
2025-08-08 03:35:45,564 - root - Epoch 25: train_loss: 0.7023, train_acc: 0.6984, dev_loss: 1.3518, dev_acc: 0.3563, time: 1.0
2025-08-08 03:35:46,503 - root - Epoch 26: train_loss: 0.6647, train_acc: 0.7100, dev_loss: 1.3139, dev_acc: 0.3793, time: 0.9
2025-08-08 03:35:47,443 - root - Epoch 27: train_loss: 0.6340, train_acc: 0.7316, dev_loss: 1.3746, dev_acc: 0.3736, time: 0.9
2025-08-08 03:35:48,401 - root - Epoch 28: train_loss: 0.6540, train_acc: 0.7258, dev_loss: 1.3049, dev_acc: 0.4368, time: 1.0
2025-08-08 03:35:49,355 - root - Epoch 29: train_loss: 0.5924, train_acc: 0.7807, dev_loss: 1.4258, dev_acc: 0.3966, time: 1.0
2025-08-08 03:35:50,308 - root - Epoch 30: train_loss: 0.5324, train_acc: 0.7850, dev_loss: 1.4957, dev_acc: 0.4195, time: 1.0
2025-08-08 03:35:51,262 - root - Epoch 31: train_loss: 0.4855, train_acc: 0.8225, dev_loss: 1.5671, dev_acc: 0.4310, time: 1.0
2025-08-08 03:35:52,211 - root - Epoch 32: train_loss: 0.5060, train_acc: 0.8196, dev_loss: 1.5750, dev_acc: 0.4368, time: 0.9
2025-08-08 03:35:53,165 - root - Epoch 33: train_loss: 0.4368, train_acc: 0.8384, dev_loss: 1.7008, dev_acc: 0.4195, time: 1.0
2025-08-08 03:35:54,109 - root - Epoch 34: train_loss: 0.4257, train_acc: 0.8369, dev_loss: 1.6573, dev_acc: 0.4023, time: 0.9
2025-08-08 03:35:55,060 - root - Epoch 35: train_loss: 0.3564, train_acc: 0.8701, dev_loss: 1.8316, dev_acc: 0.4253, time: 1.0
2025-08-08 03:35:56,014 - root - Epoch 36: train_loss: 0.4132, train_acc: 0.8326, dev_loss: 1.7626, dev_acc: 0.4368, time: 1.0
2025-08-08 03:35:56,980 - root - Epoch 37: train_loss: 0.3078, train_acc: 0.8947, dev_loss: 1.9003, dev_acc: 0.4195, time: 1.0
2025-08-08 03:35:57,926 - root - Epoch 38: train_loss: 0.3227, train_acc: 0.8759, dev_loss: 2.0417, dev_acc: 0.3908, time: 0.9
2025-08-08 03:35:58,875 - root - Epoch 39: train_loss: 0.3869, train_acc: 0.8470, dev_loss: 1.8869, dev_acc: 0.4023, time: 0.9
2025-08-08 03:35:59,817 - root - Epoch 40: train_loss: 0.3517, train_acc: 0.8470, dev_loss: 1.8446, dev_acc: 0.4138, time: 0.9
2025-08-08 03:36:00,766 - root - Epoch 41: train_loss: 0.2683, train_acc: 0.9120, dev_loss: 1.9723, dev_acc: 0.3966, time: 0.9
2025-08-08 03:36:01,720 - root - Epoch 42: train_loss: 0.2264, train_acc: 0.9192, dev_loss: 2.0694, dev_acc: 0.3966, time: 1.0
2025-08-08 03:36:02,664 - root - Epoch 43: train_loss: 0.2104, train_acc: 0.9278, dev_loss: 2.1758, dev_acc: 0.3793, time: 0.9
2025-08-08 03:36:03,618 - root - Epoch 44: train_loss: 0.1963, train_acc: 0.9322, dev_loss: 2.2585, dev_acc: 0.4368, time: 1.0
2025-08-08 03:36:04,565 - root - Epoch 45: train_loss: 0.2206, train_acc: 0.9264, dev_loss: 2.3324, dev_acc: 0.3908, time: 0.9
2025-08-08 03:36:05,513 - root - Epoch 46: train_loss: 0.2062, train_acc: 0.9221, dev_loss: 2.3097, dev_acc: 0.3966, time: 0.9
2025-08-08 03:36:06,465 - root - Epoch 47: train_loss: 0.1396, train_acc: 0.9625, dev_loss: 2.4305, dev_acc: 0.3736, time: 1.0
2025-08-08 03:36:07,402 - root - Epoch 48: train_loss: 0.1095, train_acc: 0.9740, dev_loss: 2.6103, dev_acc: 0.4023, time: 0.9
2025-08-08 03:36:08,336 - root - Epoch 49: train_loss: 0.0976, train_acc: 0.9798, dev_loss: 2.8115, dev_acc: 0.4138, time: 0.9
2025-08-08 03:36:09,263 - root - Epoch 50: train_loss: 0.0826, train_acc: 0.9841, dev_loss: 2.8331, dev_acc: 0.3966, time: 0.9
2025-08-08 03:36:10,191 - root - Epoch 51: train_loss: 0.0682, train_acc: 0.9812, dev_loss: 2.8402, dev_acc: 0.4080, time: 0.9
2025-08-08 03:36:11,118 - root - Epoch 52: train_loss: 0.0575, train_acc: 0.9942, dev_loss: 2.8679, dev_acc: 0.4023, time: 0.9
2025-08-08 03:36:12,043 - root - Epoch 53: train_loss: 0.0488, train_acc: 0.9928, dev_loss: 2.9885, dev_acc: 0.4195, time: 0.9
2025-08-08 03:36:12,969 - root - Epoch 54: train_loss: 0.0412, train_acc: 0.9957, dev_loss: 2.9629, dev_acc: 0.4253, time: 0.9
2025-08-08 03:36:13,905 - root - Epoch 55: train_loss: 0.0343, train_acc: 0.9986, dev_loss: 3.1345, dev_acc: 0.4253, time: 0.9
2025-08-08 03:36:14,826 - root - Epoch 56: train_loss: 0.0288, train_acc: 1.0000, dev_loss: 3.2855, dev_acc: 0.4080, time: 0.9
2025-08-08 03:36:15,768 - root - Epoch 57: train_loss: 0.0490, train_acc: 0.9913, dev_loss: 3.2592, dev_acc: 0.4138, time: 0.9
2025-08-08 03:36:16,723 - root - Epoch 58: train_loss: 0.0500, train_acc: 0.9913, dev_loss: 3.1540, dev_acc: 0.4138, time: 1.0
2025-08-08 03:36:17,677 - root - Epoch 59: train_loss: 0.0374, train_acc: 0.9942, dev_loss: 3.3343, dev_acc: 0.4310, time: 1.0
2025-08-08 03:36:18,599 - root - Epoch 60: train_loss: 0.0194, train_acc: 1.0000, dev_loss: 3.4512, dev_acc: 0.4253, time: 0.9
2025-08-08 03:36:19,533 - root - Epoch 61: train_loss: 0.0169, train_acc: 1.0000, dev_loss: 3.3933, dev_acc: 0.4080, time: 0.9
2025-08-08 03:36:20,465 - root - Epoch 62: train_loss: 0.0146, train_acc: 1.0000, dev_loss: 3.4185, dev_acc: 0.4023, time: 0.9
2025-08-08 03:36:21,397 - root - Epoch 63: train_loss: 0.0117, train_acc: 1.0000, dev_loss: 3.5237, dev_acc: 0.3851, time: 0.9
2025-08-08 03:36:22,331 - root - Epoch 64: train_loss: 0.0103, train_acc: 1.0000, dev_loss: 3.5953, dev_acc: 0.4023, time: 0.9
2025-08-08 03:36:23,275 - root - Epoch 65: train_loss: 0.0087, train_acc: 1.0000, dev_loss: 3.7114, dev_acc: 0.4080, time: 0.9
2025-08-08 03:36:24,209 - root - Epoch 66: train_loss: 0.0086, train_acc: 1.0000, dev_loss: 3.7335, dev_acc: 0.4080, time: 0.9
2025-08-08 03:36:25,144 - root - Epoch 67: train_loss: 0.0069, train_acc: 1.0000, dev_loss: 3.7466, dev_acc: 0.4023, time: 0.9
2025-08-08 03:36:26,088 - root - Epoch 68: train_loss: 0.0068, train_acc: 1.0000, dev_loss: 3.8240, dev_acc: 0.4080, time: 0.9
2025-08-08 03:36:27,030 - root - Epoch 69: train_loss: 0.0056, train_acc: 1.0000, dev_loss: 3.8838, dev_acc: 0.4080, time: 0.9
2025-08-08 03:36:27,982 - root - Epoch 70: train_loss: 0.0051, train_acc: 1.0000, dev_loss: 3.8277, dev_acc: 0.4023, time: 1.0
2025-08-08 03:36:28,937 - root - Epoch 71: train_loss: 0.0047, train_acc: 1.0000, dev_loss: 3.9036, dev_acc: 0.4195, time: 1.0
2025-08-08 03:36:29,889 - root - Epoch 72: train_loss: 0.0044, train_acc: 1.0000, dev_loss: 3.9134, dev_acc: 0.4080, time: 1.0
2025-08-08 03:36:29,889 - root - Early Stopped. best_epoch: 22. best_dev_acc: 0.4540229885057471

2025-08-08 03:36:30,134 - root - test_loss: 1.2324786186218262, test_acc: 0.4423963133640553, f1_weighted: 0.41604303972408213
2025-08-08 03:36:30,959 - root - Training on cuda
2025-08-08 03:36:31,906 - root - Epoch 1: train_loss: 0.8732, train_acc: 0.6234, dev_loss: 1.0113, dev_acc: 0.5575, time: 0.9
2025-08-08 03:36:32,854 - root - Epoch 2: train_loss: 0.8399, train_acc: 0.6378, dev_loss: 1.0506, dev_acc: 0.5402, time: 0.9
2025-08-08 03:36:33,807 - root - Epoch 3: train_loss: 0.8205, train_acc: 0.6551, dev_loss: 1.0815, dev_acc: 0.5460, time: 1.0
2025-08-08 03:36:34,758 - root - Epoch 4: train_loss: 0.7915, train_acc: 0.6623, dev_loss: 1.0219, dev_acc: 0.5575, time: 1.0
2025-08-08 03:36:35,707 - root - Epoch 5: train_loss: 0.7575, train_acc: 0.6898, dev_loss: 1.0946, dev_acc: 0.5172, time: 0.9
2025-08-08 03:36:36,660 - root - Epoch 6: train_loss: 0.7501, train_acc: 0.6825, dev_loss: 1.0765, dev_acc: 0.5402, time: 1.0
2025-08-08 03:36:37,612 - root - Epoch 7: train_loss: 0.7057, train_acc: 0.7114, dev_loss: 1.0692, dev_acc: 0.5690, time: 1.0
2025-08-08 03:36:38,571 - root - Epoch 8: train_loss: 0.6723, train_acc: 0.7403, dev_loss: 1.1386, dev_acc: 0.5460, time: 1.0
2025-08-08 03:36:39,520 - root - Epoch 9: train_loss: 0.6439, train_acc: 0.7359, dev_loss: 1.1064, dev_acc: 0.5517, time: 0.9
2025-08-08 03:36:40,473 - root - Epoch 10: train_loss: 0.6363, train_acc: 0.7475, dev_loss: 1.1254, dev_acc: 0.5632, time: 1.0
2025-08-08 03:36:41,429 - root - Epoch 11: train_loss: 0.5999, train_acc: 0.7590, dev_loss: 1.1381, dev_acc: 0.5690, time: 1.0
2025-08-08 03:36:42,380 - root - Epoch 12: train_loss: 0.5711, train_acc: 0.7807, dev_loss: 1.1504, dev_acc: 0.5632, time: 1.0
2025-08-08 03:36:43,334 - root - Epoch 13: train_loss: 0.5394, train_acc: 0.8139, dev_loss: 1.1804, dev_acc: 0.5345, time: 1.0
2025-08-08 03:36:44,297 - root - Epoch 14: train_loss: 0.5143, train_acc: 0.7980, dev_loss: 1.2019, dev_acc: 0.5632, time: 1.0
2025-08-08 03:36:45,250 - root - Epoch 15: train_loss: 0.5033, train_acc: 0.8240, dev_loss: 1.2163, dev_acc: 0.5517, time: 1.0
2025-08-08 03:36:46,206 - root - Epoch 16: train_loss: 0.5027, train_acc: 0.8211, dev_loss: 1.1842, dev_acc: 0.5460, time: 1.0
2025-08-08 03:36:47,147 - root - Epoch 17: train_loss: 0.5002, train_acc: 0.8268, dev_loss: 1.2590, dev_acc: 0.5690, time: 0.9
2025-08-08 03:36:48,103 - root - Epoch 18: train_loss: 0.4631, train_acc: 0.8384, dev_loss: 1.2345, dev_acc: 0.5632, time: 1.0
2025-08-08 03:36:49,054 - root - Epoch 19: train_loss: 0.4401, train_acc: 0.8586, dev_loss: 1.2112, dev_acc: 0.5287, time: 1.0
2025-08-08 03:36:50,000 - root - Epoch 20: train_loss: 0.4340, train_acc: 0.8600, dev_loss: 1.2407, dev_acc: 0.5575, time: 0.9
2025-08-08 03:36:50,958 - root - Epoch 21: train_loss: 0.4243, train_acc: 0.8644, dev_loss: 1.2423, dev_acc: 0.5460, time: 1.0
2025-08-08 03:36:51,919 - root - Epoch 22: train_loss: 0.4166, train_acc: 0.8658, dev_loss: 1.2615, dev_acc: 0.5632, time: 1.0
2025-08-08 03:36:52,866 - root - Epoch 23: train_loss: 0.4108, train_acc: 0.8773, dev_loss: 1.2585, dev_acc: 0.5575, time: 0.9
2025-08-08 03:36:53,812 - root - Epoch 24: train_loss: 0.4075, train_acc: 0.8687, dev_loss: 1.2641, dev_acc: 0.5402, time: 0.9
2025-08-08 03:36:54,773 - root - Epoch 25: train_loss: 0.3910, train_acc: 0.8773, dev_loss: 1.2657, dev_acc: 0.5402, time: 1.0
2025-08-08 03:36:55,717 - root - Epoch 26: train_loss: 0.3850, train_acc: 0.8846, dev_loss: 1.2745, dev_acc: 0.5345, time: 0.9
2025-08-08 03:36:56,666 - root - Epoch 27: train_loss: 0.3824, train_acc: 0.8889, dev_loss: 1.2785, dev_acc: 0.5402, time: 0.9
2025-08-08 03:36:57,609 - root - Epoch 28: train_loss: 0.3794, train_acc: 0.8817, dev_loss: 1.2790, dev_acc: 0.5402, time: 0.9
2025-08-08 03:36:58,543 - root - Epoch 29: train_loss: 0.3759, train_acc: 0.8918, dev_loss: 1.2878, dev_acc: 0.5575, time: 0.9
2025-08-08 03:36:59,481 - root - Epoch 30: train_loss: 0.3701, train_acc: 0.8903, dev_loss: 1.2835, dev_acc: 0.5460, time: 0.9
2025-08-08 03:37:00,412 - root - Epoch 31: train_loss: 0.3650, train_acc: 0.8961, dev_loss: 1.2949, dev_acc: 0.5460, time: 0.9
2025-08-08 03:37:01,350 - root - Epoch 32: train_loss: 0.3644, train_acc: 0.8961, dev_loss: 1.2968, dev_acc: 0.5460, time: 0.9
2025-08-08 03:37:02,288 - root - Epoch 33: train_loss: 0.3634, train_acc: 0.8975, dev_loss: 1.3061, dev_acc: 0.5460, time: 0.9
2025-08-08 03:37:03,226 - root - Epoch 34: train_loss: 0.3613, train_acc: 0.8932, dev_loss: 1.3072, dev_acc: 0.5402, time: 0.9
2025-08-08 03:37:04,166 - root - Epoch 35: train_loss: 0.3580, train_acc: 0.8990, dev_loss: 1.3048, dev_acc: 0.5517, time: 0.9
2025-08-08 03:37:05,097 - root - Epoch 36: train_loss: 0.3575, train_acc: 0.8990, dev_loss: 1.3010, dev_acc: 0.5517, time: 0.9
2025-08-08 03:37:06,016 - root - Epoch 37: train_loss: 0.3566, train_acc: 0.8975, dev_loss: 1.3079, dev_acc: 0.5460, time: 0.9
2025-08-08 03:37:06,957 - root - Epoch 38: train_loss: 0.3527, train_acc: 0.8990, dev_loss: 1.3056, dev_acc: 0.5517, time: 0.9
2025-08-08 03:37:07,901 - root - Epoch 39: train_loss: 0.3514, train_acc: 0.8975, dev_loss: 1.3095, dev_acc: 0.5517, time: 0.9
2025-08-08 03:37:08,824 - root - Epoch 40: train_loss: 0.3499, train_acc: 0.9004, dev_loss: 1.3093, dev_acc: 0.5460, time: 0.9
2025-08-08 03:37:09,779 - root - Epoch 41: train_loss: 0.3490, train_acc: 0.9004, dev_loss: 1.3113, dev_acc: 0.5460, time: 1.0
2025-08-08 03:37:10,722 - root - Epoch 42: train_loss: 0.3500, train_acc: 0.9019, dev_loss: 1.3127, dev_acc: 0.5517, time: 0.9
2025-08-08 03:37:11,648 - root - Epoch 43: train_loss: 0.3492, train_acc: 0.8990, dev_loss: 1.3120, dev_acc: 0.5460, time: 0.9
2025-08-08 03:37:12,577 - root - Epoch 44: train_loss: 0.3482, train_acc: 0.8990, dev_loss: 1.3122, dev_acc: 0.5460, time: 0.9
2025-08-08 03:37:13,508 - root - Epoch 45: train_loss: 0.3476, train_acc: 0.9004, dev_loss: 1.3139, dev_acc: 0.5517, time: 0.9
2025-08-08 03:37:14,434 - root - Epoch 46: train_loss: 0.3475, train_acc: 0.9004, dev_loss: 1.3117, dev_acc: 0.5517, time: 0.9
2025-08-08 03:37:15,365 - root - Epoch 47: train_loss: 0.3458, train_acc: 0.8990, dev_loss: 1.3172, dev_acc: 0.5517, time: 0.9
2025-08-08 03:37:16,291 - root - Epoch 48: train_loss: 0.3461, train_acc: 0.9004, dev_loss: 1.3152, dev_acc: 0.5460, time: 0.9
2025-08-08 03:37:17,213 - root - Epoch 49: train_loss: 0.3455, train_acc: 0.9004, dev_loss: 1.3144, dev_acc: 0.5460, time: 0.9
2025-08-08 03:37:18,139 - root - Epoch 50: train_loss: 0.3450, train_acc: 0.9004, dev_loss: 1.3158, dev_acc: 0.5460, time: 0.9
2025-08-08 03:37:19,070 - root - Epoch 51: train_loss: 0.3436, train_acc: 0.9004, dev_loss: 1.3158, dev_acc: 0.5460, time: 0.9
2025-08-08 03:37:20,013 - root - Epoch 52: train_loss: 0.3432, train_acc: 0.9004, dev_loss: 1.3163, dev_acc: 0.5517, time: 0.9
2025-08-08 03:37:20,937 - root - Epoch 53: train_loss: 0.3443, train_acc: 0.9004, dev_loss: 1.3168, dev_acc: 0.5517, time: 0.9
2025-08-08 03:37:21,861 - root - Epoch 54: train_loss: 0.3418, train_acc: 0.9004, dev_loss: 1.3155, dev_acc: 0.5517, time: 0.9
2025-08-08 03:37:22,812 - root - Epoch 55: train_loss: 0.3435, train_acc: 0.9004, dev_loss: 1.3161, dev_acc: 0.5460, time: 0.9
2025-08-08 03:37:23,741 - root - Epoch 56: train_loss: 0.3431, train_acc: 0.9004, dev_loss: 1.3176, dev_acc: 0.5517, time: 0.9
2025-08-08 03:37:24,686 - root - Epoch 57: train_loss: 0.3439, train_acc: 0.9004, dev_loss: 1.3167, dev_acc: 0.5460, time: 0.9
2025-08-08 03:37:24,686 - root - Early Stopped. best_epoch: 7. best_dev_acc: 0.5689655172413793

2025-08-08 03:37:24,932 - root - test_loss: 0.874224841594696, test_acc: 0.5898617511520737, f1_weighted: 0.5823814921732297
2025-08-08 03:37:25,497 - root - Training on cuda
2025-08-08 03:37:26,425 - root - Epoch 1: train_loss: 0.7347, train_acc: 0.6941, dev_loss: 1.0099, dev_acc: 0.5805, time: 0.9
2025-08-08 03:37:27,353 - root - Epoch 2: train_loss: 0.7280, train_acc: 0.6970, dev_loss: 1.0080, dev_acc: 0.5805, time: 0.9
2025-08-08 03:37:28,276 - root - Epoch 3: train_loss: 0.7231, train_acc: 0.7013, dev_loss: 1.0070, dev_acc: 0.5747, time: 0.9
2025-08-08 03:37:29,205 - root - Epoch 4: train_loss: 0.7208, train_acc: 0.6970, dev_loss: 1.0066, dev_acc: 0.5805, time: 0.9
2025-08-08 03:37:30,131 - root - Epoch 5: train_loss: 0.7170, train_acc: 0.7013, dev_loss: 1.0063, dev_acc: 0.5805, time: 0.9
2025-08-08 03:37:31,057 - root - Epoch 6: train_loss: 0.7166, train_acc: 0.7056, dev_loss: 1.0062, dev_acc: 0.5862, time: 0.9
2025-08-08 03:37:31,990 - root - Epoch 7: train_loss: 0.7188, train_acc: 0.7042, dev_loss: 1.0062, dev_acc: 0.5862, time: 0.9
2025-08-08 03:37:32,926 - root - Epoch 8: train_loss: 0.7202, train_acc: 0.7042, dev_loss: 1.0062, dev_acc: 0.5920, time: 0.9
2025-08-08 03:37:33,869 - root - Epoch 9: train_loss: 0.7143, train_acc: 0.7042, dev_loss: 1.0062, dev_acc: 0.5920, time: 0.9
2025-08-08 03:37:34,811 - root - Epoch 10: train_loss: 0.7112, train_acc: 0.7056, dev_loss: 1.0063, dev_acc: 0.5862, time: 0.9
2025-08-08 03:37:35,745 - root - Epoch 11: train_loss: 0.7134, train_acc: 0.7071, dev_loss: 1.0064, dev_acc: 0.5862, time: 0.9
2025-08-08 03:37:36,669 - root - Epoch 12: train_loss: 0.7142, train_acc: 0.7100, dev_loss: 1.0064, dev_acc: 0.5862, time: 0.9
2025-08-08 03:37:37,594 - root - Epoch 13: train_loss: 0.7143, train_acc: 0.7100, dev_loss: 1.0065, dev_acc: 0.5805, time: 0.9
2025-08-08 03:37:38,518 - root - Epoch 14: train_loss: 0.7116, train_acc: 0.7114, dev_loss: 1.0065, dev_acc: 0.5805, time: 0.9
2025-08-08 03:37:39,449 - root - Epoch 15: train_loss: 0.7118, train_acc: 0.7114, dev_loss: 1.0066, dev_acc: 0.5805, time: 0.9
2025-08-08 03:37:40,379 - root - Epoch 16: train_loss: 0.7130, train_acc: 0.7114, dev_loss: 1.0067, dev_acc: 0.5805, time: 0.9
2025-08-08 03:37:41,310 - root - Epoch 17: train_loss: 0.7118, train_acc: 0.7128, dev_loss: 1.0067, dev_acc: 0.5805, time: 0.9
2025-08-08 03:37:42,238 - root - Epoch 18: train_loss: 0.7106, train_acc: 0.7128, dev_loss: 1.0067, dev_acc: 0.5805, time: 0.9
2025-08-08 03:37:43,169 - root - Epoch 19: train_loss: 0.7093, train_acc: 0.7143, dev_loss: 1.0068, dev_acc: 0.5805, time: 0.9
2025-08-08 03:37:44,089 - root - Epoch 20: train_loss: 0.7145, train_acc: 0.7143, dev_loss: 1.0068, dev_acc: 0.5805, time: 0.9
2025-08-08 03:37:45,031 - root - Epoch 21: train_loss: 0.7104, train_acc: 0.7143, dev_loss: 1.0069, dev_acc: 0.5805, time: 0.9
2025-08-08 03:37:45,964 - root - Epoch 22: train_loss: 0.7121, train_acc: 0.7143, dev_loss: 1.0069, dev_acc: 0.5805, time: 0.9
2025-08-08 03:37:46,900 - root - Epoch 23: train_loss: 0.7094, train_acc: 0.7143, dev_loss: 1.0070, dev_acc: 0.5805, time: 0.9
2025-08-08 03:37:47,828 - root - Epoch 24: train_loss: 0.7135, train_acc: 0.7143, dev_loss: 1.0070, dev_acc: 0.5805, time: 0.9
2025-08-08 03:37:48,773 - root - Epoch 25: train_loss: 0.7088, train_acc: 0.7143, dev_loss: 1.0070, dev_acc: 0.5805, time: 0.9
2025-08-08 03:37:49,701 - root - Epoch 26: train_loss: 0.7106, train_acc: 0.7143, dev_loss: 1.0070, dev_acc: 0.5805, time: 0.9
2025-08-08 03:37:50,635 - root - Epoch 27: train_loss: 0.7109, train_acc: 0.7143, dev_loss: 1.0071, dev_acc: 0.5805, time: 0.9
2025-08-08 03:37:51,570 - root - Epoch 28: train_loss: 0.7103, train_acc: 0.7143, dev_loss: 1.0071, dev_acc: 0.5805, time: 0.9
2025-08-08 03:37:52,510 - root - Epoch 29: train_loss: 0.7134, train_acc: 0.7143, dev_loss: 1.0071, dev_acc: 0.5805, time: 0.9
2025-08-08 03:37:53,446 - root - Epoch 30: train_loss: 0.7152, train_acc: 0.7143, dev_loss: 1.0071, dev_acc: 0.5805, time: 0.9
2025-08-08 03:37:54,380 - root - Epoch 31: train_loss: 0.7105, train_acc: 0.7143, dev_loss: 1.0071, dev_acc: 0.5805, time: 0.9
2025-08-08 03:37:55,322 - root - Epoch 32: train_loss: 0.7121, train_acc: 0.7143, dev_loss: 1.0071, dev_acc: 0.5805, time: 0.9
2025-08-08 03:37:56,262 - root - Epoch 33: train_loss: 0.7083, train_acc: 0.7143, dev_loss: 1.0071, dev_acc: 0.5805, time: 0.9
2025-08-08 03:37:57,192 - root - Epoch 34: train_loss: 0.7082, train_acc: 0.7143, dev_loss: 1.0071, dev_acc: 0.5805, time: 0.9
2025-08-08 03:37:58,122 - root - Epoch 35: train_loss: 0.7117, train_acc: 0.7143, dev_loss: 1.0071, dev_acc: 0.5805, time: 0.9
2025-08-08 03:37:59,052 - root - Epoch 36: train_loss: 0.7089, train_acc: 0.7143, dev_loss: 1.0071, dev_acc: 0.5805, time: 0.9
2025-08-08 03:37:59,983 - root - Epoch 37: train_loss: 0.7136, train_acc: 0.7143, dev_loss: 1.0072, dev_acc: 0.5805, time: 0.9
2025-08-08 03:38:00,912 - root - Epoch 38: train_loss: 0.7095, train_acc: 0.7143, dev_loss: 1.0072, dev_acc: 0.5805, time: 0.9
2025-08-08 03:38:01,838 - root - Epoch 39: train_loss: 0.7098, train_acc: 0.7143, dev_loss: 1.0072, dev_acc: 0.5805, time: 0.9
2025-08-08 03:38:02,774 - root - Epoch 40: train_loss: 0.7111, train_acc: 0.7143, dev_loss: 1.0072, dev_acc: 0.5805, time: 0.9
2025-08-08 03:38:03,719 - root - Epoch 41: train_loss: 0.7149, train_acc: 0.7143, dev_loss: 1.0072, dev_acc: 0.5805, time: 0.9
2025-08-08 03:38:04,659 - root - Epoch 42: train_loss: 0.7118, train_acc: 0.7143, dev_loss: 1.0072, dev_acc: 0.5805, time: 0.9
2025-08-08 03:38:05,587 - root - Epoch 43: train_loss: 0.7138, train_acc: 0.7143, dev_loss: 1.0072, dev_acc: 0.5805, time: 0.9
2025-08-08 03:38:06,522 - root - Epoch 44: train_loss: 0.7140, train_acc: 0.7143, dev_loss: 1.0072, dev_acc: 0.5805, time: 0.9
2025-08-08 03:38:07,459 - root - Epoch 45: train_loss: 0.7111, train_acc: 0.7143, dev_loss: 1.0072, dev_acc: 0.5805, time: 0.9
2025-08-08 03:38:08,390 - root - Epoch 46: train_loss: 0.7104, train_acc: 0.7143, dev_loss: 1.0072, dev_acc: 0.5805, time: 0.9
2025-08-08 03:38:09,310 - root - Epoch 47: train_loss: 0.7109, train_acc: 0.7143, dev_loss: 1.0072, dev_acc: 0.5805, time: 0.9
2025-08-08 03:38:10,251 - root - Epoch 48: train_loss: 0.7151, train_acc: 0.7143, dev_loss: 1.0072, dev_acc: 0.5805, time: 0.9
2025-08-08 03:38:11,172 - root - Epoch 49: train_loss: 0.7114, train_acc: 0.7143, dev_loss: 1.0072, dev_acc: 0.5805, time: 0.9
2025-08-08 03:38:12,113 - root - Epoch 50: train_loss: 0.7127, train_acc: 0.7143, dev_loss: 1.0072, dev_acc: 0.5805, time: 0.9
2025-08-08 03:38:13,043 - root - Epoch 51: train_loss: 0.7081, train_acc: 0.7143, dev_loss: 1.0072, dev_acc: 0.5805, time: 0.9
2025-08-08 03:38:13,972 - root - Epoch 52: train_loss: 0.7105, train_acc: 0.7143, dev_loss: 1.0072, dev_acc: 0.5805, time: 0.9
2025-08-08 03:38:14,894 - root - Epoch 53: train_loss: 0.7091, train_acc: 0.7143, dev_loss: 1.0072, dev_acc: 0.5805, time: 0.9
2025-08-08 03:38:15,829 - root - Epoch 54: train_loss: 0.7128, train_acc: 0.7143, dev_loss: 1.0072, dev_acc: 0.5805, time: 0.9
2025-08-08 03:38:16,772 - root - Epoch 55: train_loss: 0.7088, train_acc: 0.7143, dev_loss: 1.0072, dev_acc: 0.5805, time: 0.9
2025-08-08 03:38:17,703 - root - Epoch 56: train_loss: 0.7113, train_acc: 0.7143, dev_loss: 1.0072, dev_acc: 0.5805, time: 0.9
2025-08-08 03:38:18,644 - root - Epoch 57: train_loss: 0.7102, train_acc: 0.7143, dev_loss: 1.0072, dev_acc: 0.5805, time: 0.9
2025-08-08 03:38:19,586 - root - Epoch 58: train_loss: 0.7080, train_acc: 0.7143, dev_loss: 1.0072, dev_acc: 0.5805, time: 0.9
2025-08-08 03:38:19,586 - root - Early Stopped. best_epoch: 8. best_dev_acc: 0.5919540229885057

2025-08-08 03:38:19,832 - root - test_loss: 0.6916993260383606, test_acc: 0.728110599078341, f1_weighted: 0.7177595780556264
2025-08-08 03:38:20,420 - root - Training on cuda
2025-08-08 03:38:21,386 - root - Epoch 1: train_loss: 0.7351, train_acc: 0.6912, dev_loss: 0.9909, dev_acc: 0.5977, time: 1.0
2025-08-08 03:38:22,313 - root - Epoch 2: train_loss: 0.7375, train_acc: 0.6912, dev_loss: 0.9908, dev_acc: 0.5977, time: 0.9
2025-08-08 03:38:23,257 - root - Epoch 3: train_loss: 0.7323, train_acc: 0.6912, dev_loss: 0.9908, dev_acc: 0.5977, time: 0.9
2025-08-08 03:38:24,192 - root - Epoch 4: train_loss: 0.7380, train_acc: 0.6898, dev_loss: 0.9908, dev_acc: 0.5977, time: 0.9
2025-08-08 03:38:25,126 - root - Epoch 5: train_loss: 0.7340, train_acc: 0.6898, dev_loss: 0.9908, dev_acc: 0.5977, time: 0.9
2025-08-08 03:38:26,075 - root - Epoch 6: train_loss: 0.7346, train_acc: 0.6898, dev_loss: 0.9908, dev_acc: 0.5977, time: 0.9
2025-08-08 03:38:27,014 - root - Epoch 7: train_loss: 0.7342, train_acc: 0.6898, dev_loss: 0.9908, dev_acc: 0.5977, time: 0.9
2025-08-08 03:38:27,960 - root - Epoch 8: train_loss: 0.7383, train_acc: 0.6898, dev_loss: 0.9908, dev_acc: 0.5977, time: 0.9
2025-08-08 03:38:28,908 - root - Epoch 9: train_loss: 0.7357, train_acc: 0.6898, dev_loss: 0.9908, dev_acc: 0.5977, time: 0.9
2025-08-08 03:38:29,865 - root - Epoch 10: train_loss: 0.7348, train_acc: 0.6898, dev_loss: 0.9908, dev_acc: 0.5977, time: 1.0
2025-08-08 03:38:30,854 - root - Epoch 11: train_loss: 0.7370, train_acc: 0.6898, dev_loss: 0.9908, dev_acc: 0.5977, time: 1.0
2025-08-08 03:38:31,855 - root - Epoch 12: train_loss: 0.7360, train_acc: 0.6898, dev_loss: 0.9908, dev_acc: 0.6034, time: 1.0
2025-08-08 03:38:32,856 - root - Epoch 13: train_loss: 0.7396, train_acc: 0.6898, dev_loss: 0.9908, dev_acc: 0.6034, time: 1.0
2025-08-08 03:38:33,857 - root - Epoch 14: train_loss: 0.7379, train_acc: 0.6898, dev_loss: 0.9908, dev_acc: 0.6034, time: 1.0
2025-08-08 03:38:34,825 - root - Epoch 15: train_loss: 0.7377, train_acc: 0.6898, dev_loss: 0.9908, dev_acc: 0.6034, time: 1.0
2025-08-08 03:38:35,785 - root - Epoch 16: train_loss: 0.7349, train_acc: 0.6898, dev_loss: 0.9908, dev_acc: 0.6034, time: 1.0
2025-08-08 03:38:36,753 - root - Epoch 17: train_loss: 0.7357, train_acc: 0.6898, dev_loss: 0.9907, dev_acc: 0.6034, time: 1.0
2025-08-08 03:38:37,732 - root - Epoch 18: train_loss: 0.7338, train_acc: 0.6898, dev_loss: 0.9907, dev_acc: 0.6034, time: 1.0
2025-08-08 03:38:38,679 - root - Epoch 19: train_loss: 0.7328, train_acc: 0.6898, dev_loss: 0.9907, dev_acc: 0.6034, time: 0.9
2025-08-08 03:38:39,639 - root - Epoch 20: train_loss: 0.7371, train_acc: 0.6898, dev_loss: 0.9907, dev_acc: 0.6034, time: 1.0
2025-08-08 03:38:40,604 - root - Epoch 21: train_loss: 0.7369, train_acc: 0.6898, dev_loss: 0.9907, dev_acc: 0.6034, time: 1.0
2025-08-08 03:38:41,564 - root - Epoch 22: train_loss: 0.7357, train_acc: 0.6898, dev_loss: 0.9907, dev_acc: 0.6034, time: 1.0
2025-08-08 03:38:42,530 - root - Epoch 23: train_loss: 0.7326, train_acc: 0.6898, dev_loss: 0.9907, dev_acc: 0.6034, time: 1.0
2025-08-08 03:38:43,487 - root - Epoch 24: train_loss: 0.7358, train_acc: 0.6912, dev_loss: 0.9907, dev_acc: 0.6034, time: 1.0
2025-08-08 03:38:44,435 - root - Epoch 25: train_loss: 0.7367, train_acc: 0.6912, dev_loss: 0.9907, dev_acc: 0.6034, time: 0.9
2025-08-08 03:38:45,380 - root - Epoch 26: train_loss: 0.7337, train_acc: 0.6912, dev_loss: 0.9907, dev_acc: 0.6034, time: 0.9
2025-08-08 03:38:46,356 - root - Epoch 27: train_loss: 0.7324, train_acc: 0.6912, dev_loss: 0.9907, dev_acc: 0.6034, time: 1.0
2025-08-08 03:38:47,291 - root - Epoch 28: train_loss: 0.7353, train_acc: 0.6912, dev_loss: 0.9907, dev_acc: 0.6034, time: 0.9
2025-08-08 03:38:48,234 - root - Epoch 29: train_loss: 0.7352, train_acc: 0.6912, dev_loss: 0.9907, dev_acc: 0.6034, time: 0.9
2025-08-08 03:38:49,186 - root - Epoch 30: train_loss: 0.7357, train_acc: 0.6912, dev_loss: 0.9907, dev_acc: 0.6034, time: 1.0
2025-08-08 03:38:50,136 - root - Epoch 31: train_loss: 0.7343, train_acc: 0.6912, dev_loss: 0.9907, dev_acc: 0.6034, time: 1.0
2025-08-08 03:38:51,087 - root - Epoch 32: train_loss: 0.7414, train_acc: 0.6912, dev_loss: 0.9907, dev_acc: 0.6034, time: 1.0
2025-08-08 03:38:52,033 - root - Epoch 33: train_loss: 0.7339, train_acc: 0.6912, dev_loss: 0.9907, dev_acc: 0.6034, time: 0.9
2025-08-08 03:38:52,964 - root - Epoch 34: train_loss: 0.7361, train_acc: 0.6912, dev_loss: 0.9906, dev_acc: 0.6034, time: 0.9
2025-08-08 03:38:53,914 - root - Epoch 35: train_loss: 0.7328, train_acc: 0.6912, dev_loss: 0.9906, dev_acc: 0.6034, time: 0.9
2025-08-08 03:38:54,857 - root - Epoch 36: train_loss: 0.7330, train_acc: 0.6926, dev_loss: 0.9906, dev_acc: 0.6034, time: 0.9
2025-08-08 03:38:55,814 - root - Epoch 37: train_loss: 0.7334, train_acc: 0.6926, dev_loss: 0.9906, dev_acc: 0.6034, time: 1.0
2025-08-08 03:38:56,761 - root - Epoch 38: train_loss: 0.7323, train_acc: 0.6926, dev_loss: 0.9906, dev_acc: 0.6034, time: 0.9
2025-08-08 03:38:57,709 - root - Epoch 39: train_loss: 0.7336, train_acc: 0.6926, dev_loss: 0.9906, dev_acc: 0.6034, time: 0.9
2025-08-08 03:38:58,633 - root - Epoch 40: train_loss: 0.7334, train_acc: 0.6926, dev_loss: 0.9906, dev_acc: 0.6034, time: 0.9
2025-08-08 03:38:59,571 - root - Epoch 41: train_loss: 0.7356, train_acc: 0.6926, dev_loss: 0.9906, dev_acc: 0.6034, time: 0.9
2025-08-08 03:39:00,516 - root - Epoch 42: train_loss: 0.7350, train_acc: 0.6926, dev_loss: 0.9906, dev_acc: 0.6034, time: 0.9
2025-08-08 03:39:01,464 - root - Epoch 43: train_loss: 0.7370, train_acc: 0.6926, dev_loss: 0.9906, dev_acc: 0.6034, time: 0.9
2025-08-08 03:39:02,390 - root - Epoch 44: train_loss: 0.7350, train_acc: 0.6926, dev_loss: 0.9906, dev_acc: 0.6034, time: 0.9
2025-08-08 03:39:03,352 - root - Epoch 45: train_loss: 0.7386, train_acc: 0.6926, dev_loss: 0.9906, dev_acc: 0.6034, time: 1.0
2025-08-08 03:39:04,295 - root - Epoch 46: train_loss: 0.7399, train_acc: 0.6926, dev_loss: 0.9906, dev_acc: 0.6034, time: 0.9
2025-08-08 03:39:05,233 - root - Epoch 47: train_loss: 0.7347, train_acc: 0.6926, dev_loss: 0.9906, dev_acc: 0.6034, time: 0.9
2025-08-08 03:39:06,163 - root - Epoch 48: train_loss: 0.7395, train_acc: 0.6926, dev_loss: 0.9906, dev_acc: 0.6034, time: 0.9
2025-08-08 03:39:07,101 - root - Epoch 49: train_loss: 0.7331, train_acc: 0.6926, dev_loss: 0.9906, dev_acc: 0.6034, time: 0.9
2025-08-08 03:39:08,042 - root - Epoch 50: train_loss: 0.7360, train_acc: 0.6926, dev_loss: 0.9906, dev_acc: 0.6034, time: 0.9
2025-08-08 03:39:08,999 - root - Epoch 51: train_loss: 0.7395, train_acc: 0.6926, dev_loss: 0.9906, dev_acc: 0.6034, time: 1.0
2025-08-08 03:39:09,948 - root - Epoch 52: train_loss: 0.7365, train_acc: 0.6926, dev_loss: 0.9905, dev_acc: 0.6034, time: 0.9
2025-08-08 03:39:10,894 - root - Epoch 53: train_loss: 0.7317, train_acc: 0.6926, dev_loss: 0.9905, dev_acc: 0.6034, time: 0.9
2025-08-08 03:39:11,836 - root - Epoch 54: train_loss: 0.7349, train_acc: 0.6926, dev_loss: 0.9905, dev_acc: 0.6034, time: 0.9
2025-08-08 03:39:12,774 - root - Epoch 55: train_loss: 0.7375, train_acc: 0.6926, dev_loss: 0.9905, dev_acc: 0.6034, time: 0.9
2025-08-08 03:39:13,711 - root - Epoch 56: train_loss: 0.7336, train_acc: 0.6926, dev_loss: 0.9905, dev_acc: 0.6034, time: 0.9
2025-08-08 03:39:14,656 - root - Epoch 57: train_loss: 0.7363, train_acc: 0.6926, dev_loss: 0.9905, dev_acc: 0.6034, time: 0.9
2025-08-08 03:39:15,603 - root - Epoch 58: train_loss: 0.7358, train_acc: 0.6926, dev_loss: 0.9905, dev_acc: 0.6034, time: 0.9
2025-08-08 03:39:16,541 - root - Epoch 59: train_loss: 0.7356, train_acc: 0.6926, dev_loss: 0.9905, dev_acc: 0.6034, time: 0.9
2025-08-08 03:39:17,530 - root - Epoch 60: train_loss: 0.7353, train_acc: 0.6926, dev_loss: 0.9905, dev_acc: 0.6034, time: 1.0
2025-08-08 03:39:18,519 - root - Epoch 61: train_loss: 0.7341, train_acc: 0.6926, dev_loss: 0.9905, dev_acc: 0.6034, time: 1.0
2025-08-08 03:39:19,516 - root - Epoch 62: train_loss: 0.7336, train_acc: 0.6926, dev_loss: 0.9905, dev_acc: 0.6034, time: 1.0
2025-08-08 03:39:19,516 - root - Early Stopped. best_epoch: 12. best_dev_acc: 0.603448275862069

2025-08-08 03:39:19,770 - root - test_loss: 0.6331068277359009, test_acc: 0.7741935483870968, f1_weighted: 0.7713161195907834
2025-08-08 03:39:20,360 - root - Training on cuda
2025-08-08 03:39:21,319 - root - Epoch 1: train_loss: 0.7662, train_acc: 0.6686, dev_loss: 0.8774, dev_acc: 0.6494, time: 1.0
2025-08-08 03:39:22,292 - root - Epoch 2: train_loss: 0.7675, train_acc: 0.6686, dev_loss: 0.8774, dev_acc: 0.6494, time: 1.0
2025-08-08 03:39:23,259 - root - Epoch 3: train_loss: 0.7667, train_acc: 0.6686, dev_loss: 0.8773, dev_acc: 0.6494, time: 1.0
2025-08-08 03:39:24,214 - root - Epoch 4: train_loss: 0.7698, train_acc: 0.6686, dev_loss: 0.8773, dev_acc: 0.6494, time: 1.0
2025-08-08 03:39:25,205 - root - Epoch 5: train_loss: 0.7663, train_acc: 0.6686, dev_loss: 0.8773, dev_acc: 0.6494, time: 1.0
2025-08-08 03:39:26,178 - root - Epoch 6: train_loss: 0.7699, train_acc: 0.6686, dev_loss: 0.8773, dev_acc: 0.6494, time: 1.0
2025-08-08 03:39:27,131 - root - Epoch 7: train_loss: 0.7660, train_acc: 0.6686, dev_loss: 0.8773, dev_acc: 0.6494, time: 1.0
2025-08-08 03:39:28,068 - root - Epoch 8: train_loss: 0.7688, train_acc: 0.6686, dev_loss: 0.8773, dev_acc: 0.6494, time: 0.9
2025-08-08 03:39:29,011 - root - Epoch 9: train_loss: 0.7713, train_acc: 0.6686, dev_loss: 0.8773, dev_acc: 0.6494, time: 0.9
2025-08-08 03:39:29,935 - root - Epoch 10: train_loss: 0.7636, train_acc: 0.6686, dev_loss: 0.8773, dev_acc: 0.6494, time: 0.9
2025-08-08 03:39:30,873 - root - Epoch 11: train_loss: 0.7654, train_acc: 0.6686, dev_loss: 0.8773, dev_acc: 0.6494, time: 0.9
2025-08-08 03:39:31,801 - root - Epoch 12: train_loss: 0.7692, train_acc: 0.6686, dev_loss: 0.8773, dev_acc: 0.6494, time: 0.9
2025-08-08 03:39:32,723 - root - Epoch 13: train_loss: 0.7676, train_acc: 0.6686, dev_loss: 0.8773, dev_acc: 0.6494, time: 0.9
2025-08-08 03:39:33,661 - root - Epoch 14: train_loss: 0.7679, train_acc: 0.6686, dev_loss: 0.8773, dev_acc: 0.6494, time: 0.9
2025-08-08 03:39:34,606 - root - Epoch 15: train_loss: 0.7713, train_acc: 0.6686, dev_loss: 0.8773, dev_acc: 0.6494, time: 0.9
2025-08-08 03:39:35,530 - root - Epoch 16: train_loss: 0.7675, train_acc: 0.6700, dev_loss: 0.8773, dev_acc: 0.6494, time: 0.9
2025-08-08 03:39:36,461 - root - Epoch 17: train_loss: 0.7683, train_acc: 0.6700, dev_loss: 0.8773, dev_acc: 0.6494, time: 0.9
2025-08-08 03:39:37,405 - root - Epoch 18: train_loss: 0.7661, train_acc: 0.6700, dev_loss: 0.8773, dev_acc: 0.6494, time: 0.9
2025-08-08 03:39:38,333 - root - Epoch 19: train_loss: 0.7693, train_acc: 0.6700, dev_loss: 0.8773, dev_acc: 0.6494, time: 0.9
2025-08-08 03:39:39,266 - root - Epoch 20: train_loss: 0.7683, train_acc: 0.6700, dev_loss: 0.8772, dev_acc: 0.6494, time: 0.9
2025-08-08 03:39:40,201 - root - Epoch 21: train_loss: 0.7683, train_acc: 0.6700, dev_loss: 0.8772, dev_acc: 0.6494, time: 0.9
2025-08-08 03:39:41,125 - root - Epoch 22: train_loss: 0.7658, train_acc: 0.6700, dev_loss: 0.8772, dev_acc: 0.6494, time: 0.9
2025-08-08 03:39:42,051 - root - Epoch 23: train_loss: 0.7676, train_acc: 0.6700, dev_loss: 0.8772, dev_acc: 0.6494, time: 0.9
2025-08-08 03:39:42,986 - root - Epoch 24: train_loss: 0.7714, train_acc: 0.6700, dev_loss: 0.8772, dev_acc: 0.6494, time: 0.9
2025-08-08 03:39:43,931 - root - Epoch 25: train_loss: 0.7678, train_acc: 0.6700, dev_loss: 0.8772, dev_acc: 0.6494, time: 0.9
2025-08-08 03:39:44,869 - root - Epoch 26: train_loss: 0.7668, train_acc: 0.6700, dev_loss: 0.8772, dev_acc: 0.6494, time: 0.9
2025-08-08 03:39:45,792 - root - Epoch 27: train_loss: 0.7662, train_acc: 0.6700, dev_loss: 0.8772, dev_acc: 0.6494, time: 0.9
2025-08-08 03:39:46,732 - root - Epoch 28: train_loss: 0.7663, train_acc: 0.6700, dev_loss: 0.8772, dev_acc: 0.6494, time: 0.9
2025-08-08 03:39:47,680 - root - Epoch 29: train_loss: 0.7688, train_acc: 0.6700, dev_loss: 0.8772, dev_acc: 0.6494, time: 0.9
2025-08-08 03:39:48,618 - root - Epoch 30: train_loss: 0.7689, train_acc: 0.6700, dev_loss: 0.8772, dev_acc: 0.6494, time: 0.9
2025-08-08 03:39:49,539 - root - Epoch 31: train_loss: 0.7666, train_acc: 0.6700, dev_loss: 0.8772, dev_acc: 0.6494, time: 0.9
2025-08-08 03:39:50,477 - root - Epoch 32: train_loss: 0.7676, train_acc: 0.6700, dev_loss: 0.8772, dev_acc: 0.6494, time: 0.9
2025-08-08 03:39:51,401 - root - Epoch 33: train_loss: 0.7685, train_acc: 0.6700, dev_loss: 0.8772, dev_acc: 0.6494, time: 0.9
2025-08-08 03:39:52,338 - root - Epoch 34: train_loss: 0.7671, train_acc: 0.6715, dev_loss: 0.8772, dev_acc: 0.6494, time: 0.9
2025-08-08 03:39:53,289 - root - Epoch 35: train_loss: 0.7641, train_acc: 0.6715, dev_loss: 0.8772, dev_acc: 0.6494, time: 1.0
2025-08-08 03:39:54,221 - root - Epoch 36: train_loss: 0.7659, train_acc: 0.6715, dev_loss: 0.8772, dev_acc: 0.6494, time: 0.9
2025-08-08 03:39:55,177 - root - Epoch 37: train_loss: 0.7716, train_acc: 0.6700, dev_loss: 0.8771, dev_acc: 0.6494, time: 1.0
2025-08-08 03:39:56,106 - root - Epoch 38: train_loss: 0.7703, train_acc: 0.6700, dev_loss: 0.8771, dev_acc: 0.6494, time: 0.9
2025-08-08 03:39:57,028 - root - Epoch 39: train_loss: 0.7686, train_acc: 0.6700, dev_loss: 0.8771, dev_acc: 0.6494, time: 0.9
2025-08-08 03:39:57,954 - root - Epoch 40: train_loss: 0.7689, train_acc: 0.6700, dev_loss: 0.8771, dev_acc: 0.6494, time: 0.9
2025-08-08 03:39:58,899 - root - Epoch 41: train_loss: 0.7694, train_acc: 0.6700, dev_loss: 0.8771, dev_acc: 0.6494, time: 0.9
2025-08-08 03:39:59,854 - root - Epoch 42: train_loss: 0.7686, train_acc: 0.6700, dev_loss: 0.8771, dev_acc: 0.6494, time: 1.0
2025-08-08 03:40:00,794 - root - Epoch 43: train_loss: 0.7679, train_acc: 0.6700, dev_loss: 0.8771, dev_acc: 0.6437, time: 0.9
2025-08-08 03:40:01,760 - root - Epoch 44: train_loss: 0.7680, train_acc: 0.6700, dev_loss: 0.8771, dev_acc: 0.6437, time: 1.0
2025-08-08 03:40:02,707 - root - Epoch 45: train_loss: 0.7687, train_acc: 0.6700, dev_loss: 0.8771, dev_acc: 0.6437, time: 0.9
2025-08-08 03:40:03,645 - root - Epoch 46: train_loss: 0.7659, train_acc: 0.6700, dev_loss: 0.8771, dev_acc: 0.6437, time: 0.9
2025-08-08 03:40:04,576 - root - Epoch 47: train_loss: 0.7668, train_acc: 0.6700, dev_loss: 0.8771, dev_acc: 0.6437, time: 0.9
2025-08-08 03:40:05,507 - root - Epoch 48: train_loss: 0.7715, train_acc: 0.6700, dev_loss: 0.8771, dev_acc: 0.6437, time: 0.9
2025-08-08 03:40:06,459 - root - Epoch 49: train_loss: 0.7677, train_acc: 0.6700, dev_loss: 0.8771, dev_acc: 0.6437, time: 1.0
2025-08-08 03:40:07,392 - root - Epoch 50: train_loss: 0.7688, train_acc: 0.6700, dev_loss: 0.8771, dev_acc: 0.6437, time: 0.9
2025-08-08 03:40:08,337 - root - Epoch 51: train_loss: 0.7683, train_acc: 0.6700, dev_loss: 0.8771, dev_acc: 0.6437, time: 0.9
2025-08-08 03:40:08,337 - root - Early Stopped. best_epoch: 1. best_dev_acc: 0.6494252873563219

2025-08-08 03:40:08,583 - root - test_loss: 0.6253565549850464, test_acc: 0.8055555555555556, f1_weighted: 0.8031223208394869
2025-08-08 03:40:52,808 - root - 

2025-08-08 03:40:52,808 - root - ==================== Start Training ====================
2025-08-08 03:40:52,808 - root - seed: 2023
2025-08-08 03:40:52,808 - root - model: Model(
  (fc): Sequential(
    (0): Linear(in_features=768, out_features=256, bias=True)
    (1): ReLU()
    (2): Linear(in_features=256, out_features=128, bias=True)
    (3): ReLU()
    (4): Linear(in_features=128, out_features=3, bias=True)
  )
)
2025-08-08 03:40:52,808 - root - batch_size: 32
2025-08-08 03:40:52,809 - root - n_epochs: 1000
2025-08-08 03:40:52,809 - root - lr: 0.001
2025-08-08 03:40:52,809 - root - early_stop: 50
2025-08-08 03:40:52,809 - root - loss_fn: CrossEntropyLoss()
2025-08-08 03:40:52,809 - root - optimizer: Adam (
Parameter Group 0
    amsgrad: False
    betas: (0.9, 0.999)
    capturable: False
    decoupled_weight_decay: False
    differentiable: False
    eps: 1e-08
    foreach: None
    fused: None
    lr: 0.001
    maximize: False
    weight_decay: 0
)
2025-08-08 03:40:52,809 - root - scheduler: <torch.optim.lr_scheduler.ReduceLROnPlateau object at 0x78ce209ae0d0>
2025-08-08 03:40:53,629 - root - Training on cuda
2025-08-08 03:40:55,218 - root - Epoch 1: train_loss: 1.0860, train_acc: 0.4170, dev_loss: 1.0813, dev_acc: 0.4080, time: 1.6
2025-08-08 03:40:56,197 - root - Epoch 2: train_loss: 1.0713, train_acc: 0.4329, dev_loss: 1.0757, dev_acc: 0.4080, time: 1.0
2025-08-08 03:40:57,162 - root - Epoch 3: train_loss: 1.0633, train_acc: 0.4343, dev_loss: 1.0862, dev_acc: 0.4195, time: 1.0
2025-08-08 03:40:58,136 - root - Epoch 4: train_loss: 1.0547, train_acc: 0.4430, dev_loss: 1.0880, dev_acc: 0.4253, time: 1.0
2025-08-08 03:40:59,107 - root - Epoch 5: train_loss: 1.0475, train_acc: 0.4675, dev_loss: 1.0933, dev_acc: 0.4253, time: 1.0
2025-08-08 03:41:00,079 - root - Epoch 6: train_loss: 1.0480, train_acc: 0.4459, dev_loss: 1.0779, dev_acc: 0.4483, time: 1.0
2025-08-08 03:41:01,042 - root - Epoch 7: train_loss: 1.0328, train_acc: 0.4776, dev_loss: 1.1015, dev_acc: 0.4080, time: 1.0
2025-08-08 03:41:02,000 - root - Epoch 8: train_loss: 1.0279, train_acc: 0.4805, dev_loss: 1.0867, dev_acc: 0.4310, time: 1.0
2025-08-08 03:41:02,969 - root - Epoch 9: train_loss: 1.0215, train_acc: 0.4776, dev_loss: 1.1082, dev_acc: 0.4425, time: 1.0
2025-08-08 03:41:03,932 - root - Epoch 10: train_loss: 1.0152, train_acc: 0.5036, dev_loss: 1.0947, dev_acc: 0.4770, time: 1.0
2025-08-08 03:41:04,899 - root - Epoch 11: train_loss: 0.9848, train_acc: 0.5195, dev_loss: 1.0875, dev_acc: 0.4368, time: 1.0
2025-08-08 03:41:05,865 - root - Epoch 12: train_loss: 0.9626, train_acc: 0.5281, dev_loss: 1.0863, dev_acc: 0.4310, time: 1.0
2025-08-08 03:41:06,832 - root - Epoch 13: train_loss: 0.9831, train_acc: 0.5065, dev_loss: 1.0992, dev_acc: 0.4770, time: 1.0
2025-08-08 03:41:07,797 - root - Epoch 14: train_loss: 0.9688, train_acc: 0.5238, dev_loss: 1.0802, dev_acc: 0.4368, time: 1.0
2025-08-08 03:41:08,763 - root - Epoch 15: train_loss: 0.9202, train_acc: 0.5844, dev_loss: 1.1453, dev_acc: 0.4138, time: 1.0
2025-08-08 03:41:09,719 - root - Epoch 16: train_loss: 0.9062, train_acc: 0.6075, dev_loss: 1.2575, dev_acc: 0.4080, time: 1.0
2025-08-08 03:41:10,685 - root - Epoch 17: train_loss: 0.9051, train_acc: 0.5743, dev_loss: 1.1159, dev_acc: 0.4253, time: 1.0
2025-08-08 03:41:11,638 - root - Epoch 18: train_loss: 0.9067, train_acc: 0.5844, dev_loss: 1.1188, dev_acc: 0.4483, time: 1.0
2025-08-08 03:41:12,622 - root - Epoch 19: train_loss: 0.8802, train_acc: 0.6061, dev_loss: 1.1653, dev_acc: 0.3793, time: 1.0
2025-08-08 03:41:13,587 - root - Epoch 20: train_loss: 0.8299, train_acc: 0.6277, dev_loss: 1.2021, dev_acc: 0.4425, time: 1.0
2025-08-08 03:41:14,548 - root - Epoch 21: train_loss: 0.8089, train_acc: 0.6623, dev_loss: 1.2920, dev_acc: 0.4253, time: 1.0
2025-08-08 03:41:15,517 - root - Epoch 22: train_loss: 0.8210, train_acc: 0.6349, dev_loss: 1.2235, dev_acc: 0.4598, time: 1.0
2025-08-08 03:41:16,476 - root - Epoch 23: train_loss: 0.7883, train_acc: 0.6494, dev_loss: 1.3375, dev_acc: 0.4368, time: 1.0
2025-08-08 03:41:17,439 - root - Epoch 24: train_loss: 0.8098, train_acc: 0.6378, dev_loss: 1.2845, dev_acc: 0.4425, time: 1.0
2025-08-08 03:41:18,404 - root - Epoch 25: train_loss: 0.7638, train_acc: 0.6623, dev_loss: 1.3694, dev_acc: 0.3448, time: 1.0
2025-08-08 03:41:19,363 - root - Epoch 26: train_loss: 0.7853, train_acc: 0.6638, dev_loss: 1.2250, dev_acc: 0.4368, time: 1.0
2025-08-08 03:41:20,314 - root - Epoch 27: train_loss: 0.7252, train_acc: 0.7013, dev_loss: 1.3975, dev_acc: 0.3276, time: 1.0
2025-08-08 03:41:21,277 - root - Epoch 28: train_loss: 0.7058, train_acc: 0.7056, dev_loss: 1.3433, dev_acc: 0.4080, time: 1.0
2025-08-08 03:41:22,239 - root - Epoch 29: train_loss: 0.6757, train_acc: 0.7013, dev_loss: 1.3116, dev_acc: 0.4253, time: 1.0
2025-08-08 03:41:23,199 - root - Epoch 30: train_loss: 0.6478, train_acc: 0.7244, dev_loss: 1.5223, dev_acc: 0.4368, time: 1.0
2025-08-08 03:41:24,159 - root - Epoch 31: train_loss: 0.6108, train_acc: 0.7431, dev_loss: 1.5141, dev_acc: 0.4368, time: 1.0
2025-08-08 03:41:25,114 - root - Epoch 32: train_loss: 0.5970, train_acc: 0.7547, dev_loss: 1.4720, dev_acc: 0.4368, time: 1.0
2025-08-08 03:41:26,071 - root - Epoch 33: train_loss: 0.5732, train_acc: 0.7778, dev_loss: 1.5791, dev_acc: 0.4080, time: 1.0
2025-08-08 03:41:27,024 - root - Epoch 34: train_loss: 0.5735, train_acc: 0.7720, dev_loss: 1.6713, dev_acc: 0.4080, time: 1.0
2025-08-08 03:41:27,979 - root - Epoch 35: train_loss: 0.5591, train_acc: 0.7734, dev_loss: 1.5937, dev_acc: 0.3851, time: 1.0
2025-08-08 03:41:28,934 - root - Epoch 36: train_loss: 0.5688, train_acc: 0.7691, dev_loss: 1.6118, dev_acc: 0.4425, time: 1.0
2025-08-08 03:41:29,894 - root - Epoch 37: train_loss: 0.5545, train_acc: 0.7619, dev_loss: 1.6717, dev_acc: 0.4195, time: 1.0
2025-08-08 03:41:30,841 - root - Epoch 38: train_loss: 0.5592, train_acc: 0.7749, dev_loss: 1.6399, dev_acc: 0.3966, time: 0.9
2025-08-08 03:41:31,797 - root - Epoch 39: train_loss: 0.4542, train_acc: 0.8442, dev_loss: 1.7692, dev_acc: 0.3908, time: 1.0
2025-08-08 03:41:32,750 - root - Epoch 40: train_loss: 0.4508, train_acc: 0.8312, dev_loss: 1.7433, dev_acc: 0.4253, time: 1.0
2025-08-08 03:41:33,687 - root - Epoch 41: train_loss: 0.4314, train_acc: 0.8398, dev_loss: 1.8335, dev_acc: 0.3966, time: 0.9
2025-08-08 03:41:34,627 - root - Epoch 42: train_loss: 0.4344, train_acc: 0.8225, dev_loss: 1.8949, dev_acc: 0.3793, time: 0.9
2025-08-08 03:41:35,556 - root - Epoch 43: train_loss: 0.3699, train_acc: 0.8600, dev_loss: 2.0706, dev_acc: 0.3276, time: 0.9
2025-08-08 03:41:36,484 - root - Epoch 44: train_loss: 0.4247, train_acc: 0.8225, dev_loss: 1.9424, dev_acc: 0.4195, time: 0.9
2025-08-08 03:41:37,427 - root - Epoch 45: train_loss: 0.3548, train_acc: 0.8672, dev_loss: 2.0872, dev_acc: 0.3966, time: 0.9
2025-08-08 03:41:38,365 - root - Epoch 46: train_loss: 0.3479, train_acc: 0.8745, dev_loss: 2.0059, dev_acc: 0.3908, time: 0.9
2025-08-08 03:41:39,305 - root - Epoch 47: train_loss: 0.2869, train_acc: 0.9033, dev_loss: 2.1490, dev_acc: 0.3908, time: 0.9
2025-08-08 03:41:40,240 - root - Epoch 48: train_loss: 0.3027, train_acc: 0.8889, dev_loss: 2.1519, dev_acc: 0.3851, time: 0.9
2025-08-08 03:41:41,169 - root - Epoch 49: train_loss: 0.2769, train_acc: 0.9091, dev_loss: 2.3653, dev_acc: 0.4080, time: 0.9
2025-08-08 03:41:42,099 - root - Epoch 50: train_loss: 0.2796, train_acc: 0.8817, dev_loss: 2.2869, dev_acc: 0.4253, time: 0.9
2025-08-08 03:41:43,029 - root - Epoch 51: train_loss: 0.2287, train_acc: 0.9235, dev_loss: 2.2315, dev_acc: 0.3966, time: 0.9
2025-08-08 03:41:43,957 - root - Epoch 52: train_loss: 0.1972, train_acc: 0.9408, dev_loss: 2.5806, dev_acc: 0.4368, time: 0.9
2025-08-08 03:41:44,875 - root - Epoch 53: train_loss: 0.2089, train_acc: 0.9336, dev_loss: 2.4057, dev_acc: 0.4195, time: 0.9
2025-08-08 03:41:45,805 - root - Epoch 54: train_loss: 0.1951, train_acc: 0.9380, dev_loss: 2.5846, dev_acc: 0.4425, time: 0.9
2025-08-08 03:41:46,733 - root - Epoch 55: train_loss: 0.1929, train_acc: 0.9351, dev_loss: 2.6640, dev_acc: 0.3851, time: 0.9
2025-08-08 03:41:47,666 - root - Epoch 56: train_loss: 0.1533, train_acc: 0.9509, dev_loss: 2.6690, dev_acc: 0.4080, time: 0.9
2025-08-08 03:41:48,603 - root - Epoch 57: train_loss: 0.1286, train_acc: 0.9654, dev_loss: 2.7899, dev_acc: 0.3793, time: 0.9
2025-08-08 03:41:49,533 - root - Epoch 58: train_loss: 0.1153, train_acc: 0.9726, dev_loss: 2.8506, dev_acc: 0.4138, time: 0.9
2025-08-08 03:41:50,458 - root - Epoch 59: train_loss: 0.1087, train_acc: 0.9610, dev_loss: 3.0374, dev_acc: 0.3736, time: 0.9
2025-08-08 03:41:51,380 - root - Epoch 60: train_loss: 0.1364, train_acc: 0.9509, dev_loss: 3.0505, dev_acc: 0.3908, time: 0.9
2025-08-08 03:41:51,381 - root - Early Stopped. best_epoch: 10. best_dev_acc: 0.47701149425287354

2025-08-08 03:41:51,626 - root - test_loss: 1.076034665107727, test_acc: 0.42857142857142855, f1_weighted: 0.39380764976182514
2025-08-08 03:41:52,463 - root - Training on cuda
2025-08-08 03:41:53,395 - root - Epoch 1: train_loss: 1.0173, train_acc: 0.4747, dev_loss: 1.0459, dev_acc: 0.4770, time: 0.9
2025-08-08 03:41:54,338 - root - Epoch 2: train_loss: 1.0041, train_acc: 0.5094, dev_loss: 1.0249, dev_acc: 0.4770, time: 0.9
2025-08-08 03:41:55,269 - root - Epoch 3: train_loss: 0.9955, train_acc: 0.5022, dev_loss: 1.0232, dev_acc: 0.4885, time: 0.9
2025-08-08 03:41:56,219 - root - Epoch 4: train_loss: 0.9851, train_acc: 0.5224, dev_loss: 1.0217, dev_acc: 0.5172, time: 0.9
2025-08-08 03:41:57,150 - root - Epoch 5: train_loss: 0.9806, train_acc: 0.5253, dev_loss: 1.0081, dev_acc: 0.5172, time: 0.9
2025-08-08 03:41:58,099 - root - Epoch 6: train_loss: 0.9717, train_acc: 0.5079, dev_loss: 1.0226, dev_acc: 0.5115, time: 0.9
2025-08-08 03:41:59,034 - root - Epoch 7: train_loss: 0.9567, train_acc: 0.5498, dev_loss: 1.0063, dev_acc: 0.5230, time: 0.9
2025-08-08 03:41:59,967 - root - Epoch 8: train_loss: 0.9600, train_acc: 0.5368, dev_loss: 1.0079, dev_acc: 0.5287, time: 0.9
2025-08-08 03:42:00,896 - root - Epoch 9: train_loss: 0.9461, train_acc: 0.5628, dev_loss: 0.9957, dev_acc: 0.5402, time: 0.9
2025-08-08 03:42:01,854 - root - Epoch 10: train_loss: 0.9326, train_acc: 0.5642, dev_loss: 1.0086, dev_acc: 0.5460, time: 1.0
2025-08-08 03:42:02,795 - root - Epoch 11: train_loss: 0.9265, train_acc: 0.5729, dev_loss: 1.0065, dev_acc: 0.5632, time: 0.9
2025-08-08 03:42:03,727 - root - Epoch 12: train_loss: 0.9185, train_acc: 0.5642, dev_loss: 1.0009, dev_acc: 0.5632, time: 0.9
2025-08-08 03:42:04,659 - root - Epoch 13: train_loss: 0.9185, train_acc: 0.5671, dev_loss: 1.0093, dev_acc: 0.5805, time: 0.9
2025-08-08 03:42:05,642 - root - Epoch 14: train_loss: 0.9059, train_acc: 0.5960, dev_loss: 0.9987, dev_acc: 0.5517, time: 1.0
2025-08-08 03:42:06,586 - root - Epoch 15: train_loss: 0.8975, train_acc: 0.6104, dev_loss: 1.0166, dev_acc: 0.5575, time: 0.9
2025-08-08 03:42:07,542 - root - Epoch 16: train_loss: 0.8968, train_acc: 0.6061, dev_loss: 0.9961, dev_acc: 0.5402, time: 1.0
2025-08-08 03:42:08,508 - root - Epoch 17: train_loss: 0.8893, train_acc: 0.6061, dev_loss: 1.0066, dev_acc: 0.5517, time: 1.0
2025-08-08 03:42:09,463 - root - Epoch 18: train_loss: 0.8885, train_acc: 0.6075, dev_loss: 0.9985, dev_acc: 0.5460, time: 1.0
2025-08-08 03:42:10,418 - root - Epoch 19: train_loss: 0.8811, train_acc: 0.6133, dev_loss: 1.0013, dev_acc: 0.5632, time: 1.0
2025-08-08 03:42:11,357 - root - Epoch 20: train_loss: 0.8787, train_acc: 0.6248, dev_loss: 1.0053, dev_acc: 0.5690, time: 0.9
2025-08-08 03:42:12,302 - root - Epoch 21: train_loss: 0.8742, train_acc: 0.6205, dev_loss: 1.0042, dev_acc: 0.5690, time: 0.9
2025-08-08 03:42:13,260 - root - Epoch 22: train_loss: 0.8726, train_acc: 0.6291, dev_loss: 1.0049, dev_acc: 0.5690, time: 1.0
2025-08-08 03:42:14,230 - root - Epoch 23: train_loss: 0.8680, train_acc: 0.6263, dev_loss: 1.0025, dev_acc: 0.5805, time: 1.0
2025-08-08 03:42:15,179 - root - Epoch 24: train_loss: 0.8633, train_acc: 0.6291, dev_loss: 1.0064, dev_acc: 0.5690, time: 0.9
2025-08-08 03:42:16,130 - root - Epoch 25: train_loss: 0.8651, train_acc: 0.6392, dev_loss: 1.0057, dev_acc: 0.5632, time: 1.0
2025-08-08 03:42:17,054 - root - Epoch 26: train_loss: 0.8591, train_acc: 0.6349, dev_loss: 1.0064, dev_acc: 0.5690, time: 0.9
2025-08-08 03:42:17,979 - root - Epoch 27: train_loss: 0.8593, train_acc: 0.6248, dev_loss: 1.0060, dev_acc: 0.5805, time: 0.9
2025-08-08 03:42:18,899 - root - Epoch 28: train_loss: 0.8580, train_acc: 0.6421, dev_loss: 1.0079, dev_acc: 0.5690, time: 0.9
2025-08-08 03:42:19,823 - root - Epoch 29: train_loss: 0.8583, train_acc: 0.6364, dev_loss: 1.0065, dev_acc: 0.5517, time: 0.9
2025-08-08 03:42:20,752 - root - Epoch 30: train_loss: 0.8517, train_acc: 0.6378, dev_loss: 1.0070, dev_acc: 0.5575, time: 0.9
2025-08-08 03:42:21,681 - root - Epoch 31: train_loss: 0.8520, train_acc: 0.6364, dev_loss: 1.0084, dev_acc: 0.5575, time: 0.9
2025-08-08 03:42:22,606 - root - Epoch 32: train_loss: 0.8512, train_acc: 0.6392, dev_loss: 1.0065, dev_acc: 0.5690, time: 0.9
2025-08-08 03:42:23,531 - root - Epoch 33: train_loss: 0.8521, train_acc: 0.6349, dev_loss: 1.0078, dev_acc: 0.5575, time: 0.9
2025-08-08 03:42:24,458 - root - Epoch 34: train_loss: 0.8474, train_acc: 0.6392, dev_loss: 1.0078, dev_acc: 0.5632, time: 0.9
2025-08-08 03:42:25,386 - root - Epoch 35: train_loss: 0.8473, train_acc: 0.6392, dev_loss: 1.0083, dev_acc: 0.5575, time: 0.9
2025-08-08 03:42:26,309 - root - Epoch 36: train_loss: 0.8516, train_acc: 0.6378, dev_loss: 1.0086, dev_acc: 0.5632, time: 0.9
2025-08-08 03:42:27,238 - root - Epoch 37: train_loss: 0.8478, train_acc: 0.6436, dev_loss: 1.0078, dev_acc: 0.5690, time: 0.9
2025-08-08 03:42:28,163 - root - Epoch 38: train_loss: 0.8481, train_acc: 0.6450, dev_loss: 1.0083, dev_acc: 0.5575, time: 0.9
2025-08-08 03:42:29,093 - root - Epoch 39: train_loss: 0.8476, train_acc: 0.6436, dev_loss: 1.0085, dev_acc: 0.5575, time: 0.9
2025-08-08 03:42:30,032 - root - Epoch 40: train_loss: 0.8465, train_acc: 0.6392, dev_loss: 1.0089, dev_acc: 0.5575, time: 0.9
2025-08-08 03:42:30,979 - root - Epoch 41: train_loss: 0.8453, train_acc: 0.6421, dev_loss: 1.0079, dev_acc: 0.5632, time: 0.9
2025-08-08 03:42:31,906 - root - Epoch 42: train_loss: 0.8435, train_acc: 0.6465, dev_loss: 1.0083, dev_acc: 0.5632, time: 0.9
2025-08-08 03:42:32,833 - root - Epoch 43: train_loss: 0.8451, train_acc: 0.6465, dev_loss: 1.0086, dev_acc: 0.5575, time: 0.9
2025-08-08 03:42:33,762 - root - Epoch 44: train_loss: 0.8438, train_acc: 0.6436, dev_loss: 1.0082, dev_acc: 0.5575, time: 0.9
2025-08-08 03:42:34,705 - root - Epoch 45: train_loss: 0.8460, train_acc: 0.6465, dev_loss: 1.0083, dev_acc: 0.5575, time: 0.9
2025-08-08 03:42:35,655 - root - Epoch 46: train_loss: 0.8436, train_acc: 0.6479, dev_loss: 1.0086, dev_acc: 0.5575, time: 0.9
2025-08-08 03:42:36,587 - root - Epoch 47: train_loss: 0.8440, train_acc: 0.6436, dev_loss: 1.0088, dev_acc: 0.5575, time: 0.9
2025-08-08 03:42:37,520 - root - Epoch 48: train_loss: 0.8449, train_acc: 0.6450, dev_loss: 1.0088, dev_acc: 0.5575, time: 0.9
2025-08-08 03:42:38,442 - root - Epoch 49: train_loss: 0.8432, train_acc: 0.6465, dev_loss: 1.0089, dev_acc: 0.5575, time: 0.9
2025-08-08 03:42:39,376 - root - Epoch 50: train_loss: 0.8445, train_acc: 0.6450, dev_loss: 1.0088, dev_acc: 0.5575, time: 0.9
2025-08-08 03:42:40,316 - root - Epoch 51: train_loss: 0.8444, train_acc: 0.6465, dev_loss: 1.0089, dev_acc: 0.5575, time: 0.9
2025-08-08 03:42:41,239 - root - Epoch 52: train_loss: 0.8429, train_acc: 0.6450, dev_loss: 1.0089, dev_acc: 0.5575, time: 0.9
2025-08-08 03:42:42,159 - root - Epoch 53: train_loss: 0.8438, train_acc: 0.6436, dev_loss: 1.0090, dev_acc: 0.5575, time: 0.9
2025-08-08 03:42:43,077 - root - Epoch 54: train_loss: 0.8415, train_acc: 0.6421, dev_loss: 1.0091, dev_acc: 0.5575, time: 0.9
2025-08-08 03:42:44,018 - root - Epoch 55: train_loss: 0.8440, train_acc: 0.6436, dev_loss: 1.0091, dev_acc: 0.5575, time: 0.9
2025-08-08 03:42:44,943 - root - Epoch 56: train_loss: 0.8445, train_acc: 0.6450, dev_loss: 1.0090, dev_acc: 0.5575, time: 0.9
2025-08-08 03:42:45,870 - root - Epoch 57: train_loss: 0.8466, train_acc: 0.6436, dev_loss: 1.0092, dev_acc: 0.5575, time: 0.9
2025-08-08 03:42:46,790 - root - Epoch 58: train_loss: 0.8429, train_acc: 0.6450, dev_loss: 1.0089, dev_acc: 0.5575, time: 0.9
2025-08-08 03:42:47,722 - root - Epoch 59: train_loss: 0.8428, train_acc: 0.6450, dev_loss: 1.0092, dev_acc: 0.5575, time: 0.9
2025-08-08 03:42:48,642 - root - Epoch 60: train_loss: 0.8451, train_acc: 0.6436, dev_loss: 1.0091, dev_acc: 0.5575, time: 0.9
2025-08-08 03:42:49,571 - root - Epoch 61: train_loss: 0.8427, train_acc: 0.6450, dev_loss: 1.0091, dev_acc: 0.5575, time: 0.9
2025-08-08 03:42:50,493 - root - Epoch 62: train_loss: 0.8437, train_acc: 0.6436, dev_loss: 1.0091, dev_acc: 0.5575, time: 0.9
2025-08-08 03:42:51,415 - root - Epoch 63: train_loss: 0.8454, train_acc: 0.6436, dev_loss: 1.0092, dev_acc: 0.5575, time: 0.9
2025-08-08 03:42:51,416 - root - Early Stopped. best_epoch: 13. best_dev_acc: 0.5804597701149425

2025-08-08 03:42:51,661 - root - test_loss: 1.060408115386963, test_acc: 0.46543778801843316, f1_weighted: 0.43695838427165573
2025-08-08 03:42:52,262 - root - Training on cuda
2025-08-08 03:42:53,194 - root - Epoch 1: train_loss: 0.9520, train_acc: 0.5455, dev_loss: 1.0088, dev_acc: 0.5632, time: 0.9
2025-08-08 03:42:54,123 - root - Epoch 2: train_loss: 0.9503, train_acc: 0.5498, dev_loss: 1.0085, dev_acc: 0.5632, time: 0.9
2025-08-08 03:42:55,048 - root - Epoch 3: train_loss: 0.9506, train_acc: 0.5498, dev_loss: 1.0082, dev_acc: 0.5690, time: 0.9
2025-08-08 03:42:55,975 - root - Epoch 4: train_loss: 0.9509, train_acc: 0.5483, dev_loss: 1.0080, dev_acc: 0.5632, time: 0.9
2025-08-08 03:42:56,912 - root - Epoch 5: train_loss: 0.9483, train_acc: 0.5498, dev_loss: 1.0078, dev_acc: 0.5690, time: 0.9
2025-08-08 03:42:57,839 - root - Epoch 6: train_loss: 0.9530, train_acc: 0.5498, dev_loss: 1.0076, dev_acc: 0.5632, time: 0.9
2025-08-08 03:42:58,761 - root - Epoch 7: train_loss: 0.9502, train_acc: 0.5498, dev_loss: 1.0075, dev_acc: 0.5632, time: 0.9
2025-08-08 03:42:59,698 - root - Epoch 8: train_loss: 0.9492, train_acc: 0.5512, dev_loss: 1.0073, dev_acc: 0.5632, time: 0.9
2025-08-08 03:43:00,627 - root - Epoch 9: train_loss: 0.9492, train_acc: 0.5527, dev_loss: 1.0072, dev_acc: 0.5575, time: 0.9
2025-08-08 03:43:01,549 - root - Epoch 10: train_loss: 0.9510, train_acc: 0.5512, dev_loss: 1.0071, dev_acc: 0.5575, time: 0.9
2025-08-08 03:43:02,476 - root - Epoch 11: train_loss: 0.9477, train_acc: 0.5498, dev_loss: 1.0070, dev_acc: 0.5575, time: 0.9
2025-08-08 03:43:03,402 - root - Epoch 12: train_loss: 0.9475, train_acc: 0.5498, dev_loss: 1.0069, dev_acc: 0.5575, time: 0.9
2025-08-08 03:43:04,331 - root - Epoch 13: train_loss: 0.9492, train_acc: 0.5527, dev_loss: 1.0068, dev_acc: 0.5575, time: 0.9
2025-08-08 03:43:05,261 - root - Epoch 14: train_loss: 0.9489, train_acc: 0.5527, dev_loss: 1.0067, dev_acc: 0.5575, time: 0.9
2025-08-08 03:43:06,185 - root - Epoch 15: train_loss: 0.9486, train_acc: 0.5512, dev_loss: 1.0067, dev_acc: 0.5575, time: 0.9
2025-08-08 03:43:07,115 - root - Epoch 16: train_loss: 0.9475, train_acc: 0.5512, dev_loss: 1.0067, dev_acc: 0.5575, time: 0.9
2025-08-08 03:43:08,042 - root - Epoch 17: train_loss: 0.9505, train_acc: 0.5512, dev_loss: 1.0066, dev_acc: 0.5575, time: 0.9
2025-08-08 03:43:08,977 - root - Epoch 18: train_loss: 0.9492, train_acc: 0.5512, dev_loss: 1.0066, dev_acc: 0.5575, time: 0.9
2025-08-08 03:43:09,904 - root - Epoch 19: train_loss: 0.9508, train_acc: 0.5512, dev_loss: 1.0066, dev_acc: 0.5575, time: 0.9
2025-08-08 03:43:10,829 - root - Epoch 20: train_loss: 0.9490, train_acc: 0.5498, dev_loss: 1.0065, dev_acc: 0.5575, time: 0.9
2025-08-08 03:43:11,752 - root - Epoch 21: train_loss: 0.9461, train_acc: 0.5498, dev_loss: 1.0065, dev_acc: 0.5575, time: 0.9
2025-08-08 03:43:12,674 - root - Epoch 22: train_loss: 0.9482, train_acc: 0.5498, dev_loss: 1.0065, dev_acc: 0.5575, time: 0.9
2025-08-08 03:43:13,597 - root - Epoch 23: train_loss: 0.9489, train_acc: 0.5498, dev_loss: 1.0065, dev_acc: 0.5575, time: 0.9
2025-08-08 03:43:14,529 - root - Epoch 24: train_loss: 0.9466, train_acc: 0.5498, dev_loss: 1.0064, dev_acc: 0.5575, time: 0.9
2025-08-08 03:43:15,459 - root - Epoch 25: train_loss: 0.9470, train_acc: 0.5498, dev_loss: 1.0064, dev_acc: 0.5575, time: 0.9
2025-08-08 03:43:16,388 - root - Epoch 26: train_loss: 0.9483, train_acc: 0.5512, dev_loss: 1.0064, dev_acc: 0.5575, time: 0.9
2025-08-08 03:43:17,308 - root - Epoch 27: train_loss: 0.9491, train_acc: 0.5527, dev_loss: 1.0064, dev_acc: 0.5575, time: 0.9
2025-08-08 03:43:18,247 - root - Epoch 28: train_loss: 0.9490, train_acc: 0.5527, dev_loss: 1.0064, dev_acc: 0.5575, time: 0.9
2025-08-08 03:43:19,206 - root - Epoch 29: train_loss: 0.9486, train_acc: 0.5527, dev_loss: 1.0064, dev_acc: 0.5575, time: 1.0
2025-08-08 03:43:20,181 - root - Epoch 30: train_loss: 0.9501, train_acc: 0.5527, dev_loss: 1.0064, dev_acc: 0.5575, time: 1.0
2025-08-08 03:43:21,136 - root - Epoch 31: train_loss: 0.9458, train_acc: 0.5527, dev_loss: 1.0064, dev_acc: 0.5575, time: 1.0
2025-08-08 03:43:22,114 - root - Epoch 32: train_loss: 0.9495, train_acc: 0.5527, dev_loss: 1.0064, dev_acc: 0.5575, time: 1.0
2025-08-08 03:43:23,042 - root - Epoch 33: train_loss: 0.9488, train_acc: 0.5527, dev_loss: 1.0063, dev_acc: 0.5575, time: 0.9
2025-08-08 03:43:23,978 - root - Epoch 34: train_loss: 0.9473, train_acc: 0.5527, dev_loss: 1.0063, dev_acc: 0.5575, time: 0.9
2025-08-08 03:43:24,903 - root - Epoch 35: train_loss: 0.9520, train_acc: 0.5527, dev_loss: 1.0063, dev_acc: 0.5575, time: 0.9
2025-08-08 03:43:25,826 - root - Epoch 36: train_loss: 0.9496, train_acc: 0.5527, dev_loss: 1.0063, dev_acc: 0.5575, time: 0.9
2025-08-08 03:43:26,748 - root - Epoch 37: train_loss: 0.9459, train_acc: 0.5527, dev_loss: 1.0063, dev_acc: 0.5575, time: 0.9
2025-08-08 03:43:27,683 - root - Epoch 38: train_loss: 0.9483, train_acc: 0.5527, dev_loss: 1.0063, dev_acc: 0.5575, time: 0.9
2025-08-08 03:43:28,615 - root - Epoch 39: train_loss: 0.9504, train_acc: 0.5527, dev_loss: 1.0063, dev_acc: 0.5575, time: 0.9
2025-08-08 03:43:29,538 - root - Epoch 40: train_loss: 0.9459, train_acc: 0.5527, dev_loss: 1.0063, dev_acc: 0.5575, time: 0.9
2025-08-08 03:43:30,478 - root - Epoch 41: train_loss: 0.9490, train_acc: 0.5527, dev_loss: 1.0063, dev_acc: 0.5575, time: 0.9
2025-08-08 03:43:31,401 - root - Epoch 42: train_loss: 0.9489, train_acc: 0.5527, dev_loss: 1.0063, dev_acc: 0.5575, time: 0.9
2025-08-08 03:43:32,321 - root - Epoch 43: train_loss: 0.9522, train_acc: 0.5527, dev_loss: 1.0063, dev_acc: 0.5575, time: 0.9
2025-08-08 03:43:33,241 - root - Epoch 44: train_loss: 0.9456, train_acc: 0.5527, dev_loss: 1.0063, dev_acc: 0.5575, time: 0.9
2025-08-08 03:43:34,163 - root - Epoch 45: train_loss: 0.9466, train_acc: 0.5527, dev_loss: 1.0063, dev_acc: 0.5575, time: 0.9
2025-08-08 03:43:35,091 - root - Epoch 46: train_loss: 0.9473, train_acc: 0.5527, dev_loss: 1.0063, dev_acc: 0.5575, time: 0.9
2025-08-08 03:43:36,016 - root - Epoch 47: train_loss: 0.9496, train_acc: 0.5527, dev_loss: 1.0063, dev_acc: 0.5575, time: 0.9
2025-08-08 03:43:36,945 - root - Epoch 48: train_loss: 0.9482, train_acc: 0.5527, dev_loss: 1.0063, dev_acc: 0.5575, time: 0.9
2025-08-08 03:43:37,872 - root - Epoch 49: train_loss: 0.9482, train_acc: 0.5527, dev_loss: 1.0063, dev_acc: 0.5575, time: 0.9
2025-08-08 03:43:38,805 - root - Epoch 50: train_loss: 0.9518, train_acc: 0.5527, dev_loss: 1.0063, dev_acc: 0.5575, time: 0.9
2025-08-08 03:43:39,741 - root - Epoch 51: train_loss: 0.9468, train_acc: 0.5527, dev_loss: 1.0063, dev_acc: 0.5575, time: 0.9
2025-08-08 03:43:40,674 - root - Epoch 52: train_loss: 0.9466, train_acc: 0.5527, dev_loss: 1.0063, dev_acc: 0.5575, time: 0.9
2025-08-08 03:43:41,591 - root - Epoch 53: train_loss: 0.9481, train_acc: 0.5527, dev_loss: 1.0063, dev_acc: 0.5575, time: 0.9
2025-08-08 03:43:41,592 - root - Early Stopped. best_epoch: 3. best_dev_acc: 0.5689655172413793

2025-08-08 03:43:41,835 - root - test_loss: 0.923986554145813, test_acc: 0.5852534562211982, f1_weighted: 0.5585488467512109
2025-08-08 03:43:42,439 - root - Training on cuda
2025-08-08 03:43:43,373 - root - Epoch 1: train_loss: 0.9621, train_acc: 0.5368, dev_loss: 0.9768, dev_acc: 0.5805, time: 0.9
2025-08-08 03:43:44,306 - root - Epoch 2: train_loss: 0.9704, train_acc: 0.5368, dev_loss: 0.9768, dev_acc: 0.5805, time: 0.9
2025-08-08 03:43:45,242 - root - Epoch 3: train_loss: 0.9652, train_acc: 0.5368, dev_loss: 0.9768, dev_acc: 0.5805, time: 0.9
2025-08-08 03:43:46,162 - root - Epoch 4: train_loss: 0.9607, train_acc: 0.5354, dev_loss: 0.9768, dev_acc: 0.5805, time: 0.9
2025-08-08 03:43:47,099 - root - Epoch 5: train_loss: 0.9669, train_acc: 0.5354, dev_loss: 0.9768, dev_acc: 0.5805, time: 0.9
2025-08-08 03:43:48,057 - root - Epoch 6: train_loss: 0.9657, train_acc: 0.5354, dev_loss: 0.9768, dev_acc: 0.5805, time: 1.0
2025-08-08 03:43:49,037 - root - Epoch 7: train_loss: 0.9597, train_acc: 0.5354, dev_loss: 0.9768, dev_acc: 0.5805, time: 1.0
2025-08-08 03:43:49,989 - root - Epoch 8: train_loss: 0.9655, train_acc: 0.5354, dev_loss: 0.9768, dev_acc: 0.5805, time: 1.0
2025-08-08 03:43:50,949 - root - Epoch 9: train_loss: 0.9610, train_acc: 0.5354, dev_loss: 0.9768, dev_acc: 0.5805, time: 1.0
2025-08-08 03:43:51,896 - root - Epoch 10: train_loss: 0.9627, train_acc: 0.5354, dev_loss: 0.9767, dev_acc: 0.5805, time: 0.9
2025-08-08 03:43:52,846 - root - Epoch 11: train_loss: 0.9627, train_acc: 0.5354, dev_loss: 0.9767, dev_acc: 0.5805, time: 1.0
2025-08-08 03:43:53,796 - root - Epoch 12: train_loss: 0.9620, train_acc: 0.5354, dev_loss: 0.9767, dev_acc: 0.5805, time: 0.9
2025-08-08 03:43:54,761 - root - Epoch 13: train_loss: 0.9650, train_acc: 0.5354, dev_loss: 0.9767, dev_acc: 0.5805, time: 1.0
2025-08-08 03:43:55,698 - root - Epoch 14: train_loss: 0.9606, train_acc: 0.5354, dev_loss: 0.9767, dev_acc: 0.5805, time: 0.9
2025-08-08 03:43:56,628 - root - Epoch 15: train_loss: 0.9651, train_acc: 0.5354, dev_loss: 0.9767, dev_acc: 0.5805, time: 0.9
2025-08-08 03:43:57,569 - root - Epoch 16: train_loss: 0.9609, train_acc: 0.5354, dev_loss: 0.9767, dev_acc: 0.5805, time: 0.9
2025-08-08 03:43:58,516 - root - Epoch 17: train_loss: 0.9654, train_acc: 0.5354, dev_loss: 0.9767, dev_acc: 0.5805, time: 0.9
2025-08-08 03:43:59,465 - root - Epoch 18: train_loss: 0.9616, train_acc: 0.5354, dev_loss: 0.9767, dev_acc: 0.5805, time: 0.9
2025-08-08 03:44:00,409 - root - Epoch 19: train_loss: 0.9684, train_acc: 0.5354, dev_loss: 0.9766, dev_acc: 0.5805, time: 0.9
2025-08-08 03:44:01,344 - root - Epoch 20: train_loss: 0.9629, train_acc: 0.5354, dev_loss: 0.9766, dev_acc: 0.5805, time: 0.9
2025-08-08 03:44:02,288 - root - Epoch 21: train_loss: 0.9632, train_acc: 0.5354, dev_loss: 0.9766, dev_acc: 0.5805, time: 0.9
2025-08-08 03:44:03,222 - root - Epoch 22: train_loss: 0.9657, train_acc: 0.5354, dev_loss: 0.9766, dev_acc: 0.5805, time: 0.9
2025-08-08 03:44:04,163 - root - Epoch 23: train_loss: 0.9647, train_acc: 0.5368, dev_loss: 0.9766, dev_acc: 0.5747, time: 0.9
2025-08-08 03:44:05,095 - root - Epoch 24: train_loss: 0.9665, train_acc: 0.5368, dev_loss: 0.9766, dev_acc: 0.5747, time: 0.9
2025-08-08 03:44:06,042 - root - Epoch 25: train_loss: 0.9635, train_acc: 0.5368, dev_loss: 0.9766, dev_acc: 0.5747, time: 0.9
2025-08-08 03:44:06,965 - root - Epoch 26: train_loss: 0.9627, train_acc: 0.5368, dev_loss: 0.9766, dev_acc: 0.5747, time: 0.9
2025-08-08 03:44:07,902 - root - Epoch 27: train_loss: 0.9618, train_acc: 0.5368, dev_loss: 0.9766, dev_acc: 0.5747, time: 0.9
2025-08-08 03:44:08,839 - root - Epoch 28: train_loss: 0.9635, train_acc: 0.5368, dev_loss: 0.9765, dev_acc: 0.5747, time: 0.9
2025-08-08 03:44:09,774 - root - Epoch 29: train_loss: 0.9608, train_acc: 0.5368, dev_loss: 0.9765, dev_acc: 0.5747, time: 0.9
2025-08-08 03:44:10,697 - root - Epoch 30: train_loss: 0.9643, train_acc: 0.5368, dev_loss: 0.9765, dev_acc: 0.5747, time: 0.9
2025-08-08 03:44:11,627 - root - Epoch 31: train_loss: 0.9644, train_acc: 0.5368, dev_loss: 0.9765, dev_acc: 0.5747, time: 0.9
2025-08-08 03:44:12,554 - root - Epoch 32: train_loss: 0.9645, train_acc: 0.5368, dev_loss: 0.9765, dev_acc: 0.5747, time: 0.9
2025-08-08 03:44:13,491 - root - Epoch 33: train_loss: 0.9628, train_acc: 0.5368, dev_loss: 0.9765, dev_acc: 0.5747, time: 0.9
2025-08-08 03:44:14,430 - root - Epoch 34: train_loss: 0.9620, train_acc: 0.5368, dev_loss: 0.9765, dev_acc: 0.5747, time: 0.9
2025-08-08 03:44:15,362 - root - Epoch 35: train_loss: 0.9631, train_acc: 0.5368, dev_loss: 0.9765, dev_acc: 0.5747, time: 0.9
2025-08-08 03:44:16,294 - root - Epoch 36: train_loss: 0.9644, train_acc: 0.5368, dev_loss: 0.9765, dev_acc: 0.5747, time: 0.9
2025-08-08 03:44:17,234 - root - Epoch 37: train_loss: 0.9600, train_acc: 0.5368, dev_loss: 0.9764, dev_acc: 0.5747, time: 0.9
2025-08-08 03:44:18,161 - root - Epoch 38: train_loss: 0.9628, train_acc: 0.5368, dev_loss: 0.9764, dev_acc: 0.5747, time: 0.9
2025-08-08 03:44:19,103 - root - Epoch 39: train_loss: 0.9628, train_acc: 0.5368, dev_loss: 0.9764, dev_acc: 0.5747, time: 0.9
2025-08-08 03:44:20,053 - root - Epoch 40: train_loss: 0.9630, train_acc: 0.5368, dev_loss: 0.9764, dev_acc: 0.5747, time: 0.9
2025-08-08 03:44:20,993 - root - Epoch 41: train_loss: 0.9613, train_acc: 0.5368, dev_loss: 0.9764, dev_acc: 0.5747, time: 0.9
2025-08-08 03:44:21,918 - root - Epoch 42: train_loss: 0.9600, train_acc: 0.5368, dev_loss: 0.9764, dev_acc: 0.5747, time: 0.9
2025-08-08 03:44:22,853 - root - Epoch 43: train_loss: 0.9645, train_acc: 0.5368, dev_loss: 0.9764, dev_acc: 0.5747, time: 0.9
2025-08-08 03:44:23,785 - root - Epoch 44: train_loss: 0.9622, train_acc: 0.5368, dev_loss: 0.9764, dev_acc: 0.5747, time: 0.9
2025-08-08 03:44:24,718 - root - Epoch 45: train_loss: 0.9636, train_acc: 0.5368, dev_loss: 0.9764, dev_acc: 0.5747, time: 0.9
2025-08-08 03:44:25,645 - root - Epoch 46: train_loss: 0.9614, train_acc: 0.5368, dev_loss: 0.9764, dev_acc: 0.5747, time: 0.9
2025-08-08 03:44:26,582 - root - Epoch 47: train_loss: 0.9619, train_acc: 0.5368, dev_loss: 0.9763, dev_acc: 0.5747, time: 0.9
2025-08-08 03:44:27,526 - root - Epoch 48: train_loss: 0.9602, train_acc: 0.5368, dev_loss: 0.9763, dev_acc: 0.5747, time: 0.9
2025-08-08 03:44:28,461 - root - Epoch 49: train_loss: 0.9607, train_acc: 0.5368, dev_loss: 0.9763, dev_acc: 0.5747, time: 0.9
2025-08-08 03:44:29,386 - root - Epoch 50: train_loss: 0.9610, train_acc: 0.5368, dev_loss: 0.9763, dev_acc: 0.5747, time: 0.9
2025-08-08 03:44:30,316 - root - Epoch 51: train_loss: 0.9619, train_acc: 0.5368, dev_loss: 0.9763, dev_acc: 0.5747, time: 0.9
2025-08-08 03:44:30,316 - root - Early Stopped. best_epoch: 1. best_dev_acc: 0.5804597701149425

2025-08-08 03:44:30,561 - root - test_loss: 0.914443850517273, test_acc: 0.6175115207373272, f1_weighted: 0.6019630415758322
2025-08-08 03:44:31,167 - root - Training on cuda
2025-08-08 03:44:32,120 - root - Epoch 1: train_loss: 0.9762, train_acc: 0.5418, dev_loss: 0.9655, dev_acc: 0.5517, time: 1.0
2025-08-08 03:44:33,062 - root - Epoch 2: train_loss: 0.9791, train_acc: 0.5418, dev_loss: 0.9655, dev_acc: 0.5517, time: 0.9
2025-08-08 03:44:33,996 - root - Epoch 3: train_loss: 0.9795, train_acc: 0.5403, dev_loss: 0.9654, dev_acc: 0.5517, time: 0.9
2025-08-08 03:44:34,916 - root - Epoch 4: train_loss: 0.9826, train_acc: 0.5403, dev_loss: 0.9654, dev_acc: 0.5517, time: 0.9
2025-08-08 03:44:35,849 - root - Epoch 5: train_loss: 0.9784, train_acc: 0.5403, dev_loss: 0.9654, dev_acc: 0.5517, time: 0.9
2025-08-08 03:44:36,782 - root - Epoch 6: train_loss: 0.9781, train_acc: 0.5403, dev_loss: 0.9654, dev_acc: 0.5517, time: 0.9
2025-08-08 03:44:37,732 - root - Epoch 7: train_loss: 0.9796, train_acc: 0.5403, dev_loss: 0.9654, dev_acc: 0.5517, time: 0.9
2025-08-08 03:44:38,671 - root - Epoch 8: train_loss: 0.9793, train_acc: 0.5403, dev_loss: 0.9654, dev_acc: 0.5517, time: 0.9
2025-08-08 03:44:39,601 - root - Epoch 9: train_loss: 0.9791, train_acc: 0.5403, dev_loss: 0.9654, dev_acc: 0.5517, time: 0.9
2025-08-08 03:44:40,553 - root - Epoch 10: train_loss: 0.9810, train_acc: 0.5403, dev_loss: 0.9654, dev_acc: 0.5517, time: 1.0
2025-08-08 03:44:41,495 - root - Epoch 11: train_loss: 0.9783, train_acc: 0.5403, dev_loss: 0.9654, dev_acc: 0.5517, time: 0.9
2025-08-08 03:44:42,427 - root - Epoch 12: train_loss: 0.9784, train_acc: 0.5403, dev_loss: 0.9653, dev_acc: 0.5517, time: 0.9
2025-08-08 03:44:43,370 - root - Epoch 13: train_loss: 0.9830, train_acc: 0.5403, dev_loss: 0.9653, dev_acc: 0.5517, time: 0.9
2025-08-08 03:44:44,297 - root - Epoch 14: train_loss: 0.9792, train_acc: 0.5403, dev_loss: 0.9653, dev_acc: 0.5517, time: 0.9
2025-08-08 03:44:45,240 - root - Epoch 15: train_loss: 0.9801, train_acc: 0.5403, dev_loss: 0.9653, dev_acc: 0.5517, time: 0.9
2025-08-08 03:44:46,229 - root - Epoch 16: train_loss: 0.9765, train_acc: 0.5403, dev_loss: 0.9653, dev_acc: 0.5517, time: 1.0
2025-08-08 03:44:47,174 - root - Epoch 17: train_loss: 0.9815, train_acc: 0.5403, dev_loss: 0.9653, dev_acc: 0.5517, time: 0.9
2025-08-08 03:44:48,120 - root - Epoch 18: train_loss: 0.9796, train_acc: 0.5403, dev_loss: 0.9653, dev_acc: 0.5517, time: 0.9
2025-08-08 03:44:49,065 - root - Epoch 19: train_loss: 0.9783, train_acc: 0.5403, dev_loss: 0.9653, dev_acc: 0.5517, time: 0.9
2025-08-08 03:44:50,015 - root - Epoch 20: train_loss: 0.9797, train_acc: 0.5403, dev_loss: 0.9653, dev_acc: 0.5517, time: 1.0
2025-08-08 03:44:50,951 - root - Epoch 21: train_loss: 0.9768, train_acc: 0.5403, dev_loss: 0.9653, dev_acc: 0.5517, time: 0.9
2025-08-08 03:44:51,885 - root - Epoch 22: train_loss: 0.9777, train_acc: 0.5403, dev_loss: 0.9652, dev_acc: 0.5517, time: 0.9
2025-08-08 03:44:52,824 - root - Epoch 23: train_loss: 0.9786, train_acc: 0.5403, dev_loss: 0.9652, dev_acc: 0.5517, time: 0.9
2025-08-08 03:44:53,749 - root - Epoch 24: train_loss: 0.9768, train_acc: 0.5418, dev_loss: 0.9652, dev_acc: 0.5517, time: 0.9
2025-08-08 03:44:54,687 - root - Epoch 25: train_loss: 0.9789, train_acc: 0.5432, dev_loss: 0.9652, dev_acc: 0.5517, time: 0.9
2025-08-08 03:44:55,612 - root - Epoch 26: train_loss: 0.9814, train_acc: 0.5432, dev_loss: 0.9652, dev_acc: 0.5517, time: 0.9
2025-08-08 03:44:56,546 - root - Epoch 27: train_loss: 0.9755, train_acc: 0.5432, dev_loss: 0.9652, dev_acc: 0.5517, time: 0.9
2025-08-08 03:44:57,477 - root - Epoch 28: train_loss: 0.9786, train_acc: 0.5432, dev_loss: 0.9652, dev_acc: 0.5517, time: 0.9
2025-08-08 03:44:58,410 - root - Epoch 29: train_loss: 0.9773, train_acc: 0.5432, dev_loss: 0.9652, dev_acc: 0.5517, time: 0.9
2025-08-08 03:44:59,346 - root - Epoch 30: train_loss: 0.9785, train_acc: 0.5432, dev_loss: 0.9652, dev_acc: 0.5517, time: 0.9
2025-08-08 03:45:00,285 - root - Epoch 31: train_loss: 0.9784, train_acc: 0.5432, dev_loss: 0.9651, dev_acc: 0.5517, time: 0.9
2025-08-08 03:45:01,206 - root - Epoch 32: train_loss: 0.9774, train_acc: 0.5432, dev_loss: 0.9651, dev_acc: 0.5517, time: 0.9
2025-08-08 03:45:02,154 - root - Epoch 33: train_loss: 0.9782, train_acc: 0.5432, dev_loss: 0.9651, dev_acc: 0.5517, time: 0.9
2025-08-08 03:45:03,092 - root - Epoch 34: train_loss: 0.9823, train_acc: 0.5432, dev_loss: 0.9651, dev_acc: 0.5517, time: 0.9
2025-08-08 03:45:04,032 - root - Epoch 35: train_loss: 0.9768, train_acc: 0.5432, dev_loss: 0.9651, dev_acc: 0.5517, time: 0.9
2025-08-08 03:45:04,963 - root - Epoch 36: train_loss: 0.9791, train_acc: 0.5432, dev_loss: 0.9651, dev_acc: 0.5517, time: 0.9
2025-08-08 03:45:05,890 - root - Epoch 37: train_loss: 0.9810, train_acc: 0.5432, dev_loss: 0.9651, dev_acc: 0.5517, time: 0.9
2025-08-08 03:45:06,809 - root - Epoch 38: train_loss: 0.9772, train_acc: 0.5432, dev_loss: 0.9651, dev_acc: 0.5517, time: 0.9
2025-08-08 03:45:07,775 - root - Epoch 39: train_loss: 0.9779, train_acc: 0.5432, dev_loss: 0.9651, dev_acc: 0.5517, time: 1.0
2025-08-08 03:45:08,731 - root - Epoch 40: train_loss: 0.9788, train_acc: 0.5432, dev_loss: 0.9651, dev_acc: 0.5517, time: 1.0
2025-08-08 03:45:09,648 - root - Epoch 41: train_loss: 0.9821, train_acc: 0.5432, dev_loss: 0.9650, dev_acc: 0.5517, time: 0.9
2025-08-08 03:45:10,587 - root - Epoch 42: train_loss: 0.9811, train_acc: 0.5432, dev_loss: 0.9650, dev_acc: 0.5517, time: 0.9
2025-08-08 03:45:11,508 - root - Epoch 43: train_loss: 0.9791, train_acc: 0.5432, dev_loss: 0.9650, dev_acc: 0.5517, time: 0.9
2025-08-08 03:45:12,440 - root - Epoch 44: train_loss: 0.9792, train_acc: 0.5432, dev_loss: 0.9650, dev_acc: 0.5517, time: 0.9
2025-08-08 03:45:13,362 - root - Epoch 45: train_loss: 0.9778, train_acc: 0.5432, dev_loss: 0.9650, dev_acc: 0.5517, time: 0.9
2025-08-08 03:45:14,328 - root - Epoch 46: train_loss: 0.9823, train_acc: 0.5432, dev_loss: 0.9650, dev_acc: 0.5517, time: 1.0
2025-08-08 03:45:15,275 - root - Epoch 47: train_loss: 0.9790, train_acc: 0.5432, dev_loss: 0.9650, dev_acc: 0.5517, time: 0.9
2025-08-08 03:45:16,227 - root - Epoch 48: train_loss: 0.9758, train_acc: 0.5432, dev_loss: 0.9650, dev_acc: 0.5517, time: 1.0
2025-08-08 03:45:17,165 - root - Epoch 49: train_loss: 0.9778, train_acc: 0.5432, dev_loss: 0.9650, dev_acc: 0.5517, time: 0.9
2025-08-08 03:45:18,105 - root - Epoch 50: train_loss: 0.9788, train_acc: 0.5432, dev_loss: 0.9650, dev_acc: 0.5517, time: 0.9
2025-08-08 03:45:19,044 - root - Epoch 51: train_loss: 0.9780, train_acc: 0.5432, dev_loss: 0.9649, dev_acc: 0.5517, time: 0.9
2025-08-08 03:45:19,044 - root - Early Stopped. best_epoch: 1. best_dev_acc: 0.5517241379310345

2025-08-08 03:45:19,287 - root - test_loss: 0.8737807869911194, test_acc: 0.625, f1_weighted: 0.6116208174877913
2025-08-08 03:46:06,994 - root - 

2025-08-08 03:46:06,995 - root - ==================== Start Training ====================
2025-08-08 03:46:06,995 - root - seed: 2023
2025-08-08 03:46:06,995 - root - model: Model(
  (fc): Sequential(
    (0): Linear(in_features=768, out_features=256, bias=True)
    (1): ReLU()
    (2): Linear(in_features=256, out_features=128, bias=True)
    (3): ReLU()
    (4): Linear(in_features=128, out_features=3, bias=True)
  )
)
2025-08-08 03:46:06,995 - root - batch_size: 32
2025-08-08 03:46:06,995 - root - n_epochs: 1000
2025-08-08 03:46:06,995 - root - lr: 0.001
2025-08-08 03:46:06,995 - root - early_stop: 50
2025-08-08 03:46:06,995 - root - loss_fn: CrossEntropyLoss()
2025-08-08 03:46:06,995 - root - optimizer: Adam (
Parameter Group 0
    amsgrad: False
    betas: (0.9, 0.999)
    capturable: False
    decoupled_weight_decay: False
    differentiable: False
    eps: 1e-08
    foreach: None
    fused: None
    lr: 0.001
    maximize: False
    weight_decay: 0
)
2025-08-08 03:46:06,995 - root - scheduler: <torch.optim.lr_scheduler.ReduceLROnPlateau object at 0x70f2733444f0>
2025-08-08 03:46:07,287 - root - Training on cuda
2025-08-08 03:46:08,826 - root - Epoch 1: train_loss: 1.0971, train_acc: 0.3434, dev_loss: 1.0867, dev_acc: 0.4138, time: 1.5
2025-08-08 03:46:09,803 - root - Epoch 2: train_loss: 1.0721, train_acc: 0.4098, dev_loss: 1.0919, dev_acc: 0.4080, time: 1.0
2025-08-08 03:46:10,756 - root - Epoch 3: train_loss: 1.0603, train_acc: 0.4329, dev_loss: 1.0860, dev_acc: 0.4080, time: 1.0
2025-08-08 03:46:11,706 - root - Epoch 4: train_loss: 1.0563, train_acc: 0.4502, dev_loss: 1.0832, dev_acc: 0.4368, time: 0.9
2025-08-08 03:46:12,658 - root - Epoch 5: train_loss: 1.0498, train_acc: 0.4502, dev_loss: 1.0800, dev_acc: 0.4310, time: 0.9
2025-08-08 03:46:13,609 - root - Epoch 6: train_loss: 1.0459, train_acc: 0.4545, dev_loss: 1.0727, dev_acc: 0.4425, time: 0.9
2025-08-08 03:46:14,566 - root - Epoch 7: train_loss: 1.0388, train_acc: 0.4589, dev_loss: 1.0710, dev_acc: 0.4655, time: 1.0
2025-08-08 03:46:15,526 - root - Epoch 8: train_loss: 1.0355, train_acc: 0.4618, dev_loss: 1.0677, dev_acc: 0.4425, time: 1.0
2025-08-08 03:46:16,476 - root - Epoch 9: train_loss: 1.0208, train_acc: 0.4834, dev_loss: 1.0825, dev_acc: 0.4368, time: 0.9
2025-08-08 03:46:17,434 - root - Epoch 10: train_loss: 1.0109, train_acc: 0.5137, dev_loss: 1.0955, dev_acc: 0.4368, time: 1.0
2025-08-08 03:46:18,389 - root - Epoch 11: train_loss: 0.9934, train_acc: 0.5108, dev_loss: 1.0958, dev_acc: 0.4253, time: 1.0
2025-08-08 03:46:19,347 - root - Epoch 12: train_loss: 0.9809, train_acc: 0.5209, dev_loss: 1.1123, dev_acc: 0.4368, time: 1.0
2025-08-08 03:46:20,298 - root - Epoch 13: train_loss: 0.9649, train_acc: 0.5382, dev_loss: 1.1242, dev_acc: 0.4425, time: 1.0
2025-08-08 03:46:21,254 - root - Epoch 14: train_loss: 0.9471, train_acc: 0.5570, dev_loss: 1.1217, dev_acc: 0.4368, time: 1.0
2025-08-08 03:46:22,212 - root - Epoch 15: train_loss: 0.9190, train_acc: 0.5642, dev_loss: 1.1548, dev_acc: 0.4483, time: 1.0
2025-08-08 03:46:23,163 - root - Epoch 16: train_loss: 0.9031, train_acc: 0.5729, dev_loss: 1.2209, dev_acc: 0.4138, time: 1.0
2025-08-08 03:46:24,116 - root - Epoch 17: train_loss: 0.8818, train_acc: 0.6147, dev_loss: 1.2104, dev_acc: 0.4310, time: 1.0
2025-08-08 03:46:25,071 - root - Epoch 18: train_loss: 0.8542, train_acc: 0.6162, dev_loss: 1.2669, dev_acc: 0.3793, time: 1.0
2025-08-08 03:46:26,029 - root - Epoch 19: train_loss: 0.8251, train_acc: 0.6551, dev_loss: 1.2433, dev_acc: 0.4023, time: 1.0
2025-08-08 03:46:26,972 - root - Epoch 20: train_loss: 0.8010, train_acc: 0.6840, dev_loss: 1.2959, dev_acc: 0.4080, time: 0.9
2025-08-08 03:46:27,936 - root - Epoch 21: train_loss: 0.7780, train_acc: 0.6797, dev_loss: 1.3814, dev_acc: 0.4483, time: 1.0
2025-08-08 03:46:28,902 - root - Epoch 22: train_loss: 0.7665, train_acc: 0.6739, dev_loss: 1.3416, dev_acc: 0.4023, time: 1.0
2025-08-08 03:46:29,865 - root - Epoch 23: train_loss: 0.7113, train_acc: 0.7258, dev_loss: 1.3881, dev_acc: 0.3908, time: 1.0
2025-08-08 03:46:30,820 - root - Epoch 24: train_loss: 0.6937, train_acc: 0.7330, dev_loss: 1.3802, dev_acc: 0.3793, time: 1.0
2025-08-08 03:46:31,784 - root - Epoch 25: train_loss: 0.6751, train_acc: 0.7431, dev_loss: 1.4433, dev_acc: 0.3678, time: 1.0
2025-08-08 03:46:32,745 - root - Epoch 26: train_loss: 0.6642, train_acc: 0.7504, dev_loss: 1.4584, dev_acc: 0.3621, time: 1.0
2025-08-08 03:46:33,716 - root - Epoch 27: train_loss: 0.6305, train_acc: 0.7662, dev_loss: 1.4385, dev_acc: 0.4023, time: 1.0
2025-08-08 03:46:34,682 - root - Epoch 28: train_loss: 0.6125, train_acc: 0.7590, dev_loss: 1.5140, dev_acc: 0.3793, time: 1.0
2025-08-08 03:46:35,643 - root - Epoch 29: train_loss: 0.5662, train_acc: 0.7763, dev_loss: 1.5080, dev_acc: 0.3966, time: 1.0
2025-08-08 03:46:36,596 - root - Epoch 30: train_loss: 0.5432, train_acc: 0.8023, dev_loss: 1.5357, dev_acc: 0.3851, time: 1.0
2025-08-08 03:46:37,546 - root - Epoch 31: train_loss: 0.5103, train_acc: 0.8240, dev_loss: 1.5837, dev_acc: 0.4253, time: 1.0
2025-08-08 03:46:38,487 - root - Epoch 32: train_loss: 0.4773, train_acc: 0.8442, dev_loss: 1.5848, dev_acc: 0.3563, time: 0.9
2025-08-08 03:46:39,432 - root - Epoch 33: train_loss: 0.4680, train_acc: 0.8326, dev_loss: 1.6358, dev_acc: 0.3793, time: 0.9
2025-08-08 03:46:40,378 - root - Epoch 34: train_loss: 0.4319, train_acc: 0.8528, dev_loss: 1.7109, dev_acc: 0.4023, time: 0.9
2025-08-08 03:46:41,329 - root - Epoch 35: train_loss: 0.4149, train_acc: 0.8687, dev_loss: 1.7654, dev_acc: 0.4023, time: 1.0
2025-08-08 03:46:42,275 - root - Epoch 36: train_loss: 0.4055, train_acc: 0.8687, dev_loss: 1.7824, dev_acc: 0.3851, time: 0.9
2025-08-08 03:46:43,225 - root - Epoch 37: train_loss: 0.3712, train_acc: 0.8817, dev_loss: 1.7945, dev_acc: 0.3736, time: 1.0
2025-08-08 03:46:44,173 - root - Epoch 38: train_loss: 0.3590, train_acc: 0.8773, dev_loss: 1.9110, dev_acc: 0.3678, time: 0.9
2025-08-08 03:46:45,109 - root - Epoch 39: train_loss: 0.3333, train_acc: 0.8990, dev_loss: 1.9215, dev_acc: 0.3621, time: 0.9
2025-08-08 03:46:46,052 - root - Epoch 40: train_loss: 0.3076, train_acc: 0.9221, dev_loss: 1.8916, dev_acc: 0.4195, time: 0.9
2025-08-08 03:46:46,995 - root - Epoch 41: train_loss: 0.2896, train_acc: 0.9206, dev_loss: 2.0346, dev_acc: 0.3678, time: 0.9
2025-08-08 03:46:47,938 - root - Epoch 42: train_loss: 0.2619, train_acc: 0.9495, dev_loss: 1.9631, dev_acc: 0.3908, time: 0.9
2025-08-08 03:46:48,884 - root - Epoch 43: train_loss: 0.2434, train_acc: 0.9481, dev_loss: 2.0306, dev_acc: 0.3908, time: 0.9
2025-08-08 03:46:49,814 - root - Epoch 44: train_loss: 0.2247, train_acc: 0.9610, dev_loss: 2.1126, dev_acc: 0.3966, time: 0.9
2025-08-08 03:46:50,757 - root - Epoch 45: train_loss: 0.2015, train_acc: 0.9683, dev_loss: 2.1870, dev_acc: 0.3908, time: 0.9
2025-08-08 03:46:51,694 - root - Epoch 46: train_loss: 0.1933, train_acc: 0.9740, dev_loss: 2.2547, dev_acc: 0.3736, time: 0.9
2025-08-08 03:46:52,637 - root - Epoch 47: train_loss: 0.1942, train_acc: 0.9639, dev_loss: 2.2539, dev_acc: 0.4023, time: 0.9
2025-08-08 03:46:53,573 - root - Epoch 48: train_loss: 0.1706, train_acc: 0.9784, dev_loss: 2.4043, dev_acc: 0.3621, time: 0.9
2025-08-08 03:46:54,504 - root - Epoch 49: train_loss: 0.1587, train_acc: 0.9726, dev_loss: 2.4200, dev_acc: 0.3793, time: 0.9
2025-08-08 03:46:55,439 - root - Epoch 50: train_loss: 0.1361, train_acc: 0.9841, dev_loss: 2.5399, dev_acc: 0.4023, time: 0.9
2025-08-08 03:46:56,375 - root - Epoch 51: train_loss: 0.1226, train_acc: 0.9885, dev_loss: 2.5378, dev_acc: 0.3851, time: 0.9
2025-08-08 03:46:57,306 - root - Epoch 52: train_loss: 0.1167, train_acc: 0.9899, dev_loss: 2.4363, dev_acc: 0.3966, time: 0.9
2025-08-08 03:46:58,257 - root - Epoch 53: train_loss: 0.0999, train_acc: 0.9971, dev_loss: 2.6069, dev_acc: 0.3908, time: 1.0
2025-08-08 03:46:59,188 - root - Epoch 54: train_loss: 0.0918, train_acc: 0.9957, dev_loss: 2.7004, dev_acc: 0.3966, time: 0.9
2025-08-08 03:47:00,118 - root - Epoch 55: train_loss: 0.0878, train_acc: 0.9986, dev_loss: 2.6812, dev_acc: 0.3966, time: 0.9
2025-08-08 03:47:01,061 - root - Epoch 56: train_loss: 0.0828, train_acc: 0.9942, dev_loss: 2.7918, dev_acc: 0.3908, time: 0.9
2025-08-08 03:47:02,005 - root - Epoch 57: train_loss: 0.0863, train_acc: 0.9928, dev_loss: 2.6513, dev_acc: 0.3908, time: 0.9
2025-08-08 03:47:02,005 - root - Early Stopped. best_epoch: 7. best_dev_acc: 0.46551724137931033

2025-08-08 03:47:02,252 - root - test_loss: 1.0761244297027588, test_acc: 0.41013824884792627, f1_weighted: 0.3639554965416092
2025-08-08 03:47:02,334 - root - Training on cuda
2025-08-08 03:47:03,269 - root - Epoch 1: train_loss: 1.0479, train_acc: 0.4531, dev_loss: 1.0432, dev_acc: 0.4368, time: 0.9
2025-08-08 03:47:04,208 - root - Epoch 2: train_loss: 1.0438, train_acc: 0.4603, dev_loss: 1.0463, dev_acc: 0.4310, time: 0.9
2025-08-08 03:47:05,155 - root - Epoch 3: train_loss: 1.0435, train_acc: 0.4733, dev_loss: 1.0503, dev_acc: 0.4253, time: 0.9
2025-08-08 03:47:06,100 - root - Epoch 4: train_loss: 1.0398, train_acc: 0.4820, dev_loss: 1.0507, dev_acc: 0.4253, time: 0.9
2025-08-08 03:47:07,055 - root - Epoch 5: train_loss: 1.0349, train_acc: 0.4762, dev_loss: 1.0519, dev_acc: 0.4195, time: 1.0
2025-08-08 03:47:08,004 - root - Epoch 6: train_loss: 1.0334, train_acc: 0.4820, dev_loss: 1.0536, dev_acc: 0.4138, time: 0.9
2025-08-08 03:47:08,944 - root - Epoch 7: train_loss: 1.0305, train_acc: 0.4820, dev_loss: 1.0544, dev_acc: 0.4195, time: 0.9
2025-08-08 03:47:09,885 - root - Epoch 8: train_loss: 1.0313, train_acc: 0.4834, dev_loss: 1.0554, dev_acc: 0.4253, time: 0.9
2025-08-08 03:47:10,820 - root - Epoch 9: train_loss: 1.0295, train_acc: 0.4820, dev_loss: 1.0548, dev_acc: 0.4080, time: 0.9
2025-08-08 03:47:11,761 - root - Epoch 10: train_loss: 1.0265, train_acc: 0.4820, dev_loss: 1.0551, dev_acc: 0.4080, time: 0.9
2025-08-08 03:47:12,706 - root - Epoch 11: train_loss: 1.0249, train_acc: 0.4863, dev_loss: 1.0554, dev_acc: 0.4253, time: 0.9
2025-08-08 03:47:13,639 - root - Epoch 12: train_loss: 1.0225, train_acc: 0.4921, dev_loss: 1.0569, dev_acc: 0.4195, time: 0.9
2025-08-08 03:47:14,579 - root - Epoch 13: train_loss: 1.0203, train_acc: 0.4892, dev_loss: 1.0576, dev_acc: 0.4195, time: 0.9
2025-08-08 03:47:15,517 - root - Epoch 14: train_loss: 1.0201, train_acc: 0.4921, dev_loss: 1.0577, dev_acc: 0.4310, time: 0.9
2025-08-08 03:47:16,462 - root - Epoch 15: train_loss: 1.0185, train_acc: 0.4949, dev_loss: 1.0584, dev_acc: 0.4253, time: 0.9
2025-08-08 03:47:17,407 - root - Epoch 16: train_loss: 1.0201, train_acc: 0.5036, dev_loss: 1.0585, dev_acc: 0.4253, time: 0.9
2025-08-08 03:47:18,352 - root - Epoch 17: train_loss: 1.0181, train_acc: 0.5065, dev_loss: 1.0600, dev_acc: 0.4368, time: 0.9
2025-08-08 03:47:19,292 - root - Epoch 18: train_loss: 1.0169, train_acc: 0.4993, dev_loss: 1.0595, dev_acc: 0.4253, time: 0.9
2025-08-08 03:47:20,232 - root - Epoch 19: train_loss: 1.0160, train_acc: 0.4993, dev_loss: 1.0604, dev_acc: 0.4368, time: 0.9
2025-08-08 03:47:21,177 - root - Epoch 20: train_loss: 1.0154, train_acc: 0.5022, dev_loss: 1.0607, dev_acc: 0.4368, time: 0.9
2025-08-08 03:47:22,112 - root - Epoch 21: train_loss: 1.0148, train_acc: 0.5022, dev_loss: 1.0608, dev_acc: 0.4368, time: 0.9
2025-08-08 03:47:23,060 - root - Epoch 22: train_loss: 1.0134, train_acc: 0.5051, dev_loss: 1.0608, dev_acc: 0.4425, time: 0.9
2025-08-08 03:47:23,999 - root - Epoch 23: train_loss: 1.0138, train_acc: 0.5036, dev_loss: 1.0606, dev_acc: 0.4425, time: 0.9
2025-08-08 03:47:24,949 - root - Epoch 24: train_loss: 1.0143, train_acc: 0.5051, dev_loss: 1.0610, dev_acc: 0.4483, time: 0.9
2025-08-08 03:47:25,896 - root - Epoch 25: train_loss: 1.0135, train_acc: 0.5079, dev_loss: 1.0609, dev_acc: 0.4425, time: 0.9
2025-08-08 03:47:26,844 - root - Epoch 26: train_loss: 1.0116, train_acc: 0.5065, dev_loss: 1.0608, dev_acc: 0.4425, time: 0.9
2025-08-08 03:47:27,781 - root - Epoch 27: train_loss: 1.0126, train_acc: 0.5065, dev_loss: 1.0611, dev_acc: 0.4483, time: 0.9
2025-08-08 03:47:28,713 - root - Epoch 28: train_loss: 1.0118, train_acc: 0.5094, dev_loss: 1.0612, dev_acc: 0.4483, time: 0.9
2025-08-08 03:47:29,643 - root - Epoch 29: train_loss: 1.0098, train_acc: 0.5079, dev_loss: 1.0612, dev_acc: 0.4540, time: 0.9
2025-08-08 03:47:30,588 - root - Epoch 30: train_loss: 1.0119, train_acc: 0.5094, dev_loss: 1.0613, dev_acc: 0.4540, time: 0.9
2025-08-08 03:47:31,530 - root - Epoch 31: train_loss: 1.0120, train_acc: 0.5079, dev_loss: 1.0616, dev_acc: 0.4540, time: 0.9
2025-08-08 03:47:32,475 - root - Epoch 32: train_loss: 1.0120, train_acc: 0.5079, dev_loss: 1.0615, dev_acc: 0.4483, time: 0.9
2025-08-08 03:47:33,413 - root - Epoch 33: train_loss: 1.0107, train_acc: 0.5079, dev_loss: 1.0616, dev_acc: 0.4540, time: 0.9
2025-08-08 03:47:34,355 - root - Epoch 34: train_loss: 1.0086, train_acc: 0.5079, dev_loss: 1.0618, dev_acc: 0.4540, time: 0.9
2025-08-08 03:47:35,293 - root - Epoch 35: train_loss: 1.0097, train_acc: 0.5079, dev_loss: 1.0617, dev_acc: 0.4540, time: 0.9
2025-08-08 03:47:36,233 - root - Epoch 36: train_loss: 1.0103, train_acc: 0.5079, dev_loss: 1.0618, dev_acc: 0.4540, time: 0.9
2025-08-08 03:47:37,168 - root - Epoch 37: train_loss: 1.0084, train_acc: 0.5079, dev_loss: 1.0618, dev_acc: 0.4540, time: 0.9
2025-08-08 03:47:38,117 - root - Epoch 38: train_loss: 1.0102, train_acc: 0.5079, dev_loss: 1.0618, dev_acc: 0.4540, time: 0.9
2025-08-08 03:47:39,052 - root - Epoch 39: train_loss: 1.0117, train_acc: 0.5079, dev_loss: 1.0619, dev_acc: 0.4483, time: 0.9
2025-08-08 03:47:39,987 - root - Epoch 40: train_loss: 1.0115, train_acc: 0.5079, dev_loss: 1.0619, dev_acc: 0.4540, time: 0.9
2025-08-08 03:47:40,919 - root - Epoch 41: train_loss: 1.0104, train_acc: 0.5079, dev_loss: 1.0619, dev_acc: 0.4540, time: 0.9
2025-08-08 03:47:41,866 - root - Epoch 42: train_loss: 1.0084, train_acc: 0.5079, dev_loss: 1.0619, dev_acc: 0.4540, time: 0.9
2025-08-08 03:47:42,800 - root - Epoch 43: train_loss: 1.0096, train_acc: 0.5079, dev_loss: 1.0620, dev_acc: 0.4540, time: 0.9
2025-08-08 03:47:43,730 - root - Epoch 44: train_loss: 1.0111, train_acc: 0.5079, dev_loss: 1.0619, dev_acc: 0.4540, time: 0.9
2025-08-08 03:47:44,671 - root - Epoch 45: train_loss: 1.0111, train_acc: 0.5079, dev_loss: 1.0620, dev_acc: 0.4540, time: 0.9
2025-08-08 03:47:45,610 - root - Epoch 46: train_loss: 1.0114, train_acc: 0.5079, dev_loss: 1.0620, dev_acc: 0.4540, time: 0.9
2025-08-08 03:47:46,546 - root - Epoch 47: train_loss: 1.0089, train_acc: 0.5079, dev_loss: 1.0619, dev_acc: 0.4540, time: 0.9
2025-08-08 03:47:47,488 - root - Epoch 48: train_loss: 1.0105, train_acc: 0.5079, dev_loss: 1.0619, dev_acc: 0.4540, time: 0.9
2025-08-08 03:47:48,428 - root - Epoch 49: train_loss: 1.0086, train_acc: 0.5079, dev_loss: 1.0619, dev_acc: 0.4540, time: 0.9
2025-08-08 03:47:49,365 - root - Epoch 50: train_loss: 1.0094, train_acc: 0.5079, dev_loss: 1.0619, dev_acc: 0.4540, time: 0.9
2025-08-08 03:47:50,292 - root - Epoch 51: train_loss: 1.0099, train_acc: 0.5079, dev_loss: 1.0620, dev_acc: 0.4540, time: 0.9
2025-08-08 03:47:51,232 - root - Epoch 52: train_loss: 1.0078, train_acc: 0.5079, dev_loss: 1.0620, dev_acc: 0.4540, time: 0.9
2025-08-08 03:47:52,181 - root - Epoch 53: train_loss: 1.0090, train_acc: 0.5079, dev_loss: 1.0620, dev_acc: 0.4540, time: 0.9
2025-08-08 03:47:53,166 - root - Epoch 54: train_loss: 1.0078, train_acc: 0.5079, dev_loss: 1.0620, dev_acc: 0.4540, time: 1.0
2025-08-08 03:47:54,141 - root - Epoch 55: train_loss: 1.0081, train_acc: 0.5079, dev_loss: 1.0620, dev_acc: 0.4540, time: 1.0
2025-08-08 03:47:55,111 - root - Epoch 56: train_loss: 1.0090, train_acc: 0.5079, dev_loss: 1.0620, dev_acc: 0.4540, time: 1.0
2025-08-08 03:47:56,056 - root - Epoch 57: train_loss: 1.0098, train_acc: 0.5079, dev_loss: 1.0620, dev_acc: 0.4540, time: 0.9
2025-08-08 03:47:56,990 - root - Epoch 58: train_loss: 1.0118, train_acc: 0.5079, dev_loss: 1.0620, dev_acc: 0.4540, time: 0.9
2025-08-08 03:47:57,916 - root - Epoch 59: train_loss: 1.0097, train_acc: 0.5079, dev_loss: 1.0620, dev_acc: 0.4540, time: 0.9
2025-08-08 03:47:58,860 - root - Epoch 60: train_loss: 1.0110, train_acc: 0.5079, dev_loss: 1.0620, dev_acc: 0.4540, time: 0.9
2025-08-08 03:47:59,800 - root - Epoch 61: train_loss: 1.0077, train_acc: 0.5079, dev_loss: 1.0620, dev_acc: 0.4540, time: 0.9
2025-08-08 03:48:00,746 - root - Epoch 62: train_loss: 1.0097, train_acc: 0.5079, dev_loss: 1.0620, dev_acc: 0.4540, time: 0.9
2025-08-08 03:48:01,682 - root - Epoch 63: train_loss: 1.0102, train_acc: 0.5079, dev_loss: 1.0620, dev_acc: 0.4540, time: 0.9
2025-08-08 03:48:02,622 - root - Epoch 64: train_loss: 1.0093, train_acc: 0.5079, dev_loss: 1.0620, dev_acc: 0.4540, time: 0.9
2025-08-08 03:48:03,555 - root - Epoch 65: train_loss: 1.0115, train_acc: 0.5079, dev_loss: 1.0620, dev_acc: 0.4540, time: 0.9
2025-08-08 03:48:04,505 - root - Epoch 66: train_loss: 1.0089, train_acc: 0.5079, dev_loss: 1.0620, dev_acc: 0.4540, time: 0.9
2025-08-08 03:48:05,450 - root - Epoch 67: train_loss: 1.0092, train_acc: 0.5079, dev_loss: 1.0620, dev_acc: 0.4540, time: 0.9
2025-08-08 03:48:06,396 - root - Epoch 68: train_loss: 1.0100, train_acc: 0.5079, dev_loss: 1.0620, dev_acc: 0.4540, time: 0.9
2025-08-08 03:48:07,341 - root - Epoch 69: train_loss: 1.0088, train_acc: 0.5079, dev_loss: 1.0620, dev_acc: 0.4540, time: 0.9
2025-08-08 03:48:08,272 - root - Epoch 70: train_loss: 1.0075, train_acc: 0.5079, dev_loss: 1.0620, dev_acc: 0.4540, time: 0.9
2025-08-08 03:48:09,209 - root - Epoch 71: train_loss: 1.0101, train_acc: 0.5079, dev_loss: 1.0620, dev_acc: 0.4540, time: 0.9
2025-08-08 03:48:10,159 - root - Epoch 72: train_loss: 1.0089, train_acc: 0.5079, dev_loss: 1.0620, dev_acc: 0.4540, time: 1.0
2025-08-08 03:48:11,100 - root - Epoch 73: train_loss: 1.0101, train_acc: 0.5079, dev_loss: 1.0620, dev_acc: 0.4540, time: 0.9
2025-08-08 03:48:12,045 - root - Epoch 74: train_loss: 1.0087, train_acc: 0.5079, dev_loss: 1.0620, dev_acc: 0.4540, time: 0.9
2025-08-08 03:48:12,981 - root - Epoch 75: train_loss: 1.0119, train_acc: 0.5079, dev_loss: 1.0620, dev_acc: 0.4540, time: 0.9
2025-08-08 03:48:13,931 - root - Epoch 76: train_loss: 1.0098, train_acc: 0.5079, dev_loss: 1.0620, dev_acc: 0.4540, time: 0.9
2025-08-08 03:48:14,887 - root - Epoch 77: train_loss: 1.0106, train_acc: 0.5079, dev_loss: 1.0620, dev_acc: 0.4540, time: 1.0
2025-08-08 03:48:15,829 - root - Epoch 78: train_loss: 1.0097, train_acc: 0.5079, dev_loss: 1.0620, dev_acc: 0.4540, time: 0.9
2025-08-08 03:48:16,779 - root - Epoch 79: train_loss: 1.0075, train_acc: 0.5079, dev_loss: 1.0620, dev_acc: 0.4540, time: 0.9
2025-08-08 03:48:16,779 - root - Early Stopped. best_epoch: 29. best_dev_acc: 0.4540229885057471

2025-08-08 03:48:17,024 - root - test_loss: 1.044277548789978, test_acc: 0.4608294930875576, f1_weighted: 0.4275214620877618
2025-08-08 03:48:17,101 - root - Training on cuda
2025-08-08 03:48:18,026 - root - Epoch 1: train_loss: 1.0177, train_acc: 0.5065, dev_loss: 1.0836, dev_acc: 0.4310, time: 0.9
2025-08-08 03:48:18,967 - root - Epoch 2: train_loss: 1.0172, train_acc: 0.5065, dev_loss: 1.0836, dev_acc: 0.4310, time: 0.9
2025-08-08 03:48:19,900 - root - Epoch 3: train_loss: 1.0175, train_acc: 0.5065, dev_loss: 1.0836, dev_acc: 0.4310, time: 0.9
2025-08-08 03:48:20,841 - root - Epoch 4: train_loss: 1.0177, train_acc: 0.5065, dev_loss: 1.0836, dev_acc: 0.4310, time: 0.9
2025-08-08 03:48:21,792 - root - Epoch 5: train_loss: 1.0193, train_acc: 0.5065, dev_loss: 1.0836, dev_acc: 0.4310, time: 1.0
2025-08-08 03:48:22,733 - root - Epoch 6: train_loss: 1.0185, train_acc: 0.5065, dev_loss: 1.0836, dev_acc: 0.4310, time: 0.9
2025-08-08 03:48:23,681 - root - Epoch 7: train_loss: 1.0171, train_acc: 0.5065, dev_loss: 1.0836, dev_acc: 0.4310, time: 0.9
2025-08-08 03:48:24,624 - root - Epoch 8: train_loss: 1.0184, train_acc: 0.5065, dev_loss: 1.0836, dev_acc: 0.4310, time: 0.9
2025-08-08 03:48:25,560 - root - Epoch 9: train_loss: 1.0185, train_acc: 0.5065, dev_loss: 1.0836, dev_acc: 0.4310, time: 0.9
2025-08-08 03:48:26,501 - root - Epoch 10: train_loss: 1.0180, train_acc: 0.5065, dev_loss: 1.0836, dev_acc: 0.4310, time: 0.9
2025-08-08 03:48:27,444 - root - Epoch 11: train_loss: 1.0162, train_acc: 0.5065, dev_loss: 1.0836, dev_acc: 0.4310, time: 0.9
2025-08-08 03:48:28,387 - root - Epoch 12: train_loss: 1.0177, train_acc: 0.5065, dev_loss: 1.0836, dev_acc: 0.4310, time: 0.9
2025-08-08 03:48:29,322 - root - Epoch 13: train_loss: 1.0179, train_acc: 0.5065, dev_loss: 1.0836, dev_acc: 0.4310, time: 0.9
2025-08-08 03:48:30,268 - root - Epoch 14: train_loss: 1.0177, train_acc: 0.5065, dev_loss: 1.0836, dev_acc: 0.4310, time: 0.9
2025-08-08 03:48:31,226 - root - Epoch 15: train_loss: 1.0193, train_acc: 0.5065, dev_loss: 1.0836, dev_acc: 0.4310, time: 1.0
2025-08-08 03:48:32,180 - root - Epoch 16: train_loss: 1.0173, train_acc: 0.5065, dev_loss: 1.0836, dev_acc: 0.4310, time: 1.0
2025-08-08 03:48:33,130 - root - Epoch 17: train_loss: 1.0178, train_acc: 0.5065, dev_loss: 1.0836, dev_acc: 0.4310, time: 0.9
2025-08-08 03:48:34,067 - root - Epoch 18: train_loss: 1.0163, train_acc: 0.5065, dev_loss: 1.0836, dev_acc: 0.4310, time: 0.9
2025-08-08 03:48:35,012 - root - Epoch 19: train_loss: 1.0192, train_acc: 0.5065, dev_loss: 1.0836, dev_acc: 0.4310, time: 0.9
2025-08-08 03:48:35,965 - root - Epoch 20: train_loss: 1.0174, train_acc: 0.5065, dev_loss: 1.0836, dev_acc: 0.4310, time: 1.0
2025-08-08 03:48:36,906 - root - Epoch 21: train_loss: 1.0187, train_acc: 0.5065, dev_loss: 1.0836, dev_acc: 0.4310, time: 0.9
2025-08-08 03:48:37,845 - root - Epoch 22: train_loss: 1.0185, train_acc: 0.5065, dev_loss: 1.0836, dev_acc: 0.4310, time: 0.9
2025-08-08 03:48:38,786 - root - Epoch 23: train_loss: 1.0171, train_acc: 0.5065, dev_loss: 1.0836, dev_acc: 0.4310, time: 0.9
2025-08-08 03:48:39,725 - root - Epoch 24: train_loss: 1.0165, train_acc: 0.5065, dev_loss: 1.0836, dev_acc: 0.4310, time: 0.9
2025-08-08 03:48:40,666 - root - Epoch 25: train_loss: 1.0183, train_acc: 0.5065, dev_loss: 1.0836, dev_acc: 0.4310, time: 0.9
2025-08-08 03:48:41,603 - root - Epoch 26: train_loss: 1.0168, train_acc: 0.5065, dev_loss: 1.0836, dev_acc: 0.4310, time: 0.9
2025-08-08 03:48:42,558 - root - Epoch 27: train_loss: 1.0179, train_acc: 0.5065, dev_loss: 1.0836, dev_acc: 0.4310, time: 1.0
2025-08-08 03:48:43,506 - root - Epoch 28: train_loss: 1.0174, train_acc: 0.5065, dev_loss: 1.0836, dev_acc: 0.4310, time: 0.9
2025-08-08 03:48:44,447 - root - Epoch 29: train_loss: 1.0187, train_acc: 0.5065, dev_loss: 1.0836, dev_acc: 0.4310, time: 0.9
2025-08-08 03:48:45,406 - root - Epoch 30: train_loss: 1.0196, train_acc: 0.5065, dev_loss: 1.0836, dev_acc: 0.4310, time: 1.0
2025-08-08 03:48:46,351 - root - Epoch 31: train_loss: 1.0162, train_acc: 0.5065, dev_loss: 1.0836, dev_acc: 0.4310, time: 0.9
2025-08-08 03:48:47,296 - root - Epoch 32: train_loss: 1.0170, train_acc: 0.5065, dev_loss: 1.0836, dev_acc: 0.4310, time: 0.9
2025-08-08 03:48:48,242 - root - Epoch 33: train_loss: 1.0165, train_acc: 0.5065, dev_loss: 1.0836, dev_acc: 0.4310, time: 0.9
2025-08-08 03:48:49,185 - root - Epoch 34: train_loss: 1.0170, train_acc: 0.5065, dev_loss: 1.0836, dev_acc: 0.4310, time: 0.9
2025-08-08 03:48:50,126 - root - Epoch 35: train_loss: 1.0196, train_acc: 0.5065, dev_loss: 1.0836, dev_acc: 0.4310, time: 0.9
2025-08-08 03:48:51,061 - root - Epoch 36: train_loss: 1.0178, train_acc: 0.5065, dev_loss: 1.0836, dev_acc: 0.4310, time: 0.9
2025-08-08 03:48:52,005 - root - Epoch 37: train_loss: 1.0189, train_acc: 0.5065, dev_loss: 1.0836, dev_acc: 0.4310, time: 0.9
2025-08-08 03:48:52,954 - root - Epoch 38: train_loss: 1.0156, train_acc: 0.5065, dev_loss: 1.0836, dev_acc: 0.4310, time: 0.9
2025-08-08 03:48:53,905 - root - Epoch 39: train_loss: 1.0174, train_acc: 0.5065, dev_loss: 1.0836, dev_acc: 0.4310, time: 0.9
2025-08-08 03:48:54,862 - root - Epoch 40: train_loss: 1.0187, train_acc: 0.5065, dev_loss: 1.0836, dev_acc: 0.4310, time: 1.0
2025-08-08 03:48:55,800 - root - Epoch 41: train_loss: 1.0185, train_acc: 0.5065, dev_loss: 1.0836, dev_acc: 0.4310, time: 0.9
2025-08-08 03:48:56,741 - root - Epoch 42: train_loss: 1.0182, train_acc: 0.5065, dev_loss: 1.0836, dev_acc: 0.4310, time: 0.9
2025-08-08 03:48:57,684 - root - Epoch 43: train_loss: 1.0187, train_acc: 0.5065, dev_loss: 1.0836, dev_acc: 0.4310, time: 0.9
2025-08-08 03:48:58,632 - root - Epoch 44: train_loss: 1.0176, train_acc: 0.5065, dev_loss: 1.0836, dev_acc: 0.4310, time: 0.9
2025-08-08 03:48:59,585 - root - Epoch 45: train_loss: 1.0187, train_acc: 0.5065, dev_loss: 1.0836, dev_acc: 0.4310, time: 1.0
2025-08-08 03:49:00,533 - root - Epoch 46: train_loss: 1.0155, train_acc: 0.5065, dev_loss: 1.0836, dev_acc: 0.4310, time: 0.9
2025-08-08 03:49:01,470 - root - Epoch 47: train_loss: 1.0188, train_acc: 0.5065, dev_loss: 1.0836, dev_acc: 0.4310, time: 0.9
2025-08-08 03:49:02,413 - root - Epoch 48: train_loss: 1.0174, train_acc: 0.5065, dev_loss: 1.0836, dev_acc: 0.4310, time: 0.9
2025-08-08 03:49:03,364 - root - Epoch 49: train_loss: 1.0182, train_acc: 0.5065, dev_loss: 1.0836, dev_acc: 0.4310, time: 0.9
2025-08-08 03:49:04,304 - root - Epoch 50: train_loss: 1.0182, train_acc: 0.5065, dev_loss: 1.0836, dev_acc: 0.4310, time: 0.9
2025-08-08 03:49:05,244 - root - Epoch 51: train_loss: 1.0161, train_acc: 0.5065, dev_loss: 1.0836, dev_acc: 0.4310, time: 0.9
2025-08-08 03:49:05,245 - root - Early Stopped. best_epoch: 1. best_dev_acc: 0.43103448275862066

2025-08-08 03:49:05,488 - root - test_loss: 1.0121787786483765, test_acc: 0.48847926267281105, f1_weighted: 0.45605508519987137
2025-08-08 03:49:05,567 - root - Training on cuda
2025-08-08 03:49:06,511 - root - Epoch 1: train_loss: 1.0211, train_acc: 0.4877, dev_loss: 1.0920, dev_acc: 0.4195, time: 0.9
2025-08-08 03:49:07,455 - root - Epoch 2: train_loss: 1.0243, train_acc: 0.4877, dev_loss: 1.0920, dev_acc: 0.4195, time: 0.9
2025-08-08 03:49:08,397 - root - Epoch 3: train_loss: 1.0208, train_acc: 0.4877, dev_loss: 1.0920, dev_acc: 0.4195, time: 0.9
2025-08-08 03:49:09,342 - root - Epoch 4: train_loss: 1.0224, train_acc: 0.4877, dev_loss: 1.0920, dev_acc: 0.4195, time: 0.9
2025-08-08 03:49:10,281 - root - Epoch 5: train_loss: 1.0205, train_acc: 0.4877, dev_loss: 1.0920, dev_acc: 0.4195, time: 0.9
2025-08-08 03:49:11,221 - root - Epoch 6: train_loss: 1.0226, train_acc: 0.4877, dev_loss: 1.0920, dev_acc: 0.4195, time: 0.9
2025-08-08 03:49:12,154 - root - Epoch 7: train_loss: 1.0206, train_acc: 0.4877, dev_loss: 1.0920, dev_acc: 0.4195, time: 0.9
2025-08-08 03:49:13,096 - root - Epoch 8: train_loss: 1.0253, train_acc: 0.4877, dev_loss: 1.0920, dev_acc: 0.4195, time: 0.9
2025-08-08 03:49:14,034 - root - Epoch 9: train_loss: 1.0232, train_acc: 0.4877, dev_loss: 1.0920, dev_acc: 0.4195, time: 0.9
2025-08-08 03:49:14,969 - root - Epoch 10: train_loss: 1.0212, train_acc: 0.4877, dev_loss: 1.0920, dev_acc: 0.4195, time: 0.9
2025-08-08 03:49:15,916 - root - Epoch 11: train_loss: 1.0222, train_acc: 0.4877, dev_loss: 1.0920, dev_acc: 0.4195, time: 0.9
2025-08-08 03:49:16,858 - root - Epoch 12: train_loss: 1.0223, train_acc: 0.4877, dev_loss: 1.0920, dev_acc: 0.4195, time: 0.9
2025-08-08 03:49:17,808 - root - Epoch 13: train_loss: 1.0238, train_acc: 0.4877, dev_loss: 1.0920, dev_acc: 0.4195, time: 0.9
2025-08-08 03:49:18,756 - root - Epoch 14: train_loss: 1.0222, train_acc: 0.4877, dev_loss: 1.0920, dev_acc: 0.4195, time: 0.9
2025-08-08 03:49:19,684 - root - Epoch 15: train_loss: 1.0226, train_acc: 0.4877, dev_loss: 1.0920, dev_acc: 0.4195, time: 0.9
2025-08-08 03:49:20,610 - root - Epoch 16: train_loss: 1.0222, train_acc: 0.4877, dev_loss: 1.0920, dev_acc: 0.4195, time: 0.9
2025-08-08 03:49:21,547 - root - Epoch 17: train_loss: 1.0230, train_acc: 0.4877, dev_loss: 1.0920, dev_acc: 0.4195, time: 0.9
2025-08-08 03:49:22,498 - root - Epoch 18: train_loss: 1.0205, train_acc: 0.4877, dev_loss: 1.0920, dev_acc: 0.4195, time: 1.0
2025-08-08 03:49:23,436 - root - Epoch 19: train_loss: 1.0221, train_acc: 0.4877, dev_loss: 1.0920, dev_acc: 0.4195, time: 0.9
2025-08-08 03:49:24,371 - root - Epoch 20: train_loss: 1.0227, train_acc: 0.4877, dev_loss: 1.0920, dev_acc: 0.4195, time: 0.9
2025-08-08 03:49:25,320 - root - Epoch 21: train_loss: 1.0225, train_acc: 0.4877, dev_loss: 1.0920, dev_acc: 0.4195, time: 0.9
2025-08-08 03:49:26,259 - root - Epoch 22: train_loss: 1.0220, train_acc: 0.4877, dev_loss: 1.0920, dev_acc: 0.4195, time: 0.9
2025-08-08 03:49:27,219 - root - Epoch 23: train_loss: 1.0218, train_acc: 0.4877, dev_loss: 1.0920, dev_acc: 0.4195, time: 1.0
2025-08-08 03:49:28,153 - root - Epoch 24: train_loss: 1.0216, train_acc: 0.4877, dev_loss: 1.0920, dev_acc: 0.4195, time: 0.9
2025-08-08 03:49:29,092 - root - Epoch 25: train_loss: 1.0223, train_acc: 0.4877, dev_loss: 1.0920, dev_acc: 0.4195, time: 0.9
2025-08-08 03:49:30,016 - root - Epoch 26: train_loss: 1.0195, train_acc: 0.4877, dev_loss: 1.0920, dev_acc: 0.4195, time: 0.9
2025-08-08 03:49:30,953 - root - Epoch 27: train_loss: 1.0209, train_acc: 0.4877, dev_loss: 1.0920, dev_acc: 0.4195, time: 0.9
2025-08-08 03:49:31,898 - root - Epoch 28: train_loss: 1.0217, train_acc: 0.4877, dev_loss: 1.0920, dev_acc: 0.4195, time: 0.9
2025-08-08 03:49:32,834 - root - Epoch 29: train_loss: 1.0221, train_acc: 0.4877, dev_loss: 1.0920, dev_acc: 0.4195, time: 0.9
2025-08-08 03:49:33,769 - root - Epoch 30: train_loss: 1.0211, train_acc: 0.4877, dev_loss: 1.0920, dev_acc: 0.4195, time: 0.9
2025-08-08 03:49:34,721 - root - Epoch 31: train_loss: 1.0212, train_acc: 0.4877, dev_loss: 1.0920, dev_acc: 0.4195, time: 1.0
2025-08-08 03:49:35,659 - root - Epoch 32: train_loss: 1.0218, train_acc: 0.4877, dev_loss: 1.0920, dev_acc: 0.4195, time: 0.9
2025-08-08 03:49:36,608 - root - Epoch 33: train_loss: 1.0216, train_acc: 0.4877, dev_loss: 1.0920, dev_acc: 0.4195, time: 0.9
2025-08-08 03:49:37,546 - root - Epoch 34: train_loss: 1.0221, train_acc: 0.4877, dev_loss: 1.0920, dev_acc: 0.4195, time: 0.9
2025-08-08 03:49:38,493 - root - Epoch 35: train_loss: 1.0216, train_acc: 0.4877, dev_loss: 1.0920, dev_acc: 0.4195, time: 0.9
2025-08-08 03:49:39,440 - root - Epoch 36: train_loss: 1.0218, train_acc: 0.4877, dev_loss: 1.0920, dev_acc: 0.4195, time: 0.9
2025-08-08 03:49:40,375 - root - Epoch 37: train_loss: 1.0215, train_acc: 0.4877, dev_loss: 1.0920, dev_acc: 0.4195, time: 0.9
2025-08-08 03:49:41,337 - root - Epoch 38: train_loss: 1.0219, train_acc: 0.4877, dev_loss: 1.0920, dev_acc: 0.4195, time: 1.0
2025-08-08 03:49:42,287 - root - Epoch 39: train_loss: 1.0225, train_acc: 0.4877, dev_loss: 1.0920, dev_acc: 0.4195, time: 0.9
2025-08-08 03:49:43,226 - root - Epoch 40: train_loss: 1.0216, train_acc: 0.4877, dev_loss: 1.0920, dev_acc: 0.4195, time: 0.9
2025-08-08 03:49:44,165 - root - Epoch 41: train_loss: 1.0208, train_acc: 0.4877, dev_loss: 1.0920, dev_acc: 0.4195, time: 0.9
2025-08-08 03:49:45,107 - root - Epoch 42: train_loss: 1.0214, train_acc: 0.4877, dev_loss: 1.0920, dev_acc: 0.4195, time: 0.9
2025-08-08 03:49:46,069 - root - Epoch 43: train_loss: 1.0219, train_acc: 0.4877, dev_loss: 1.0920, dev_acc: 0.4195, time: 1.0
2025-08-08 03:49:47,008 - root - Epoch 44: train_loss: 1.0226, train_acc: 0.4877, dev_loss: 1.0920, dev_acc: 0.4195, time: 0.9
2025-08-08 03:49:47,958 - root - Epoch 45: train_loss: 1.0221, train_acc: 0.4877, dev_loss: 1.0920, dev_acc: 0.4195, time: 0.9
2025-08-08 03:49:48,893 - root - Epoch 46: train_loss: 1.0225, train_acc: 0.4877, dev_loss: 1.0920, dev_acc: 0.4195, time: 0.9
2025-08-08 03:49:49,839 - root - Epoch 47: train_loss: 1.0219, train_acc: 0.4877, dev_loss: 1.0920, dev_acc: 0.4195, time: 0.9
2025-08-08 03:49:50,788 - root - Epoch 48: train_loss: 1.0225, train_acc: 0.4877, dev_loss: 1.0920, dev_acc: 0.4195, time: 0.9
2025-08-08 03:49:51,735 - root - Epoch 49: train_loss: 1.0224, train_acc: 0.4877, dev_loss: 1.0920, dev_acc: 0.4195, time: 0.9
2025-08-08 03:49:52,680 - root - Epoch 50: train_loss: 1.0223, train_acc: 0.4877, dev_loss: 1.0920, dev_acc: 0.4195, time: 0.9
2025-08-08 03:49:53,646 - root - Epoch 51: train_loss: 1.0252, train_acc: 0.4877, dev_loss: 1.0920, dev_acc: 0.4195, time: 1.0
2025-08-08 03:49:53,647 - root - Early Stopped. best_epoch: 1. best_dev_acc: 0.41954022988505746

2025-08-08 03:49:53,894 - root - test_loss: 0.9996530413627625, test_acc: 0.5576036866359447, f1_weighted: 0.538317935601467
2025-08-08 03:49:53,971 - root - Training on cuda
2025-08-08 03:49:54,916 - root - Epoch 1: train_loss: 1.0247, train_acc: 0.4986, dev_loss: 1.0553, dev_acc: 0.4655, time: 0.9
2025-08-08 03:49:55,866 - root - Epoch 2: train_loss: 1.0251, train_acc: 0.4986, dev_loss: 1.0553, dev_acc: 0.4655, time: 0.9
2025-08-08 03:49:56,811 - root - Epoch 3: train_loss: 1.0239, train_acc: 0.4986, dev_loss: 1.0553, dev_acc: 0.4655, time: 0.9
2025-08-08 03:49:57,754 - root - Epoch 4: train_loss: 1.0233, train_acc: 0.4986, dev_loss: 1.0553, dev_acc: 0.4655, time: 0.9
2025-08-08 03:49:58,702 - root - Epoch 5: train_loss: 1.0214, train_acc: 0.4986, dev_loss: 1.0553, dev_acc: 0.4655, time: 0.9
2025-08-08 03:49:59,645 - root - Epoch 6: train_loss: 1.0254, train_acc: 0.4986, dev_loss: 1.0553, dev_acc: 0.4655, time: 0.9
2025-08-08 03:50:00,588 - root - Epoch 7: train_loss: 1.0249, train_acc: 0.4986, dev_loss: 1.0553, dev_acc: 0.4655, time: 0.9
2025-08-08 03:50:01,535 - root - Epoch 8: train_loss: 1.0242, train_acc: 0.4986, dev_loss: 1.0553, dev_acc: 0.4655, time: 0.9
2025-08-08 03:50:02,491 - root - Epoch 9: train_loss: 1.0245, train_acc: 0.4986, dev_loss: 1.0553, dev_acc: 0.4655, time: 1.0
2025-08-08 03:50:03,422 - root - Epoch 10: train_loss: 1.0223, train_acc: 0.4986, dev_loss: 1.0553, dev_acc: 0.4655, time: 0.9
2025-08-08 03:50:04,369 - root - Epoch 11: train_loss: 1.0240, train_acc: 0.4986, dev_loss: 1.0553, dev_acc: 0.4655, time: 0.9
2025-08-08 03:50:05,300 - root - Epoch 12: train_loss: 1.0252, train_acc: 0.4986, dev_loss: 1.0553, dev_acc: 0.4655, time: 0.9
2025-08-08 03:50:06,242 - root - Epoch 13: train_loss: 1.0230, train_acc: 0.4986, dev_loss: 1.0553, dev_acc: 0.4655, time: 0.9
2025-08-08 03:50:07,182 - root - Epoch 14: train_loss: 1.0242, train_acc: 0.4986, dev_loss: 1.0553, dev_acc: 0.4655, time: 0.9
2025-08-08 03:50:08,115 - root - Epoch 15: train_loss: 1.0237, train_acc: 0.4986, dev_loss: 1.0553, dev_acc: 0.4655, time: 0.9
2025-08-08 03:50:09,043 - root - Epoch 16: train_loss: 1.0221, train_acc: 0.4986, dev_loss: 1.0553, dev_acc: 0.4655, time: 0.9
2025-08-08 03:50:09,973 - root - Epoch 17: train_loss: 1.0237, train_acc: 0.4986, dev_loss: 1.0553, dev_acc: 0.4655, time: 0.9
2025-08-08 03:50:10,908 - root - Epoch 18: train_loss: 1.0239, train_acc: 0.4986, dev_loss: 1.0553, dev_acc: 0.4655, time: 0.9
2025-08-08 03:50:11,848 - root - Epoch 19: train_loss: 1.0237, train_acc: 0.4986, dev_loss: 1.0553, dev_acc: 0.4655, time: 0.9
2025-08-08 03:50:12,777 - root - Epoch 20: train_loss: 1.0221, train_acc: 0.4986, dev_loss: 1.0553, dev_acc: 0.4655, time: 0.9
2025-08-08 03:50:13,707 - root - Epoch 21: train_loss: 1.0227, train_acc: 0.4986, dev_loss: 1.0553, dev_acc: 0.4655, time: 0.9
2025-08-08 03:50:14,645 - root - Epoch 22: train_loss: 1.0241, train_acc: 0.4986, dev_loss: 1.0553, dev_acc: 0.4655, time: 0.9
2025-08-08 03:50:15,581 - root - Epoch 23: train_loss: 1.0252, train_acc: 0.4986, dev_loss: 1.0553, dev_acc: 0.4655, time: 0.9
2025-08-08 03:50:16,516 - root - Epoch 24: train_loss: 1.0230, train_acc: 0.4986, dev_loss: 1.0553, dev_acc: 0.4655, time: 0.9
2025-08-08 03:50:17,461 - root - Epoch 25: train_loss: 1.0247, train_acc: 0.4986, dev_loss: 1.0553, dev_acc: 0.4655, time: 0.9
2025-08-08 03:50:18,407 - root - Epoch 26: train_loss: 1.0268, train_acc: 0.4986, dev_loss: 1.0553, dev_acc: 0.4655, time: 0.9
2025-08-08 03:50:19,340 - root - Epoch 27: train_loss: 1.0229, train_acc: 0.4986, dev_loss: 1.0553, dev_acc: 0.4655, time: 0.9
2025-08-08 03:50:20,273 - root - Epoch 28: train_loss: 1.0252, train_acc: 0.4986, dev_loss: 1.0553, dev_acc: 0.4655, time: 0.9
2025-08-08 03:50:21,218 - root - Epoch 29: train_loss: 1.0228, train_acc: 0.4986, dev_loss: 1.0553, dev_acc: 0.4655, time: 0.9
2025-08-08 03:50:22,146 - root - Epoch 30: train_loss: 1.0247, train_acc: 0.4986, dev_loss: 1.0553, dev_acc: 0.4655, time: 0.9
2025-08-08 03:50:23,086 - root - Epoch 31: train_loss: 1.0262, train_acc: 0.4986, dev_loss: 1.0553, dev_acc: 0.4655, time: 0.9
2025-08-08 03:50:24,026 - root - Epoch 32: train_loss: 1.0240, train_acc: 0.4986, dev_loss: 1.0553, dev_acc: 0.4655, time: 0.9
2025-08-08 03:50:24,964 - root - Epoch 33: train_loss: 1.0239, train_acc: 0.4986, dev_loss: 1.0553, dev_acc: 0.4655, time: 0.9
2025-08-08 03:50:25,921 - root - Epoch 34: train_loss: 1.0250, train_acc: 0.4986, dev_loss: 1.0553, dev_acc: 0.4655, time: 1.0
2025-08-08 03:50:26,861 - root - Epoch 35: train_loss: 1.0250, train_acc: 0.4986, dev_loss: 1.0553, dev_acc: 0.4655, time: 0.9
2025-08-08 03:50:27,802 - root - Epoch 36: train_loss: 1.0251, train_acc: 0.4986, dev_loss: 1.0553, dev_acc: 0.4655, time: 0.9
2025-08-08 03:50:28,735 - root - Epoch 37: train_loss: 1.0229, train_acc: 0.4986, dev_loss: 1.0553, dev_acc: 0.4655, time: 0.9
2025-08-08 03:50:29,675 - root - Epoch 38: train_loss: 1.0240, train_acc: 0.4986, dev_loss: 1.0553, dev_acc: 0.4655, time: 0.9
2025-08-08 03:50:30,628 - root - Epoch 39: train_loss: 1.0224, train_acc: 0.4986, dev_loss: 1.0553, dev_acc: 0.4655, time: 1.0
2025-08-08 03:50:31,561 - root - Epoch 40: train_loss: 1.0235, train_acc: 0.4986, dev_loss: 1.0553, dev_acc: 0.4655, time: 0.9
2025-08-08 03:50:32,494 - root - Epoch 41: train_loss: 1.0243, train_acc: 0.4986, dev_loss: 1.0553, dev_acc: 0.4655, time: 0.9
2025-08-08 03:50:33,442 - root - Epoch 42: train_loss: 1.0226, train_acc: 0.4986, dev_loss: 1.0553, dev_acc: 0.4655, time: 0.9
2025-08-08 03:50:34,383 - root - Epoch 43: train_loss: 1.0231, train_acc: 0.4986, dev_loss: 1.0553, dev_acc: 0.4655, time: 0.9
2025-08-08 03:50:35,325 - root - Epoch 44: train_loss: 1.0238, train_acc: 0.4986, dev_loss: 1.0553, dev_acc: 0.4655, time: 0.9
2025-08-08 03:50:36,270 - root - Epoch 45: train_loss: 1.0228, train_acc: 0.4986, dev_loss: 1.0553, dev_acc: 0.4655, time: 0.9
2025-08-08 03:50:37,198 - root - Epoch 46: train_loss: 1.0230, train_acc: 0.4986, dev_loss: 1.0553, dev_acc: 0.4655, time: 0.9
2025-08-08 03:50:38,141 - root - Epoch 47: train_loss: 1.0243, train_acc: 0.4986, dev_loss: 1.0553, dev_acc: 0.4655, time: 0.9
2025-08-08 03:50:39,074 - root - Epoch 48: train_loss: 1.0262, train_acc: 0.4986, dev_loss: 1.0553, dev_acc: 0.4655, time: 0.9
2025-08-08 03:50:40,004 - root - Epoch 49: train_loss: 1.0242, train_acc: 0.4986, dev_loss: 1.0553, dev_acc: 0.4655, time: 0.9
2025-08-08 03:50:40,930 - root - Epoch 50: train_loss: 1.0250, train_acc: 0.4986, dev_loss: 1.0553, dev_acc: 0.4655, time: 0.9
2025-08-08 03:50:41,868 - root - Epoch 51: train_loss: 1.0230, train_acc: 0.4986, dev_loss: 1.0553, dev_acc: 0.4655, time: 0.9
2025-08-08 03:50:41,868 - root - Early Stopped. best_epoch: 1. best_dev_acc: 0.46551724137931033

2025-08-08 03:50:42,112 - root - test_loss: 1.0256774425506592, test_acc: 0.4861111111111111, f1_weighted: 0.4677186923879745
2025-08-08 03:51:55,072 - root - 

2025-08-08 03:51:55,072 - root - ==================== Start Training ====================
2025-08-08 03:51:55,072 - root - seed: 2023
2025-08-08 03:51:55,072 - root - model: Model(
  (fc): Sequential(
    (0): Linear(in_features=768, out_features=256, bias=True)
    (1): ReLU()
    (2): Linear(in_features=256, out_features=128, bias=True)
    (3): ReLU()
    (4): Linear(in_features=128, out_features=3, bias=True)
  )
)
2025-08-08 03:51:55,072 - root - batch_size: 32
2025-08-08 03:51:55,072 - root - n_epochs: 1000
2025-08-08 03:51:55,072 - root - lr: 0.001
2025-08-08 03:51:55,073 - root - early_stop: 50
2025-08-08 03:51:55,073 - root - loss_fn: CrossEntropyLoss()
2025-08-08 03:51:55,073 - root - optimizer: Adam (
Parameter Group 0
    amsgrad: False
    betas: (0.9, 0.999)
    capturable: False
    decoupled_weight_decay: False
    differentiable: False
    eps: 1e-08
    foreach: None
    fused: None
    lr: 0.001
    maximize: False
    weight_decay: 0
)
2025-08-08 03:51:55,073 - root - scheduler: <torch.optim.lr_scheduler.ReduceLROnPlateau object at 0x7e16f36583a0>
2025-08-08 03:51:55,366 - root - Training on cuda
2025-08-08 03:51:56,903 - root - Epoch 1: train_loss: 1.0971, train_acc: 0.3434, dev_loss: 1.0867, dev_acc: 0.4138, time: 1.5
2025-08-08 03:51:57,885 - root - Epoch 2: train_loss: 1.0721, train_acc: 0.4098, dev_loss: 1.0919, dev_acc: 0.4080, time: 1.0
2025-08-08 03:51:58,853 - root - Epoch 3: train_loss: 1.0603, train_acc: 0.4329, dev_loss: 1.0860, dev_acc: 0.4080, time: 1.0
2025-08-08 03:51:59,822 - root - Epoch 4: train_loss: 1.0563, train_acc: 0.4502, dev_loss: 1.0832, dev_acc: 0.4368, time: 1.0
2025-08-08 03:52:00,791 - root - Epoch 5: train_loss: 1.0498, train_acc: 0.4502, dev_loss: 1.0800, dev_acc: 0.4310, time: 1.0
2025-08-08 03:52:01,758 - root - Epoch 6: train_loss: 1.0459, train_acc: 0.4545, dev_loss: 1.0727, dev_acc: 0.4425, time: 1.0
2025-08-08 03:52:02,728 - root - Epoch 7: train_loss: 1.0388, train_acc: 0.4589, dev_loss: 1.0710, dev_acc: 0.4655, time: 1.0
2025-08-08 03:52:03,694 - root - Epoch 8: train_loss: 1.0355, train_acc: 0.4618, dev_loss: 1.0677, dev_acc: 0.4425, time: 1.0
2025-08-08 03:52:04,652 - root - Epoch 9: train_loss: 1.0208, train_acc: 0.4834, dev_loss: 1.0825, dev_acc: 0.4368, time: 1.0
2025-08-08 03:52:05,616 - root - Epoch 10: train_loss: 1.0109, train_acc: 0.5137, dev_loss: 1.0955, dev_acc: 0.4368, time: 1.0
2025-08-08 03:52:06,569 - root - Epoch 11: train_loss: 0.9934, train_acc: 0.5108, dev_loss: 1.0958, dev_acc: 0.4253, time: 1.0
2025-08-08 03:52:07,522 - root - Epoch 12: train_loss: 0.9809, train_acc: 0.5209, dev_loss: 1.1123, dev_acc: 0.4368, time: 1.0
2025-08-08 03:52:08,488 - root - Epoch 13: train_loss: 0.9649, train_acc: 0.5382, dev_loss: 1.1242, dev_acc: 0.4425, time: 1.0
2025-08-08 03:52:09,446 - root - Epoch 14: train_loss: 0.9471, train_acc: 0.5570, dev_loss: 1.1217, dev_acc: 0.4368, time: 1.0
2025-08-08 03:52:10,397 - root - Epoch 15: train_loss: 0.9190, train_acc: 0.5642, dev_loss: 1.1548, dev_acc: 0.4483, time: 1.0
2025-08-08 03:52:11,356 - root - Epoch 16: train_loss: 0.9031, train_acc: 0.5729, dev_loss: 1.2209, dev_acc: 0.4138, time: 1.0
2025-08-08 03:52:12,314 - root - Epoch 17: train_loss: 0.8818, train_acc: 0.6147, dev_loss: 1.2104, dev_acc: 0.4310, time: 1.0
2025-08-08 03:52:13,275 - root - Epoch 18: train_loss: 0.8542, train_acc: 0.6162, dev_loss: 1.2669, dev_acc: 0.3793, time: 1.0
2025-08-08 03:52:14,233 - root - Epoch 19: train_loss: 0.8251, train_acc: 0.6551, dev_loss: 1.2433, dev_acc: 0.4023, time: 1.0
2025-08-08 03:52:15,189 - root - Epoch 20: train_loss: 0.8010, train_acc: 0.6840, dev_loss: 1.2959, dev_acc: 0.4080, time: 1.0
2025-08-08 03:52:16,150 - root - Epoch 21: train_loss: 0.7780, train_acc: 0.6797, dev_loss: 1.3814, dev_acc: 0.4483, time: 1.0
2025-08-08 03:52:17,114 - root - Epoch 22: train_loss: 0.7665, train_acc: 0.6739, dev_loss: 1.3416, dev_acc: 0.4023, time: 1.0
2025-08-08 03:52:18,075 - root - Epoch 23: train_loss: 0.7113, train_acc: 0.7258, dev_loss: 1.3881, dev_acc: 0.3908, time: 1.0
2025-08-08 03:52:19,030 - root - Epoch 24: train_loss: 0.6937, train_acc: 0.7330, dev_loss: 1.3802, dev_acc: 0.3793, time: 1.0
2025-08-08 03:52:19,986 - root - Epoch 25: train_loss: 0.6751, train_acc: 0.7431, dev_loss: 1.4433, dev_acc: 0.3678, time: 1.0
2025-08-08 03:52:20,949 - root - Epoch 26: train_loss: 0.6642, train_acc: 0.7504, dev_loss: 1.4584, dev_acc: 0.3621, time: 1.0
2025-08-08 03:52:21,908 - root - Epoch 27: train_loss: 0.6305, train_acc: 0.7662, dev_loss: 1.4385, dev_acc: 0.4023, time: 1.0
2025-08-08 03:52:22,869 - root - Epoch 28: train_loss: 0.6125, train_acc: 0.7590, dev_loss: 1.5140, dev_acc: 0.3793, time: 1.0
2025-08-08 03:52:23,830 - root - Epoch 29: train_loss: 0.5662, train_acc: 0.7763, dev_loss: 1.5080, dev_acc: 0.3966, time: 1.0
2025-08-08 03:52:24,786 - root - Epoch 30: train_loss: 0.5432, train_acc: 0.8023, dev_loss: 1.5357, dev_acc: 0.3851, time: 1.0
2025-08-08 03:52:25,736 - root - Epoch 31: train_loss: 0.5103, train_acc: 0.8240, dev_loss: 1.5837, dev_acc: 0.4253, time: 1.0
2025-08-08 03:52:26,692 - root - Epoch 32: train_loss: 0.4773, train_acc: 0.8442, dev_loss: 1.5848, dev_acc: 0.3563, time: 1.0
2025-08-08 03:52:27,651 - root - Epoch 33: train_loss: 0.4680, train_acc: 0.8326, dev_loss: 1.6358, dev_acc: 0.3793, time: 1.0
2025-08-08 03:52:28,612 - root - Epoch 34: train_loss: 0.4319, train_acc: 0.8528, dev_loss: 1.7109, dev_acc: 0.4023, time: 1.0
2025-08-08 03:52:29,571 - root - Epoch 35: train_loss: 0.4149, train_acc: 0.8687, dev_loss: 1.7654, dev_acc: 0.4023, time: 1.0
2025-08-08 03:52:30,529 - root - Epoch 36: train_loss: 0.4055, train_acc: 0.8687, dev_loss: 1.7824, dev_acc: 0.3851, time: 1.0
2025-08-08 03:52:31,482 - root - Epoch 37: train_loss: 0.3712, train_acc: 0.8817, dev_loss: 1.7945, dev_acc: 0.3736, time: 1.0
2025-08-08 03:52:32,441 - root - Epoch 38: train_loss: 0.3590, train_acc: 0.8773, dev_loss: 1.9110, dev_acc: 0.3678, time: 1.0
2025-08-08 03:52:33,392 - root - Epoch 39: train_loss: 0.3333, train_acc: 0.8990, dev_loss: 1.9215, dev_acc: 0.3621, time: 1.0
2025-08-08 03:52:34,349 - root - Epoch 40: train_loss: 0.3076, train_acc: 0.9221, dev_loss: 1.8916, dev_acc: 0.4195, time: 1.0
2025-08-08 03:52:35,297 - root - Epoch 41: train_loss: 0.2896, train_acc: 0.9206, dev_loss: 2.0346, dev_acc: 0.3678, time: 0.9
2025-08-08 03:52:36,251 - root - Epoch 42: train_loss: 0.2619, train_acc: 0.9495, dev_loss: 1.9631, dev_acc: 0.3908, time: 1.0
2025-08-08 03:52:37,205 - root - Epoch 43: train_loss: 0.2434, train_acc: 0.9481, dev_loss: 2.0306, dev_acc: 0.3908, time: 1.0
2025-08-08 03:52:38,159 - root - Epoch 44: train_loss: 0.2247, train_acc: 0.9610, dev_loss: 2.1126, dev_acc: 0.3966, time: 1.0
2025-08-08 03:52:39,102 - root - Epoch 45: train_loss: 0.2015, train_acc: 0.9683, dev_loss: 2.1870, dev_acc: 0.3908, time: 0.9
2025-08-08 03:52:40,061 - root - Epoch 46: train_loss: 0.1933, train_acc: 0.9740, dev_loss: 2.2547, dev_acc: 0.3736, time: 1.0
2025-08-08 03:52:41,010 - root - Epoch 47: train_loss: 0.1942, train_acc: 0.9639, dev_loss: 2.2539, dev_acc: 0.4023, time: 0.9
2025-08-08 03:52:41,959 - root - Epoch 48: train_loss: 0.1706, train_acc: 0.9784, dev_loss: 2.4043, dev_acc: 0.3621, time: 0.9
2025-08-08 03:52:42,914 - root - Epoch 49: train_loss: 0.1587, train_acc: 0.9726, dev_loss: 2.4200, dev_acc: 0.3793, time: 1.0
2025-08-08 03:52:43,865 - root - Epoch 50: train_loss: 0.1361, train_acc: 0.9841, dev_loss: 2.5399, dev_acc: 0.4023, time: 1.0
2025-08-08 03:52:44,801 - root - Epoch 51: train_loss: 0.1226, train_acc: 0.9885, dev_loss: 2.5378, dev_acc: 0.3851, time: 0.9
2025-08-08 03:52:45,749 - root - Epoch 52: train_loss: 0.1167, train_acc: 0.9899, dev_loss: 2.4363, dev_acc: 0.3966, time: 0.9
2025-08-08 03:52:46,706 - root - Epoch 53: train_loss: 0.0999, train_acc: 0.9971, dev_loss: 2.6069, dev_acc: 0.3908, time: 1.0
2025-08-08 03:52:47,652 - root - Epoch 54: train_loss: 0.0918, train_acc: 0.9957, dev_loss: 2.7004, dev_acc: 0.3966, time: 0.9
2025-08-08 03:52:48,593 - root - Epoch 55: train_loss: 0.0878, train_acc: 0.9986, dev_loss: 2.6812, dev_acc: 0.3966, time: 0.9
2025-08-08 03:52:49,542 - root - Epoch 56: train_loss: 0.0828, train_acc: 0.9942, dev_loss: 2.7918, dev_acc: 0.3908, time: 0.9
2025-08-08 03:52:50,493 - root - Epoch 57: train_loss: 0.0863, train_acc: 0.9928, dev_loss: 2.6513, dev_acc: 0.3908, time: 1.0
2025-08-08 03:52:50,494 - root - Early Stopped. best_epoch: 7. best_dev_acc: 0.46551724137931033

2025-08-08 03:52:50,739 - root - test_loss: 1.0761244297027588, test_acc: 0.41013824884792627, f1_weighted: 0.3639554965416092
2025-08-08 03:52:50,822 - root - Training on cuda
2025-08-08 03:52:51,767 - root - Epoch 1: train_loss: 1.0479, train_acc: 0.4531, dev_loss: 1.0432, dev_acc: 0.4368, time: 0.9
2025-08-08 03:52:52,712 - root - Epoch 2: train_loss: 1.0438, train_acc: 0.4603, dev_loss: 1.0463, dev_acc: 0.4310, time: 0.9
2025-08-08 03:52:53,663 - root - Epoch 3: train_loss: 1.0435, train_acc: 0.4733, dev_loss: 1.0503, dev_acc: 0.4253, time: 1.0
2025-08-08 03:52:54,609 - root - Epoch 4: train_loss: 1.0398, train_acc: 0.4820, dev_loss: 1.0507, dev_acc: 0.4253, time: 0.9
2025-08-08 03:52:55,559 - root - Epoch 5: train_loss: 1.0349, train_acc: 0.4762, dev_loss: 1.0519, dev_acc: 0.4195, time: 0.9
2025-08-08 03:52:56,509 - root - Epoch 6: train_loss: 1.0334, train_acc: 0.4820, dev_loss: 1.0536, dev_acc: 0.4138, time: 0.9
2025-08-08 03:52:57,460 - root - Epoch 7: train_loss: 1.0305, train_acc: 0.4820, dev_loss: 1.0544, dev_acc: 0.4195, time: 1.0
2025-08-08 03:52:58,417 - root - Epoch 8: train_loss: 1.0313, train_acc: 0.4834, dev_loss: 1.0554, dev_acc: 0.4253, time: 1.0
2025-08-08 03:52:59,383 - root - Epoch 9: train_loss: 1.0295, train_acc: 0.4820, dev_loss: 1.0548, dev_acc: 0.4080, time: 1.0
2025-08-08 03:53:00,375 - root - Epoch 10: train_loss: 1.0265, train_acc: 0.4820, dev_loss: 1.0551, dev_acc: 0.4080, time: 1.0
2025-08-08 03:53:01,340 - root - Epoch 11: train_loss: 1.0249, train_acc: 0.4863, dev_loss: 1.0554, dev_acc: 0.4253, time: 1.0
2025-08-08 03:53:02,287 - root - Epoch 12: train_loss: 1.0225, train_acc: 0.4921, dev_loss: 1.0569, dev_acc: 0.4195, time: 0.9
2025-08-08 03:53:03,242 - root - Epoch 13: train_loss: 1.0203, train_acc: 0.4892, dev_loss: 1.0576, dev_acc: 0.4195, time: 1.0
2025-08-08 03:53:04,201 - root - Epoch 14: train_loss: 1.0201, train_acc: 0.4921, dev_loss: 1.0577, dev_acc: 0.4310, time: 1.0
2025-08-08 03:53:05,156 - root - Epoch 15: train_loss: 1.0185, train_acc: 0.4949, dev_loss: 1.0584, dev_acc: 0.4253, time: 1.0
2025-08-08 03:53:06,103 - root - Epoch 16: train_loss: 1.0201, train_acc: 0.5036, dev_loss: 1.0585, dev_acc: 0.4253, time: 0.9
2025-08-08 03:53:07,041 - root - Epoch 17: train_loss: 1.0181, train_acc: 0.5065, dev_loss: 1.0600, dev_acc: 0.4368, time: 0.9
2025-08-08 03:53:07,976 - root - Epoch 18: train_loss: 1.0169, train_acc: 0.4993, dev_loss: 1.0595, dev_acc: 0.4253, time: 0.9
2025-08-08 03:53:08,916 - root - Epoch 19: train_loss: 1.0160, train_acc: 0.4993, dev_loss: 1.0604, dev_acc: 0.4368, time: 0.9
2025-08-08 03:53:09,857 - root - Epoch 20: train_loss: 1.0154, train_acc: 0.5022, dev_loss: 1.0607, dev_acc: 0.4368, time: 0.9
2025-08-08 03:53:10,792 - root - Epoch 21: train_loss: 1.0148, train_acc: 0.5022, dev_loss: 1.0608, dev_acc: 0.4368, time: 0.9
2025-08-08 03:53:11,729 - root - Epoch 22: train_loss: 1.0134, train_acc: 0.5051, dev_loss: 1.0608, dev_acc: 0.4425, time: 0.9
2025-08-08 03:53:12,671 - root - Epoch 23: train_loss: 1.0138, train_acc: 0.5036, dev_loss: 1.0606, dev_acc: 0.4425, time: 0.9
2025-08-08 03:53:13,619 - root - Epoch 24: train_loss: 1.0143, train_acc: 0.5051, dev_loss: 1.0610, dev_acc: 0.4483, time: 0.9
2025-08-08 03:53:14,573 - root - Epoch 25: train_loss: 1.0135, train_acc: 0.5079, dev_loss: 1.0609, dev_acc: 0.4425, time: 1.0
2025-08-08 03:53:15,517 - root - Epoch 26: train_loss: 1.0116, train_acc: 0.5065, dev_loss: 1.0608, dev_acc: 0.4425, time: 0.9
2025-08-08 03:53:16,463 - root - Epoch 27: train_loss: 1.0126, train_acc: 0.5065, dev_loss: 1.0611, dev_acc: 0.4483, time: 0.9
2025-08-08 03:53:17,415 - root - Epoch 28: train_loss: 1.0118, train_acc: 0.5094, dev_loss: 1.0612, dev_acc: 0.4483, time: 1.0
2025-08-08 03:53:18,366 - root - Epoch 29: train_loss: 1.0098, train_acc: 0.5079, dev_loss: 1.0612, dev_acc: 0.4540, time: 0.9
2025-08-08 03:53:19,321 - root - Epoch 30: train_loss: 1.0119, train_acc: 0.5094, dev_loss: 1.0613, dev_acc: 0.4540, time: 1.0
2025-08-08 03:53:20,271 - root - Epoch 31: train_loss: 1.0120, train_acc: 0.5079, dev_loss: 1.0616, dev_acc: 0.4540, time: 1.0
2025-08-08 03:53:21,217 - root - Epoch 32: train_loss: 1.0120, train_acc: 0.5079, dev_loss: 1.0615, dev_acc: 0.4483, time: 0.9
2025-08-08 03:53:22,155 - root - Epoch 33: train_loss: 1.0107, train_acc: 0.5079, dev_loss: 1.0616, dev_acc: 0.4540, time: 0.9
2025-08-08 03:53:23,098 - root - Epoch 34: train_loss: 1.0086, train_acc: 0.5079, dev_loss: 1.0618, dev_acc: 0.4540, time: 0.9
2025-08-08 03:53:24,044 - root - Epoch 35: train_loss: 1.0097, train_acc: 0.5079, dev_loss: 1.0617, dev_acc: 0.4540, time: 0.9
2025-08-08 03:53:24,997 - root - Epoch 36: train_loss: 1.0103, train_acc: 0.5079, dev_loss: 1.0618, dev_acc: 0.4540, time: 1.0
2025-08-08 03:53:25,948 - root - Epoch 37: train_loss: 1.0084, train_acc: 0.5079, dev_loss: 1.0618, dev_acc: 0.4540, time: 1.0
2025-08-08 03:53:26,899 - root - Epoch 38: train_loss: 1.0102, train_acc: 0.5079, dev_loss: 1.0618, dev_acc: 0.4540, time: 1.0
2025-08-08 03:53:27,847 - root - Epoch 39: train_loss: 1.0117, train_acc: 0.5079, dev_loss: 1.0619, dev_acc: 0.4483, time: 0.9
2025-08-08 03:53:28,787 - root - Epoch 40: train_loss: 1.0115, train_acc: 0.5079, dev_loss: 1.0619, dev_acc: 0.4540, time: 0.9
2025-08-08 03:53:29,732 - root - Epoch 41: train_loss: 1.0104, train_acc: 0.5079, dev_loss: 1.0619, dev_acc: 0.4540, time: 0.9
2025-08-08 03:53:30,680 - root - Epoch 42: train_loss: 1.0084, train_acc: 0.5079, dev_loss: 1.0619, dev_acc: 0.4540, time: 0.9
2025-08-08 03:53:31,623 - root - Epoch 43: train_loss: 1.0096, train_acc: 0.5079, dev_loss: 1.0620, dev_acc: 0.4540, time: 0.9
2025-08-08 03:53:32,570 - root - Epoch 44: train_loss: 1.0111, train_acc: 0.5079, dev_loss: 1.0619, dev_acc: 0.4540, time: 0.9
2025-08-08 03:53:33,518 - root - Epoch 45: train_loss: 1.0111, train_acc: 0.5079, dev_loss: 1.0620, dev_acc: 0.4540, time: 0.9
2025-08-08 03:53:34,461 - root - Epoch 46: train_loss: 1.0114, train_acc: 0.5079, dev_loss: 1.0620, dev_acc: 0.4540, time: 0.9
2025-08-08 03:53:35,407 - root - Epoch 47: train_loss: 1.0089, train_acc: 0.5079, dev_loss: 1.0619, dev_acc: 0.4540, time: 0.9
2025-08-08 03:53:36,345 - root - Epoch 48: train_loss: 1.0105, train_acc: 0.5079, dev_loss: 1.0619, dev_acc: 0.4540, time: 0.9
2025-08-08 03:53:37,289 - root - Epoch 49: train_loss: 1.0086, train_acc: 0.5079, dev_loss: 1.0619, dev_acc: 0.4540, time: 0.9
2025-08-08 03:53:38,227 - root - Epoch 50: train_loss: 1.0094, train_acc: 0.5079, dev_loss: 1.0619, dev_acc: 0.4540, time: 0.9
2025-08-08 03:53:39,170 - root - Epoch 51: train_loss: 1.0099, train_acc: 0.5079, dev_loss: 1.0620, dev_acc: 0.4540, time: 0.9
2025-08-08 03:53:40,121 - root - Epoch 52: train_loss: 1.0078, train_acc: 0.5079, dev_loss: 1.0620, dev_acc: 0.4540, time: 1.0
2025-08-08 03:53:41,064 - root - Epoch 53: train_loss: 1.0090, train_acc: 0.5079, dev_loss: 1.0620, dev_acc: 0.4540, time: 0.9
2025-08-08 03:53:42,019 - root - Epoch 54: train_loss: 1.0078, train_acc: 0.5079, dev_loss: 1.0620, dev_acc: 0.4540, time: 1.0
2025-08-08 03:53:42,955 - root - Epoch 55: train_loss: 1.0081, train_acc: 0.5079, dev_loss: 1.0620, dev_acc: 0.4540, time: 0.9
2025-08-08 03:53:43,901 - root - Epoch 56: train_loss: 1.0090, train_acc: 0.5079, dev_loss: 1.0620, dev_acc: 0.4540, time: 0.9
2025-08-08 03:53:44,847 - root - Epoch 57: train_loss: 1.0098, train_acc: 0.5079, dev_loss: 1.0620, dev_acc: 0.4540, time: 0.9
2025-08-08 03:53:45,797 - root - Epoch 58: train_loss: 1.0118, train_acc: 0.5079, dev_loss: 1.0620, dev_acc: 0.4540, time: 0.9
2025-08-08 03:53:46,743 - root - Epoch 59: train_loss: 1.0097, train_acc: 0.5079, dev_loss: 1.0620, dev_acc: 0.4540, time: 0.9
2025-08-08 03:53:47,689 - root - Epoch 60: train_loss: 1.0110, train_acc: 0.5079, dev_loss: 1.0620, dev_acc: 0.4540, time: 0.9
2025-08-08 03:53:48,627 - root - Epoch 61: train_loss: 1.0077, train_acc: 0.5079, dev_loss: 1.0620, dev_acc: 0.4540, time: 0.9
2025-08-08 03:53:49,575 - root - Epoch 62: train_loss: 1.0097, train_acc: 0.5079, dev_loss: 1.0620, dev_acc: 0.4540, time: 0.9
2025-08-08 03:53:50,511 - root - Epoch 63: train_loss: 1.0102, train_acc: 0.5079, dev_loss: 1.0620, dev_acc: 0.4540, time: 0.9
2025-08-08 03:53:51,447 - root - Epoch 64: train_loss: 1.0093, train_acc: 0.5079, dev_loss: 1.0620, dev_acc: 0.4540, time: 0.9
2025-08-08 03:53:52,387 - root - Epoch 65: train_loss: 1.0115, train_acc: 0.5079, dev_loss: 1.0620, dev_acc: 0.4540, time: 0.9
2025-08-08 03:53:53,330 - root - Epoch 66: train_loss: 1.0089, train_acc: 0.5079, dev_loss: 1.0620, dev_acc: 0.4540, time: 0.9
2025-08-08 03:53:54,276 - root - Epoch 67: train_loss: 1.0092, train_acc: 0.5079, dev_loss: 1.0620, dev_acc: 0.4540, time: 0.9
2025-08-08 03:53:55,217 - root - Epoch 68: train_loss: 1.0100, train_acc: 0.5079, dev_loss: 1.0620, dev_acc: 0.4540, time: 0.9
2025-08-08 03:53:56,155 - root - Epoch 69: train_loss: 1.0088, train_acc: 0.5079, dev_loss: 1.0620, dev_acc: 0.4540, time: 0.9
2025-08-08 03:53:57,098 - root - Epoch 70: train_loss: 1.0075, train_acc: 0.5079, dev_loss: 1.0620, dev_acc: 0.4540, time: 0.9
2025-08-08 03:53:58,043 - root - Epoch 71: train_loss: 1.0101, train_acc: 0.5079, dev_loss: 1.0620, dev_acc: 0.4540, time: 0.9
2025-08-08 03:53:58,984 - root - Epoch 72: train_loss: 1.0089, train_acc: 0.5079, dev_loss: 1.0620, dev_acc: 0.4540, time: 0.9
2025-08-08 03:53:59,927 - root - Epoch 73: train_loss: 1.0101, train_acc: 0.5079, dev_loss: 1.0620, dev_acc: 0.4540, time: 0.9
2025-08-08 03:54:00,875 - root - Epoch 74: train_loss: 1.0087, train_acc: 0.5079, dev_loss: 1.0620, dev_acc: 0.4540, time: 0.9
2025-08-08 03:54:01,823 - root - Epoch 75: train_loss: 1.0119, train_acc: 0.5079, dev_loss: 1.0620, dev_acc: 0.4540, time: 0.9
2025-08-08 03:54:02,759 - root - Epoch 76: train_loss: 1.0098, train_acc: 0.5079, dev_loss: 1.0620, dev_acc: 0.4540, time: 0.9
2025-08-08 03:54:03,702 - root - Epoch 77: train_loss: 1.0106, train_acc: 0.5079, dev_loss: 1.0620, dev_acc: 0.4540, time: 0.9
2025-08-08 03:54:04,658 - root - Epoch 78: train_loss: 1.0097, train_acc: 0.5079, dev_loss: 1.0620, dev_acc: 0.4540, time: 1.0
2025-08-08 03:54:05,630 - root - Epoch 79: train_loss: 1.0075, train_acc: 0.5079, dev_loss: 1.0620, dev_acc: 0.4540, time: 1.0
2025-08-08 03:54:05,630 - root - Early Stopped. best_epoch: 29. best_dev_acc: 0.4540229885057471

2025-08-08 03:54:05,879 - root - test_loss: 1.044277548789978, test_acc: 0.4608294930875576, f1_weighted: 0.4275214620877618
2025-08-08 03:54:05,956 - root - Training on cuda
2025-08-08 03:54:06,931 - root - Epoch 1: train_loss: 1.0177, train_acc: 0.5065, dev_loss: 1.0836, dev_acc: 0.4310, time: 1.0
2025-08-08 03:54:07,902 - root - Epoch 2: train_loss: 1.0172, train_acc: 0.5065, dev_loss: 1.0836, dev_acc: 0.4310, time: 1.0
2025-08-08 03:54:08,856 - root - Epoch 3: train_loss: 1.0175, train_acc: 0.5065, dev_loss: 1.0836, dev_acc: 0.4310, time: 1.0
2025-08-08 03:54:09,801 - root - Epoch 4: train_loss: 1.0177, train_acc: 0.5065, dev_loss: 1.0836, dev_acc: 0.4310, time: 0.9
2025-08-08 03:54:10,742 - root - Epoch 5: train_loss: 1.0193, train_acc: 0.5065, dev_loss: 1.0836, dev_acc: 0.4310, time: 0.9
2025-08-08 03:54:11,675 - root - Epoch 6: train_loss: 1.0185, train_acc: 0.5065, dev_loss: 1.0836, dev_acc: 0.4310, time: 0.9
2025-08-08 03:54:12,610 - root - Epoch 7: train_loss: 1.0171, train_acc: 0.5065, dev_loss: 1.0836, dev_acc: 0.4310, time: 0.9
2025-08-08 03:54:13,550 - root - Epoch 8: train_loss: 1.0184, train_acc: 0.5065, dev_loss: 1.0836, dev_acc: 0.4310, time: 0.9
2025-08-08 03:54:14,491 - root - Epoch 9: train_loss: 1.0185, train_acc: 0.5065, dev_loss: 1.0836, dev_acc: 0.4310, time: 0.9
2025-08-08 03:54:15,433 - root - Epoch 10: train_loss: 1.0180, train_acc: 0.5065, dev_loss: 1.0836, dev_acc: 0.4310, time: 0.9
2025-08-08 03:54:16,375 - root - Epoch 11: train_loss: 1.0162, train_acc: 0.5065, dev_loss: 1.0836, dev_acc: 0.4310, time: 0.9
2025-08-08 03:54:17,325 - root - Epoch 12: train_loss: 1.0177, train_acc: 0.5065, dev_loss: 1.0836, dev_acc: 0.4310, time: 0.9
2025-08-08 03:54:18,265 - root - Epoch 13: train_loss: 1.0179, train_acc: 0.5065, dev_loss: 1.0836, dev_acc: 0.4310, time: 0.9
2025-08-08 03:54:19,216 - root - Epoch 14: train_loss: 1.0177, train_acc: 0.5065, dev_loss: 1.0836, dev_acc: 0.4310, time: 1.0
2025-08-08 03:54:20,168 - root - Epoch 15: train_loss: 1.0193, train_acc: 0.5065, dev_loss: 1.0836, dev_acc: 0.4310, time: 1.0
2025-08-08 03:54:21,107 - root - Epoch 16: train_loss: 1.0173, train_acc: 0.5065, dev_loss: 1.0836, dev_acc: 0.4310, time: 0.9
2025-08-08 03:54:22,042 - root - Epoch 17: train_loss: 1.0178, train_acc: 0.5065, dev_loss: 1.0836, dev_acc: 0.4310, time: 0.9
2025-08-08 03:54:22,989 - root - Epoch 18: train_loss: 1.0163, train_acc: 0.5065, dev_loss: 1.0836, dev_acc: 0.4310, time: 0.9
2025-08-08 03:54:23,927 - root - Epoch 19: train_loss: 1.0192, train_acc: 0.5065, dev_loss: 1.0836, dev_acc: 0.4310, time: 0.9
2025-08-08 03:54:24,865 - root - Epoch 20: train_loss: 1.0174, train_acc: 0.5065, dev_loss: 1.0836, dev_acc: 0.4310, time: 0.9
2025-08-08 03:54:25,798 - root - Epoch 21: train_loss: 1.0187, train_acc: 0.5065, dev_loss: 1.0836, dev_acc: 0.4310, time: 0.9
2025-08-08 03:54:26,756 - root - Epoch 22: train_loss: 1.0185, train_acc: 0.5065, dev_loss: 1.0836, dev_acc: 0.4310, time: 1.0
2025-08-08 03:54:27,700 - root - Epoch 23: train_loss: 1.0171, train_acc: 0.5065, dev_loss: 1.0836, dev_acc: 0.4310, time: 0.9
2025-08-08 03:54:28,632 - root - Epoch 24: train_loss: 1.0165, train_acc: 0.5065, dev_loss: 1.0836, dev_acc: 0.4310, time: 0.9
2025-08-08 03:54:29,589 - root - Epoch 25: train_loss: 1.0183, train_acc: 0.5065, dev_loss: 1.0836, dev_acc: 0.4310, time: 1.0
2025-08-08 03:54:30,522 - root - Epoch 26: train_loss: 1.0168, train_acc: 0.5065, dev_loss: 1.0836, dev_acc: 0.4310, time: 0.9
2025-08-08 03:54:31,474 - root - Epoch 27: train_loss: 1.0179, train_acc: 0.5065, dev_loss: 1.0836, dev_acc: 0.4310, time: 1.0
2025-08-08 03:54:32,412 - root - Epoch 28: train_loss: 1.0174, train_acc: 0.5065, dev_loss: 1.0836, dev_acc: 0.4310, time: 0.9
2025-08-08 03:54:33,350 - root - Epoch 29: train_loss: 1.0187, train_acc: 0.5065, dev_loss: 1.0836, dev_acc: 0.4310, time: 0.9
2025-08-08 03:54:34,305 - root - Epoch 30: train_loss: 1.0196, train_acc: 0.5065, dev_loss: 1.0836, dev_acc: 0.4310, time: 1.0
2025-08-08 03:54:35,248 - root - Epoch 31: train_loss: 1.0162, train_acc: 0.5065, dev_loss: 1.0836, dev_acc: 0.4310, time: 0.9
2025-08-08 03:54:36,202 - root - Epoch 32: train_loss: 1.0170, train_acc: 0.5065, dev_loss: 1.0836, dev_acc: 0.4310, time: 1.0
2025-08-08 03:54:37,149 - root - Epoch 33: train_loss: 1.0165, train_acc: 0.5065, dev_loss: 1.0836, dev_acc: 0.4310, time: 0.9
2025-08-08 03:54:38,097 - root - Epoch 34: train_loss: 1.0170, train_acc: 0.5065, dev_loss: 1.0836, dev_acc: 0.4310, time: 0.9
2025-08-08 03:54:39,041 - root - Epoch 35: train_loss: 1.0196, train_acc: 0.5065, dev_loss: 1.0836, dev_acc: 0.4310, time: 0.9
2025-08-08 03:54:39,972 - root - Epoch 36: train_loss: 1.0178, train_acc: 0.5065, dev_loss: 1.0836, dev_acc: 0.4310, time: 0.9
2025-08-08 03:54:40,912 - root - Epoch 37: train_loss: 1.0189, train_acc: 0.5065, dev_loss: 1.0836, dev_acc: 0.4310, time: 0.9
2025-08-08 03:54:41,854 - root - Epoch 38: train_loss: 1.0156, train_acc: 0.5065, dev_loss: 1.0836, dev_acc: 0.4310, time: 0.9
2025-08-08 03:54:42,802 - root - Epoch 39: train_loss: 1.0174, train_acc: 0.5065, dev_loss: 1.0836, dev_acc: 0.4310, time: 0.9
2025-08-08 03:54:43,750 - root - Epoch 40: train_loss: 1.0187, train_acc: 0.5065, dev_loss: 1.0836, dev_acc: 0.4310, time: 0.9
2025-08-08 03:54:44,700 - root - Epoch 41: train_loss: 1.0185, train_acc: 0.5065, dev_loss: 1.0836, dev_acc: 0.4310, time: 1.0
2025-08-08 03:54:45,653 - root - Epoch 42: train_loss: 1.0182, train_acc: 0.5065, dev_loss: 1.0836, dev_acc: 0.4310, time: 1.0
2025-08-08 03:54:46,593 - root - Epoch 43: train_loss: 1.0187, train_acc: 0.5065, dev_loss: 1.0836, dev_acc: 0.4310, time: 0.9
2025-08-08 03:54:47,536 - root - Epoch 44: train_loss: 1.0176, train_acc: 0.5065, dev_loss: 1.0836, dev_acc: 0.4310, time: 0.9
2025-08-08 03:54:48,486 - root - Epoch 45: train_loss: 1.0187, train_acc: 0.5065, dev_loss: 1.0836, dev_acc: 0.4310, time: 1.0
2025-08-08 03:54:49,437 - root - Epoch 46: train_loss: 1.0155, train_acc: 0.5065, dev_loss: 1.0836, dev_acc: 0.4310, time: 0.9
2025-08-08 03:54:50,385 - root - Epoch 47: train_loss: 1.0188, train_acc: 0.5065, dev_loss: 1.0836, dev_acc: 0.4310, time: 0.9
2025-08-08 03:54:51,327 - root - Epoch 48: train_loss: 1.0174, train_acc: 0.5065, dev_loss: 1.0836, dev_acc: 0.4310, time: 0.9
2025-08-08 03:54:52,272 - root - Epoch 49: train_loss: 1.0182, train_acc: 0.5065, dev_loss: 1.0836, dev_acc: 0.4310, time: 0.9
2025-08-08 03:54:53,218 - root - Epoch 50: train_loss: 1.0182, train_acc: 0.5065, dev_loss: 1.0836, dev_acc: 0.4310, time: 0.9
2025-08-08 03:54:54,158 - root - Epoch 51: train_loss: 1.0161, train_acc: 0.5065, dev_loss: 1.0836, dev_acc: 0.4310, time: 0.9
2025-08-08 03:54:54,158 - root - Early Stopped. best_epoch: 1. best_dev_acc: 0.43103448275862066

2025-08-08 03:54:54,407 - root - test_loss: 1.0121787786483765, test_acc: 0.48847926267281105, f1_weighted: 0.45605508519987137
2025-08-08 03:54:54,486 - root - Training on cuda
2025-08-08 03:54:55,442 - root - Epoch 1: train_loss: 1.0211, train_acc: 0.4877, dev_loss: 1.0920, dev_acc: 0.4195, time: 1.0
2025-08-08 03:54:56,386 - root - Epoch 2: train_loss: 1.0243, train_acc: 0.4877, dev_loss: 1.0920, dev_acc: 0.4195, time: 0.9
2025-08-08 03:54:57,335 - root - Epoch 3: train_loss: 1.0208, train_acc: 0.4877, dev_loss: 1.0920, dev_acc: 0.4195, time: 0.9
2025-08-08 03:54:58,286 - root - Epoch 4: train_loss: 1.0224, train_acc: 0.4877, dev_loss: 1.0920, dev_acc: 0.4195, time: 1.0
2025-08-08 03:54:59,228 - root - Epoch 5: train_loss: 1.0205, train_acc: 0.4877, dev_loss: 1.0920, dev_acc: 0.4195, time: 0.9
2025-08-08 03:55:00,174 - root - Epoch 6: train_loss: 1.0226, train_acc: 0.4877, dev_loss: 1.0920, dev_acc: 0.4195, time: 0.9
2025-08-08 03:55:01,119 - root - Epoch 7: train_loss: 1.0206, train_acc: 0.4877, dev_loss: 1.0920, dev_acc: 0.4195, time: 0.9
2025-08-08 03:55:02,066 - root - Epoch 8: train_loss: 1.0253, train_acc: 0.4877, dev_loss: 1.0920, dev_acc: 0.4195, time: 0.9
2025-08-08 03:55:03,007 - root - Epoch 9: train_loss: 1.0232, train_acc: 0.4877, dev_loss: 1.0920, dev_acc: 0.4195, time: 0.9
2025-08-08 03:55:03,956 - root - Epoch 10: train_loss: 1.0212, train_acc: 0.4877, dev_loss: 1.0920, dev_acc: 0.4195, time: 0.9
2025-08-08 03:55:04,902 - root - Epoch 11: train_loss: 1.0222, train_acc: 0.4877, dev_loss: 1.0920, dev_acc: 0.4195, time: 0.9
2025-08-08 03:55:05,842 - root - Epoch 12: train_loss: 1.0223, train_acc: 0.4877, dev_loss: 1.0920, dev_acc: 0.4195, time: 0.9
2025-08-08 03:55:06,782 - root - Epoch 13: train_loss: 1.0238, train_acc: 0.4877, dev_loss: 1.0920, dev_acc: 0.4195, time: 0.9
2025-08-08 03:55:07,725 - root - Epoch 14: train_loss: 1.0222, train_acc: 0.4877, dev_loss: 1.0920, dev_acc: 0.4195, time: 0.9
2025-08-08 03:55:08,668 - root - Epoch 15: train_loss: 1.0226, train_acc: 0.4877, dev_loss: 1.0920, dev_acc: 0.4195, time: 0.9
2025-08-08 03:55:09,606 - root - Epoch 16: train_loss: 1.0222, train_acc: 0.4877, dev_loss: 1.0920, dev_acc: 0.4195, time: 0.9
2025-08-08 03:55:10,552 - root - Epoch 17: train_loss: 1.0230, train_acc: 0.4877, dev_loss: 1.0920, dev_acc: 0.4195, time: 0.9
2025-08-08 03:55:11,500 - root - Epoch 18: train_loss: 1.0205, train_acc: 0.4877, dev_loss: 1.0920, dev_acc: 0.4195, time: 0.9
2025-08-08 03:55:12,448 - root - Epoch 19: train_loss: 1.0221, train_acc: 0.4877, dev_loss: 1.0920, dev_acc: 0.4195, time: 0.9
2025-08-08 03:55:13,398 - root - Epoch 20: train_loss: 1.0227, train_acc: 0.4877, dev_loss: 1.0920, dev_acc: 0.4195, time: 1.0
2025-08-08 03:55:14,341 - root - Epoch 21: train_loss: 1.0225, train_acc: 0.4877, dev_loss: 1.0920, dev_acc: 0.4195, time: 0.9
2025-08-08 03:55:15,284 - root - Epoch 22: train_loss: 1.0220, train_acc: 0.4877, dev_loss: 1.0920, dev_acc: 0.4195, time: 0.9
2025-08-08 03:55:16,235 - root - Epoch 23: train_loss: 1.0218, train_acc: 0.4877, dev_loss: 1.0920, dev_acc: 0.4195, time: 1.0
2025-08-08 03:55:17,185 - root - Epoch 24: train_loss: 1.0216, train_acc: 0.4877, dev_loss: 1.0920, dev_acc: 0.4195, time: 0.9
2025-08-08 03:55:18,138 - root - Epoch 25: train_loss: 1.0223, train_acc: 0.4877, dev_loss: 1.0920, dev_acc: 0.4195, time: 1.0
2025-08-08 03:55:19,076 - root - Epoch 26: train_loss: 1.0195, train_acc: 0.4877, dev_loss: 1.0920, dev_acc: 0.4195, time: 0.9
2025-08-08 03:55:20,019 - root - Epoch 27: train_loss: 1.0209, train_acc: 0.4877, dev_loss: 1.0920, dev_acc: 0.4195, time: 0.9
2025-08-08 03:55:20,959 - root - Epoch 28: train_loss: 1.0217, train_acc: 0.4877, dev_loss: 1.0920, dev_acc: 0.4195, time: 0.9
2025-08-08 03:55:21,897 - root - Epoch 29: train_loss: 1.0221, train_acc: 0.4877, dev_loss: 1.0920, dev_acc: 0.4195, time: 0.9
2025-08-08 03:55:22,855 - root - Epoch 30: train_loss: 1.0211, train_acc: 0.4877, dev_loss: 1.0920, dev_acc: 0.4195, time: 1.0
2025-08-08 03:55:23,792 - root - Epoch 31: train_loss: 1.0212, train_acc: 0.4877, dev_loss: 1.0920, dev_acc: 0.4195, time: 0.9
2025-08-08 03:55:24,737 - root - Epoch 32: train_loss: 1.0218, train_acc: 0.4877, dev_loss: 1.0920, dev_acc: 0.4195, time: 0.9
2025-08-08 03:55:25,690 - root - Epoch 33: train_loss: 1.0216, train_acc: 0.4877, dev_loss: 1.0920, dev_acc: 0.4195, time: 1.0
2025-08-08 03:55:26,633 - root - Epoch 34: train_loss: 1.0221, train_acc: 0.4877, dev_loss: 1.0920, dev_acc: 0.4195, time: 0.9
2025-08-08 03:55:27,586 - root - Epoch 35: train_loss: 1.0216, train_acc: 0.4877, dev_loss: 1.0920, dev_acc: 0.4195, time: 1.0
2025-08-08 03:55:28,541 - root - Epoch 36: train_loss: 1.0218, train_acc: 0.4877, dev_loss: 1.0920, dev_acc: 0.4195, time: 1.0
2025-08-08 03:55:29,488 - root - Epoch 37: train_loss: 1.0215, train_acc: 0.4877, dev_loss: 1.0920, dev_acc: 0.4195, time: 0.9
2025-08-08 03:55:30,436 - root - Epoch 38: train_loss: 1.0219, train_acc: 0.4877, dev_loss: 1.0920, dev_acc: 0.4195, time: 0.9
2025-08-08 03:55:31,379 - root - Epoch 39: train_loss: 1.0225, train_acc: 0.4877, dev_loss: 1.0920, dev_acc: 0.4195, time: 0.9
2025-08-08 03:55:32,327 - root - Epoch 40: train_loss: 1.0216, train_acc: 0.4877, dev_loss: 1.0920, dev_acc: 0.4195, time: 0.9
2025-08-08 03:55:33,275 - root - Epoch 41: train_loss: 1.0208, train_acc: 0.4877, dev_loss: 1.0920, dev_acc: 0.4195, time: 0.9
2025-08-08 03:55:34,217 - root - Epoch 42: train_loss: 1.0214, train_acc: 0.4877, dev_loss: 1.0920, dev_acc: 0.4195, time: 0.9
2025-08-08 03:55:35,155 - root - Epoch 43: train_loss: 1.0219, train_acc: 0.4877, dev_loss: 1.0920, dev_acc: 0.4195, time: 0.9
2025-08-08 03:55:36,108 - root - Epoch 44: train_loss: 1.0226, train_acc: 0.4877, dev_loss: 1.0920, dev_acc: 0.4195, time: 1.0
2025-08-08 03:55:37,056 - root - Epoch 45: train_loss: 1.0221, train_acc: 0.4877, dev_loss: 1.0920, dev_acc: 0.4195, time: 0.9
2025-08-08 03:55:38,009 - root - Epoch 46: train_loss: 1.0225, train_acc: 0.4877, dev_loss: 1.0920, dev_acc: 0.4195, time: 1.0
2025-08-08 03:55:38,962 - root - Epoch 47: train_loss: 1.0219, train_acc: 0.4877, dev_loss: 1.0920, dev_acc: 0.4195, time: 1.0
2025-08-08 03:55:39,912 - root - Epoch 48: train_loss: 1.0225, train_acc: 0.4877, dev_loss: 1.0920, dev_acc: 0.4195, time: 1.0
2025-08-08 03:55:40,853 - root - Epoch 49: train_loss: 1.0224, train_acc: 0.4877, dev_loss: 1.0920, dev_acc: 0.4195, time: 0.9
2025-08-08 03:55:41,796 - root - Epoch 50: train_loss: 1.0223, train_acc: 0.4877, dev_loss: 1.0920, dev_acc: 0.4195, time: 0.9
2025-08-08 03:55:42,746 - root - Epoch 51: train_loss: 1.0252, train_acc: 0.4877, dev_loss: 1.0920, dev_acc: 0.4195, time: 0.9
2025-08-08 03:55:42,746 - root - Early Stopped. best_epoch: 1. best_dev_acc: 0.41954022988505746

2025-08-08 03:55:42,993 - root - test_loss: 0.9996530413627625, test_acc: 0.5576036866359447, f1_weighted: 0.538317935601467
2025-08-08 03:55:43,070 - root - Training on cuda
2025-08-08 03:55:44,024 - root - Epoch 1: train_loss: 1.0247, train_acc: 0.4986, dev_loss: 1.0553, dev_acc: 0.4655, time: 1.0
2025-08-08 03:55:44,965 - root - Epoch 2: train_loss: 1.0251, train_acc: 0.4986, dev_loss: 1.0553, dev_acc: 0.4655, time: 0.9
2025-08-08 03:55:45,904 - root - Epoch 3: train_loss: 1.0239, train_acc: 0.4986, dev_loss: 1.0553, dev_acc: 0.4655, time: 0.9
2025-08-08 03:55:46,831 - root - Epoch 4: train_loss: 1.0233, train_acc: 0.4986, dev_loss: 1.0553, dev_acc: 0.4655, time: 0.9
2025-08-08 03:55:47,773 - root - Epoch 5: train_loss: 1.0214, train_acc: 0.4986, dev_loss: 1.0553, dev_acc: 0.4655, time: 0.9
2025-08-08 03:55:48,745 - root - Epoch 6: train_loss: 1.0254, train_acc: 0.4986, dev_loss: 1.0553, dev_acc: 0.4655, time: 1.0
2025-08-08 03:55:49,721 - root - Epoch 7: train_loss: 1.0249, train_acc: 0.4986, dev_loss: 1.0553, dev_acc: 0.4655, time: 1.0
2025-08-08 03:55:50,694 - root - Epoch 8: train_loss: 1.0242, train_acc: 0.4986, dev_loss: 1.0553, dev_acc: 0.4655, time: 1.0
2025-08-08 03:55:51,645 - root - Epoch 9: train_loss: 1.0245, train_acc: 0.4986, dev_loss: 1.0553, dev_acc: 0.4655, time: 1.0
2025-08-08 03:55:52,603 - root - Epoch 10: train_loss: 1.0223, train_acc: 0.4986, dev_loss: 1.0553, dev_acc: 0.4655, time: 1.0
2025-08-08 03:55:53,539 - root - Epoch 11: train_loss: 1.0240, train_acc: 0.4986, dev_loss: 1.0553, dev_acc: 0.4655, time: 0.9
2025-08-08 03:55:54,465 - root - Epoch 12: train_loss: 1.0252, train_acc: 0.4986, dev_loss: 1.0553, dev_acc: 0.4655, time: 0.9
2025-08-08 03:55:55,395 - root - Epoch 13: train_loss: 1.0230, train_acc: 0.4986, dev_loss: 1.0553, dev_acc: 0.4655, time: 0.9
2025-08-08 03:55:56,328 - root - Epoch 14: train_loss: 1.0242, train_acc: 0.4986, dev_loss: 1.0553, dev_acc: 0.4655, time: 0.9
2025-08-08 03:55:57,260 - root - Epoch 15: train_loss: 1.0237, train_acc: 0.4986, dev_loss: 1.0553, dev_acc: 0.4655, time: 0.9
2025-08-08 03:55:58,186 - root - Epoch 16: train_loss: 1.0221, train_acc: 0.4986, dev_loss: 1.0553, dev_acc: 0.4655, time: 0.9
2025-08-08 03:55:59,142 - root - Epoch 17: train_loss: 1.0237, train_acc: 0.4986, dev_loss: 1.0553, dev_acc: 0.4655, time: 1.0
2025-08-08 03:56:00,065 - root - Epoch 18: train_loss: 1.0239, train_acc: 0.4986, dev_loss: 1.0553, dev_acc: 0.4655, time: 0.9
2025-08-08 03:56:00,983 - root - Epoch 19: train_loss: 1.0237, train_acc: 0.4986, dev_loss: 1.0553, dev_acc: 0.4655, time: 0.9
2025-08-08 03:56:01,924 - root - Epoch 20: train_loss: 1.0221, train_acc: 0.4986, dev_loss: 1.0553, dev_acc: 0.4655, time: 0.9
2025-08-08 03:56:02,855 - root - Epoch 21: train_loss: 1.0227, train_acc: 0.4986, dev_loss: 1.0553, dev_acc: 0.4655, time: 0.9
2025-08-08 03:56:03,783 - root - Epoch 22: train_loss: 1.0241, train_acc: 0.4986, dev_loss: 1.0553, dev_acc: 0.4655, time: 0.9
2025-08-08 03:56:04,712 - root - Epoch 23: train_loss: 1.0252, train_acc: 0.4986, dev_loss: 1.0553, dev_acc: 0.4655, time: 0.9
2025-08-08 03:56:05,640 - root - Epoch 24: train_loss: 1.0230, train_acc: 0.4986, dev_loss: 1.0553, dev_acc: 0.4655, time: 0.9
2025-08-08 03:56:06,566 - root - Epoch 25: train_loss: 1.0247, train_acc: 0.4986, dev_loss: 1.0553, dev_acc: 0.4655, time: 0.9
2025-08-08 03:56:07,510 - root - Epoch 26: train_loss: 1.0268, train_acc: 0.4986, dev_loss: 1.0553, dev_acc: 0.4655, time: 0.9
2025-08-08 03:56:08,439 - root - Epoch 27: train_loss: 1.0229, train_acc: 0.4986, dev_loss: 1.0553, dev_acc: 0.4655, time: 0.9
2025-08-08 03:56:09,383 - root - Epoch 28: train_loss: 1.0252, train_acc: 0.4986, dev_loss: 1.0553, dev_acc: 0.4655, time: 0.9
2025-08-08 03:56:10,301 - root - Epoch 29: train_loss: 1.0228, train_acc: 0.4986, dev_loss: 1.0553, dev_acc: 0.4655, time: 0.9
2025-08-08 03:56:11,232 - root - Epoch 30: train_loss: 1.0247, train_acc: 0.4986, dev_loss: 1.0553, dev_acc: 0.4655, time: 0.9
2025-08-08 03:56:12,158 - root - Epoch 31: train_loss: 1.0262, train_acc: 0.4986, dev_loss: 1.0553, dev_acc: 0.4655, time: 0.9
2025-08-08 03:56:13,089 - root - Epoch 32: train_loss: 1.0240, train_acc: 0.4986, dev_loss: 1.0553, dev_acc: 0.4655, time: 0.9
2025-08-08 03:56:14,010 - root - Epoch 33: train_loss: 1.0239, train_acc: 0.4986, dev_loss: 1.0553, dev_acc: 0.4655, time: 0.9
2025-08-08 03:56:14,938 - root - Epoch 34: train_loss: 1.0250, train_acc: 0.4986, dev_loss: 1.0553, dev_acc: 0.4655, time: 0.9
2025-08-08 03:56:15,873 - root - Epoch 35: train_loss: 1.0250, train_acc: 0.4986, dev_loss: 1.0553, dev_acc: 0.4655, time: 0.9
2025-08-08 03:56:16,793 - root - Epoch 36: train_loss: 1.0251, train_acc: 0.4986, dev_loss: 1.0553, dev_acc: 0.4655, time: 0.9
2025-08-08 03:56:17,717 - root - Epoch 37: train_loss: 1.0229, train_acc: 0.4986, dev_loss: 1.0553, dev_acc: 0.4655, time: 0.9
2025-08-08 03:56:18,649 - root - Epoch 38: train_loss: 1.0240, train_acc: 0.4986, dev_loss: 1.0553, dev_acc: 0.4655, time: 0.9
2025-08-08 03:56:19,595 - root - Epoch 39: train_loss: 1.0224, train_acc: 0.4986, dev_loss: 1.0553, dev_acc: 0.4655, time: 0.9
2025-08-08 03:56:20,546 - root - Epoch 40: train_loss: 1.0235, train_acc: 0.4986, dev_loss: 1.0553, dev_acc: 0.4655, time: 1.0
2025-08-08 03:56:21,478 - root - Epoch 41: train_loss: 1.0243, train_acc: 0.4986, dev_loss: 1.0553, dev_acc: 0.4655, time: 0.9
2025-08-08 03:56:22,427 - root - Epoch 42: train_loss: 1.0226, train_acc: 0.4986, dev_loss: 1.0553, dev_acc: 0.4655, time: 0.9
2025-08-08 03:56:23,350 - root - Epoch 43: train_loss: 1.0231, train_acc: 0.4986, dev_loss: 1.0553, dev_acc: 0.4655, time: 0.9
2025-08-08 03:56:24,271 - root - Epoch 44: train_loss: 1.0238, train_acc: 0.4986, dev_loss: 1.0553, dev_acc: 0.4655, time: 0.9
2025-08-08 03:56:25,190 - root - Epoch 45: train_loss: 1.0228, train_acc: 0.4986, dev_loss: 1.0553, dev_acc: 0.4655, time: 0.9
2025-08-08 03:56:26,114 - root - Epoch 46: train_loss: 1.0230, train_acc: 0.4986, dev_loss: 1.0553, dev_acc: 0.4655, time: 0.9
2025-08-08 03:56:27,062 - root - Epoch 47: train_loss: 1.0243, train_acc: 0.4986, dev_loss: 1.0553, dev_acc: 0.4655, time: 0.9
2025-08-08 03:56:27,993 - root - Epoch 48: train_loss: 1.0262, train_acc: 0.4986, dev_loss: 1.0553, dev_acc: 0.4655, time: 0.9
2025-08-08 03:56:28,921 - root - Epoch 49: train_loss: 1.0242, train_acc: 0.4986, dev_loss: 1.0553, dev_acc: 0.4655, time: 0.9
2025-08-08 03:56:29,852 - root - Epoch 50: train_loss: 1.0250, train_acc: 0.4986, dev_loss: 1.0553, dev_acc: 0.4655, time: 0.9
2025-08-08 03:56:30,778 - root - Epoch 51: train_loss: 1.0230, train_acc: 0.4986, dev_loss: 1.0553, dev_acc: 0.4655, time: 0.9
2025-08-08 03:56:30,779 - root - Early Stopped. best_epoch: 1. best_dev_acc: 0.46551724137931033

2025-08-08 03:56:31,023 - root - test_loss: 1.0256774425506592, test_acc: 0.4861111111111111, f1_weighted: 0.4677186923879745
2025-08-08 03:59:42,679 - root - 

2025-08-08 03:59:42,679 - root - ==================== Start Training ====================
2025-08-08 03:59:42,679 - root - seed: 2023
2025-08-08 03:59:42,680 - root - model: Model(
  (fc): Sequential(
    (0): Linear(in_features=768, out_features=256, bias=True)
    (1): ReLU()
    (2): Linear(in_features=256, out_features=128, bias=True)
    (3): ReLU()
    (4): Linear(in_features=128, out_features=3, bias=True)
  )
)
2025-08-08 03:59:42,680 - root - batch_size: 32
2025-08-08 03:59:42,680 - root - n_epochs: 1000
2025-08-08 03:59:42,680 - root - lr: 0.001
2025-08-08 03:59:42,680 - root - early_stop: 50
2025-08-08 03:59:42,680 - root - loss_fn: CrossEntropyLoss()
2025-08-08 03:59:42,680 - root - optimizer: Adam (
Parameter Group 0
    amsgrad: False
    betas: (0.9, 0.999)
    capturable: False
    decoupled_weight_decay: False
    differentiable: False
    eps: 1e-08
    foreach: None
    fused: None
    lr: 0.001
    maximize: False
    weight_decay: 0
)
2025-08-08 03:59:42,680 - root - scheduler: <torch.optim.lr_scheduler.ReduceLROnPlateau object at 0x748791f3bd30>
2025-08-08 03:59:43,491 - root - Training on cuda
2025-08-08 03:59:45,058 - root - Epoch 1: train_loss: 1.0880, train_acc: 0.4127, dev_loss: 1.0810, dev_acc: 0.4138, time: 1.6
2025-08-08 03:59:46,076 - root - Epoch 2: train_loss: 1.0723, train_acc: 0.4170, dev_loss: 1.0723, dev_acc: 0.4425, time: 1.0
2025-08-08 03:59:47,079 - root - Epoch 3: train_loss: 1.0646, train_acc: 0.4055, dev_loss: 1.0794, dev_acc: 0.4080, time: 1.0
2025-08-08 03:59:48,086 - root - Epoch 4: train_loss: 1.0595, train_acc: 0.4343, dev_loss: 1.0845, dev_acc: 0.4483, time: 1.0
2025-08-08 03:59:49,095 - root - Epoch 5: train_loss: 1.0493, train_acc: 0.4329, dev_loss: 1.0811, dev_acc: 0.4195, time: 1.0
2025-08-08 03:59:50,095 - root - Epoch 6: train_loss: 1.0468, train_acc: 0.4675, dev_loss: 1.0702, dev_acc: 0.3908, time: 1.0
2025-08-08 03:59:51,111 - root - Epoch 7: train_loss: 1.0333, train_acc: 0.4762, dev_loss: 1.0757, dev_acc: 0.4425, time: 1.0
2025-08-08 03:59:52,121 - root - Epoch 8: train_loss: 1.0172, train_acc: 0.5079, dev_loss: 1.0900, dev_acc: 0.4023, time: 1.0
2025-08-08 03:59:53,124 - root - Epoch 9: train_loss: 1.0133, train_acc: 0.4935, dev_loss: 1.0777, dev_acc: 0.4368, time: 1.0
2025-08-08 03:59:54,082 - root - Epoch 10: train_loss: 0.9986, train_acc: 0.5224, dev_loss: 1.0820, dev_acc: 0.4195, time: 1.0
2025-08-08 03:59:55,027 - root - Epoch 11: train_loss: 0.9720, train_acc: 0.5152, dev_loss: 1.0803, dev_acc: 0.4253, time: 0.9
2025-08-08 03:59:55,965 - root - Epoch 12: train_loss: 0.9420, train_acc: 0.5541, dev_loss: 1.0861, dev_acc: 0.4425, time: 0.9
2025-08-08 03:59:56,923 - root - Epoch 13: train_loss: 0.9554, train_acc: 0.5541, dev_loss: 1.1101, dev_acc: 0.4138, time: 1.0
2025-08-08 03:59:57,882 - root - Epoch 14: train_loss: 0.9524, train_acc: 0.5628, dev_loss: 1.0816, dev_acc: 0.4310, time: 1.0
2025-08-08 03:59:58,829 - root - Epoch 15: train_loss: 0.9029, train_acc: 0.5815, dev_loss: 1.1167, dev_acc: 0.4368, time: 0.9
2025-08-08 03:59:59,773 - root - Epoch 16: train_loss: 0.8745, train_acc: 0.5960, dev_loss: 1.2013, dev_acc: 0.3851, time: 0.9
2025-08-08 04:00:00,744 - root - Epoch 17: train_loss: 0.8536, train_acc: 0.5945, dev_loss: 1.1295, dev_acc: 0.4138, time: 1.0
2025-08-08 04:00:01,713 - root - Epoch 18: train_loss: 0.8561, train_acc: 0.6133, dev_loss: 1.1893, dev_acc: 0.3851, time: 1.0
2025-08-08 04:00:02,661 - root - Epoch 19: train_loss: 0.8745, train_acc: 0.5859, dev_loss: 1.1834, dev_acc: 0.4023, time: 0.9
2025-08-08 04:00:03,611 - root - Epoch 20: train_loss: 0.8362, train_acc: 0.6277, dev_loss: 1.1716, dev_acc: 0.4310, time: 1.0
2025-08-08 04:00:04,616 - root - Epoch 21: train_loss: 0.7883, train_acc: 0.6580, dev_loss: 1.2307, dev_acc: 0.4310, time: 1.0
2025-08-08 04:00:05,625 - root - Epoch 22: train_loss: 0.7756, train_acc: 0.6623, dev_loss: 1.2045, dev_acc: 0.4540, time: 1.0
2025-08-08 04:00:06,623 - root - Epoch 23: train_loss: 0.7298, train_acc: 0.6999, dev_loss: 1.3910, dev_acc: 0.4253, time: 1.0
2025-08-08 04:00:07,585 - root - Epoch 24: train_loss: 0.7756, train_acc: 0.6623, dev_loss: 1.2120, dev_acc: 0.4368, time: 1.0
2025-08-08 04:00:08,541 - root - Epoch 25: train_loss: 0.7023, train_acc: 0.6984, dev_loss: 1.3518, dev_acc: 0.3563, time: 1.0
2025-08-08 04:00:09,477 - root - Epoch 26: train_loss: 0.6647, train_acc: 0.7100, dev_loss: 1.3139, dev_acc: 0.3793, time: 0.9
2025-08-08 04:00:10,417 - root - Epoch 27: train_loss: 0.6340, train_acc: 0.7316, dev_loss: 1.3746, dev_acc: 0.3736, time: 0.9
2025-08-08 04:00:11,363 - root - Epoch 28: train_loss: 0.6540, train_acc: 0.7258, dev_loss: 1.3049, dev_acc: 0.4368, time: 0.9
2025-08-08 04:00:12,314 - root - Epoch 29: train_loss: 0.5924, train_acc: 0.7807, dev_loss: 1.4258, dev_acc: 0.3966, time: 1.0
2025-08-08 04:00:13,270 - root - Epoch 30: train_loss: 0.5324, train_acc: 0.7850, dev_loss: 1.4957, dev_acc: 0.4195, time: 1.0
2025-08-08 04:00:14,207 - root - Epoch 31: train_loss: 0.4855, train_acc: 0.8225, dev_loss: 1.5671, dev_acc: 0.4310, time: 0.9
2025-08-08 04:00:15,146 - root - Epoch 32: train_loss: 0.5060, train_acc: 0.8196, dev_loss: 1.5750, dev_acc: 0.4368, time: 0.9
2025-08-08 04:00:16,073 - root - Epoch 33: train_loss: 0.4368, train_acc: 0.8384, dev_loss: 1.7008, dev_acc: 0.4195, time: 0.9
2025-08-08 04:00:17,017 - root - Epoch 34: train_loss: 0.4257, train_acc: 0.8369, dev_loss: 1.6573, dev_acc: 0.4023, time: 0.9
2025-08-08 04:00:17,946 - root - Epoch 35: train_loss: 0.3564, train_acc: 0.8701, dev_loss: 1.8316, dev_acc: 0.4253, time: 0.9
2025-08-08 04:00:18,650 - root - Epoch 36: train_loss: 0.4132, train_acc: 0.8326, dev_loss: 1.7626, dev_acc: 0.4368, time: 0.7
2025-08-08 04:00:19,361 - root - Epoch 37: train_loss: 0.3078, train_acc: 0.8947, dev_loss: 1.9003, dev_acc: 0.4195, time: 0.7
2025-08-08 04:00:19,961 - root - Epoch 38: train_loss: 0.3227, train_acc: 0.8759, dev_loss: 2.0417, dev_acc: 0.3908, time: 0.6
2025-08-08 04:00:20,858 - root - Epoch 39: train_loss: 0.3869, train_acc: 0.8470, dev_loss: 1.8869, dev_acc: 0.4023, time: 0.9
2025-08-08 04:00:21,790 - root - Epoch 40: train_loss: 0.3517, train_acc: 0.8470, dev_loss: 1.8446, dev_acc: 0.4138, time: 0.9
2025-08-08 04:00:22,723 - root - Epoch 41: train_loss: 0.2683, train_acc: 0.9120, dev_loss: 1.9723, dev_acc: 0.3966, time: 0.9
2025-08-08 04:00:23,660 - root - Epoch 42: train_loss: 0.2264, train_acc: 0.9192, dev_loss: 2.0694, dev_acc: 0.3966, time: 0.9
2025-08-08 04:00:24,600 - root - Epoch 43: train_loss: 0.2104, train_acc: 0.9278, dev_loss: 2.1758, dev_acc: 0.3793, time: 0.9
2025-08-08 04:00:25,530 - root - Epoch 44: train_loss: 0.1963, train_acc: 0.9322, dev_loss: 2.2585, dev_acc: 0.4368, time: 0.9
2025-08-08 04:00:26,465 - root - Epoch 45: train_loss: 0.2206, train_acc: 0.9264, dev_loss: 2.3324, dev_acc: 0.3908, time: 0.9
2025-08-08 04:00:27,403 - root - Epoch 46: train_loss: 0.2062, train_acc: 0.9221, dev_loss: 2.3097, dev_acc: 0.3966, time: 0.9
2025-08-08 04:00:50,005 - root - 

2025-08-08 04:00:50,005 - root - ==================== Start Training ====================
2025-08-08 04:00:50,005 - root - seed: 2023
2025-08-08 04:00:50,005 - root - model: Model(
  (fc): Sequential(
    (0): Linear(in_features=768, out_features=256, bias=True)
    (1): ReLU()
    (2): Linear(in_features=256, out_features=128, bias=True)
    (3): ReLU()
    (4): Linear(in_features=128, out_features=3, bias=True)
  )
)
2025-08-08 04:00:50,005 - root - batch_size: 32
2025-08-08 04:00:50,005 - root - n_epochs: 1000
2025-08-08 04:00:50,005 - root - lr: 0.001
2025-08-08 04:00:50,005 - root - early_stop: 50
2025-08-08 04:00:50,005 - root - loss_fn: CrossEntropyLoss()
2025-08-08 04:00:50,005 - root - optimizer: Adam (
Parameter Group 0
    amsgrad: False
    betas: (0.9, 0.999)
    capturable: False
    decoupled_weight_decay: False
    differentiable: False
    eps: 1e-08
    foreach: None
    fused: None
    lr: 0.001
    maximize: False
    weight_decay: 0
)
2025-08-08 04:00:50,006 - root - scheduler: <torch.optim.lr_scheduler.ReduceLROnPlateau object at 0x7df244540a60>
2025-08-08 04:00:50,811 - root - Training on cuda
2025-08-08 04:00:52,367 - root - Epoch 1: train_loss: 1.0880, train_acc: 0.4127, dev_loss: 1.0810, dev_acc: 0.4138, time: 1.6
2025-08-08 04:00:53,354 - root - Epoch 2: train_loss: 1.0723, train_acc: 0.4170, dev_loss: 1.0723, dev_acc: 0.4425, time: 1.0
2025-08-08 04:00:54,368 - root - Epoch 3: train_loss: 1.0646, train_acc: 0.4055, dev_loss: 1.0794, dev_acc: 0.4080, time: 1.0
2025-08-08 04:00:55,370 - root - Epoch 4: train_loss: 1.0595, train_acc: 0.4343, dev_loss: 1.0845, dev_acc: 0.4483, time: 1.0
2025-08-08 04:00:56,350 - root - Epoch 5: train_loss: 1.0493, train_acc: 0.4329, dev_loss: 1.0811, dev_acc: 0.4195, time: 1.0
2025-08-08 04:00:57,330 - root - Epoch 6: train_loss: 1.0468, train_acc: 0.4675, dev_loss: 1.0702, dev_acc: 0.3908, time: 1.0
2025-08-08 04:00:58,306 - root - Epoch 7: train_loss: 1.0333, train_acc: 0.4762, dev_loss: 1.0757, dev_acc: 0.4425, time: 1.0
2025-08-08 04:00:59,287 - root - Epoch 8: train_loss: 1.0172, train_acc: 0.5079, dev_loss: 1.0900, dev_acc: 0.4023, time: 1.0
2025-08-08 04:01:00,264 - root - Epoch 9: train_loss: 1.0133, train_acc: 0.4935, dev_loss: 1.0777, dev_acc: 0.4368, time: 1.0
2025-08-08 04:01:01,241 - root - Epoch 10: train_loss: 0.9986, train_acc: 0.5224, dev_loss: 1.0820, dev_acc: 0.4195, time: 1.0
2025-08-08 04:01:02,216 - root - Epoch 11: train_loss: 0.9720, train_acc: 0.5152, dev_loss: 1.0803, dev_acc: 0.4253, time: 1.0
2025-08-08 04:01:03,192 - root - Epoch 12: train_loss: 0.9420, train_acc: 0.5541, dev_loss: 1.0861, dev_acc: 0.4425, time: 1.0
2025-08-08 04:01:04,170 - root - Epoch 13: train_loss: 0.9554, train_acc: 0.5541, dev_loss: 1.1101, dev_acc: 0.4138, time: 1.0
2025-08-08 04:01:05,147 - root - Epoch 14: train_loss: 0.9524, train_acc: 0.5628, dev_loss: 1.0816, dev_acc: 0.4310, time: 1.0
2025-08-08 04:01:06,126 - root - Epoch 15: train_loss: 0.9029, train_acc: 0.5815, dev_loss: 1.1167, dev_acc: 0.4368, time: 1.0
2025-08-08 04:01:07,093 - root - Epoch 16: train_loss: 0.8745, train_acc: 0.5960, dev_loss: 1.2013, dev_acc: 0.3851, time: 1.0
2025-08-08 04:01:08,073 - root - Epoch 17: train_loss: 0.8536, train_acc: 0.5945, dev_loss: 1.1295, dev_acc: 0.4138, time: 1.0
2025-08-08 04:01:09,055 - root - Epoch 18: train_loss: 0.8561, train_acc: 0.6133, dev_loss: 1.1893, dev_acc: 0.3851, time: 1.0
2025-08-08 04:01:10,032 - root - Epoch 19: train_loss: 0.8745, train_acc: 0.5859, dev_loss: 1.1834, dev_acc: 0.4023, time: 1.0
2025-08-08 04:01:10,983 - root - Epoch 20: train_loss: 0.8362, train_acc: 0.6277, dev_loss: 1.1716, dev_acc: 0.4310, time: 1.0
2025-08-08 04:01:11,947 - root - Epoch 21: train_loss: 0.7883, train_acc: 0.6580, dev_loss: 1.2307, dev_acc: 0.4310, time: 1.0
2025-08-08 04:01:12,908 - root - Epoch 22: train_loss: 0.7756, train_acc: 0.6623, dev_loss: 1.2045, dev_acc: 0.4540, time: 1.0
2025-08-08 04:01:13,876 - root - Epoch 23: train_loss: 0.7298, train_acc: 0.6999, dev_loss: 1.3910, dev_acc: 0.4253, time: 1.0
2025-08-08 04:01:14,813 - root - Epoch 24: train_loss: 0.7756, train_acc: 0.6623, dev_loss: 1.2120, dev_acc: 0.4368, time: 0.9
2025-08-08 04:01:15,764 - root - Epoch 25: train_loss: 0.7023, train_acc: 0.6984, dev_loss: 1.3518, dev_acc: 0.3563, time: 1.0
2025-08-08 04:01:16,696 - root - Epoch 26: train_loss: 0.6647, train_acc: 0.7100, dev_loss: 1.3139, dev_acc: 0.3793, time: 0.9
2025-08-08 04:01:17,636 - root - Epoch 27: train_loss: 0.6340, train_acc: 0.7316, dev_loss: 1.3746, dev_acc: 0.3736, time: 0.9
2025-08-08 04:01:18,588 - root - Epoch 28: train_loss: 0.6540, train_acc: 0.7258, dev_loss: 1.3049, dev_acc: 0.4368, time: 1.0
2025-08-08 04:01:19,542 - root - Epoch 29: train_loss: 0.5924, train_acc: 0.7807, dev_loss: 1.4258, dev_acc: 0.3966, time: 1.0
2025-08-08 04:01:20,468 - root - Epoch 30: train_loss: 0.5324, train_acc: 0.7850, dev_loss: 1.4957, dev_acc: 0.4195, time: 0.9
2025-08-08 04:01:21,425 - root - Epoch 31: train_loss: 0.4855, train_acc: 0.8225, dev_loss: 1.5671, dev_acc: 0.4310, time: 1.0
2025-08-08 04:01:22,373 - root - Epoch 32: train_loss: 0.5060, train_acc: 0.8196, dev_loss: 1.5750, dev_acc: 0.4368, time: 0.9
2025-08-08 04:01:23,362 - root - Epoch 33: train_loss: 0.4368, train_acc: 0.8384, dev_loss: 1.7008, dev_acc: 0.4195, time: 1.0
2025-08-08 04:01:24,305 - root - Epoch 34: train_loss: 0.4257, train_acc: 0.8369, dev_loss: 1.6573, dev_acc: 0.4023, time: 0.9
2025-08-08 04:01:25,243 - root - Epoch 35: train_loss: 0.3564, train_acc: 0.8701, dev_loss: 1.8316, dev_acc: 0.4253, time: 0.9
2025-08-08 04:01:26,193 - root - Epoch 36: train_loss: 0.4132, train_acc: 0.8326, dev_loss: 1.7626, dev_acc: 0.4368, time: 0.9
2025-08-08 04:01:27,160 - root - Epoch 37: train_loss: 0.3078, train_acc: 0.8947, dev_loss: 1.9003, dev_acc: 0.4195, time: 1.0
2025-08-08 04:01:28,113 - root - Epoch 38: train_loss: 0.3227, train_acc: 0.8759, dev_loss: 2.0417, dev_acc: 0.3908, time: 1.0
2025-08-08 04:01:29,046 - root - Epoch 39: train_loss: 0.3869, train_acc: 0.8470, dev_loss: 1.8869, dev_acc: 0.4023, time: 0.9
2025-08-08 04:01:29,974 - root - Epoch 40: train_loss: 0.3517, train_acc: 0.8470, dev_loss: 1.8446, dev_acc: 0.4138, time: 0.9
2025-08-08 04:01:30,910 - root - Epoch 41: train_loss: 0.2683, train_acc: 0.9120, dev_loss: 1.9723, dev_acc: 0.3966, time: 0.9
2025-08-08 04:01:31,863 - root - Epoch 42: train_loss: 0.2264, train_acc: 0.9192, dev_loss: 2.0694, dev_acc: 0.3966, time: 1.0
2025-08-08 04:01:32,797 - root - Epoch 43: train_loss: 0.2104, train_acc: 0.9278, dev_loss: 2.1758, dev_acc: 0.3793, time: 0.9
2025-08-08 04:01:33,717 - root - Epoch 44: train_loss: 0.1963, train_acc: 0.9322, dev_loss: 2.2585, dev_acc: 0.4368, time: 0.9
2025-08-08 04:01:34,641 - root - Epoch 45: train_loss: 0.2206, train_acc: 0.9264, dev_loss: 2.3324, dev_acc: 0.3908, time: 0.9
2025-08-08 04:01:35,575 - root - Epoch 46: train_loss: 0.2062, train_acc: 0.9221, dev_loss: 2.3097, dev_acc: 0.3966, time: 0.9
2025-08-08 04:01:36,527 - root - Epoch 47: train_loss: 0.1396, train_acc: 0.9625, dev_loss: 2.4305, dev_acc: 0.3736, time: 1.0
2025-08-08 04:01:37,456 - root - Epoch 48: train_loss: 0.1095, train_acc: 0.9740, dev_loss: 2.6103, dev_acc: 0.4023, time: 0.9
2025-08-08 04:01:38,408 - root - Epoch 49: train_loss: 0.0976, train_acc: 0.9798, dev_loss: 2.8115, dev_acc: 0.4138, time: 1.0
2025-08-08 04:01:39,353 - root - Epoch 50: train_loss: 0.0826, train_acc: 0.9841, dev_loss: 2.8331, dev_acc: 0.3966, time: 0.9
2025-08-08 04:01:40,296 - root - Epoch 51: train_loss: 0.0682, train_acc: 0.9812, dev_loss: 2.8402, dev_acc: 0.4080, time: 0.9
2025-08-08 04:01:41,232 - root - Epoch 52: train_loss: 0.0575, train_acc: 0.9942, dev_loss: 2.8679, dev_acc: 0.4023, time: 0.9
2025-08-08 04:01:42,174 - root - Epoch 53: train_loss: 0.0488, train_acc: 0.9928, dev_loss: 2.9885, dev_acc: 0.4195, time: 0.9
2025-08-08 04:01:43,107 - root - Epoch 54: train_loss: 0.0412, train_acc: 0.9957, dev_loss: 2.9629, dev_acc: 0.4253, time: 0.9
2025-08-08 04:01:44,039 - root - Epoch 55: train_loss: 0.0343, train_acc: 0.9986, dev_loss: 3.1345, dev_acc: 0.4253, time: 0.9
2025-08-08 04:01:44,977 - root - Epoch 56: train_loss: 0.0288, train_acc: 1.0000, dev_loss: 3.2855, dev_acc: 0.4080, time: 0.9
2025-08-08 04:01:45,906 - root - Epoch 57: train_loss: 0.0490, train_acc: 0.9913, dev_loss: 3.2592, dev_acc: 0.4138, time: 0.9
2025-08-08 04:01:46,842 - root - Epoch 58: train_loss: 0.0500, train_acc: 0.9913, dev_loss: 3.1540, dev_acc: 0.4138, time: 0.9
2025-08-08 04:01:47,782 - root - Epoch 59: train_loss: 0.0374, train_acc: 0.9942, dev_loss: 3.3343, dev_acc: 0.4310, time: 0.9
2025-08-08 04:01:48,720 - root - Epoch 60: train_loss: 0.0194, train_acc: 1.0000, dev_loss: 3.4512, dev_acc: 0.4253, time: 0.9
2025-08-08 04:01:49,670 - root - Epoch 61: train_loss: 0.0169, train_acc: 1.0000, dev_loss: 3.3933, dev_acc: 0.4080, time: 0.9
2025-08-08 04:01:50,611 - root - Epoch 62: train_loss: 0.0146, train_acc: 1.0000, dev_loss: 3.4185, dev_acc: 0.4023, time: 0.9
2025-08-08 04:01:51,551 - root - Epoch 63: train_loss: 0.0117, train_acc: 1.0000, dev_loss: 3.5237, dev_acc: 0.3851, time: 0.9
2025-08-08 04:01:52,477 - root - Epoch 64: train_loss: 0.0103, train_acc: 1.0000, dev_loss: 3.5953, dev_acc: 0.4023, time: 0.9
2025-08-08 04:01:53,413 - root - Epoch 65: train_loss: 0.0087, train_acc: 1.0000, dev_loss: 3.7114, dev_acc: 0.4080, time: 0.9
2025-08-08 04:01:54,358 - root - Epoch 66: train_loss: 0.0086, train_acc: 1.0000, dev_loss: 3.7335, dev_acc: 0.4080, time: 0.9
2025-08-08 04:01:55,301 - root - Epoch 67: train_loss: 0.0069, train_acc: 1.0000, dev_loss: 3.7466, dev_acc: 0.4023, time: 0.9
2025-08-08 04:01:56,242 - root - Epoch 68: train_loss: 0.0068, train_acc: 1.0000, dev_loss: 3.8240, dev_acc: 0.4080, time: 0.9
2025-08-08 04:01:57,178 - root - Epoch 69: train_loss: 0.0056, train_acc: 1.0000, dev_loss: 3.8838, dev_acc: 0.4080, time: 0.9
2025-08-08 04:01:58,134 - root - Epoch 70: train_loss: 0.0051, train_acc: 1.0000, dev_loss: 3.8277, dev_acc: 0.4023, time: 1.0
2025-08-08 04:01:59,080 - root - Epoch 71: train_loss: 0.0047, train_acc: 1.0000, dev_loss: 3.9036, dev_acc: 0.4195, time: 0.9
2025-08-08 04:02:00,011 - root - Epoch 72: train_loss: 0.0044, train_acc: 1.0000, dev_loss: 3.9134, dev_acc: 0.4080, time: 0.9
2025-08-08 04:02:00,011 - root - Early Stopped. best_epoch: 22. best_dev_acc: 0.4540229885057471

2025-08-08 04:02:00,257 - root - test_loss: 1.2324786186218262, test_acc: 0.4423963133640553, f1_weighted: 0.41604303972408213
2025-08-08 04:02:01,071 - root - Training on cuda
2025-08-08 04:02:02,075 - root - Epoch 1: train_loss: 0.8732, train_acc: 0.6234, dev_loss: 1.0113, dev_acc: 0.5575, time: 1.0
2025-08-08 04:02:03,090 - root - Epoch 2: train_loss: 0.8399, train_acc: 0.6378, dev_loss: 1.0506, dev_acc: 0.5402, time: 1.0
2025-08-08 04:02:04,099 - root - Epoch 3: train_loss: 0.8205, train_acc: 0.6551, dev_loss: 1.0815, dev_acc: 0.5460, time: 1.0
2025-08-08 04:02:05,094 - root - Epoch 4: train_loss: 0.7915, train_acc: 0.6623, dev_loss: 1.0219, dev_acc: 0.5575, time: 1.0
2025-08-08 04:02:06,106 - root - Epoch 5: train_loss: 0.7575, train_acc: 0.6898, dev_loss: 1.0946, dev_acc: 0.5172, time: 1.0
2025-08-08 04:02:07,117 - root - Epoch 6: train_loss: 0.7501, train_acc: 0.6825, dev_loss: 1.0765, dev_acc: 0.5402, time: 1.0
2025-08-08 04:02:08,134 - root - Epoch 7: train_loss: 0.7057, train_acc: 0.7114, dev_loss: 1.0692, dev_acc: 0.5690, time: 1.0
2025-08-08 04:02:09,159 - root - Epoch 8: train_loss: 0.6723, train_acc: 0.7403, dev_loss: 1.1386, dev_acc: 0.5460, time: 1.0
2025-08-08 04:02:10,161 - root - Epoch 9: train_loss: 0.6439, train_acc: 0.7359, dev_loss: 1.1064, dev_acc: 0.5517, time: 1.0
2025-08-08 04:02:11,139 - root - Epoch 10: train_loss: 0.6363, train_acc: 0.7475, dev_loss: 1.1254, dev_acc: 0.5632, time: 1.0
2025-08-08 04:02:12,139 - root - Epoch 11: train_loss: 0.5999, train_acc: 0.7590, dev_loss: 1.1381, dev_acc: 0.5690, time: 1.0
2025-08-08 04:02:13,124 - root - Epoch 12: train_loss: 0.5711, train_acc: 0.7807, dev_loss: 1.1504, dev_acc: 0.5632, time: 1.0
2025-08-08 04:02:14,125 - root - Epoch 13: train_loss: 0.5394, train_acc: 0.8139, dev_loss: 1.1804, dev_acc: 0.5345, time: 1.0
2025-08-08 04:02:15,120 - root - Epoch 14: train_loss: 0.5143, train_acc: 0.7980, dev_loss: 1.2019, dev_acc: 0.5632, time: 1.0
2025-08-08 04:02:16,124 - root - Epoch 15: train_loss: 0.5033, train_acc: 0.8240, dev_loss: 1.2163, dev_acc: 0.5517, time: 1.0
2025-08-08 04:02:17,116 - root - Epoch 16: train_loss: 0.5027, train_acc: 0.8211, dev_loss: 1.1842, dev_acc: 0.5460, time: 1.0
2025-08-08 04:02:18,132 - root - Epoch 17: train_loss: 0.5002, train_acc: 0.8268, dev_loss: 1.2590, dev_acc: 0.5690, time: 1.0
2025-08-08 04:02:19,130 - root - Epoch 18: train_loss: 0.4631, train_acc: 0.8384, dev_loss: 1.2345, dev_acc: 0.5632, time: 1.0
2025-08-08 04:02:20,122 - root - Epoch 19: train_loss: 0.4401, train_acc: 0.8586, dev_loss: 1.2112, dev_acc: 0.5287, time: 1.0
2025-08-08 04:02:21,122 - root - Epoch 20: train_loss: 0.4340, train_acc: 0.8600, dev_loss: 1.2407, dev_acc: 0.5575, time: 1.0
2025-08-08 04:02:22,124 - root - Epoch 21: train_loss: 0.4243, train_acc: 0.8644, dev_loss: 1.2423, dev_acc: 0.5460, time: 1.0
2025-08-08 04:02:23,143 - root - Epoch 22: train_loss: 0.4166, train_acc: 0.8658, dev_loss: 1.2615, dev_acc: 0.5632, time: 1.0
2025-08-08 04:02:24,140 - root - Epoch 23: train_loss: 0.4108, train_acc: 0.8773, dev_loss: 1.2585, dev_acc: 0.5575, time: 1.0
2025-08-08 04:02:25,137 - root - Epoch 24: train_loss: 0.4075, train_acc: 0.8687, dev_loss: 1.2641, dev_acc: 0.5402, time: 1.0
2025-08-08 04:02:26,134 - root - Epoch 25: train_loss: 0.3910, train_acc: 0.8773, dev_loss: 1.2657, dev_acc: 0.5402, time: 1.0
2025-08-08 04:02:27,153 - root - Epoch 26: train_loss: 0.3850, train_acc: 0.8846, dev_loss: 1.2745, dev_acc: 0.5345, time: 1.0
2025-08-08 04:02:28,165 - root - Epoch 27: train_loss: 0.3824, train_acc: 0.8889, dev_loss: 1.2785, dev_acc: 0.5402, time: 1.0
2025-08-08 04:02:29,153 - root - Epoch 28: train_loss: 0.3794, train_acc: 0.8817, dev_loss: 1.2790, dev_acc: 0.5402, time: 1.0
2025-08-08 04:02:30,145 - root - Epoch 29: train_loss: 0.3759, train_acc: 0.8918, dev_loss: 1.2878, dev_acc: 0.5575, time: 1.0
2025-08-08 04:02:31,136 - root - Epoch 30: train_loss: 0.3701, train_acc: 0.8903, dev_loss: 1.2835, dev_acc: 0.5460, time: 1.0
2025-08-08 04:02:32,122 - root - Epoch 31: train_loss: 0.3650, train_acc: 0.8961, dev_loss: 1.2949, dev_acc: 0.5460, time: 1.0
2025-08-08 04:02:33,121 - root - Epoch 32: train_loss: 0.3644, train_acc: 0.8961, dev_loss: 1.2968, dev_acc: 0.5460, time: 1.0
2025-08-08 04:02:34,121 - root - Epoch 33: train_loss: 0.3634, train_acc: 0.8975, dev_loss: 1.3061, dev_acc: 0.5460, time: 1.0
2025-08-08 04:02:35,129 - root - Epoch 34: train_loss: 0.3613, train_acc: 0.8932, dev_loss: 1.3072, dev_acc: 0.5402, time: 1.0
2025-08-08 04:02:36,130 - root - Epoch 35: train_loss: 0.3580, train_acc: 0.8990, dev_loss: 1.3048, dev_acc: 0.5517, time: 1.0
2025-08-08 04:02:37,145 - root - Epoch 36: train_loss: 0.3575, train_acc: 0.8990, dev_loss: 1.3010, dev_acc: 0.5517, time: 1.0
2025-08-08 04:02:38,131 - root - Epoch 37: train_loss: 0.3566, train_acc: 0.8975, dev_loss: 1.3079, dev_acc: 0.5460, time: 1.0
2025-08-08 04:02:39,111 - root - Epoch 38: train_loss: 0.3527, train_acc: 0.8990, dev_loss: 1.3056, dev_acc: 0.5517, time: 1.0
2025-08-08 04:02:40,111 - root - Epoch 39: train_loss: 0.3514, train_acc: 0.8975, dev_loss: 1.3095, dev_acc: 0.5517, time: 1.0
2025-08-08 04:02:41,103 - root - Epoch 40: train_loss: 0.3499, train_acc: 0.9004, dev_loss: 1.3093, dev_acc: 0.5460, time: 1.0
2025-08-08 04:02:42,087 - root - Epoch 41: train_loss: 0.3490, train_acc: 0.9004, dev_loss: 1.3113, dev_acc: 0.5460, time: 1.0
2025-08-08 04:02:43,094 - root - Epoch 42: train_loss: 0.3500, train_acc: 0.9019, dev_loss: 1.3127, dev_acc: 0.5517, time: 1.0
2025-08-08 04:02:44,073 - root - Epoch 43: train_loss: 0.3492, train_acc: 0.8990, dev_loss: 1.3120, dev_acc: 0.5460, time: 1.0
2025-08-08 04:02:45,087 - root - Epoch 44: train_loss: 0.3482, train_acc: 0.8990, dev_loss: 1.3122, dev_acc: 0.5460, time: 1.0
2025-08-08 04:02:46,090 - root - Epoch 45: train_loss: 0.3476, train_acc: 0.9004, dev_loss: 1.3139, dev_acc: 0.5517, time: 1.0
2025-08-08 04:02:47,073 - root - Epoch 46: train_loss: 0.3475, train_acc: 0.9004, dev_loss: 1.3117, dev_acc: 0.5517, time: 1.0
2025-08-08 04:02:48,058 - root - Epoch 47: train_loss: 0.3458, train_acc: 0.8990, dev_loss: 1.3172, dev_acc: 0.5517, time: 1.0
2025-08-08 04:02:49,048 - root - Epoch 48: train_loss: 0.3461, train_acc: 0.9004, dev_loss: 1.3152, dev_acc: 0.5460, time: 1.0
2025-08-08 04:02:50,024 - root - Epoch 49: train_loss: 0.3455, train_acc: 0.9004, dev_loss: 1.3144, dev_acc: 0.5460, time: 1.0
2025-08-08 04:02:51,011 - root - Epoch 50: train_loss: 0.3450, train_acc: 0.9004, dev_loss: 1.3158, dev_acc: 0.5460, time: 1.0
2025-08-08 04:02:52,021 - root - Epoch 51: train_loss: 0.3436, train_acc: 0.9004, dev_loss: 1.3158, dev_acc: 0.5460, time: 1.0
2025-08-08 04:02:53,014 - root - Epoch 52: train_loss: 0.3432, train_acc: 0.9004, dev_loss: 1.3163, dev_acc: 0.5517, time: 1.0
2025-08-08 04:02:54,003 - root - Epoch 53: train_loss: 0.3443, train_acc: 0.9004, dev_loss: 1.3168, dev_acc: 0.5517, time: 1.0
2025-08-08 04:02:55,005 - root - Epoch 54: train_loss: 0.3418, train_acc: 0.9004, dev_loss: 1.3155, dev_acc: 0.5517, time: 1.0
2025-08-08 04:02:55,981 - root - Epoch 55: train_loss: 0.3435, train_acc: 0.9004, dev_loss: 1.3161, dev_acc: 0.5460, time: 1.0
2025-08-08 04:02:56,982 - root - Epoch 56: train_loss: 0.3431, train_acc: 0.9004, dev_loss: 1.3176, dev_acc: 0.5517, time: 1.0
2025-08-08 04:02:57,980 - root - Epoch 57: train_loss: 0.3439, train_acc: 0.9004, dev_loss: 1.3167, dev_acc: 0.5460, time: 1.0
2025-08-08 04:02:57,980 - root - Early Stopped. best_epoch: 7. best_dev_acc: 0.5689655172413793

2025-08-08 04:02:58,234 - root - test_loss: 0.874224841594696, test_acc: 0.5898617511520737, f1_weighted: 0.5823814921732297
2025-08-08 04:02:58,819 - root - Training on cuda
2025-08-08 04:02:59,822 - root - Epoch 1: train_loss: 0.7347, train_acc: 0.6941, dev_loss: 1.0099, dev_acc: 0.5805, time: 1.0
2025-08-08 04:03:00,807 - root - Epoch 2: train_loss: 0.7280, train_acc: 0.6970, dev_loss: 1.0080, dev_acc: 0.5805, time: 1.0
2025-08-08 04:03:01,811 - root - Epoch 3: train_loss: 0.7231, train_acc: 0.7013, dev_loss: 1.0070, dev_acc: 0.5747, time: 1.0
2025-08-08 04:03:02,825 - root - Epoch 4: train_loss: 0.7208, train_acc: 0.6970, dev_loss: 1.0066, dev_acc: 0.5805, time: 1.0
2025-08-08 04:03:03,829 - root - Epoch 5: train_loss: 0.7170, train_acc: 0.7013, dev_loss: 1.0063, dev_acc: 0.5805, time: 1.0
2025-08-08 04:03:04,825 - root - Epoch 6: train_loss: 0.7166, train_acc: 0.7056, dev_loss: 1.0062, dev_acc: 0.5862, time: 1.0
2025-08-08 04:03:05,825 - root - Epoch 7: train_loss: 0.7188, train_acc: 0.7042, dev_loss: 1.0062, dev_acc: 0.5862, time: 1.0
2025-08-08 04:03:06,830 - root - Epoch 8: train_loss: 0.7202, train_acc: 0.7042, dev_loss: 1.0062, dev_acc: 0.5920, time: 1.0
2025-08-08 04:03:07,844 - root - Epoch 9: train_loss: 0.7143, train_acc: 0.7042, dev_loss: 1.0062, dev_acc: 0.5920, time: 1.0
2025-08-08 04:03:08,843 - root - Epoch 10: train_loss: 0.7112, train_acc: 0.7056, dev_loss: 1.0063, dev_acc: 0.5862, time: 1.0
2025-08-08 04:03:09,856 - root - Epoch 11: train_loss: 0.7134, train_acc: 0.7071, dev_loss: 1.0064, dev_acc: 0.5862, time: 1.0
2025-08-08 04:03:10,851 - root - Epoch 12: train_loss: 0.7142, train_acc: 0.7100, dev_loss: 1.0064, dev_acc: 0.5862, time: 1.0
2025-08-08 04:03:11,859 - root - Epoch 13: train_loss: 0.7143, train_acc: 0.7100, dev_loss: 1.0065, dev_acc: 0.5805, time: 1.0
2025-08-08 04:03:12,863 - root - Epoch 14: train_loss: 0.7116, train_acc: 0.7114, dev_loss: 1.0065, dev_acc: 0.5805, time: 1.0
2025-08-08 04:03:13,861 - root - Epoch 15: train_loss: 0.7118, train_acc: 0.7114, dev_loss: 1.0066, dev_acc: 0.5805, time: 1.0
2025-08-08 04:03:14,862 - root - Epoch 16: train_loss: 0.7130, train_acc: 0.7114, dev_loss: 1.0067, dev_acc: 0.5805, time: 1.0
2025-08-08 04:03:15,862 - root - Epoch 17: train_loss: 0.7118, train_acc: 0.7128, dev_loss: 1.0067, dev_acc: 0.5805, time: 1.0
2025-08-08 04:03:16,867 - root - Epoch 18: train_loss: 0.7106, train_acc: 0.7128, dev_loss: 1.0067, dev_acc: 0.5805, time: 1.0
2025-08-08 04:03:17,886 - root - Epoch 19: train_loss: 0.7093, train_acc: 0.7143, dev_loss: 1.0068, dev_acc: 0.5805, time: 1.0
2025-08-08 04:03:18,885 - root - Epoch 20: train_loss: 0.7145, train_acc: 0.7143, dev_loss: 1.0068, dev_acc: 0.5805, time: 1.0
2025-08-08 04:03:19,890 - root - Epoch 21: train_loss: 0.7104, train_acc: 0.7143, dev_loss: 1.0069, dev_acc: 0.5805, time: 1.0
2025-08-08 04:03:20,880 - root - Epoch 22: train_loss: 0.7121, train_acc: 0.7143, dev_loss: 1.0069, dev_acc: 0.5805, time: 1.0
2025-08-08 04:03:21,871 - root - Epoch 23: train_loss: 0.7094, train_acc: 0.7143, dev_loss: 1.0070, dev_acc: 0.5805, time: 1.0
2025-08-08 04:03:22,871 - root - Epoch 24: train_loss: 0.7135, train_acc: 0.7143, dev_loss: 1.0070, dev_acc: 0.5805, time: 1.0
2025-08-08 04:03:23,867 - root - Epoch 25: train_loss: 0.7088, train_acc: 0.7143, dev_loss: 1.0070, dev_acc: 0.5805, time: 1.0
2025-08-08 04:03:24,865 - root - Epoch 26: train_loss: 0.7106, train_acc: 0.7143, dev_loss: 1.0070, dev_acc: 0.5805, time: 1.0
2025-08-08 04:03:25,858 - root - Epoch 27: train_loss: 0.7109, train_acc: 0.7143, dev_loss: 1.0071, dev_acc: 0.5805, time: 1.0
2025-08-08 04:03:26,853 - root - Epoch 28: train_loss: 0.7103, train_acc: 0.7143, dev_loss: 1.0071, dev_acc: 0.5805, time: 1.0
2025-08-08 04:03:27,847 - root - Epoch 29: train_loss: 0.7134, train_acc: 0.7143, dev_loss: 1.0071, dev_acc: 0.5805, time: 1.0
2025-08-08 04:03:28,852 - root - Epoch 30: train_loss: 0.7152, train_acc: 0.7143, dev_loss: 1.0071, dev_acc: 0.5805, time: 1.0
2025-08-08 04:03:29,868 - root - Epoch 31: train_loss: 0.7105, train_acc: 0.7143, dev_loss: 1.0071, dev_acc: 0.5805, time: 1.0
2025-08-08 04:03:30,861 - root - Epoch 32: train_loss: 0.7121, train_acc: 0.7143, dev_loss: 1.0071, dev_acc: 0.5805, time: 1.0
2025-08-08 04:03:31,871 - root - Epoch 33: train_loss: 0.7083, train_acc: 0.7143, dev_loss: 1.0071, dev_acc: 0.5805, time: 1.0
2025-08-08 04:03:32,871 - root - Epoch 34: train_loss: 0.7082, train_acc: 0.7143, dev_loss: 1.0071, dev_acc: 0.5805, time: 1.0
2025-08-08 04:03:33,870 - root - Epoch 35: train_loss: 0.7117, train_acc: 0.7143, dev_loss: 1.0071, dev_acc: 0.5805, time: 1.0
2025-08-08 04:03:34,867 - root - Epoch 36: train_loss: 0.7089, train_acc: 0.7143, dev_loss: 1.0071, dev_acc: 0.5805, time: 1.0
2025-08-08 04:03:35,856 - root - Epoch 37: train_loss: 0.7136, train_acc: 0.7143, dev_loss: 1.0072, dev_acc: 0.5805, time: 1.0
2025-08-08 04:03:36,861 - root - Epoch 38: train_loss: 0.7095, train_acc: 0.7143, dev_loss: 1.0072, dev_acc: 0.5805, time: 1.0
2025-08-08 04:03:37,865 - root - Epoch 39: train_loss: 0.7098, train_acc: 0.7143, dev_loss: 1.0072, dev_acc: 0.5805, time: 1.0
2025-08-08 04:03:38,868 - root - Epoch 40: train_loss: 0.7111, train_acc: 0.7143, dev_loss: 1.0072, dev_acc: 0.5805, time: 1.0
2025-08-08 04:03:39,868 - root - Epoch 41: train_loss: 0.7149, train_acc: 0.7143, dev_loss: 1.0072, dev_acc: 0.5805, time: 1.0
2025-08-08 04:03:40,867 - root - Epoch 42: train_loss: 0.7118, train_acc: 0.7143, dev_loss: 1.0072, dev_acc: 0.5805, time: 1.0
2025-08-08 04:03:41,862 - root - Epoch 43: train_loss: 0.7138, train_acc: 0.7143, dev_loss: 1.0072, dev_acc: 0.5805, time: 1.0
2025-08-08 04:03:42,872 - root - Epoch 44: train_loss: 0.7140, train_acc: 0.7143, dev_loss: 1.0072, dev_acc: 0.5805, time: 1.0
2025-08-08 04:03:43,872 - root - Epoch 45: train_loss: 0.7111, train_acc: 0.7143, dev_loss: 1.0072, dev_acc: 0.5805, time: 1.0
2025-08-08 04:03:44,879 - root - Epoch 46: train_loss: 0.7104, train_acc: 0.7143, dev_loss: 1.0072, dev_acc: 0.5805, time: 1.0
2025-08-08 04:03:45,889 - root - Epoch 47: train_loss: 0.7109, train_acc: 0.7143, dev_loss: 1.0072, dev_acc: 0.5805, time: 1.0
2025-08-08 04:03:46,891 - root - Epoch 48: train_loss: 0.7151, train_acc: 0.7143, dev_loss: 1.0072, dev_acc: 0.5805, time: 1.0
2025-08-08 04:03:47,891 - root - Epoch 49: train_loss: 0.7114, train_acc: 0.7143, dev_loss: 1.0072, dev_acc: 0.5805, time: 1.0
2025-08-08 04:03:48,889 - root - Epoch 50: train_loss: 0.7127, train_acc: 0.7143, dev_loss: 1.0072, dev_acc: 0.5805, time: 1.0
2025-08-08 04:03:49,889 - root - Epoch 51: train_loss: 0.7081, train_acc: 0.7143, dev_loss: 1.0072, dev_acc: 0.5805, time: 1.0
2025-08-08 04:03:50,904 - root - Epoch 52: train_loss: 0.7105, train_acc: 0.7143, dev_loss: 1.0072, dev_acc: 0.5805, time: 1.0
2025-08-08 04:03:51,888 - root - Epoch 53: train_loss: 0.7091, train_acc: 0.7143, dev_loss: 1.0072, dev_acc: 0.5805, time: 1.0
2025-08-08 04:03:52,892 - root - Epoch 54: train_loss: 0.7128, train_acc: 0.7143, dev_loss: 1.0072, dev_acc: 0.5805, time: 1.0
2025-08-08 04:03:53,905 - root - Epoch 55: train_loss: 0.7088, train_acc: 0.7143, dev_loss: 1.0072, dev_acc: 0.5805, time: 1.0
2025-08-08 04:03:54,907 - root - Epoch 56: train_loss: 0.7113, train_acc: 0.7143, dev_loss: 1.0072, dev_acc: 0.5805, time: 1.0
2025-08-08 04:03:55,895 - root - Epoch 57: train_loss: 0.7102, train_acc: 0.7143, dev_loss: 1.0072, dev_acc: 0.5805, time: 1.0
2025-08-08 04:03:56,880 - root - Epoch 58: train_loss: 0.7080, train_acc: 0.7143, dev_loss: 1.0072, dev_acc: 0.5805, time: 1.0
2025-08-08 04:03:56,881 - root - Early Stopped. best_epoch: 8. best_dev_acc: 0.5919540229885057

2025-08-08 04:03:57,131 - root - test_loss: 0.6916993260383606, test_acc: 0.728110599078341, f1_weighted: 0.7177595780556264
2025-08-08 04:03:57,700 - root - Training on cuda
2025-08-08 04:03:58,723 - root - Epoch 1: train_loss: 0.7351, train_acc: 0.6912, dev_loss: 0.9909, dev_acc: 0.5977, time: 1.0
2025-08-08 04:03:59,740 - root - Epoch 2: train_loss: 0.7375, train_acc: 0.6912, dev_loss: 0.9908, dev_acc: 0.5977, time: 1.0
2025-08-08 04:04:00,759 - root - Epoch 3: train_loss: 0.7323, train_acc: 0.6912, dev_loss: 0.9908, dev_acc: 0.5977, time: 1.0
2025-08-08 04:04:01,766 - root - Epoch 4: train_loss: 0.7380, train_acc: 0.6898, dev_loss: 0.9908, dev_acc: 0.5977, time: 1.0
2025-08-08 04:04:02,789 - root - Epoch 5: train_loss: 0.7340, train_acc: 0.6898, dev_loss: 0.9908, dev_acc: 0.5977, time: 1.0
2025-08-08 04:04:03,800 - root - Epoch 6: train_loss: 0.7346, train_acc: 0.6898, dev_loss: 0.9908, dev_acc: 0.5977, time: 1.0
2025-08-08 04:04:04,820 - root - Epoch 7: train_loss: 0.7342, train_acc: 0.6898, dev_loss: 0.9908, dev_acc: 0.5977, time: 1.0
2025-08-08 04:04:05,832 - root - Epoch 8: train_loss: 0.7383, train_acc: 0.6898, dev_loss: 0.9908, dev_acc: 0.5977, time: 1.0
2025-08-08 04:04:06,850 - root - Epoch 9: train_loss: 0.7357, train_acc: 0.6898, dev_loss: 0.9908, dev_acc: 0.5977, time: 1.0
2025-08-08 04:04:07,860 - root - Epoch 10: train_loss: 0.7348, train_acc: 0.6898, dev_loss: 0.9908, dev_acc: 0.5977, time: 1.0
2025-08-08 04:04:08,880 - root - Epoch 11: train_loss: 0.7370, train_acc: 0.6898, dev_loss: 0.9908, dev_acc: 0.5977, time: 1.0
2025-08-08 04:04:09,882 - root - Epoch 12: train_loss: 0.7360, train_acc: 0.6898, dev_loss: 0.9908, dev_acc: 0.6034, time: 1.0
2025-08-08 04:04:10,909 - root - Epoch 13: train_loss: 0.7396, train_acc: 0.6898, dev_loss: 0.9908, dev_acc: 0.6034, time: 1.0
2025-08-08 04:04:11,927 - root - Epoch 14: train_loss: 0.7379, train_acc: 0.6898, dev_loss: 0.9908, dev_acc: 0.6034, time: 1.0
2025-08-08 04:04:12,907 - root - Epoch 15: train_loss: 0.7377, train_acc: 0.6898, dev_loss: 0.9908, dev_acc: 0.6034, time: 1.0
2025-08-08 04:04:13,924 - root - Epoch 16: train_loss: 0.7349, train_acc: 0.6898, dev_loss: 0.9908, dev_acc: 0.6034, time: 1.0
2025-08-08 04:04:14,929 - root - Epoch 17: train_loss: 0.7357, train_acc: 0.6898, dev_loss: 0.9907, dev_acc: 0.6034, time: 1.0
2025-08-08 04:04:15,944 - root - Epoch 18: train_loss: 0.7338, train_acc: 0.6898, dev_loss: 0.9907, dev_acc: 0.6034, time: 1.0
2025-08-08 04:04:16,965 - root - Epoch 19: train_loss: 0.7328, train_acc: 0.6898, dev_loss: 0.9907, dev_acc: 0.6034, time: 1.0
2025-08-08 04:04:17,980 - root - Epoch 20: train_loss: 0.7371, train_acc: 0.6898, dev_loss: 0.9907, dev_acc: 0.6034, time: 1.0
2025-08-08 04:04:18,985 - root - Epoch 21: train_loss: 0.7369, train_acc: 0.6898, dev_loss: 0.9907, dev_acc: 0.6034, time: 1.0
2025-08-08 04:04:19,999 - root - Epoch 22: train_loss: 0.7357, train_acc: 0.6898, dev_loss: 0.9907, dev_acc: 0.6034, time: 1.0
2025-08-08 04:04:21,018 - root - Epoch 23: train_loss: 0.7326, train_acc: 0.6898, dev_loss: 0.9907, dev_acc: 0.6034, time: 1.0
2025-08-08 04:04:22,038 - root - Epoch 24: train_loss: 0.7358, train_acc: 0.6912, dev_loss: 0.9907, dev_acc: 0.6034, time: 1.0
2025-08-08 04:04:23,054 - root - Epoch 25: train_loss: 0.7367, train_acc: 0.6912, dev_loss: 0.9907, dev_acc: 0.6034, time: 1.0
2025-08-08 04:04:24,066 - root - Epoch 26: train_loss: 0.7337, train_acc: 0.6912, dev_loss: 0.9907, dev_acc: 0.6034, time: 1.0
2025-08-08 04:04:25,081 - root - Epoch 27: train_loss: 0.7324, train_acc: 0.6912, dev_loss: 0.9907, dev_acc: 0.6034, time: 1.0
2025-08-08 04:04:26,088 - root - Epoch 28: train_loss: 0.7353, train_acc: 0.6912, dev_loss: 0.9907, dev_acc: 0.6034, time: 1.0
2025-08-08 04:04:27,081 - root - Epoch 29: train_loss: 0.7352, train_acc: 0.6912, dev_loss: 0.9907, dev_acc: 0.6034, time: 1.0
2025-08-08 04:04:28,104 - root - Epoch 30: train_loss: 0.7357, train_acc: 0.6912, dev_loss: 0.9907, dev_acc: 0.6034, time: 1.0
2025-08-08 04:04:29,109 - root - Epoch 31: train_loss: 0.7343, train_acc: 0.6912, dev_loss: 0.9907, dev_acc: 0.6034, time: 1.0
2025-08-08 04:04:30,120 - root - Epoch 32: train_loss: 0.7414, train_acc: 0.6912, dev_loss: 0.9907, dev_acc: 0.6034, time: 1.0
2025-08-08 04:04:31,132 - root - Epoch 33: train_loss: 0.7339, train_acc: 0.6912, dev_loss: 0.9907, dev_acc: 0.6034, time: 1.0
2025-08-08 04:04:32,144 - root - Epoch 34: train_loss: 0.7361, train_acc: 0.6912, dev_loss: 0.9906, dev_acc: 0.6034, time: 1.0
2025-08-08 04:04:33,152 - root - Epoch 35: train_loss: 0.7328, train_acc: 0.6912, dev_loss: 0.9906, dev_acc: 0.6034, time: 1.0
2025-08-08 04:04:34,160 - root - Epoch 36: train_loss: 0.7330, train_acc: 0.6926, dev_loss: 0.9906, dev_acc: 0.6034, time: 1.0
2025-08-08 04:04:35,148 - root - Epoch 37: train_loss: 0.7334, train_acc: 0.6926, dev_loss: 0.9906, dev_acc: 0.6034, time: 1.0
2025-08-08 04:04:36,154 - root - Epoch 38: train_loss: 0.7323, train_acc: 0.6926, dev_loss: 0.9906, dev_acc: 0.6034, time: 1.0
2025-08-08 04:04:37,154 - root - Epoch 39: train_loss: 0.7336, train_acc: 0.6926, dev_loss: 0.9906, dev_acc: 0.6034, time: 1.0
2025-08-08 04:04:38,156 - root - Epoch 40: train_loss: 0.7334, train_acc: 0.6926, dev_loss: 0.9906, dev_acc: 0.6034, time: 1.0
2025-08-08 04:04:39,159 - root - Epoch 41: train_loss: 0.7356, train_acc: 0.6926, dev_loss: 0.9906, dev_acc: 0.6034, time: 1.0
2025-08-08 04:04:40,157 - root - Epoch 42: train_loss: 0.7350, train_acc: 0.6926, dev_loss: 0.9906, dev_acc: 0.6034, time: 1.0
2025-08-08 04:04:41,167 - root - Epoch 43: train_loss: 0.7370, train_acc: 0.6926, dev_loss: 0.9906, dev_acc: 0.6034, time: 1.0
2025-08-08 04:04:42,181 - root - Epoch 44: train_loss: 0.7350, train_acc: 0.6926, dev_loss: 0.9906, dev_acc: 0.6034, time: 1.0
2025-08-08 04:04:43,187 - root - Epoch 45: train_loss: 0.7386, train_acc: 0.6926, dev_loss: 0.9906, dev_acc: 0.6034, time: 1.0
2025-08-08 04:04:44,204 - root - Epoch 46: train_loss: 0.7399, train_acc: 0.6926, dev_loss: 0.9906, dev_acc: 0.6034, time: 1.0
2025-08-08 04:04:45,221 - root - Epoch 47: train_loss: 0.7347, train_acc: 0.6926, dev_loss: 0.9906, dev_acc: 0.6034, time: 1.0
2025-08-08 04:04:46,237 - root - Epoch 48: train_loss: 0.7395, train_acc: 0.6926, dev_loss: 0.9906, dev_acc: 0.6034, time: 1.0
2025-08-08 04:04:47,242 - root - Epoch 49: train_loss: 0.7331, train_acc: 0.6926, dev_loss: 0.9906, dev_acc: 0.6034, time: 1.0
2025-08-08 04:04:48,250 - root - Epoch 50: train_loss: 0.7360, train_acc: 0.6926, dev_loss: 0.9906, dev_acc: 0.6034, time: 1.0
2025-08-08 04:04:49,247 - root - Epoch 51: train_loss: 0.7395, train_acc: 0.6926, dev_loss: 0.9906, dev_acc: 0.6034, time: 1.0
2025-08-08 04:04:50,263 - root - Epoch 52: train_loss: 0.7365, train_acc: 0.6926, dev_loss: 0.9905, dev_acc: 0.6034, time: 1.0
2025-08-08 04:04:51,263 - root - Epoch 53: train_loss: 0.7317, train_acc: 0.6926, dev_loss: 0.9905, dev_acc: 0.6034, time: 1.0
2025-08-08 04:04:52,253 - root - Epoch 54: train_loss: 0.7349, train_acc: 0.6926, dev_loss: 0.9905, dev_acc: 0.6034, time: 1.0
2025-08-08 04:04:53,249 - root - Epoch 55: train_loss: 0.7375, train_acc: 0.6926, dev_loss: 0.9905, dev_acc: 0.6034, time: 1.0
2025-08-08 04:04:54,241 - root - Epoch 56: train_loss: 0.7336, train_acc: 0.6926, dev_loss: 0.9905, dev_acc: 0.6034, time: 1.0
2025-08-08 04:04:55,215 - root - Epoch 57: train_loss: 0.7363, train_acc: 0.6926, dev_loss: 0.9905, dev_acc: 0.6034, time: 1.0
2025-08-08 04:04:56,228 - root - Epoch 58: train_loss: 0.7358, train_acc: 0.6926, dev_loss: 0.9905, dev_acc: 0.6034, time: 1.0
2025-08-08 04:04:57,214 - root - Epoch 59: train_loss: 0.7356, train_acc: 0.6926, dev_loss: 0.9905, dev_acc: 0.6034, time: 1.0
2025-08-08 04:04:58,230 - root - Epoch 60: train_loss: 0.7353, train_acc: 0.6926, dev_loss: 0.9905, dev_acc: 0.6034, time: 1.0
2025-08-08 04:04:59,220 - root - Epoch 61: train_loss: 0.7341, train_acc: 0.6926, dev_loss: 0.9905, dev_acc: 0.6034, time: 1.0
2025-08-08 04:05:00,235 - root - Epoch 62: train_loss: 0.7336, train_acc: 0.6926, dev_loss: 0.9905, dev_acc: 0.6034, time: 1.0
2025-08-08 04:05:00,235 - root - Early Stopped. best_epoch: 12. best_dev_acc: 0.603448275862069

2025-08-08 04:05:00,491 - root - test_loss: 0.6331068277359009, test_acc: 0.7741935483870968, f1_weighted: 0.7713161195907834
2025-08-08 04:05:01,076 - root - Training on cuda
2025-08-08 04:05:02,093 - root - Epoch 1: train_loss: 0.7662, train_acc: 0.6686, dev_loss: 0.8774, dev_acc: 0.6494, time: 1.0
2025-08-08 04:05:03,116 - root - Epoch 2: train_loss: 0.7675, train_acc: 0.6686, dev_loss: 0.8774, dev_acc: 0.6494, time: 1.0
2025-08-08 04:05:04,109 - root - Epoch 3: train_loss: 0.7667, train_acc: 0.6686, dev_loss: 0.8773, dev_acc: 0.6494, time: 1.0
2025-08-08 04:05:05,120 - root - Epoch 4: train_loss: 0.7698, train_acc: 0.6686, dev_loss: 0.8773, dev_acc: 0.6494, time: 1.0
2025-08-08 04:05:06,113 - root - Epoch 5: train_loss: 0.7663, train_acc: 0.6686, dev_loss: 0.8773, dev_acc: 0.6494, time: 1.0
2025-08-08 04:05:07,114 - root - Epoch 6: train_loss: 0.7699, train_acc: 0.6686, dev_loss: 0.8773, dev_acc: 0.6494, time: 1.0
2025-08-08 04:05:08,115 - root - Epoch 7: train_loss: 0.7660, train_acc: 0.6686, dev_loss: 0.8773, dev_acc: 0.6494, time: 1.0
2025-08-08 04:05:09,113 - root - Epoch 8: train_loss: 0.7688, train_acc: 0.6686, dev_loss: 0.8773, dev_acc: 0.6494, time: 1.0
2025-08-08 04:05:10,121 - root - Epoch 9: train_loss: 0.7713, train_acc: 0.6686, dev_loss: 0.8773, dev_acc: 0.6494, time: 1.0
2025-08-08 04:05:11,127 - root - Epoch 10: train_loss: 0.7636, train_acc: 0.6686, dev_loss: 0.8773, dev_acc: 0.6494, time: 1.0
2025-08-08 04:05:12,124 - root - Epoch 11: train_loss: 0.7654, train_acc: 0.6686, dev_loss: 0.8773, dev_acc: 0.6494, time: 1.0
2025-08-08 04:05:13,103 - root - Epoch 12: train_loss: 0.7692, train_acc: 0.6686, dev_loss: 0.8773, dev_acc: 0.6494, time: 1.0
2025-08-08 04:05:14,108 - root - Epoch 13: train_loss: 0.7676, train_acc: 0.6686, dev_loss: 0.8773, dev_acc: 0.6494, time: 1.0
2025-08-08 04:05:15,120 - root - Epoch 14: train_loss: 0.7679, train_acc: 0.6686, dev_loss: 0.8773, dev_acc: 0.6494, time: 1.0
2025-08-08 04:05:16,120 - root - Epoch 15: train_loss: 0.7713, train_acc: 0.6686, dev_loss: 0.8773, dev_acc: 0.6494, time: 1.0
2025-08-08 04:05:17,129 - root - Epoch 16: train_loss: 0.7675, train_acc: 0.6700, dev_loss: 0.8773, dev_acc: 0.6494, time: 1.0
2025-08-08 04:05:18,148 - root - Epoch 17: train_loss: 0.7683, train_acc: 0.6700, dev_loss: 0.8773, dev_acc: 0.6494, time: 1.0
2025-08-08 04:05:19,157 - root - Epoch 18: train_loss: 0.7661, train_acc: 0.6700, dev_loss: 0.8773, dev_acc: 0.6494, time: 1.0
2025-08-08 04:05:20,150 - root - Epoch 19: train_loss: 0.7693, train_acc: 0.6700, dev_loss: 0.8773, dev_acc: 0.6494, time: 1.0
2025-08-08 04:05:21,168 - root - Epoch 20: train_loss: 0.7683, train_acc: 0.6700, dev_loss: 0.8772, dev_acc: 0.6494, time: 1.0
2025-08-08 04:05:22,166 - root - Epoch 21: train_loss: 0.7683, train_acc: 0.6700, dev_loss: 0.8772, dev_acc: 0.6494, time: 1.0
2025-08-08 04:05:23,174 - root - Epoch 22: train_loss: 0.7658, train_acc: 0.6700, dev_loss: 0.8772, dev_acc: 0.6494, time: 1.0
2025-08-08 04:05:24,170 - root - Epoch 23: train_loss: 0.7676, train_acc: 0.6700, dev_loss: 0.8772, dev_acc: 0.6494, time: 1.0
2025-08-08 04:05:25,141 - root - Epoch 24: train_loss: 0.7714, train_acc: 0.6700, dev_loss: 0.8772, dev_acc: 0.6494, time: 1.0
2025-08-08 04:05:26,134 - root - Epoch 25: train_loss: 0.7678, train_acc: 0.6700, dev_loss: 0.8772, dev_acc: 0.6494, time: 1.0
2025-08-08 04:05:27,138 - root - Epoch 26: train_loss: 0.7668, train_acc: 0.6700, dev_loss: 0.8772, dev_acc: 0.6494, time: 1.0
2025-08-08 04:05:28,113 - root - Epoch 27: train_loss: 0.7662, train_acc: 0.6700, dev_loss: 0.8772, dev_acc: 0.6494, time: 1.0
2025-08-08 04:05:29,119 - root - Epoch 28: train_loss: 0.7663, train_acc: 0.6700, dev_loss: 0.8772, dev_acc: 0.6494, time: 1.0
2025-08-08 04:05:30,124 - root - Epoch 29: train_loss: 0.7688, train_acc: 0.6700, dev_loss: 0.8772, dev_acc: 0.6494, time: 1.0
2025-08-08 04:05:31,121 - root - Epoch 30: train_loss: 0.7689, train_acc: 0.6700, dev_loss: 0.8772, dev_acc: 0.6494, time: 1.0
2025-08-08 04:05:32,127 - root - Epoch 31: train_loss: 0.7666, train_acc: 0.6700, dev_loss: 0.8772, dev_acc: 0.6494, time: 1.0
2025-08-08 04:05:33,123 - root - Epoch 32: train_loss: 0.7676, train_acc: 0.6700, dev_loss: 0.8772, dev_acc: 0.6494, time: 1.0
2025-08-08 04:05:34,131 - root - Epoch 33: train_loss: 0.7685, train_acc: 0.6700, dev_loss: 0.8772, dev_acc: 0.6494, time: 1.0
2025-08-08 04:05:35,119 - root - Epoch 34: train_loss: 0.7671, train_acc: 0.6715, dev_loss: 0.8772, dev_acc: 0.6494, time: 1.0
2025-08-08 04:05:36,109 - root - Epoch 35: train_loss: 0.7641, train_acc: 0.6715, dev_loss: 0.8772, dev_acc: 0.6494, time: 1.0
2025-08-08 04:05:37,117 - root - Epoch 36: train_loss: 0.7659, train_acc: 0.6715, dev_loss: 0.8772, dev_acc: 0.6494, time: 1.0
2025-08-08 04:05:38,108 - root - Epoch 37: train_loss: 0.7716, train_acc: 0.6700, dev_loss: 0.8771, dev_acc: 0.6494, time: 1.0
2025-08-08 04:05:39,099 - root - Epoch 38: train_loss: 0.7703, train_acc: 0.6700, dev_loss: 0.8771, dev_acc: 0.6494, time: 1.0
2025-08-08 04:05:40,096 - root - Epoch 39: train_loss: 0.7686, train_acc: 0.6700, dev_loss: 0.8771, dev_acc: 0.6494, time: 1.0
2025-08-08 04:05:41,100 - root - Epoch 40: train_loss: 0.7689, train_acc: 0.6700, dev_loss: 0.8771, dev_acc: 0.6494, time: 1.0
2025-08-08 04:05:42,095 - root - Epoch 41: train_loss: 0.7694, train_acc: 0.6700, dev_loss: 0.8771, dev_acc: 0.6494, time: 1.0
2025-08-08 04:05:43,098 - root - Epoch 42: train_loss: 0.7686, train_acc: 0.6700, dev_loss: 0.8771, dev_acc: 0.6494, time: 1.0
2025-08-08 04:05:44,093 - root - Epoch 43: train_loss: 0.7679, train_acc: 0.6700, dev_loss: 0.8771, dev_acc: 0.6437, time: 1.0
2025-08-08 04:05:45,076 - root - Epoch 44: train_loss: 0.7680, train_acc: 0.6700, dev_loss: 0.8771, dev_acc: 0.6437, time: 1.0
2025-08-08 04:05:46,070 - root - Epoch 45: train_loss: 0.7687, train_acc: 0.6700, dev_loss: 0.8771, dev_acc: 0.6437, time: 1.0
2025-08-08 04:05:47,055 - root - Epoch 46: train_loss: 0.7659, train_acc: 0.6700, dev_loss: 0.8771, dev_acc: 0.6437, time: 1.0
2025-08-08 04:05:48,038 - root - Epoch 47: train_loss: 0.7668, train_acc: 0.6700, dev_loss: 0.8771, dev_acc: 0.6437, time: 1.0
2025-08-08 04:05:49,035 - root - Epoch 48: train_loss: 0.7715, train_acc: 0.6700, dev_loss: 0.8771, dev_acc: 0.6437, time: 1.0
2025-08-08 04:05:50,033 - root - Epoch 49: train_loss: 0.7677, train_acc: 0.6700, dev_loss: 0.8771, dev_acc: 0.6437, time: 1.0
2025-08-08 04:05:51,035 - root - Epoch 50: train_loss: 0.7688, train_acc: 0.6700, dev_loss: 0.8771, dev_acc: 0.6437, time: 1.0
2025-08-08 04:05:52,033 - root - Epoch 51: train_loss: 0.7683, train_acc: 0.6700, dev_loss: 0.8771, dev_acc: 0.6437, time: 1.0
2025-08-08 04:05:52,034 - root - Early Stopped. best_epoch: 1. best_dev_acc: 0.6494252873563219

2025-08-08 04:05:52,285 - root - test_loss: 0.6253565549850464, test_acc: 0.8055555555555556, f1_weighted: 0.8031223208394869
2025-08-08 04:06:37,669 - root - 

2025-08-08 04:06:37,669 - root - ==================== Start Training ====================
2025-08-08 04:06:37,669 - root - seed: 2023
2025-08-08 04:06:37,670 - root - model: Model(
  (fc): Sequential(
    (0): Linear(in_features=768, out_features=256, bias=True)
    (1): ReLU()
    (2): Linear(in_features=256, out_features=128, bias=True)
    (3): ReLU()
    (4): Linear(in_features=128, out_features=3, bias=True)
  )
)
2025-08-08 04:06:37,670 - root - batch_size: 32
2025-08-08 04:06:37,670 - root - n_epochs: 1000
2025-08-08 04:06:37,670 - root - lr: 0.001
2025-08-08 04:06:37,670 - root - early_stop: 50
2025-08-08 04:06:37,670 - root - loss_fn: CrossEntropyLoss()
2025-08-08 04:06:37,670 - root - optimizer: Adam (
Parameter Group 0
    amsgrad: False
    betas: (0.9, 0.999)
    capturable: False
    decoupled_weight_decay: False
    differentiable: False
    eps: 1e-08
    foreach: None
    fused: None
    lr: 0.001
    maximize: False
    weight_decay: 0
)
2025-08-08 04:06:37,670 - root - scheduler: <torch.optim.lr_scheduler.ReduceLROnPlateau object at 0x7eb5a3113eb0>
2025-08-08 04:06:38,483 - root - Training on cuda
2025-08-08 04:06:40,020 - root - Epoch 1: train_loss: 1.0860, train_acc: 0.4170, dev_loss: 1.0813, dev_acc: 0.4080, time: 1.5
2025-08-08 04:06:40,993 - root - Epoch 2: train_loss: 1.0713, train_acc: 0.4329, dev_loss: 1.0757, dev_acc: 0.4080, time: 1.0
2025-08-08 04:06:41,954 - root - Epoch 3: train_loss: 1.0633, train_acc: 0.4343, dev_loss: 1.0862, dev_acc: 0.4195, time: 1.0
2025-08-08 04:06:42,924 - root - Epoch 4: train_loss: 1.0547, train_acc: 0.4430, dev_loss: 1.0880, dev_acc: 0.4253, time: 1.0
2025-08-08 04:06:43,885 - root - Epoch 5: train_loss: 1.0475, train_acc: 0.4675, dev_loss: 1.0933, dev_acc: 0.4253, time: 1.0
2025-08-08 04:06:44,851 - root - Epoch 6: train_loss: 1.0480, train_acc: 0.4459, dev_loss: 1.0779, dev_acc: 0.4483, time: 1.0
2025-08-08 04:06:45,821 - root - Epoch 7: train_loss: 1.0328, train_acc: 0.4776, dev_loss: 1.1015, dev_acc: 0.4080, time: 1.0
2025-08-08 04:06:46,781 - root - Epoch 8: train_loss: 1.0279, train_acc: 0.4805, dev_loss: 1.0867, dev_acc: 0.4310, time: 1.0
2025-08-08 04:06:47,743 - root - Epoch 9: train_loss: 1.0215, train_acc: 0.4776, dev_loss: 1.1082, dev_acc: 0.4425, time: 1.0
2025-08-08 04:06:48,709 - root - Epoch 10: train_loss: 1.0152, train_acc: 0.5036, dev_loss: 1.0947, dev_acc: 0.4770, time: 1.0
2025-08-08 04:06:49,677 - root - Epoch 11: train_loss: 0.9848, train_acc: 0.5195, dev_loss: 1.0875, dev_acc: 0.4368, time: 1.0
2025-08-08 04:06:50,635 - root - Epoch 12: train_loss: 0.9626, train_acc: 0.5281, dev_loss: 1.0863, dev_acc: 0.4310, time: 1.0
2025-08-08 04:06:51,601 - root - Epoch 13: train_loss: 0.9831, train_acc: 0.5065, dev_loss: 1.0992, dev_acc: 0.4770, time: 1.0
2025-08-08 04:06:52,564 - root - Epoch 14: train_loss: 0.9688, train_acc: 0.5238, dev_loss: 1.0802, dev_acc: 0.4368, time: 1.0
2025-08-08 04:06:53,533 - root - Epoch 15: train_loss: 0.9202, train_acc: 0.5844, dev_loss: 1.1453, dev_acc: 0.4138, time: 1.0
2025-08-08 04:06:54,501 - root - Epoch 16: train_loss: 0.9062, train_acc: 0.6075, dev_loss: 1.2575, dev_acc: 0.4080, time: 1.0
2025-08-08 04:06:55,465 - root - Epoch 17: train_loss: 0.9051, train_acc: 0.5743, dev_loss: 1.1159, dev_acc: 0.4253, time: 1.0
2025-08-08 04:06:56,428 - root - Epoch 18: train_loss: 0.9067, train_acc: 0.5844, dev_loss: 1.1188, dev_acc: 0.4483, time: 1.0
2025-08-08 04:06:57,390 - root - Epoch 19: train_loss: 0.8802, train_acc: 0.6061, dev_loss: 1.1653, dev_acc: 0.3793, time: 1.0
2025-08-08 04:06:58,344 - root - Epoch 20: train_loss: 0.8299, train_acc: 0.6277, dev_loss: 1.2021, dev_acc: 0.4425, time: 1.0
2025-08-08 04:06:59,310 - root - Epoch 21: train_loss: 0.8089, train_acc: 0.6623, dev_loss: 1.2920, dev_acc: 0.4253, time: 1.0
2025-08-08 04:07:00,275 - root - Epoch 22: train_loss: 0.8210, train_acc: 0.6349, dev_loss: 1.2235, dev_acc: 0.4598, time: 1.0
2025-08-08 04:07:01,238 - root - Epoch 23: train_loss: 0.7883, train_acc: 0.6494, dev_loss: 1.3375, dev_acc: 0.4368, time: 1.0
2025-08-08 04:07:02,201 - root - Epoch 24: train_loss: 0.8098, train_acc: 0.6378, dev_loss: 1.2845, dev_acc: 0.4425, time: 1.0
2025-08-08 04:07:03,161 - root - Epoch 25: train_loss: 0.7638, train_acc: 0.6623, dev_loss: 1.3694, dev_acc: 0.3448, time: 1.0
2025-08-08 04:07:04,113 - root - Epoch 26: train_loss: 0.7853, train_acc: 0.6638, dev_loss: 1.2250, dev_acc: 0.4368, time: 1.0
2025-08-08 04:07:05,058 - root - Epoch 27: train_loss: 0.7252, train_acc: 0.7013, dev_loss: 1.3975, dev_acc: 0.3276, time: 0.9
2025-08-08 04:07:06,006 - root - Epoch 28: train_loss: 0.7058, train_acc: 0.7056, dev_loss: 1.3433, dev_acc: 0.4080, time: 0.9
2025-08-08 04:07:06,961 - root - Epoch 29: train_loss: 0.6757, train_acc: 0.7013, dev_loss: 1.3116, dev_acc: 0.4253, time: 1.0
2025-08-08 04:07:07,919 - root - Epoch 30: train_loss: 0.6478, train_acc: 0.7244, dev_loss: 1.5223, dev_acc: 0.4368, time: 1.0
2025-08-08 04:07:08,878 - root - Epoch 31: train_loss: 0.6108, train_acc: 0.7431, dev_loss: 1.5141, dev_acc: 0.4368, time: 1.0
2025-08-08 04:07:09,819 - root - Epoch 32: train_loss: 0.5970, train_acc: 0.7547, dev_loss: 1.4720, dev_acc: 0.4368, time: 0.9
2025-08-08 04:07:10,766 - root - Epoch 33: train_loss: 0.5732, train_acc: 0.7778, dev_loss: 1.5791, dev_acc: 0.4080, time: 0.9
2025-08-08 04:07:11,718 - root - Epoch 34: train_loss: 0.5735, train_acc: 0.7720, dev_loss: 1.6713, dev_acc: 0.4080, time: 1.0
2025-08-08 04:07:12,667 - root - Epoch 35: train_loss: 0.5591, train_acc: 0.7734, dev_loss: 1.5937, dev_acc: 0.3851, time: 0.9
2025-08-08 04:07:13,626 - root - Epoch 36: train_loss: 0.5688, train_acc: 0.7691, dev_loss: 1.6118, dev_acc: 0.4425, time: 1.0
2025-08-08 04:07:14,572 - root - Epoch 37: train_loss: 0.5545, train_acc: 0.7619, dev_loss: 1.6717, dev_acc: 0.4195, time: 0.9
2025-08-08 04:07:15,526 - root - Epoch 38: train_loss: 0.5592, train_acc: 0.7749, dev_loss: 1.6399, dev_acc: 0.3966, time: 1.0
2025-08-08 04:07:16,465 - root - Epoch 39: train_loss: 0.4542, train_acc: 0.8442, dev_loss: 1.7692, dev_acc: 0.3908, time: 0.9
2025-08-08 04:07:17,413 - root - Epoch 40: train_loss: 0.4508, train_acc: 0.8312, dev_loss: 1.7433, dev_acc: 0.4253, time: 0.9
2025-08-08 04:07:18,348 - root - Epoch 41: train_loss: 0.4314, train_acc: 0.8398, dev_loss: 1.8335, dev_acc: 0.3966, time: 0.9
2025-08-08 04:07:19,291 - root - Epoch 42: train_loss: 0.4344, train_acc: 0.8225, dev_loss: 1.8949, dev_acc: 0.3793, time: 0.9
2025-08-08 04:07:20,228 - root - Epoch 43: train_loss: 0.3699, train_acc: 0.8600, dev_loss: 2.0706, dev_acc: 0.3276, time: 0.9
2025-08-08 04:07:21,171 - root - Epoch 44: train_loss: 0.4247, train_acc: 0.8225, dev_loss: 1.9424, dev_acc: 0.4195, time: 0.9
2025-08-08 04:07:22,117 - root - Epoch 45: train_loss: 0.3548, train_acc: 0.8672, dev_loss: 2.0872, dev_acc: 0.3966, time: 0.9
2025-08-08 04:07:23,068 - root - Epoch 46: train_loss: 0.3479, train_acc: 0.8745, dev_loss: 2.0059, dev_acc: 0.3908, time: 1.0
2025-08-08 04:07:24,039 - root - Epoch 47: train_loss: 0.2869, train_acc: 0.9033, dev_loss: 2.1490, dev_acc: 0.3908, time: 1.0
2025-08-08 04:07:24,999 - root - Epoch 48: train_loss: 0.3027, train_acc: 0.8889, dev_loss: 2.1519, dev_acc: 0.3851, time: 1.0
2025-08-08 04:07:25,958 - root - Epoch 49: train_loss: 0.2769, train_acc: 0.9091, dev_loss: 2.3653, dev_acc: 0.4080, time: 1.0
2025-08-08 04:07:26,893 - root - Epoch 50: train_loss: 0.2796, train_acc: 0.8817, dev_loss: 2.2869, dev_acc: 0.4253, time: 0.9
2025-08-08 04:07:27,826 - root - Epoch 51: train_loss: 0.2287, train_acc: 0.9235, dev_loss: 2.2315, dev_acc: 0.3966, time: 0.9
2025-08-08 04:07:28,749 - root - Epoch 52: train_loss: 0.1972, train_acc: 0.9408, dev_loss: 2.5806, dev_acc: 0.4368, time: 0.9
2025-08-08 04:07:29,674 - root - Epoch 53: train_loss: 0.2089, train_acc: 0.9336, dev_loss: 2.4057, dev_acc: 0.4195, time: 0.9
2025-08-08 04:07:30,601 - root - Epoch 54: train_loss: 0.1951, train_acc: 0.9380, dev_loss: 2.5846, dev_acc: 0.4425, time: 0.9
2025-08-08 04:07:31,519 - root - Epoch 55: train_loss: 0.1929, train_acc: 0.9351, dev_loss: 2.6640, dev_acc: 0.3851, time: 0.9
2025-08-08 04:07:32,441 - root - Epoch 56: train_loss: 0.1533, train_acc: 0.9509, dev_loss: 2.6690, dev_acc: 0.4080, time: 0.9
2025-08-08 04:07:33,366 - root - Epoch 57: train_loss: 0.1286, train_acc: 0.9654, dev_loss: 2.7899, dev_acc: 0.3793, time: 0.9
2025-08-08 04:07:34,302 - root - Epoch 58: train_loss: 0.1153, train_acc: 0.9726, dev_loss: 2.8506, dev_acc: 0.4138, time: 0.9
2025-08-08 04:07:35,224 - root - Epoch 59: train_loss: 0.1087, train_acc: 0.9610, dev_loss: 3.0374, dev_acc: 0.3736, time: 0.9
2025-08-08 04:07:36,152 - root - Epoch 60: train_loss: 0.1364, train_acc: 0.9509, dev_loss: 3.0505, dev_acc: 0.3908, time: 0.9
2025-08-08 04:07:36,152 - root - Early Stopped. best_epoch: 10. best_dev_acc: 0.47701149425287354

2025-08-08 04:07:36,397 - root - test_loss: 1.076034665107727, test_acc: 0.42857142857142855, f1_weighted: 0.39380764976182514
2025-08-08 04:07:37,226 - root - Training on cuda
2025-08-08 04:07:38,221 - root - Epoch 1: train_loss: 1.0173, train_acc: 0.4747, dev_loss: 1.0459, dev_acc: 0.4770, time: 1.0
2025-08-08 04:07:39,171 - root - Epoch 2: train_loss: 1.0041, train_acc: 0.5094, dev_loss: 1.0249, dev_acc: 0.4770, time: 0.9
2025-08-08 04:07:40,172 - root - Epoch 3: train_loss: 0.9955, train_acc: 0.5022, dev_loss: 1.0232, dev_acc: 0.4885, time: 1.0
2025-08-08 04:07:41,160 - root - Epoch 4: train_loss: 0.9851, train_acc: 0.5224, dev_loss: 1.0217, dev_acc: 0.5172, time: 1.0
2025-08-08 04:07:42,135 - root - Epoch 5: train_loss: 0.9806, train_acc: 0.5253, dev_loss: 1.0081, dev_acc: 0.5172, time: 1.0
2025-08-08 04:07:43,098 - root - Epoch 6: train_loss: 0.9717, train_acc: 0.5079, dev_loss: 1.0226, dev_acc: 0.5115, time: 1.0
2025-08-08 04:07:44,066 - root - Epoch 7: train_loss: 0.9567, train_acc: 0.5498, dev_loss: 1.0063, dev_acc: 0.5230, time: 1.0
2025-08-08 04:07:45,037 - root - Epoch 8: train_loss: 0.9600, train_acc: 0.5368, dev_loss: 1.0079, dev_acc: 0.5287, time: 1.0
2025-08-08 04:07:45,981 - root - Epoch 9: train_loss: 0.9461, train_acc: 0.5628, dev_loss: 0.9957, dev_acc: 0.5402, time: 0.9
2025-08-08 04:07:46,953 - root - Epoch 10: train_loss: 0.9326, train_acc: 0.5642, dev_loss: 1.0086, dev_acc: 0.5460, time: 1.0
2025-08-08 04:07:47,914 - root - Epoch 11: train_loss: 0.9265, train_acc: 0.5729, dev_loss: 1.0065, dev_acc: 0.5632, time: 1.0
2025-08-08 04:07:48,891 - root - Epoch 12: train_loss: 0.9185, train_acc: 0.5642, dev_loss: 1.0009, dev_acc: 0.5632, time: 1.0
2025-08-08 04:07:49,852 - root - Epoch 13: train_loss: 0.9185, train_acc: 0.5671, dev_loss: 1.0093, dev_acc: 0.5805, time: 1.0
2025-08-08 04:07:50,807 - root - Epoch 14: train_loss: 0.9059, train_acc: 0.5960, dev_loss: 0.9987, dev_acc: 0.5517, time: 1.0
2025-08-08 04:07:51,759 - root - Epoch 15: train_loss: 0.8975, train_acc: 0.6104, dev_loss: 1.0166, dev_acc: 0.5575, time: 1.0
2025-08-08 04:07:52,708 - root - Epoch 16: train_loss: 0.8968, train_acc: 0.6061, dev_loss: 0.9961, dev_acc: 0.5402, time: 0.9
2025-08-08 04:07:53,646 - root - Epoch 17: train_loss: 0.8893, train_acc: 0.6061, dev_loss: 1.0066, dev_acc: 0.5517, time: 0.9
2025-08-08 04:07:54,594 - root - Epoch 18: train_loss: 0.8885, train_acc: 0.6075, dev_loss: 0.9985, dev_acc: 0.5460, time: 0.9
2025-08-08 04:07:55,552 - root - Epoch 19: train_loss: 0.8811, train_acc: 0.6133, dev_loss: 1.0013, dev_acc: 0.5632, time: 1.0
2025-08-08 04:07:56,518 - root - Epoch 20: train_loss: 0.8787, train_acc: 0.6248, dev_loss: 1.0053, dev_acc: 0.5690, time: 1.0
2025-08-08 04:07:57,472 - root - Epoch 21: train_loss: 0.8742, train_acc: 0.6205, dev_loss: 1.0042, dev_acc: 0.5690, time: 1.0
2025-08-08 04:07:58,399 - root - Epoch 22: train_loss: 0.8726, train_acc: 0.6291, dev_loss: 1.0049, dev_acc: 0.5690, time: 0.9
2025-08-08 04:07:59,374 - root - Epoch 23: train_loss: 0.8680, train_acc: 0.6263, dev_loss: 1.0025, dev_acc: 0.5805, time: 1.0
2025-08-08 04:08:00,326 - root - Epoch 24: train_loss: 0.8633, train_acc: 0.6291, dev_loss: 1.0064, dev_acc: 0.5690, time: 1.0
2025-08-08 04:08:01,275 - root - Epoch 25: train_loss: 0.8651, train_acc: 0.6392, dev_loss: 1.0057, dev_acc: 0.5632, time: 0.9
2025-08-08 04:08:02,215 - root - Epoch 26: train_loss: 0.8591, train_acc: 0.6349, dev_loss: 1.0064, dev_acc: 0.5690, time: 0.9
2025-08-08 04:08:03,171 - root - Epoch 27: train_loss: 0.8593, train_acc: 0.6248, dev_loss: 1.0060, dev_acc: 0.5805, time: 1.0
2025-08-08 04:08:04,122 - root - Epoch 28: train_loss: 0.8580, train_acc: 0.6421, dev_loss: 1.0079, dev_acc: 0.5690, time: 1.0
2025-08-08 04:08:05,092 - root - Epoch 29: train_loss: 0.8583, train_acc: 0.6364, dev_loss: 1.0065, dev_acc: 0.5517, time: 1.0
2025-08-08 04:08:06,046 - root - Epoch 30: train_loss: 0.8517, train_acc: 0.6378, dev_loss: 1.0070, dev_acc: 0.5575, time: 1.0
2025-08-08 04:08:06,996 - root - Epoch 31: train_loss: 0.8520, train_acc: 0.6364, dev_loss: 1.0084, dev_acc: 0.5575, time: 0.9
2025-08-08 04:08:07,941 - root - Epoch 32: train_loss: 0.8512, train_acc: 0.6392, dev_loss: 1.0065, dev_acc: 0.5690, time: 0.9
2025-08-08 04:08:08,891 - root - Epoch 33: train_loss: 0.8521, train_acc: 0.6349, dev_loss: 1.0078, dev_acc: 0.5575, time: 0.9
2025-08-08 04:08:09,844 - root - Epoch 34: train_loss: 0.8474, train_acc: 0.6392, dev_loss: 1.0078, dev_acc: 0.5632, time: 1.0
2025-08-08 04:08:10,810 - root - Epoch 35: train_loss: 0.8473, train_acc: 0.6392, dev_loss: 1.0083, dev_acc: 0.5575, time: 1.0
2025-08-08 04:08:11,784 - root - Epoch 36: train_loss: 0.8516, train_acc: 0.6378, dev_loss: 1.0086, dev_acc: 0.5632, time: 1.0
2025-08-08 04:08:12,731 - root - Epoch 37: train_loss: 0.8478, train_acc: 0.6436, dev_loss: 1.0078, dev_acc: 0.5690, time: 0.9
2025-08-08 04:08:13,676 - root - Epoch 38: train_loss: 0.8481, train_acc: 0.6450, dev_loss: 1.0083, dev_acc: 0.5575, time: 0.9
2025-08-08 04:08:14,615 - root - Epoch 39: train_loss: 0.8476, train_acc: 0.6436, dev_loss: 1.0085, dev_acc: 0.5575, time: 0.9
2025-08-08 04:08:15,553 - root - Epoch 40: train_loss: 0.8465, train_acc: 0.6392, dev_loss: 1.0089, dev_acc: 0.5575, time: 0.9
2025-08-08 04:08:16,507 - root - Epoch 41: train_loss: 0.8453, train_acc: 0.6421, dev_loss: 1.0079, dev_acc: 0.5632, time: 1.0
2025-08-08 04:08:17,451 - root - Epoch 42: train_loss: 0.8435, train_acc: 0.6465, dev_loss: 1.0083, dev_acc: 0.5632, time: 0.9
2025-08-08 04:08:18,410 - root - Epoch 43: train_loss: 0.8451, train_acc: 0.6465, dev_loss: 1.0086, dev_acc: 0.5575, time: 1.0
2025-08-08 04:08:19,354 - root - Epoch 44: train_loss: 0.8438, train_acc: 0.6436, dev_loss: 1.0082, dev_acc: 0.5575, time: 0.9
2025-08-08 04:08:20,304 - root - Epoch 45: train_loss: 0.8460, train_acc: 0.6465, dev_loss: 1.0083, dev_acc: 0.5575, time: 0.9
2025-08-08 04:08:21,244 - root - Epoch 46: train_loss: 0.8436, train_acc: 0.6479, dev_loss: 1.0086, dev_acc: 0.5575, time: 0.9
2025-08-08 04:08:22,194 - root - Epoch 47: train_loss: 0.8440, train_acc: 0.6436, dev_loss: 1.0088, dev_acc: 0.5575, time: 0.9
2025-08-08 04:08:23,151 - root - Epoch 48: train_loss: 0.8449, train_acc: 0.6450, dev_loss: 1.0088, dev_acc: 0.5575, time: 1.0
2025-08-08 04:08:24,109 - root - Epoch 49: train_loss: 0.8432, train_acc: 0.6465, dev_loss: 1.0089, dev_acc: 0.5575, time: 1.0
2025-08-08 04:08:25,047 - root - Epoch 50: train_loss: 0.8445, train_acc: 0.6450, dev_loss: 1.0088, dev_acc: 0.5575, time: 0.9
2025-08-08 04:08:26,030 - root - Epoch 51: train_loss: 0.8444, train_acc: 0.6465, dev_loss: 1.0089, dev_acc: 0.5575, time: 1.0
2025-08-08 04:08:26,982 - root - Epoch 52: train_loss: 0.8429, train_acc: 0.6450, dev_loss: 1.0089, dev_acc: 0.5575, time: 1.0
2025-08-08 04:08:27,966 - root - Epoch 53: train_loss: 0.8438, train_acc: 0.6436, dev_loss: 1.0090, dev_acc: 0.5575, time: 1.0
2025-08-08 04:08:28,922 - root - Epoch 54: train_loss: 0.8415, train_acc: 0.6421, dev_loss: 1.0091, dev_acc: 0.5575, time: 1.0
2025-08-08 04:08:29,869 - root - Epoch 55: train_loss: 0.8440, train_acc: 0.6436, dev_loss: 1.0091, dev_acc: 0.5575, time: 0.9
2025-08-08 04:08:30,812 - root - Epoch 56: train_loss: 0.8445, train_acc: 0.6450, dev_loss: 1.0090, dev_acc: 0.5575, time: 0.9
2025-08-08 04:08:31,771 - root - Epoch 57: train_loss: 0.8466, train_acc: 0.6436, dev_loss: 1.0092, dev_acc: 0.5575, time: 1.0
2025-08-08 04:08:32,730 - root - Epoch 58: train_loss: 0.8429, train_acc: 0.6450, dev_loss: 1.0089, dev_acc: 0.5575, time: 1.0
2025-08-08 04:08:33,712 - root - Epoch 59: train_loss: 0.8428, train_acc: 0.6450, dev_loss: 1.0092, dev_acc: 0.5575, time: 1.0
2025-08-08 04:08:34,695 - root - Epoch 60: train_loss: 0.8451, train_acc: 0.6436, dev_loss: 1.0091, dev_acc: 0.5575, time: 1.0
2025-08-08 04:08:35,667 - root - Epoch 61: train_loss: 0.8427, train_acc: 0.6450, dev_loss: 1.0091, dev_acc: 0.5575, time: 1.0
2025-08-08 04:08:36,613 - root - Epoch 62: train_loss: 0.8437, train_acc: 0.6436, dev_loss: 1.0091, dev_acc: 0.5575, time: 0.9
2025-08-08 04:08:37,579 - root - Epoch 63: train_loss: 0.8454, train_acc: 0.6436, dev_loss: 1.0092, dev_acc: 0.5575, time: 1.0
2025-08-08 04:08:37,579 - root - Early Stopped. best_epoch: 13. best_dev_acc: 0.5804597701149425

2025-08-08 04:08:37,824 - root - test_loss: 1.060408115386963, test_acc: 0.46543778801843316, f1_weighted: 0.43695838427165573
2025-08-08 04:08:38,426 - root - Training on cuda
2025-08-08 04:08:39,429 - root - Epoch 1: train_loss: 0.9520, train_acc: 0.5455, dev_loss: 1.0088, dev_acc: 0.5632, time: 1.0
2025-08-08 04:08:40,417 - root - Epoch 2: train_loss: 0.9503, train_acc: 0.5498, dev_loss: 1.0085, dev_acc: 0.5632, time: 1.0
2025-08-08 04:08:41,428 - root - Epoch 3: train_loss: 0.9506, train_acc: 0.5498, dev_loss: 1.0082, dev_acc: 0.5690, time: 1.0
2025-08-08 04:08:42,425 - root - Epoch 4: train_loss: 0.9509, train_acc: 0.5483, dev_loss: 1.0080, dev_acc: 0.5632, time: 1.0
2025-08-08 04:08:43,404 - root - Epoch 5: train_loss: 0.9483, train_acc: 0.5498, dev_loss: 1.0078, dev_acc: 0.5690, time: 1.0
2025-08-08 04:08:44,390 - root - Epoch 6: train_loss: 0.9530, train_acc: 0.5498, dev_loss: 1.0076, dev_acc: 0.5632, time: 1.0
2025-08-08 04:08:45,386 - root - Epoch 7: train_loss: 0.9502, train_acc: 0.5498, dev_loss: 1.0075, dev_acc: 0.5632, time: 1.0
2025-08-08 04:08:46,374 - root - Epoch 8: train_loss: 0.9492, train_acc: 0.5512, dev_loss: 1.0073, dev_acc: 0.5632, time: 1.0
2025-08-08 04:08:47,365 - root - Epoch 9: train_loss: 0.9492, train_acc: 0.5527, dev_loss: 1.0072, dev_acc: 0.5575, time: 1.0
2025-08-08 04:08:48,367 - root - Epoch 10: train_loss: 0.9510, train_acc: 0.5512, dev_loss: 1.0071, dev_acc: 0.5575, time: 1.0
2025-08-08 04:08:49,358 - root - Epoch 11: train_loss: 0.9477, train_acc: 0.5498, dev_loss: 1.0070, dev_acc: 0.5575, time: 1.0
2025-08-08 04:08:50,354 - root - Epoch 12: train_loss: 0.9475, train_acc: 0.5498, dev_loss: 1.0069, dev_acc: 0.5575, time: 1.0
2025-08-08 04:08:51,362 - root - Epoch 13: train_loss: 0.9492, train_acc: 0.5527, dev_loss: 1.0068, dev_acc: 0.5575, time: 1.0
2025-08-08 04:08:52,351 - root - Epoch 14: train_loss: 0.9489, train_acc: 0.5527, dev_loss: 1.0067, dev_acc: 0.5575, time: 1.0
2025-08-08 04:08:53,361 - root - Epoch 15: train_loss: 0.9486, train_acc: 0.5512, dev_loss: 1.0067, dev_acc: 0.5575, time: 1.0
2025-08-08 04:08:54,353 - root - Epoch 16: train_loss: 0.9475, train_acc: 0.5512, dev_loss: 1.0067, dev_acc: 0.5575, time: 1.0
2025-08-08 04:08:55,347 - root - Epoch 17: train_loss: 0.9505, train_acc: 0.5512, dev_loss: 1.0066, dev_acc: 0.5575, time: 1.0
2025-08-08 04:08:56,331 - root - Epoch 18: train_loss: 0.9492, train_acc: 0.5512, dev_loss: 1.0066, dev_acc: 0.5575, time: 1.0
2025-08-08 04:08:57,310 - root - Epoch 19: train_loss: 0.9508, train_acc: 0.5512, dev_loss: 1.0066, dev_acc: 0.5575, time: 1.0
2025-08-08 04:08:58,315 - root - Epoch 20: train_loss: 0.9490, train_acc: 0.5498, dev_loss: 1.0065, dev_acc: 0.5575, time: 1.0
2025-08-08 04:08:59,318 - root - Epoch 21: train_loss: 0.9461, train_acc: 0.5498, dev_loss: 1.0065, dev_acc: 0.5575, time: 1.0
2025-08-08 04:09:00,319 - root - Epoch 22: train_loss: 0.9482, train_acc: 0.5498, dev_loss: 1.0065, dev_acc: 0.5575, time: 1.0
2025-08-08 04:09:01,319 - root - Epoch 23: train_loss: 0.9489, train_acc: 0.5498, dev_loss: 1.0065, dev_acc: 0.5575, time: 1.0
2025-08-08 04:09:02,327 - root - Epoch 24: train_loss: 0.9466, train_acc: 0.5498, dev_loss: 1.0064, dev_acc: 0.5575, time: 1.0
2025-08-08 04:09:03,345 - root - Epoch 25: train_loss: 0.9470, train_acc: 0.5498, dev_loss: 1.0064, dev_acc: 0.5575, time: 1.0
2025-08-08 04:09:04,358 - root - Epoch 26: train_loss: 0.9483, train_acc: 0.5512, dev_loss: 1.0064, dev_acc: 0.5575, time: 1.0
2025-08-08 04:09:05,346 - root - Epoch 27: train_loss: 0.9491, train_acc: 0.5527, dev_loss: 1.0064, dev_acc: 0.5575, time: 1.0
2025-08-08 04:09:06,347 - root - Epoch 28: train_loss: 0.9490, train_acc: 0.5527, dev_loss: 1.0064, dev_acc: 0.5575, time: 1.0
2025-08-08 04:09:07,359 - root - Epoch 29: train_loss: 0.9486, train_acc: 0.5527, dev_loss: 1.0064, dev_acc: 0.5575, time: 1.0
2025-08-08 04:09:08,324 - root - Epoch 30: train_loss: 0.9501, train_acc: 0.5527, dev_loss: 1.0064, dev_acc: 0.5575, time: 1.0
2025-08-08 04:09:09,329 - root - Epoch 31: train_loss: 0.9458, train_acc: 0.5527, dev_loss: 1.0064, dev_acc: 0.5575, time: 1.0
2025-08-08 04:09:10,336 - root - Epoch 32: train_loss: 0.9495, train_acc: 0.5527, dev_loss: 1.0064, dev_acc: 0.5575, time: 1.0
2025-08-08 04:09:11,313 - root - Epoch 33: train_loss: 0.9488, train_acc: 0.5527, dev_loss: 1.0063, dev_acc: 0.5575, time: 1.0
2025-08-08 04:09:12,291 - root - Epoch 34: train_loss: 0.9473, train_acc: 0.5527, dev_loss: 1.0063, dev_acc: 0.5575, time: 1.0
2025-08-08 04:09:13,286 - root - Epoch 35: train_loss: 0.9520, train_acc: 0.5527, dev_loss: 1.0063, dev_acc: 0.5575, time: 1.0
2025-08-08 04:09:14,291 - root - Epoch 36: train_loss: 0.9496, train_acc: 0.5527, dev_loss: 1.0063, dev_acc: 0.5575, time: 1.0
2025-08-08 04:09:15,287 - root - Epoch 37: train_loss: 0.9459, train_acc: 0.5527, dev_loss: 1.0063, dev_acc: 0.5575, time: 1.0
2025-08-08 04:09:16,285 - root - Epoch 38: train_loss: 0.9483, train_acc: 0.5527, dev_loss: 1.0063, dev_acc: 0.5575, time: 1.0
2025-08-08 04:09:17,276 - root - Epoch 39: train_loss: 0.9504, train_acc: 0.5527, dev_loss: 1.0063, dev_acc: 0.5575, time: 1.0
2025-08-08 04:09:18,254 - root - Epoch 40: train_loss: 0.9459, train_acc: 0.5527, dev_loss: 1.0063, dev_acc: 0.5575, time: 1.0
2025-08-08 04:09:19,243 - root - Epoch 41: train_loss: 0.9490, train_acc: 0.5527, dev_loss: 1.0063, dev_acc: 0.5575, time: 1.0
2025-08-08 04:09:20,242 - root - Epoch 42: train_loss: 0.9489, train_acc: 0.5527, dev_loss: 1.0063, dev_acc: 0.5575, time: 1.0
2025-08-08 04:09:21,224 - root - Epoch 43: train_loss: 0.9522, train_acc: 0.5527, dev_loss: 1.0063, dev_acc: 0.5575, time: 1.0
2025-08-08 04:09:22,238 - root - Epoch 44: train_loss: 0.9456, train_acc: 0.5527, dev_loss: 1.0063, dev_acc: 0.5575, time: 1.0
2025-08-08 04:09:23,238 - root - Epoch 45: train_loss: 0.9466, train_acc: 0.5527, dev_loss: 1.0063, dev_acc: 0.5575, time: 1.0
2025-08-08 04:09:24,244 - root - Epoch 46: train_loss: 0.9473, train_acc: 0.5527, dev_loss: 1.0063, dev_acc: 0.5575, time: 1.0
2025-08-08 04:09:25,228 - root - Epoch 47: train_loss: 0.9496, train_acc: 0.5527, dev_loss: 1.0063, dev_acc: 0.5575, time: 1.0
2025-08-08 04:09:26,219 - root - Epoch 48: train_loss: 0.9482, train_acc: 0.5527, dev_loss: 1.0063, dev_acc: 0.5575, time: 1.0
2025-08-08 04:09:27,224 - root - Epoch 49: train_loss: 0.9482, train_acc: 0.5527, dev_loss: 1.0063, dev_acc: 0.5575, time: 1.0
2025-08-08 04:09:28,213 - root - Epoch 50: train_loss: 0.9518, train_acc: 0.5527, dev_loss: 1.0063, dev_acc: 0.5575, time: 1.0
2025-08-08 04:09:29,213 - root - Epoch 51: train_loss: 0.9468, train_acc: 0.5527, dev_loss: 1.0063, dev_acc: 0.5575, time: 1.0
2025-08-08 04:09:30,211 - root - Epoch 52: train_loss: 0.9466, train_acc: 0.5527, dev_loss: 1.0063, dev_acc: 0.5575, time: 1.0
2025-08-08 04:09:31,228 - root - Epoch 53: train_loss: 0.9481, train_acc: 0.5527, dev_loss: 1.0063, dev_acc: 0.5575, time: 1.0
2025-08-08 04:09:31,228 - root - Early Stopped. best_epoch: 3. best_dev_acc: 0.5689655172413793

2025-08-08 04:09:31,478 - root - test_loss: 0.923986554145813, test_acc: 0.5852534562211982, f1_weighted: 0.5585488467512109
2025-08-08 04:09:32,077 - root - Training on cuda
2025-08-08 04:09:33,085 - root - Epoch 1: train_loss: 0.9621, train_acc: 0.5368, dev_loss: 0.9768, dev_acc: 0.5805, time: 1.0
2025-08-08 04:09:34,087 - root - Epoch 2: train_loss: 0.9704, train_acc: 0.5368, dev_loss: 0.9768, dev_acc: 0.5805, time: 1.0
2025-08-08 04:09:35,072 - root - Epoch 3: train_loss: 0.9652, train_acc: 0.5368, dev_loss: 0.9768, dev_acc: 0.5805, time: 1.0
2025-08-08 04:09:36,079 - root - Epoch 4: train_loss: 0.9607, train_acc: 0.5354, dev_loss: 0.9768, dev_acc: 0.5805, time: 1.0
2025-08-08 04:09:37,074 - root - Epoch 5: train_loss: 0.9669, train_acc: 0.5354, dev_loss: 0.9768, dev_acc: 0.5805, time: 1.0
2025-08-08 04:09:38,082 - root - Epoch 6: train_loss: 0.9657, train_acc: 0.5354, dev_loss: 0.9768, dev_acc: 0.5805, time: 1.0
2025-08-08 04:09:39,056 - root - Epoch 7: train_loss: 0.9597, train_acc: 0.5354, dev_loss: 0.9768, dev_acc: 0.5805, time: 1.0
2025-08-08 04:09:40,065 - root - Epoch 8: train_loss: 0.9655, train_acc: 0.5354, dev_loss: 0.9768, dev_acc: 0.5805, time: 1.0
2025-08-08 04:09:41,063 - root - Epoch 9: train_loss: 0.9610, train_acc: 0.5354, dev_loss: 0.9768, dev_acc: 0.5805, time: 1.0
2025-08-08 04:09:42,068 - root - Epoch 10: train_loss: 0.9627, train_acc: 0.5354, dev_loss: 0.9767, dev_acc: 0.5805, time: 1.0
2025-08-08 04:09:43,077 - root - Epoch 11: train_loss: 0.9627, train_acc: 0.5354, dev_loss: 0.9767, dev_acc: 0.5805, time: 1.0
2025-08-08 04:09:44,089 - root - Epoch 12: train_loss: 0.9620, train_acc: 0.5354, dev_loss: 0.9767, dev_acc: 0.5805, time: 1.0
2025-08-08 04:09:45,071 - root - Epoch 13: train_loss: 0.9650, train_acc: 0.5354, dev_loss: 0.9767, dev_acc: 0.5805, time: 1.0
2025-08-08 04:09:46,065 - root - Epoch 14: train_loss: 0.9606, train_acc: 0.5354, dev_loss: 0.9767, dev_acc: 0.5805, time: 1.0
2025-08-08 04:09:47,084 - root - Epoch 15: train_loss: 0.9651, train_acc: 0.5354, dev_loss: 0.9767, dev_acc: 0.5805, time: 1.0
2025-08-08 04:09:48,097 - root - Epoch 16: train_loss: 0.9609, train_acc: 0.5354, dev_loss: 0.9767, dev_acc: 0.5805, time: 1.0
2025-08-08 04:09:49,104 - root - Epoch 17: train_loss: 0.9654, train_acc: 0.5354, dev_loss: 0.9767, dev_acc: 0.5805, time: 1.0
2025-08-08 04:09:50,123 - root - Epoch 18: train_loss: 0.9616, train_acc: 0.5354, dev_loss: 0.9767, dev_acc: 0.5805, time: 1.0
2025-08-08 04:09:51,119 - root - Epoch 19: train_loss: 0.9684, train_acc: 0.5354, dev_loss: 0.9766, dev_acc: 0.5805, time: 1.0
2025-08-08 04:09:52,123 - root - Epoch 20: train_loss: 0.9629, train_acc: 0.5354, dev_loss: 0.9766, dev_acc: 0.5805, time: 1.0
2025-08-08 04:09:53,104 - root - Epoch 21: train_loss: 0.9632, train_acc: 0.5354, dev_loss: 0.9766, dev_acc: 0.5805, time: 1.0
2025-08-08 04:09:54,114 - root - Epoch 22: train_loss: 0.9657, train_acc: 0.5354, dev_loss: 0.9766, dev_acc: 0.5805, time: 1.0
2025-08-08 04:09:55,107 - root - Epoch 23: train_loss: 0.9647, train_acc: 0.5368, dev_loss: 0.9766, dev_acc: 0.5747, time: 1.0
2025-08-08 04:09:56,105 - root - Epoch 24: train_loss: 0.9665, train_acc: 0.5368, dev_loss: 0.9766, dev_acc: 0.5747, time: 1.0
2025-08-08 04:09:57,094 - root - Epoch 25: train_loss: 0.9635, train_acc: 0.5368, dev_loss: 0.9766, dev_acc: 0.5747, time: 1.0
2025-08-08 04:09:58,105 - root - Epoch 26: train_loss: 0.9627, train_acc: 0.5368, dev_loss: 0.9766, dev_acc: 0.5747, time: 1.0
2025-08-08 04:09:59,096 - root - Epoch 27: train_loss: 0.9618, train_acc: 0.5368, dev_loss: 0.9766, dev_acc: 0.5747, time: 1.0
2025-08-08 04:10:00,106 - root - Epoch 28: train_loss: 0.9635, train_acc: 0.5368, dev_loss: 0.9765, dev_acc: 0.5747, time: 1.0
2025-08-08 04:10:01,088 - root - Epoch 29: train_loss: 0.9608, train_acc: 0.5368, dev_loss: 0.9765, dev_acc: 0.5747, time: 1.0
2025-08-08 04:10:02,103 - root - Epoch 30: train_loss: 0.9643, train_acc: 0.5368, dev_loss: 0.9765, dev_acc: 0.5747, time: 1.0
2025-08-08 04:10:03,096 - root - Epoch 31: train_loss: 0.9644, train_acc: 0.5368, dev_loss: 0.9765, dev_acc: 0.5747, time: 1.0
2025-08-08 04:10:04,111 - root - Epoch 32: train_loss: 0.9645, train_acc: 0.5368, dev_loss: 0.9765, dev_acc: 0.5747, time: 1.0
2025-08-08 04:10:05,078 - root - Epoch 33: train_loss: 0.9628, train_acc: 0.5368, dev_loss: 0.9765, dev_acc: 0.5747, time: 1.0
2025-08-08 04:10:06,081 - root - Epoch 34: train_loss: 0.9620, train_acc: 0.5368, dev_loss: 0.9765, dev_acc: 0.5747, time: 1.0
2025-08-08 04:10:07,060 - root - Epoch 35: train_loss: 0.9631, train_acc: 0.5368, dev_loss: 0.9765, dev_acc: 0.5747, time: 1.0
2025-08-08 04:10:08,067 - root - Epoch 36: train_loss: 0.9644, train_acc: 0.5368, dev_loss: 0.9765, dev_acc: 0.5747, time: 1.0
2025-08-08 04:10:09,054 - root - Epoch 37: train_loss: 0.9600, train_acc: 0.5368, dev_loss: 0.9764, dev_acc: 0.5747, time: 1.0
2025-08-08 04:10:10,052 - root - Epoch 38: train_loss: 0.9628, train_acc: 0.5368, dev_loss: 0.9764, dev_acc: 0.5747, time: 1.0
2025-08-08 04:10:11,034 - root - Epoch 39: train_loss: 0.9628, train_acc: 0.5368, dev_loss: 0.9764, dev_acc: 0.5747, time: 1.0
2025-08-08 04:10:12,025 - root - Epoch 40: train_loss: 0.9630, train_acc: 0.5368, dev_loss: 0.9764, dev_acc: 0.5747, time: 1.0
2025-08-08 04:10:13,018 - root - Epoch 41: train_loss: 0.9613, train_acc: 0.5368, dev_loss: 0.9764, dev_acc: 0.5747, time: 1.0
2025-08-08 04:10:14,025 - root - Epoch 42: train_loss: 0.9600, train_acc: 0.5368, dev_loss: 0.9764, dev_acc: 0.5747, time: 1.0
2025-08-08 04:10:15,026 - root - Epoch 43: train_loss: 0.9645, train_acc: 0.5368, dev_loss: 0.9764, dev_acc: 0.5747, time: 1.0
2025-08-08 04:10:16,037 - root - Epoch 44: train_loss: 0.9622, train_acc: 0.5368, dev_loss: 0.9764, dev_acc: 0.5747, time: 1.0
2025-08-08 04:10:17,040 - root - Epoch 45: train_loss: 0.9636, train_acc: 0.5368, dev_loss: 0.9764, dev_acc: 0.5747, time: 1.0
2025-08-08 04:10:18,044 - root - Epoch 46: train_loss: 0.9614, train_acc: 0.5368, dev_loss: 0.9764, dev_acc: 0.5747, time: 1.0
2025-08-08 04:10:19,033 - root - Epoch 47: train_loss: 0.9619, train_acc: 0.5368, dev_loss: 0.9763, dev_acc: 0.5747, time: 1.0
2025-08-08 04:10:20,028 - root - Epoch 48: train_loss: 0.9602, train_acc: 0.5368, dev_loss: 0.9763, dev_acc: 0.5747, time: 1.0
2025-08-08 04:10:21,014 - root - Epoch 49: train_loss: 0.9607, train_acc: 0.5368, dev_loss: 0.9763, dev_acc: 0.5747, time: 1.0
2025-08-08 04:10:21,996 - root - Epoch 50: train_loss: 0.9610, train_acc: 0.5368, dev_loss: 0.9763, dev_acc: 0.5747, time: 1.0
2025-08-08 04:10:22,994 - root - Epoch 51: train_loss: 0.9619, train_acc: 0.5368, dev_loss: 0.9763, dev_acc: 0.5747, time: 1.0
2025-08-08 04:10:22,994 - root - Early Stopped. best_epoch: 1. best_dev_acc: 0.5804597701149425

2025-08-08 04:10:23,242 - root - test_loss: 0.914443850517273, test_acc: 0.6175115207373272, f1_weighted: 0.6019630415758322
2025-08-08 04:10:23,847 - root - Training on cuda
2025-08-08 04:10:24,805 - root - Epoch 1: train_loss: 0.9762, train_acc: 0.5418, dev_loss: 0.9655, dev_acc: 0.5517, time: 1.0
2025-08-08 04:10:25,760 - root - Epoch 2: train_loss: 0.9791, train_acc: 0.5418, dev_loss: 0.9655, dev_acc: 0.5517, time: 1.0
2025-08-08 04:10:26,730 - root - Epoch 3: train_loss: 0.9795, train_acc: 0.5403, dev_loss: 0.9654, dev_acc: 0.5517, time: 1.0
2025-08-08 04:10:27,691 - root - Epoch 4: train_loss: 0.9826, train_acc: 0.5403, dev_loss: 0.9654, dev_acc: 0.5517, time: 1.0
2025-08-08 04:10:28,627 - root - Epoch 5: train_loss: 0.9784, train_acc: 0.5403, dev_loss: 0.9654, dev_acc: 0.5517, time: 0.9
2025-08-08 04:10:29,570 - root - Epoch 6: train_loss: 0.9781, train_acc: 0.5403, dev_loss: 0.9654, dev_acc: 0.5517, time: 0.9
2025-08-08 04:10:30,509 - root - Epoch 7: train_loss: 0.9796, train_acc: 0.5403, dev_loss: 0.9654, dev_acc: 0.5517, time: 0.9
2025-08-08 04:10:31,457 - root - Epoch 8: train_loss: 0.9793, train_acc: 0.5403, dev_loss: 0.9654, dev_acc: 0.5517, time: 0.9
2025-08-08 04:10:32,409 - root - Epoch 9: train_loss: 0.9791, train_acc: 0.5403, dev_loss: 0.9654, dev_acc: 0.5517, time: 1.0
2025-08-08 04:10:33,344 - root - Epoch 10: train_loss: 0.9810, train_acc: 0.5403, dev_loss: 0.9654, dev_acc: 0.5517, time: 0.9
2025-08-08 04:10:34,294 - root - Epoch 11: train_loss: 0.9783, train_acc: 0.5403, dev_loss: 0.9654, dev_acc: 0.5517, time: 1.0
2025-08-08 04:10:35,231 - root - Epoch 12: train_loss: 0.9784, train_acc: 0.5403, dev_loss: 0.9653, dev_acc: 0.5517, time: 0.9
2025-08-08 04:10:36,183 - root - Epoch 13: train_loss: 0.9830, train_acc: 0.5403, dev_loss: 0.9653, dev_acc: 0.5517, time: 1.0
2025-08-08 04:10:37,139 - root - Epoch 14: train_loss: 0.9792, train_acc: 0.5403, dev_loss: 0.9653, dev_acc: 0.5517, time: 1.0
2025-08-08 04:10:38,083 - root - Epoch 15: train_loss: 0.9801, train_acc: 0.5403, dev_loss: 0.9653, dev_acc: 0.5517, time: 0.9
2025-08-08 04:10:39,031 - root - Epoch 16: train_loss: 0.9765, train_acc: 0.5403, dev_loss: 0.9653, dev_acc: 0.5517, time: 0.9
2025-08-08 04:10:39,958 - root - Epoch 17: train_loss: 0.9815, train_acc: 0.5403, dev_loss: 0.9653, dev_acc: 0.5517, time: 0.9
2025-08-08 04:10:40,906 - root - Epoch 18: train_loss: 0.9796, train_acc: 0.5403, dev_loss: 0.9653, dev_acc: 0.5517, time: 0.9
2025-08-08 04:10:41,880 - root - Epoch 19: train_loss: 0.9783, train_acc: 0.5403, dev_loss: 0.9653, dev_acc: 0.5517, time: 1.0
2025-08-08 04:10:42,847 - root - Epoch 20: train_loss: 0.9797, train_acc: 0.5403, dev_loss: 0.9653, dev_acc: 0.5517, time: 1.0
2025-08-08 04:10:43,798 - root - Epoch 21: train_loss: 0.9768, train_acc: 0.5403, dev_loss: 0.9653, dev_acc: 0.5517, time: 1.0
2025-08-08 04:10:44,737 - root - Epoch 22: train_loss: 0.9777, train_acc: 0.5403, dev_loss: 0.9652, dev_acc: 0.5517, time: 0.9
2025-08-08 04:10:45,662 - root - Epoch 23: train_loss: 0.9786, train_acc: 0.5403, dev_loss: 0.9652, dev_acc: 0.5517, time: 0.9
2025-08-08 04:10:46,596 - root - Epoch 24: train_loss: 0.9768, train_acc: 0.5418, dev_loss: 0.9652, dev_acc: 0.5517, time: 0.9
2025-08-08 04:10:47,535 - root - Epoch 25: train_loss: 0.9789, train_acc: 0.5432, dev_loss: 0.9652, dev_acc: 0.5517, time: 0.9
2025-08-08 04:10:48,471 - root - Epoch 26: train_loss: 0.9814, train_acc: 0.5432, dev_loss: 0.9652, dev_acc: 0.5517, time: 0.9
2025-08-08 04:10:49,412 - root - Epoch 27: train_loss: 0.9755, train_acc: 0.5432, dev_loss: 0.9652, dev_acc: 0.5517, time: 0.9
2025-08-08 04:10:50,343 - root - Epoch 28: train_loss: 0.9786, train_acc: 0.5432, dev_loss: 0.9652, dev_acc: 0.5517, time: 0.9
2025-08-08 04:10:51,291 - root - Epoch 29: train_loss: 0.9773, train_acc: 0.5432, dev_loss: 0.9652, dev_acc: 0.5517, time: 0.9
2025-08-08 04:10:52,230 - root - Epoch 30: train_loss: 0.9785, train_acc: 0.5432, dev_loss: 0.9652, dev_acc: 0.5517, time: 0.9
2025-08-08 04:10:53,166 - root - Epoch 31: train_loss: 0.9784, train_acc: 0.5432, dev_loss: 0.9651, dev_acc: 0.5517, time: 0.9
2025-08-08 04:10:54,110 - root - Epoch 32: train_loss: 0.9774, train_acc: 0.5432, dev_loss: 0.9651, dev_acc: 0.5517, time: 0.9
2025-08-08 04:10:55,070 - root - Epoch 33: train_loss: 0.9782, train_acc: 0.5432, dev_loss: 0.9651, dev_acc: 0.5517, time: 1.0
2025-08-08 04:10:56,004 - root - Epoch 34: train_loss: 0.9823, train_acc: 0.5432, dev_loss: 0.9651, dev_acc: 0.5517, time: 0.9
2025-08-08 04:10:56,941 - root - Epoch 35: train_loss: 0.9768, train_acc: 0.5432, dev_loss: 0.9651, dev_acc: 0.5517, time: 0.9
2025-08-08 04:10:57,877 - root - Epoch 36: train_loss: 0.9791, train_acc: 0.5432, dev_loss: 0.9651, dev_acc: 0.5517, time: 0.9
2025-08-08 04:10:58,819 - root - Epoch 37: train_loss: 0.9810, train_acc: 0.5432, dev_loss: 0.9651, dev_acc: 0.5517, time: 0.9
2025-08-08 04:10:59,767 - root - Epoch 38: train_loss: 0.9772, train_acc: 0.5432, dev_loss: 0.9651, dev_acc: 0.5517, time: 0.9
2025-08-08 04:11:00,711 - root - Epoch 39: train_loss: 0.9779, train_acc: 0.5432, dev_loss: 0.9651, dev_acc: 0.5517, time: 0.9
2025-08-08 04:11:01,661 - root - Epoch 40: train_loss: 0.9788, train_acc: 0.5432, dev_loss: 0.9651, dev_acc: 0.5517, time: 1.0
2025-08-08 04:11:02,595 - root - Epoch 41: train_loss: 0.9821, train_acc: 0.5432, dev_loss: 0.9650, dev_acc: 0.5517, time: 0.9
2025-08-08 04:11:03,541 - root - Epoch 42: train_loss: 0.9811, train_acc: 0.5432, dev_loss: 0.9650, dev_acc: 0.5517, time: 0.9
2025-08-08 04:11:04,483 - root - Epoch 43: train_loss: 0.9791, train_acc: 0.5432, dev_loss: 0.9650, dev_acc: 0.5517, time: 0.9
2025-08-08 04:11:05,487 - root - Epoch 44: train_loss: 0.9792, train_acc: 0.5432, dev_loss: 0.9650, dev_acc: 0.5517, time: 1.0
2025-08-08 04:11:06,452 - root - Epoch 45: train_loss: 0.9778, train_acc: 0.5432, dev_loss: 0.9650, dev_acc: 0.5517, time: 1.0
2025-08-08 04:11:07,444 - root - Epoch 46: train_loss: 0.9823, train_acc: 0.5432, dev_loss: 0.9650, dev_acc: 0.5517, time: 1.0
2025-08-08 04:11:08,402 - root - Epoch 47: train_loss: 0.9790, train_acc: 0.5432, dev_loss: 0.9650, dev_acc: 0.5517, time: 1.0
2025-08-08 04:11:09,385 - root - Epoch 48: train_loss: 0.9758, train_acc: 0.5432, dev_loss: 0.9650, dev_acc: 0.5517, time: 1.0
2025-08-08 04:11:10,341 - root - Epoch 49: train_loss: 0.9778, train_acc: 0.5432, dev_loss: 0.9650, dev_acc: 0.5517, time: 1.0
2025-08-08 04:11:11,294 - root - Epoch 50: train_loss: 0.9788, train_acc: 0.5432, dev_loss: 0.9650, dev_acc: 0.5517, time: 1.0
2025-08-08 04:11:12,246 - root - Epoch 51: train_loss: 0.9780, train_acc: 0.5432, dev_loss: 0.9649, dev_acc: 0.5517, time: 1.0
2025-08-08 04:11:12,246 - root - Early Stopped. best_epoch: 1. best_dev_acc: 0.5517241379310345

2025-08-08 04:11:12,492 - root - test_loss: 0.8737807869911194, test_acc: 0.625, f1_weighted: 0.6116208174877913
2025-08-08 04:12:35,765 - root - 

2025-08-08 04:12:35,765 - root - ==================== Start Training ====================
2025-08-08 04:12:35,765 - root - seed: 2023
2025-08-08 04:12:35,766 - root - model: Model(
  (fc): Sequential(
    (0): Linear(in_features=768, out_features=256, bias=True)
    (1): ReLU()
    (2): Linear(in_features=256, out_features=128, bias=True)
    (3): ReLU()
    (4): Linear(in_features=128, out_features=3, bias=True)
  )
)
2025-08-08 04:12:35,766 - root - batch_size: 32
2025-08-08 04:12:35,766 - root - n_epochs: 1000
2025-08-08 04:12:35,766 - root - lr: 0.001
2025-08-08 04:12:35,766 - root - early_stop: 50
2025-08-08 04:12:35,766 - root - loss_fn: CrossEntropyLoss()
2025-08-08 04:12:35,766 - root - optimizer: Adam (
Parameter Group 0
    amsgrad: False
    betas: (0.9, 0.999)
    capturable: False
    decoupled_weight_decay: False
    differentiable: False
    eps: 1e-08
    foreach: None
    fused: None
    lr: 0.001
    maximize: False
    weight_decay: 0
)
2025-08-08 04:12:35,766 - root - scheduler: <torch.optim.lr_scheduler.ReduceLROnPlateau object at 0x7ba71f6cfe50>
2025-08-08 04:12:36,066 - root - Training on cuda
2025-08-08 04:12:37,619 - root - Epoch 1: train_loss: 1.0971, train_acc: 0.3434, dev_loss: 1.0867, dev_acc: 0.4138, time: 1.6
2025-08-08 04:12:38,640 - root - Epoch 2: train_loss: 1.0721, train_acc: 0.4098, dev_loss: 1.0919, dev_acc: 0.4080, time: 1.0
2025-08-08 04:12:39,660 - root - Epoch 3: train_loss: 1.0603, train_acc: 0.4329, dev_loss: 1.0860, dev_acc: 0.4080, time: 1.0
2025-08-08 04:12:40,673 - root - Epoch 4: train_loss: 1.0563, train_acc: 0.4502, dev_loss: 1.0832, dev_acc: 0.4368, time: 1.0
2025-08-08 04:12:41,694 - root - Epoch 5: train_loss: 1.0498, train_acc: 0.4502, dev_loss: 1.0800, dev_acc: 0.4310, time: 1.0
2025-08-08 04:12:42,696 - root - Epoch 6: train_loss: 1.0459, train_acc: 0.4545, dev_loss: 1.0727, dev_acc: 0.4425, time: 1.0
2025-08-08 04:12:43,709 - root - Epoch 7: train_loss: 1.0388, train_acc: 0.4589, dev_loss: 1.0710, dev_acc: 0.4655, time: 1.0
2025-08-08 04:12:44,708 - root - Epoch 8: train_loss: 1.0355, train_acc: 0.4618, dev_loss: 1.0677, dev_acc: 0.4425, time: 1.0
2025-08-08 04:12:45,713 - root - Epoch 9: train_loss: 1.0208, train_acc: 0.4834, dev_loss: 1.0825, dev_acc: 0.4368, time: 1.0
2025-08-08 04:12:46,715 - root - Epoch 10: train_loss: 1.0109, train_acc: 0.5137, dev_loss: 1.0955, dev_acc: 0.4368, time: 1.0
2025-08-08 04:12:47,710 - root - Epoch 11: train_loss: 0.9934, train_acc: 0.5108, dev_loss: 1.0958, dev_acc: 0.4253, time: 1.0
2025-08-08 04:12:48,716 - root - Epoch 12: train_loss: 0.9809, train_acc: 0.5209, dev_loss: 1.1123, dev_acc: 0.4368, time: 1.0
2025-08-08 04:12:49,727 - root - Epoch 13: train_loss: 0.9649, train_acc: 0.5382, dev_loss: 1.1242, dev_acc: 0.4425, time: 1.0
2025-08-08 04:12:50,718 - root - Epoch 14: train_loss: 0.9471, train_acc: 0.5570, dev_loss: 1.1217, dev_acc: 0.4368, time: 1.0
2025-08-08 04:12:51,727 - root - Epoch 15: train_loss: 0.9190, train_acc: 0.5642, dev_loss: 1.1548, dev_acc: 0.4483, time: 1.0
2025-08-08 04:12:52,725 - root - Epoch 16: train_loss: 0.9031, train_acc: 0.5729, dev_loss: 1.2209, dev_acc: 0.4138, time: 1.0
2025-08-08 04:12:53,721 - root - Epoch 17: train_loss: 0.8818, train_acc: 0.6147, dev_loss: 1.2104, dev_acc: 0.4310, time: 1.0
2025-08-08 04:12:54,705 - root - Epoch 18: train_loss: 0.8542, train_acc: 0.6162, dev_loss: 1.2669, dev_acc: 0.3793, time: 1.0
2025-08-08 04:12:55,687 - root - Epoch 19: train_loss: 0.8251, train_acc: 0.6551, dev_loss: 1.2433, dev_acc: 0.4023, time: 1.0
2025-08-08 04:12:56,662 - root - Epoch 20: train_loss: 0.8010, train_acc: 0.6840, dev_loss: 1.2959, dev_acc: 0.4080, time: 1.0
2025-08-08 04:12:57,640 - root - Epoch 21: train_loss: 0.7780, train_acc: 0.6797, dev_loss: 1.3814, dev_acc: 0.4483, time: 1.0
2025-08-08 04:12:58,627 - root - Epoch 22: train_loss: 0.7665, train_acc: 0.6739, dev_loss: 1.3416, dev_acc: 0.4023, time: 1.0
2025-08-08 04:12:59,625 - root - Epoch 23: train_loss: 0.7113, train_acc: 0.7258, dev_loss: 1.3881, dev_acc: 0.3908, time: 1.0
2025-08-08 04:13:00,626 - root - Epoch 24: train_loss: 0.6937, train_acc: 0.7330, dev_loss: 1.3802, dev_acc: 0.3793, time: 1.0
2025-08-08 04:13:01,620 - root - Epoch 25: train_loss: 0.6751, train_acc: 0.7431, dev_loss: 1.4433, dev_acc: 0.3678, time: 1.0
2025-08-08 04:13:02,606 - root - Epoch 26: train_loss: 0.6642, train_acc: 0.7504, dev_loss: 1.4584, dev_acc: 0.3621, time: 1.0
2025-08-08 04:13:03,600 - root - Epoch 27: train_loss: 0.6305, train_acc: 0.7662, dev_loss: 1.4385, dev_acc: 0.4023, time: 1.0
2025-08-08 04:13:04,603 - root - Epoch 28: train_loss: 0.6125, train_acc: 0.7590, dev_loss: 1.5140, dev_acc: 0.3793, time: 1.0
2025-08-08 04:13:05,599 - root - Epoch 29: train_loss: 0.5662, train_acc: 0.7763, dev_loss: 1.5080, dev_acc: 0.3966, time: 1.0
2025-08-08 04:13:06,578 - root - Epoch 30: train_loss: 0.5432, train_acc: 0.8023, dev_loss: 1.5357, dev_acc: 0.3851, time: 1.0
2025-08-08 04:13:07,548 - root - Epoch 31: train_loss: 0.5103, train_acc: 0.8240, dev_loss: 1.5837, dev_acc: 0.4253, time: 1.0
2025-08-08 04:13:08,534 - root - Epoch 32: train_loss: 0.4773, train_acc: 0.8442, dev_loss: 1.5848, dev_acc: 0.3563, time: 1.0
2025-08-08 04:13:09,527 - root - Epoch 33: train_loss: 0.4680, train_acc: 0.8326, dev_loss: 1.6358, dev_acc: 0.3793, time: 1.0
2025-08-08 04:13:10,516 - root - Epoch 34: train_loss: 0.4319, train_acc: 0.8528, dev_loss: 1.7109, dev_acc: 0.4023, time: 1.0
2025-08-08 04:13:11,492 - root - Epoch 35: train_loss: 0.4149, train_acc: 0.8687, dev_loss: 1.7654, dev_acc: 0.4023, time: 1.0
2025-08-08 04:13:12,464 - root - Epoch 36: train_loss: 0.4055, train_acc: 0.8687, dev_loss: 1.7824, dev_acc: 0.3851, time: 1.0
2025-08-08 04:13:13,435 - root - Epoch 37: train_loss: 0.3712, train_acc: 0.8817, dev_loss: 1.7945, dev_acc: 0.3736, time: 1.0
2025-08-08 04:13:14,428 - root - Epoch 38: train_loss: 0.3590, train_acc: 0.8773, dev_loss: 1.9110, dev_acc: 0.3678, time: 1.0
2025-08-08 04:13:15,408 - root - Epoch 39: train_loss: 0.3333, train_acc: 0.8990, dev_loss: 1.9215, dev_acc: 0.3621, time: 1.0
2025-08-08 04:13:16,414 - root - Epoch 40: train_loss: 0.3076, train_acc: 0.9221, dev_loss: 1.8916, dev_acc: 0.4195, time: 1.0
2025-08-08 04:13:17,405 - root - Epoch 41: train_loss: 0.2896, train_acc: 0.9206, dev_loss: 2.0346, dev_acc: 0.3678, time: 1.0
2025-08-08 04:13:18,401 - root - Epoch 42: train_loss: 0.2619, train_acc: 0.9495, dev_loss: 1.9631, dev_acc: 0.3908, time: 1.0
2025-08-08 04:13:19,386 - root - Epoch 43: train_loss: 0.2434, train_acc: 0.9481, dev_loss: 2.0306, dev_acc: 0.3908, time: 1.0
2025-08-08 04:13:20,369 - root - Epoch 44: train_loss: 0.2247, train_acc: 0.9610, dev_loss: 2.1126, dev_acc: 0.3966, time: 1.0
2025-08-08 04:13:21,352 - root - Epoch 45: train_loss: 0.2015, train_acc: 0.9683, dev_loss: 2.1870, dev_acc: 0.3908, time: 1.0
2025-08-08 04:13:22,332 - root - Epoch 46: train_loss: 0.1933, train_acc: 0.9740, dev_loss: 2.2547, dev_acc: 0.3736, time: 1.0
2025-08-08 04:13:23,318 - root - Epoch 47: train_loss: 0.1942, train_acc: 0.9639, dev_loss: 2.2539, dev_acc: 0.4023, time: 1.0
2025-08-08 04:13:24,332 - root - Epoch 48: train_loss: 0.1706, train_acc: 0.9784, dev_loss: 2.4043, dev_acc: 0.3621, time: 1.0
2025-08-08 04:13:25,320 - root - Epoch 49: train_loss: 0.1587, train_acc: 0.9726, dev_loss: 2.4200, dev_acc: 0.3793, time: 1.0
2025-08-08 04:13:26,291 - root - Epoch 50: train_loss: 0.1361, train_acc: 0.9841, dev_loss: 2.5399, dev_acc: 0.4023, time: 1.0
2025-08-08 04:13:27,289 - root - Epoch 51: train_loss: 0.1226, train_acc: 0.9885, dev_loss: 2.5378, dev_acc: 0.3851, time: 1.0
2025-08-08 04:13:28,287 - root - Epoch 52: train_loss: 0.1167, train_acc: 0.9899, dev_loss: 2.4363, dev_acc: 0.3966, time: 1.0
2025-08-08 04:13:29,284 - root - Epoch 53: train_loss: 0.0999, train_acc: 0.9971, dev_loss: 2.6069, dev_acc: 0.3908, time: 1.0
2025-08-08 04:13:30,294 - root - Epoch 54: train_loss: 0.0918, train_acc: 0.9957, dev_loss: 2.7004, dev_acc: 0.3966, time: 1.0
2025-08-08 04:13:31,303 - root - Epoch 55: train_loss: 0.0878, train_acc: 0.9986, dev_loss: 2.6812, dev_acc: 0.3966, time: 1.0
2025-08-08 04:13:32,310 - root - Epoch 56: train_loss: 0.0828, train_acc: 0.9942, dev_loss: 2.7918, dev_acc: 0.3908, time: 1.0
2025-08-08 04:13:33,312 - root - Epoch 57: train_loss: 0.0863, train_acc: 0.9928, dev_loss: 2.6513, dev_acc: 0.3908, time: 1.0
2025-08-08 04:13:33,312 - root - Early Stopped. best_epoch: 7. best_dev_acc: 0.46551724137931033

2025-08-08 04:13:33,560 - root - test_loss: 1.0761244297027588, test_acc: 0.41013824884792627, f1_weighted: 0.3639554965416092
2025-08-08 04:13:33,643 - root - Training on cuda
2025-08-08 04:13:34,656 - root - Epoch 1: train_loss: 1.0479, train_acc: 0.4531, dev_loss: 1.0432, dev_acc: 0.4368, time: 1.0
2025-08-08 04:13:35,669 - root - Epoch 2: train_loss: 1.0438, train_acc: 0.4603, dev_loss: 1.0463, dev_acc: 0.4310, time: 1.0
2025-08-08 04:13:36,691 - root - Epoch 3: train_loss: 1.0435, train_acc: 0.4733, dev_loss: 1.0503, dev_acc: 0.4253, time: 1.0
2025-08-08 04:13:37,689 - root - Epoch 4: train_loss: 1.0398, train_acc: 0.4820, dev_loss: 1.0507, dev_acc: 0.4253, time: 1.0
2025-08-08 04:13:38,702 - root - Epoch 5: train_loss: 1.0349, train_acc: 0.4762, dev_loss: 1.0519, dev_acc: 0.4195, time: 1.0
2025-08-08 04:13:39,718 - root - Epoch 6: train_loss: 1.0334, train_acc: 0.4820, dev_loss: 1.0536, dev_acc: 0.4138, time: 1.0
2025-08-08 04:13:40,735 - root - Epoch 7: train_loss: 1.0305, train_acc: 0.4820, dev_loss: 1.0544, dev_acc: 0.4195, time: 1.0
2025-08-08 04:13:41,740 - root - Epoch 8: train_loss: 1.0313, train_acc: 0.4834, dev_loss: 1.0554, dev_acc: 0.4253, time: 1.0
2025-08-08 04:13:42,758 - root - Epoch 9: train_loss: 1.0295, train_acc: 0.4820, dev_loss: 1.0548, dev_acc: 0.4080, time: 1.0
2025-08-08 04:13:43,768 - root - Epoch 10: train_loss: 1.0265, train_acc: 0.4820, dev_loss: 1.0551, dev_acc: 0.4080, time: 1.0
2025-08-08 04:13:44,779 - root - Epoch 11: train_loss: 1.0249, train_acc: 0.4863, dev_loss: 1.0554, dev_acc: 0.4253, time: 1.0
2025-08-08 04:13:45,791 - root - Epoch 12: train_loss: 1.0225, train_acc: 0.4921, dev_loss: 1.0569, dev_acc: 0.4195, time: 1.0
2025-08-08 04:13:46,805 - root - Epoch 13: train_loss: 1.0203, train_acc: 0.4892, dev_loss: 1.0576, dev_acc: 0.4195, time: 1.0
2025-08-08 04:13:47,811 - root - Epoch 14: train_loss: 1.0201, train_acc: 0.4921, dev_loss: 1.0577, dev_acc: 0.4310, time: 1.0
2025-08-08 04:13:48,823 - root - Epoch 15: train_loss: 1.0185, train_acc: 0.4949, dev_loss: 1.0584, dev_acc: 0.4253, time: 1.0
2025-08-08 04:13:49,836 - root - Epoch 16: train_loss: 1.0201, train_acc: 0.5036, dev_loss: 1.0585, dev_acc: 0.4253, time: 1.0
2025-08-08 04:13:50,840 - root - Epoch 17: train_loss: 1.0181, train_acc: 0.5065, dev_loss: 1.0600, dev_acc: 0.4368, time: 1.0
2025-08-08 04:13:51,851 - root - Epoch 18: train_loss: 1.0169, train_acc: 0.4993, dev_loss: 1.0595, dev_acc: 0.4253, time: 1.0
2025-08-08 04:13:52,863 - root - Epoch 19: train_loss: 1.0160, train_acc: 0.4993, dev_loss: 1.0604, dev_acc: 0.4368, time: 1.0
2025-08-08 04:13:53,862 - root - Epoch 20: train_loss: 1.0154, train_acc: 0.5022, dev_loss: 1.0607, dev_acc: 0.4368, time: 1.0
2025-08-08 04:13:54,881 - root - Epoch 21: train_loss: 1.0148, train_acc: 0.5022, dev_loss: 1.0608, dev_acc: 0.4368, time: 1.0
2025-08-08 04:13:55,870 - root - Epoch 22: train_loss: 1.0134, train_acc: 0.5051, dev_loss: 1.0608, dev_acc: 0.4425, time: 1.0
2025-08-08 04:13:56,874 - root - Epoch 23: train_loss: 1.0138, train_acc: 0.5036, dev_loss: 1.0606, dev_acc: 0.4425, time: 1.0
2025-08-08 04:13:57,846 - root - Epoch 24: train_loss: 1.0143, train_acc: 0.5051, dev_loss: 1.0610, dev_acc: 0.4483, time: 1.0
2025-08-08 04:13:58,786 - root - Epoch 25: train_loss: 1.0135, train_acc: 0.5079, dev_loss: 1.0609, dev_acc: 0.4425, time: 0.9
2025-08-08 04:13:59,749 - root - Epoch 26: train_loss: 1.0116, train_acc: 0.5065, dev_loss: 1.0608, dev_acc: 0.4425, time: 1.0
2025-08-08 04:14:00,714 - root - Epoch 27: train_loss: 1.0126, train_acc: 0.5065, dev_loss: 1.0611, dev_acc: 0.4483, time: 1.0
2025-08-08 04:14:01,676 - root - Epoch 28: train_loss: 1.0118, train_acc: 0.5094, dev_loss: 1.0612, dev_acc: 0.4483, time: 1.0
2025-08-08 04:14:02,626 - root - Epoch 29: train_loss: 1.0098, train_acc: 0.5079, dev_loss: 1.0612, dev_acc: 0.4540, time: 0.9
2025-08-08 04:14:03,595 - root - Epoch 30: train_loss: 1.0119, train_acc: 0.5094, dev_loss: 1.0613, dev_acc: 0.4540, time: 1.0
2025-08-08 04:14:04,542 - root - Epoch 31: train_loss: 1.0120, train_acc: 0.5079, dev_loss: 1.0616, dev_acc: 0.4540, time: 0.9
2025-08-08 04:14:05,482 - root - Epoch 32: train_loss: 1.0120, train_acc: 0.5079, dev_loss: 1.0615, dev_acc: 0.4483, time: 0.9
2025-08-08 04:14:06,445 - root - Epoch 33: train_loss: 1.0107, train_acc: 0.5079, dev_loss: 1.0616, dev_acc: 0.4540, time: 1.0
2025-08-08 04:14:07,390 - root - Epoch 34: train_loss: 1.0086, train_acc: 0.5079, dev_loss: 1.0618, dev_acc: 0.4540, time: 0.9
2025-08-08 04:14:08,348 - root - Epoch 35: train_loss: 1.0097, train_acc: 0.5079, dev_loss: 1.0617, dev_acc: 0.4540, time: 1.0
2025-08-08 04:14:09,294 - root - Epoch 36: train_loss: 1.0103, train_acc: 0.5079, dev_loss: 1.0618, dev_acc: 0.4540, time: 0.9
2025-08-08 04:14:10,253 - root - Epoch 37: train_loss: 1.0084, train_acc: 0.5079, dev_loss: 1.0618, dev_acc: 0.4540, time: 1.0
2025-08-08 04:14:11,217 - root - Epoch 38: train_loss: 1.0102, train_acc: 0.5079, dev_loss: 1.0618, dev_acc: 0.4540, time: 1.0
2025-08-08 04:14:12,178 - root - Epoch 39: train_loss: 1.0117, train_acc: 0.5079, dev_loss: 1.0619, dev_acc: 0.4483, time: 1.0
2025-08-08 04:14:13,127 - root - Epoch 40: train_loss: 1.0115, train_acc: 0.5079, dev_loss: 1.0619, dev_acc: 0.4540, time: 0.9
2025-08-08 04:14:14,087 - root - Epoch 41: train_loss: 1.0104, train_acc: 0.5079, dev_loss: 1.0619, dev_acc: 0.4540, time: 1.0
2025-08-08 04:14:15,060 - root - Epoch 42: train_loss: 1.0084, train_acc: 0.5079, dev_loss: 1.0619, dev_acc: 0.4540, time: 1.0
2025-08-08 04:14:16,016 - root - Epoch 43: train_loss: 1.0096, train_acc: 0.5079, dev_loss: 1.0620, dev_acc: 0.4540, time: 1.0
2025-08-08 04:14:16,984 - root - Epoch 44: train_loss: 1.0111, train_acc: 0.5079, dev_loss: 1.0619, dev_acc: 0.4540, time: 1.0
2025-08-08 04:14:17,949 - root - Epoch 45: train_loss: 1.0111, train_acc: 0.5079, dev_loss: 1.0620, dev_acc: 0.4540, time: 1.0
2025-08-08 04:14:18,902 - root - Epoch 46: train_loss: 1.0114, train_acc: 0.5079, dev_loss: 1.0620, dev_acc: 0.4540, time: 1.0
2025-08-08 04:14:19,872 - root - Epoch 47: train_loss: 1.0089, train_acc: 0.5079, dev_loss: 1.0619, dev_acc: 0.4540, time: 1.0
2025-08-08 04:14:20,846 - root - Epoch 48: train_loss: 1.0105, train_acc: 0.5079, dev_loss: 1.0619, dev_acc: 0.4540, time: 1.0
2025-08-08 04:14:21,810 - root - Epoch 49: train_loss: 1.0086, train_acc: 0.5079, dev_loss: 1.0619, dev_acc: 0.4540, time: 1.0
2025-08-08 04:14:22,773 - root - Epoch 50: train_loss: 1.0094, train_acc: 0.5079, dev_loss: 1.0619, dev_acc: 0.4540, time: 1.0
2025-08-08 04:14:23,754 - root - Epoch 51: train_loss: 1.0099, train_acc: 0.5079, dev_loss: 1.0620, dev_acc: 0.4540, time: 1.0
2025-08-08 04:14:24,714 - root - Epoch 52: train_loss: 1.0078, train_acc: 0.5079, dev_loss: 1.0620, dev_acc: 0.4540, time: 1.0
2025-08-08 04:14:25,661 - root - Epoch 53: train_loss: 1.0090, train_acc: 0.5079, dev_loss: 1.0620, dev_acc: 0.4540, time: 0.9
2025-08-08 04:14:26,631 - root - Epoch 54: train_loss: 1.0078, train_acc: 0.5079, dev_loss: 1.0620, dev_acc: 0.4540, time: 1.0
2025-08-08 04:14:27,602 - root - Epoch 55: train_loss: 1.0081, train_acc: 0.5079, dev_loss: 1.0620, dev_acc: 0.4540, time: 1.0
2025-08-08 04:14:28,565 - root - Epoch 56: train_loss: 1.0090, train_acc: 0.5079, dev_loss: 1.0620, dev_acc: 0.4540, time: 1.0
2025-08-08 04:14:29,536 - root - Epoch 57: train_loss: 1.0098, train_acc: 0.5079, dev_loss: 1.0620, dev_acc: 0.4540, time: 1.0
2025-08-08 04:14:30,514 - root - Epoch 58: train_loss: 1.0118, train_acc: 0.5079, dev_loss: 1.0620, dev_acc: 0.4540, time: 1.0
2025-08-08 04:14:31,462 - root - Epoch 59: train_loss: 1.0097, train_acc: 0.5079, dev_loss: 1.0620, dev_acc: 0.4540, time: 0.9
2025-08-08 04:14:32,431 - root - Epoch 60: train_loss: 1.0110, train_acc: 0.5079, dev_loss: 1.0620, dev_acc: 0.4540, time: 1.0
2025-08-08 04:14:33,406 - root - Epoch 61: train_loss: 1.0077, train_acc: 0.5079, dev_loss: 1.0620, dev_acc: 0.4540, time: 1.0
2025-08-08 04:14:34,368 - root - Epoch 62: train_loss: 1.0097, train_acc: 0.5079, dev_loss: 1.0620, dev_acc: 0.4540, time: 1.0
2025-08-08 04:14:35,353 - root - Epoch 63: train_loss: 1.0102, train_acc: 0.5079, dev_loss: 1.0620, dev_acc: 0.4540, time: 1.0
2025-08-08 04:14:36,330 - root - Epoch 64: train_loss: 1.0093, train_acc: 0.5079, dev_loss: 1.0620, dev_acc: 0.4540, time: 1.0
2025-08-08 04:14:37,317 - root - Epoch 65: train_loss: 1.0115, train_acc: 0.5079, dev_loss: 1.0620, dev_acc: 0.4540, time: 1.0
2025-08-08 04:14:38,287 - root - Epoch 66: train_loss: 1.0089, train_acc: 0.5079, dev_loss: 1.0620, dev_acc: 0.4540, time: 1.0
2025-08-08 04:14:39,262 - root - Epoch 67: train_loss: 1.0092, train_acc: 0.5079, dev_loss: 1.0620, dev_acc: 0.4540, time: 1.0
2025-08-08 04:14:40,235 - root - Epoch 68: train_loss: 1.0100, train_acc: 0.5079, dev_loss: 1.0620, dev_acc: 0.4540, time: 1.0
2025-08-08 04:14:41,194 - root - Epoch 69: train_loss: 1.0088, train_acc: 0.5079, dev_loss: 1.0620, dev_acc: 0.4540, time: 1.0
2025-08-08 04:14:42,169 - root - Epoch 70: train_loss: 1.0075, train_acc: 0.5079, dev_loss: 1.0620, dev_acc: 0.4540, time: 1.0
2025-08-08 04:14:43,117 - root - Epoch 71: train_loss: 1.0101, train_acc: 0.5079, dev_loss: 1.0620, dev_acc: 0.4540, time: 0.9
2025-08-08 04:14:44,088 - root - Epoch 72: train_loss: 1.0089, train_acc: 0.5079, dev_loss: 1.0620, dev_acc: 0.4540, time: 1.0
2025-08-08 04:14:45,064 - root - Epoch 73: train_loss: 1.0101, train_acc: 0.5079, dev_loss: 1.0620, dev_acc: 0.4540, time: 1.0
2025-08-08 04:14:46,053 - root - Epoch 74: train_loss: 1.0087, train_acc: 0.5079, dev_loss: 1.0620, dev_acc: 0.4540, time: 1.0
2025-08-08 04:14:47,039 - root - Epoch 75: train_loss: 1.0119, train_acc: 0.5079, dev_loss: 1.0620, dev_acc: 0.4540, time: 1.0
2025-08-08 04:14:48,055 - root - Epoch 76: train_loss: 1.0098, train_acc: 0.5079, dev_loss: 1.0620, dev_acc: 0.4540, time: 1.0
2025-08-08 04:14:49,028 - root - Epoch 77: train_loss: 1.0106, train_acc: 0.5079, dev_loss: 1.0620, dev_acc: 0.4540, time: 1.0
2025-08-08 04:14:49,992 - root - Epoch 78: train_loss: 1.0097, train_acc: 0.5079, dev_loss: 1.0620, dev_acc: 0.4540, time: 1.0
2025-08-08 04:14:50,955 - root - Epoch 79: train_loss: 1.0075, train_acc: 0.5079, dev_loss: 1.0620, dev_acc: 0.4540, time: 1.0
2025-08-08 04:14:50,955 - root - Early Stopped. best_epoch: 29. best_dev_acc: 0.4540229885057471

2025-08-08 04:14:51,201 - root - test_loss: 1.044277548789978, test_acc: 0.4608294930875576, f1_weighted: 0.4275214620877618
2025-08-08 04:14:51,278 - root - Training on cuda
2025-08-08 04:14:52,247 - root - Epoch 1: train_loss: 1.0177, train_acc: 0.5065, dev_loss: 1.0836, dev_acc: 0.4310, time: 1.0
2025-08-08 04:14:53,228 - root - Epoch 2: train_loss: 1.0172, train_acc: 0.5065, dev_loss: 1.0836, dev_acc: 0.4310, time: 1.0
2025-08-08 04:14:54,222 - root - Epoch 3: train_loss: 1.0175, train_acc: 0.5065, dev_loss: 1.0836, dev_acc: 0.4310, time: 1.0
2025-08-08 04:14:55,188 - root - Epoch 4: train_loss: 1.0177, train_acc: 0.5065, dev_loss: 1.0836, dev_acc: 0.4310, time: 1.0
2025-08-08 04:14:56,172 - root - Epoch 5: train_loss: 1.0193, train_acc: 0.5065, dev_loss: 1.0836, dev_acc: 0.4310, time: 1.0
2025-08-08 04:14:57,156 - root - Epoch 6: train_loss: 1.0185, train_acc: 0.5065, dev_loss: 1.0836, dev_acc: 0.4310, time: 1.0
2025-08-08 04:14:58,137 - root - Epoch 7: train_loss: 1.0171, train_acc: 0.5065, dev_loss: 1.0836, dev_acc: 0.4310, time: 1.0
2025-08-08 04:14:59,121 - root - Epoch 8: train_loss: 1.0184, train_acc: 0.5065, dev_loss: 1.0836, dev_acc: 0.4310, time: 1.0
2025-08-08 04:15:00,110 - root - Epoch 9: train_loss: 1.0185, train_acc: 0.5065, dev_loss: 1.0836, dev_acc: 0.4310, time: 1.0
2025-08-08 04:15:01,119 - root - Epoch 10: train_loss: 1.0180, train_acc: 0.5065, dev_loss: 1.0836, dev_acc: 0.4310, time: 1.0
2025-08-08 04:15:02,120 - root - Epoch 11: train_loss: 1.0162, train_acc: 0.5065, dev_loss: 1.0836, dev_acc: 0.4310, time: 1.0
2025-08-08 04:15:03,102 - root - Epoch 12: train_loss: 1.0177, train_acc: 0.5065, dev_loss: 1.0836, dev_acc: 0.4310, time: 1.0
2025-08-08 04:15:04,072 - root - Epoch 13: train_loss: 1.0179, train_acc: 0.5065, dev_loss: 1.0836, dev_acc: 0.4310, time: 1.0
2025-08-08 04:15:05,040 - root - Epoch 14: train_loss: 1.0177, train_acc: 0.5065, dev_loss: 1.0836, dev_acc: 0.4310, time: 1.0
2025-08-08 04:15:06,029 - root - Epoch 15: train_loss: 1.0193, train_acc: 0.5065, dev_loss: 1.0836, dev_acc: 0.4310, time: 1.0
2025-08-08 04:15:06,999 - root - Epoch 16: train_loss: 1.0173, train_acc: 0.5065, dev_loss: 1.0836, dev_acc: 0.4310, time: 1.0
2025-08-08 04:15:07,972 - root - Epoch 17: train_loss: 1.0178, train_acc: 0.5065, dev_loss: 1.0836, dev_acc: 0.4310, time: 1.0
2025-08-08 04:15:08,957 - root - Epoch 18: train_loss: 1.0163, train_acc: 0.5065, dev_loss: 1.0836, dev_acc: 0.4310, time: 1.0
2025-08-08 04:15:09,945 - root - Epoch 19: train_loss: 1.0192, train_acc: 0.5065, dev_loss: 1.0836, dev_acc: 0.4310, time: 1.0
2025-08-08 04:15:10,918 - root - Epoch 20: train_loss: 1.0174, train_acc: 0.5065, dev_loss: 1.0836, dev_acc: 0.4310, time: 1.0
2025-08-08 04:15:11,907 - root - Epoch 21: train_loss: 1.0187, train_acc: 0.5065, dev_loss: 1.0836, dev_acc: 0.4310, time: 1.0
2025-08-08 04:15:12,881 - root - Epoch 22: train_loss: 1.0185, train_acc: 0.5065, dev_loss: 1.0836, dev_acc: 0.4310, time: 1.0
2025-08-08 04:15:13,852 - root - Epoch 23: train_loss: 1.0171, train_acc: 0.5065, dev_loss: 1.0836, dev_acc: 0.4310, time: 1.0
2025-08-08 04:15:14,836 - root - Epoch 24: train_loss: 1.0165, train_acc: 0.5065, dev_loss: 1.0836, dev_acc: 0.4310, time: 1.0
2025-08-08 04:15:15,814 - root - Epoch 25: train_loss: 1.0183, train_acc: 0.5065, dev_loss: 1.0836, dev_acc: 0.4310, time: 1.0
2025-08-08 04:15:16,772 - root - Epoch 26: train_loss: 1.0168, train_acc: 0.5065, dev_loss: 1.0836, dev_acc: 0.4310, time: 1.0
2025-08-08 04:15:17,756 - root - Epoch 27: train_loss: 1.0179, train_acc: 0.5065, dev_loss: 1.0836, dev_acc: 0.4310, time: 1.0
2025-08-08 04:15:18,730 - root - Epoch 28: train_loss: 1.0174, train_acc: 0.5065, dev_loss: 1.0836, dev_acc: 0.4310, time: 1.0
2025-08-08 04:15:19,716 - root - Epoch 29: train_loss: 1.0187, train_acc: 0.5065, dev_loss: 1.0836, dev_acc: 0.4310, time: 1.0
2025-08-08 04:15:20,679 - root - Epoch 30: train_loss: 1.0196, train_acc: 0.5065, dev_loss: 1.0836, dev_acc: 0.4310, time: 1.0
2025-08-08 04:15:21,664 - root - Epoch 31: train_loss: 1.0162, train_acc: 0.5065, dev_loss: 1.0836, dev_acc: 0.4310, time: 1.0
2025-08-08 04:15:22,648 - root - Epoch 32: train_loss: 1.0170, train_acc: 0.5065, dev_loss: 1.0836, dev_acc: 0.4310, time: 1.0
2025-08-08 04:15:23,612 - root - Epoch 33: train_loss: 1.0165, train_acc: 0.5065, dev_loss: 1.0836, dev_acc: 0.4310, time: 1.0
2025-08-08 04:15:24,619 - root - Epoch 34: train_loss: 1.0170, train_acc: 0.5065, dev_loss: 1.0836, dev_acc: 0.4310, time: 1.0
2025-08-08 04:15:25,595 - root - Epoch 35: train_loss: 1.0196, train_acc: 0.5065, dev_loss: 1.0836, dev_acc: 0.4310, time: 1.0
2025-08-08 04:15:26,581 - root - Epoch 36: train_loss: 1.0178, train_acc: 0.5065, dev_loss: 1.0836, dev_acc: 0.4310, time: 1.0
2025-08-08 04:15:27,559 - root - Epoch 37: train_loss: 1.0189, train_acc: 0.5065, dev_loss: 1.0836, dev_acc: 0.4310, time: 1.0
2025-08-08 04:15:28,508 - root - Epoch 38: train_loss: 1.0156, train_acc: 0.5065, dev_loss: 1.0836, dev_acc: 0.4310, time: 0.9
2025-08-08 04:15:29,477 - root - Epoch 39: train_loss: 1.0174, train_acc: 0.5065, dev_loss: 1.0836, dev_acc: 0.4310, time: 1.0
2025-08-08 04:15:30,477 - root - Epoch 40: train_loss: 1.0187, train_acc: 0.5065, dev_loss: 1.0836, dev_acc: 0.4310, time: 1.0
2025-08-08 04:15:31,444 - root - Epoch 41: train_loss: 1.0185, train_acc: 0.5065, dev_loss: 1.0836, dev_acc: 0.4310, time: 1.0
2025-08-08 04:15:32,423 - root - Epoch 42: train_loss: 1.0182, train_acc: 0.5065, dev_loss: 1.0836, dev_acc: 0.4310, time: 1.0
2025-08-08 04:15:33,405 - root - Epoch 43: train_loss: 1.0187, train_acc: 0.5065, dev_loss: 1.0836, dev_acc: 0.4310, time: 1.0
2025-08-08 04:15:34,379 - root - Epoch 44: train_loss: 1.0176, train_acc: 0.5065, dev_loss: 1.0836, dev_acc: 0.4310, time: 1.0
2025-08-08 04:15:35,358 - root - Epoch 45: train_loss: 1.0187, train_acc: 0.5065, dev_loss: 1.0836, dev_acc: 0.4310, time: 1.0
2025-08-08 04:15:36,316 - root - Epoch 46: train_loss: 1.0155, train_acc: 0.5065, dev_loss: 1.0836, dev_acc: 0.4310, time: 1.0
2025-08-08 04:15:37,274 - root - Epoch 47: train_loss: 1.0188, train_acc: 0.5065, dev_loss: 1.0836, dev_acc: 0.4310, time: 1.0
2025-08-08 04:15:38,228 - root - Epoch 48: train_loss: 1.0174, train_acc: 0.5065, dev_loss: 1.0836, dev_acc: 0.4310, time: 1.0
2025-08-08 04:15:39,209 - root - Epoch 49: train_loss: 1.0182, train_acc: 0.5065, dev_loss: 1.0836, dev_acc: 0.4310, time: 1.0
2025-08-08 04:15:40,199 - root - Epoch 50: train_loss: 1.0182, train_acc: 0.5065, dev_loss: 1.0836, dev_acc: 0.4310, time: 1.0
2025-08-08 04:15:41,195 - root - Epoch 51: train_loss: 1.0161, train_acc: 0.5065, dev_loss: 1.0836, dev_acc: 0.4310, time: 1.0
2025-08-08 04:15:41,195 - root - Early Stopped. best_epoch: 1. best_dev_acc: 0.43103448275862066

2025-08-08 04:15:41,441 - root - test_loss: 1.0121787786483765, test_acc: 0.48847926267281105, f1_weighted: 0.45605508519987137
2025-08-08 04:15:41,521 - root - Training on cuda
2025-08-08 04:15:42,536 - root - Epoch 1: train_loss: 1.0211, train_acc: 0.4877, dev_loss: 1.0920, dev_acc: 0.4195, time: 1.0
2025-08-08 04:15:43,567 - root - Epoch 2: train_loss: 1.0243, train_acc: 0.4877, dev_loss: 1.0920, dev_acc: 0.4195, time: 1.0
2025-08-08 04:15:44,572 - root - Epoch 3: train_loss: 1.0208, train_acc: 0.4877, dev_loss: 1.0920, dev_acc: 0.4195, time: 1.0
2025-08-08 04:15:45,590 - root - Epoch 4: train_loss: 1.0224, train_acc: 0.4877, dev_loss: 1.0920, dev_acc: 0.4195, time: 1.0
2025-08-08 04:15:46,563 - root - Epoch 5: train_loss: 1.0205, train_acc: 0.4877, dev_loss: 1.0920, dev_acc: 0.4195, time: 1.0
2025-08-08 04:15:47,551 - root - Epoch 6: train_loss: 1.0226, train_acc: 0.4877, dev_loss: 1.0920, dev_acc: 0.4195, time: 1.0
2025-08-08 04:15:48,530 - root - Epoch 7: train_loss: 1.0206, train_acc: 0.4877, dev_loss: 1.0920, dev_acc: 0.4195, time: 1.0
2025-08-08 04:15:49,517 - root - Epoch 8: train_loss: 1.0253, train_acc: 0.4877, dev_loss: 1.0920, dev_acc: 0.4195, time: 1.0
2025-08-08 04:15:50,518 - root - Epoch 9: train_loss: 1.0232, train_acc: 0.4877, dev_loss: 1.0920, dev_acc: 0.4195, time: 1.0
2025-08-08 04:15:51,532 - root - Epoch 10: train_loss: 1.0212, train_acc: 0.4877, dev_loss: 1.0920, dev_acc: 0.4195, time: 1.0
2025-08-08 04:15:52,532 - root - Epoch 11: train_loss: 1.0222, train_acc: 0.4877, dev_loss: 1.0920, dev_acc: 0.4195, time: 1.0
2025-08-08 04:15:53,539 - root - Epoch 12: train_loss: 1.0223, train_acc: 0.4877, dev_loss: 1.0920, dev_acc: 0.4195, time: 1.0
2025-08-08 04:15:54,536 - root - Epoch 13: train_loss: 1.0238, train_acc: 0.4877, dev_loss: 1.0920, dev_acc: 0.4195, time: 1.0
2025-08-08 04:15:55,506 - root - Epoch 14: train_loss: 1.0222, train_acc: 0.4877, dev_loss: 1.0920, dev_acc: 0.4195, time: 1.0
2025-08-08 04:15:56,464 - root - Epoch 15: train_loss: 1.0226, train_acc: 0.4877, dev_loss: 1.0920, dev_acc: 0.4195, time: 1.0
2025-08-08 04:15:57,471 - root - Epoch 16: train_loss: 1.0222, train_acc: 0.4877, dev_loss: 1.0920, dev_acc: 0.4195, time: 1.0
2025-08-08 04:15:58,473 - root - Epoch 17: train_loss: 1.0230, train_acc: 0.4877, dev_loss: 1.0920, dev_acc: 0.4195, time: 1.0
2025-08-08 04:15:59,466 - root - Epoch 18: train_loss: 1.0205, train_acc: 0.4877, dev_loss: 1.0920, dev_acc: 0.4195, time: 1.0
2025-08-08 04:16:00,440 - root - Epoch 19: train_loss: 1.0221, train_acc: 0.4877, dev_loss: 1.0920, dev_acc: 0.4195, time: 1.0
2025-08-08 04:16:01,431 - root - Epoch 20: train_loss: 1.0227, train_acc: 0.4877, dev_loss: 1.0920, dev_acc: 0.4195, time: 1.0
2025-08-08 04:16:02,403 - root - Epoch 21: train_loss: 1.0225, train_acc: 0.4877, dev_loss: 1.0920, dev_acc: 0.4195, time: 1.0
2025-08-08 04:16:03,355 - root - Epoch 22: train_loss: 1.0220, train_acc: 0.4877, dev_loss: 1.0920, dev_acc: 0.4195, time: 1.0
2025-08-08 04:16:04,346 - root - Epoch 23: train_loss: 1.0218, train_acc: 0.4877, dev_loss: 1.0920, dev_acc: 0.4195, time: 1.0
2025-08-08 04:16:05,352 - root - Epoch 24: train_loss: 1.0216, train_acc: 0.4877, dev_loss: 1.0920, dev_acc: 0.4195, time: 1.0
2025-08-08 04:16:06,343 - root - Epoch 25: train_loss: 1.0223, train_acc: 0.4877, dev_loss: 1.0920, dev_acc: 0.4195, time: 1.0
2025-08-08 04:16:07,339 - root - Epoch 26: train_loss: 1.0195, train_acc: 0.4877, dev_loss: 1.0920, dev_acc: 0.4195, time: 1.0
2025-08-08 04:16:08,348 - root - Epoch 27: train_loss: 1.0209, train_acc: 0.4877, dev_loss: 1.0920, dev_acc: 0.4195, time: 1.0
2025-08-08 04:16:09,366 - root - Epoch 28: train_loss: 1.0217, train_acc: 0.4877, dev_loss: 1.0920, dev_acc: 0.4195, time: 1.0
2025-08-08 04:16:10,382 - root - Epoch 29: train_loss: 1.0221, train_acc: 0.4877, dev_loss: 1.0920, dev_acc: 0.4195, time: 1.0
2025-08-08 04:16:11,380 - root - Epoch 30: train_loss: 1.0211, train_acc: 0.4877, dev_loss: 1.0920, dev_acc: 0.4195, time: 1.0
2025-08-08 04:16:12,395 - root - Epoch 31: train_loss: 1.0212, train_acc: 0.4877, dev_loss: 1.0920, dev_acc: 0.4195, time: 1.0
2025-08-08 04:16:13,402 - root - Epoch 32: train_loss: 1.0218, train_acc: 0.4877, dev_loss: 1.0920, dev_acc: 0.4195, time: 1.0
2025-08-08 04:16:14,402 - root - Epoch 33: train_loss: 1.0216, train_acc: 0.4877, dev_loss: 1.0920, dev_acc: 0.4195, time: 1.0
2025-08-08 04:16:15,402 - root - Epoch 34: train_loss: 1.0221, train_acc: 0.4877, dev_loss: 1.0920, dev_acc: 0.4195, time: 1.0
2025-08-08 04:16:16,416 - root - Epoch 35: train_loss: 1.0216, train_acc: 0.4877, dev_loss: 1.0920, dev_acc: 0.4195, time: 1.0
2025-08-08 04:16:17,390 - root - Epoch 36: train_loss: 1.0218, train_acc: 0.4877, dev_loss: 1.0920, dev_acc: 0.4195, time: 1.0
2025-08-08 04:16:18,395 - root - Epoch 37: train_loss: 1.0215, train_acc: 0.4877, dev_loss: 1.0920, dev_acc: 0.4195, time: 1.0
2025-08-08 04:16:19,387 - root - Epoch 38: train_loss: 1.0219, train_acc: 0.4877, dev_loss: 1.0920, dev_acc: 0.4195, time: 1.0
2025-08-08 04:16:20,361 - root - Epoch 39: train_loss: 1.0225, train_acc: 0.4877, dev_loss: 1.0920, dev_acc: 0.4195, time: 1.0
2025-08-08 04:16:21,361 - root - Epoch 40: train_loss: 1.0216, train_acc: 0.4877, dev_loss: 1.0920, dev_acc: 0.4195, time: 1.0
2025-08-08 04:16:22,376 - root - Epoch 41: train_loss: 1.0208, train_acc: 0.4877, dev_loss: 1.0920, dev_acc: 0.4195, time: 1.0
2025-08-08 04:16:23,378 - root - Epoch 42: train_loss: 1.0214, train_acc: 0.4877, dev_loss: 1.0920, dev_acc: 0.4195, time: 1.0
2025-08-08 04:16:24,386 - root - Epoch 43: train_loss: 1.0219, train_acc: 0.4877, dev_loss: 1.0920, dev_acc: 0.4195, time: 1.0
2025-08-08 04:16:25,391 - root - Epoch 44: train_loss: 1.0226, train_acc: 0.4877, dev_loss: 1.0920, dev_acc: 0.4195, time: 1.0
2025-08-08 04:16:26,379 - root - Epoch 45: train_loss: 1.0221, train_acc: 0.4877, dev_loss: 1.0920, dev_acc: 0.4195, time: 1.0
2025-08-08 04:16:27,401 - root - Epoch 46: train_loss: 1.0225, train_acc: 0.4877, dev_loss: 1.0920, dev_acc: 0.4195, time: 1.0
2025-08-08 04:16:28,420 - root - Epoch 47: train_loss: 1.0219, train_acc: 0.4877, dev_loss: 1.0920, dev_acc: 0.4195, time: 1.0
2025-08-08 04:16:29,425 - root - Epoch 48: train_loss: 1.0225, train_acc: 0.4877, dev_loss: 1.0920, dev_acc: 0.4195, time: 1.0
2025-08-08 04:16:30,446 - root - Epoch 49: train_loss: 1.0224, train_acc: 0.4877, dev_loss: 1.0920, dev_acc: 0.4195, time: 1.0
2025-08-08 04:16:31,467 - root - Epoch 50: train_loss: 1.0223, train_acc: 0.4877, dev_loss: 1.0920, dev_acc: 0.4195, time: 1.0
2025-08-08 04:16:32,479 - root - Epoch 51: train_loss: 1.0252, train_acc: 0.4877, dev_loss: 1.0920, dev_acc: 0.4195, time: 1.0
2025-08-08 04:16:32,479 - root - Early Stopped. best_epoch: 1. best_dev_acc: 0.41954022988505746

2025-08-08 04:16:32,735 - root - test_loss: 0.9996530413627625, test_acc: 0.5576036866359447, f1_weighted: 0.538317935601467
2025-08-08 04:16:32,813 - root - Training on cuda
2025-08-08 04:16:33,818 - root - Epoch 1: train_loss: 1.0247, train_acc: 0.4986, dev_loss: 1.0553, dev_acc: 0.4655, time: 1.0
2025-08-08 04:16:34,829 - root - Epoch 2: train_loss: 1.0251, train_acc: 0.4986, dev_loss: 1.0553, dev_acc: 0.4655, time: 1.0
2025-08-08 04:16:35,845 - root - Epoch 3: train_loss: 1.0239, train_acc: 0.4986, dev_loss: 1.0553, dev_acc: 0.4655, time: 1.0
2025-08-08 04:16:36,849 - root - Epoch 4: train_loss: 1.0233, train_acc: 0.4986, dev_loss: 1.0553, dev_acc: 0.4655, time: 1.0
2025-08-08 04:16:37,854 - root - Epoch 5: train_loss: 1.0214, train_acc: 0.4986, dev_loss: 1.0553, dev_acc: 0.4655, time: 1.0
2025-08-08 04:16:38,857 - root - Epoch 6: train_loss: 1.0254, train_acc: 0.4986, dev_loss: 1.0553, dev_acc: 0.4655, time: 1.0
2025-08-08 04:16:39,866 - root - Epoch 7: train_loss: 1.0249, train_acc: 0.4986, dev_loss: 1.0553, dev_acc: 0.4655, time: 1.0
2025-08-08 04:16:40,878 - root - Epoch 8: train_loss: 1.0242, train_acc: 0.4986, dev_loss: 1.0553, dev_acc: 0.4655, time: 1.0
2025-08-08 04:16:41,877 - root - Epoch 9: train_loss: 1.0245, train_acc: 0.4986, dev_loss: 1.0553, dev_acc: 0.4655, time: 1.0
2025-08-08 04:16:42,886 - root - Epoch 10: train_loss: 1.0223, train_acc: 0.4986, dev_loss: 1.0553, dev_acc: 0.4655, time: 1.0
2025-08-08 04:16:43,870 - root - Epoch 11: train_loss: 1.0240, train_acc: 0.4986, dev_loss: 1.0553, dev_acc: 0.4655, time: 1.0
2025-08-08 04:16:44,876 - root - Epoch 12: train_loss: 1.0252, train_acc: 0.4986, dev_loss: 1.0553, dev_acc: 0.4655, time: 1.0
2025-08-08 04:16:45,880 - root - Epoch 13: train_loss: 1.0230, train_acc: 0.4986, dev_loss: 1.0553, dev_acc: 0.4655, time: 1.0
2025-08-08 04:16:46,895 - root - Epoch 14: train_loss: 1.0242, train_acc: 0.4986, dev_loss: 1.0553, dev_acc: 0.4655, time: 1.0
2025-08-08 04:16:47,901 - root - Epoch 15: train_loss: 1.0237, train_acc: 0.4986, dev_loss: 1.0553, dev_acc: 0.4655, time: 1.0
2025-08-08 04:16:48,898 - root - Epoch 16: train_loss: 1.0221, train_acc: 0.4986, dev_loss: 1.0553, dev_acc: 0.4655, time: 1.0
2025-08-08 04:16:49,897 - root - Epoch 17: train_loss: 1.0237, train_acc: 0.4986, dev_loss: 1.0553, dev_acc: 0.4655, time: 1.0
2025-08-08 04:16:50,889 - root - Epoch 18: train_loss: 1.0239, train_acc: 0.4986, dev_loss: 1.0553, dev_acc: 0.4655, time: 1.0
2025-08-08 04:16:51,886 - root - Epoch 19: train_loss: 1.0237, train_acc: 0.4986, dev_loss: 1.0553, dev_acc: 0.4655, time: 1.0
2025-08-08 04:16:52,889 - root - Epoch 20: train_loss: 1.0221, train_acc: 0.4986, dev_loss: 1.0553, dev_acc: 0.4655, time: 1.0
2025-08-08 04:16:53,881 - root - Epoch 21: train_loss: 1.0227, train_acc: 0.4986, dev_loss: 1.0553, dev_acc: 0.4655, time: 1.0
2025-08-08 04:16:54,885 - root - Epoch 22: train_loss: 1.0241, train_acc: 0.4986, dev_loss: 1.0553, dev_acc: 0.4655, time: 1.0
2025-08-08 04:16:55,882 - root - Epoch 23: train_loss: 1.0252, train_acc: 0.4986, dev_loss: 1.0553, dev_acc: 0.4655, time: 1.0
2025-08-08 04:16:56,894 - root - Epoch 24: train_loss: 1.0230, train_acc: 0.4986, dev_loss: 1.0553, dev_acc: 0.4655, time: 1.0
2025-08-08 04:16:57,898 - root - Epoch 25: train_loss: 1.0247, train_acc: 0.4986, dev_loss: 1.0553, dev_acc: 0.4655, time: 1.0
2025-08-08 04:16:58,900 - root - Epoch 26: train_loss: 1.0268, train_acc: 0.4986, dev_loss: 1.0553, dev_acc: 0.4655, time: 1.0
2025-08-08 04:16:59,889 - root - Epoch 27: train_loss: 1.0229, train_acc: 0.4986, dev_loss: 1.0553, dev_acc: 0.4655, time: 1.0
2025-08-08 04:17:00,891 - root - Epoch 28: train_loss: 1.0252, train_acc: 0.4986, dev_loss: 1.0553, dev_acc: 0.4655, time: 1.0
2025-08-08 04:17:01,883 - root - Epoch 29: train_loss: 1.0228, train_acc: 0.4986, dev_loss: 1.0553, dev_acc: 0.4655, time: 1.0
2025-08-08 04:17:02,866 - root - Epoch 30: train_loss: 1.0247, train_acc: 0.4986, dev_loss: 1.0553, dev_acc: 0.4655, time: 1.0
2025-08-08 04:17:03,865 - root - Epoch 31: train_loss: 1.0262, train_acc: 0.4986, dev_loss: 1.0553, dev_acc: 0.4655, time: 1.0
2025-08-08 04:17:04,849 - root - Epoch 32: train_loss: 1.0240, train_acc: 0.4986, dev_loss: 1.0553, dev_acc: 0.4655, time: 1.0
2025-08-08 04:17:05,859 - root - Epoch 33: train_loss: 1.0239, train_acc: 0.4986, dev_loss: 1.0553, dev_acc: 0.4655, time: 1.0
2025-08-08 04:17:06,864 - root - Epoch 34: train_loss: 1.0250, train_acc: 0.4986, dev_loss: 1.0553, dev_acc: 0.4655, time: 1.0
2025-08-08 04:17:07,845 - root - Epoch 35: train_loss: 1.0250, train_acc: 0.4986, dev_loss: 1.0553, dev_acc: 0.4655, time: 1.0
2025-08-08 04:17:08,838 - root - Epoch 36: train_loss: 1.0251, train_acc: 0.4986, dev_loss: 1.0553, dev_acc: 0.4655, time: 1.0
2025-08-08 04:17:09,830 - root - Epoch 37: train_loss: 1.0229, train_acc: 0.4986, dev_loss: 1.0553, dev_acc: 0.4655, time: 1.0
2025-08-08 04:17:10,824 - root - Epoch 38: train_loss: 1.0240, train_acc: 0.4986, dev_loss: 1.0553, dev_acc: 0.4655, time: 1.0
2025-08-08 04:17:11,813 - root - Epoch 39: train_loss: 1.0224, train_acc: 0.4986, dev_loss: 1.0553, dev_acc: 0.4655, time: 1.0
2025-08-08 04:17:12,813 - root - Epoch 40: train_loss: 1.0235, train_acc: 0.4986, dev_loss: 1.0553, dev_acc: 0.4655, time: 1.0
2025-08-08 04:17:13,817 - root - Epoch 41: train_loss: 1.0243, train_acc: 0.4986, dev_loss: 1.0553, dev_acc: 0.4655, time: 1.0
2025-08-08 04:17:14,825 - root - Epoch 42: train_loss: 1.0226, train_acc: 0.4986, dev_loss: 1.0553, dev_acc: 0.4655, time: 1.0
2025-08-08 04:17:15,807 - root - Epoch 43: train_loss: 1.0231, train_acc: 0.4986, dev_loss: 1.0553, dev_acc: 0.4655, time: 1.0
2025-08-08 04:17:16,777 - root - Epoch 44: train_loss: 1.0238, train_acc: 0.4986, dev_loss: 1.0553, dev_acc: 0.4655, time: 1.0
2025-08-08 04:17:17,786 - root - Epoch 45: train_loss: 1.0228, train_acc: 0.4986, dev_loss: 1.0553, dev_acc: 0.4655, time: 1.0
2025-08-08 04:17:18,795 - root - Epoch 46: train_loss: 1.0230, train_acc: 0.4986, dev_loss: 1.0553, dev_acc: 0.4655, time: 1.0
2025-08-08 04:17:19,784 - root - Epoch 47: train_loss: 1.0243, train_acc: 0.4986, dev_loss: 1.0553, dev_acc: 0.4655, time: 1.0
2025-08-08 04:17:20,785 - root - Epoch 48: train_loss: 1.0262, train_acc: 0.4986, dev_loss: 1.0553, dev_acc: 0.4655, time: 1.0
2025-08-08 04:17:21,788 - root - Epoch 49: train_loss: 1.0242, train_acc: 0.4986, dev_loss: 1.0553, dev_acc: 0.4655, time: 1.0
2025-08-08 04:17:22,787 - root - Epoch 50: train_loss: 1.0250, train_acc: 0.4986, dev_loss: 1.0553, dev_acc: 0.4655, time: 1.0
2025-08-08 04:17:23,793 - root - Epoch 51: train_loss: 1.0230, train_acc: 0.4986, dev_loss: 1.0553, dev_acc: 0.4655, time: 1.0
2025-08-08 04:17:23,793 - root - Early Stopped. best_epoch: 1. best_dev_acc: 0.46551724137931033

2025-08-08 04:17:24,044 - root - test_loss: 1.0256774425506592, test_acc: 0.4861111111111111, f1_weighted: 0.4677186923879745
2025-08-08 06:33:33,945 - root - 

2025-08-08 06:33:33,945 - root - ==================== Start Training ====================
2025-08-08 06:33:33,945 - root - seed: 2023
2025-08-08 06:33:33,946 - root - model: Model(
  (fc): Sequential(
    (0): Linear(in_features=768, out_features=256, bias=True)
    (1): ReLU()
    (2): Linear(in_features=256, out_features=128, bias=True)
    (3): ReLU()
    (4): Linear(in_features=128, out_features=3, bias=True)
  )
)
2025-08-08 06:33:33,946 - root - batch_size: 32
2025-08-08 06:33:33,946 - root - n_epochs: 1000
2025-08-08 06:33:33,946 - root - lr: 0.001
2025-08-08 06:33:33,946 - root - early_stop: 50
2025-08-08 06:33:33,946 - root - loss_fn: CrossEntropyLoss()
2025-08-08 06:33:33,946 - root - optimizer: Adam (
Parameter Group 0
    amsgrad: False
    betas: (0.9, 0.999)
    capturable: False
    decoupled_weight_decay: False
    differentiable: False
    eps: 1e-08
    foreach: None
    fused: None
    lr: 0.001
    maximize: False
    weight_decay: 0
)
2025-08-08 06:33:33,946 - root - scheduler: <torch.optim.lr_scheduler.ReduceLROnPlateau object at 0x78f45ee93b20>
2025-08-08 06:33:34,239 - root - Training on cuda
2025-08-08 06:33:35,768 - root - Epoch 1: train_loss: 1.0895, train_acc: 0.4026, dev_loss: 1.0879, dev_acc: 0.4138, time: 1.5
2025-08-08 06:33:36,741 - root - Epoch 2: train_loss: 1.0911, train_acc: 0.3882, dev_loss: 1.0867, dev_acc: 0.4138, time: 1.0
2025-08-08 06:33:37,688 - root - Epoch 3: train_loss: 1.0850, train_acc: 0.4141, dev_loss: 1.0857, dev_acc: 0.4138, time: 0.9
2025-08-08 06:33:38,627 - root - Epoch 4: train_loss: 1.0830, train_acc: 0.4141, dev_loss: 1.0864, dev_acc: 0.4138, time: 0.9
2025-08-08 06:33:39,596 - root - Epoch 5: train_loss: 1.0838, train_acc: 0.4141, dev_loss: 1.1027, dev_acc: 0.4138, time: 1.0
2025-08-08 06:33:40,520 - root - Epoch 6: train_loss: 1.0830, train_acc: 0.4141, dev_loss: 1.0868, dev_acc: 0.4138, time: 0.9
2025-08-08 06:33:41,440 - root - Epoch 7: train_loss: 1.0785, train_acc: 0.4141, dev_loss: 1.0939, dev_acc: 0.4138, time: 0.9
2025-08-08 06:33:42,366 - root - Epoch 8: train_loss: 1.0854, train_acc: 0.4141, dev_loss: 1.0887, dev_acc: 0.4138, time: 0.9
2025-08-08 06:33:43,298 - root - Epoch 9: train_loss: 1.0815, train_acc: 0.4141, dev_loss: 1.0874, dev_acc: 0.4138, time: 0.9
2025-08-08 06:33:44,230 - root - Epoch 10: train_loss: 1.0804, train_acc: 0.4141, dev_loss: 1.0926, dev_acc: 0.4138, time: 0.9
2025-08-08 06:33:45,157 - root - Epoch 11: train_loss: 1.0746, train_acc: 0.4141, dev_loss: 1.0842, dev_acc: 0.4138, time: 0.9
2025-08-08 06:33:46,085 - root - Epoch 12: train_loss: 1.0738, train_acc: 0.4141, dev_loss: 1.0848, dev_acc: 0.4138, time: 0.9
2025-08-08 06:33:47,030 - root - Epoch 13: train_loss: 1.0740, train_acc: 0.4141, dev_loss: 1.0843, dev_acc: 0.4195, time: 0.9
2025-08-08 06:33:47,967 - root - Epoch 14: train_loss: 1.0801, train_acc: 0.4141, dev_loss: 1.0850, dev_acc: 0.4195, time: 0.9
2025-08-08 06:33:48,898 - root - Epoch 15: train_loss: 1.0785, train_acc: 0.4214, dev_loss: 1.0835, dev_acc: 0.4138, time: 0.9
2025-08-08 06:33:49,835 - root - Epoch 16: train_loss: 1.0773, train_acc: 0.4170, dev_loss: 1.1024, dev_acc: 0.4138, time: 0.9
2025-08-08 06:33:50,774 - root - Epoch 17: train_loss: 1.0809, train_acc: 0.4286, dev_loss: 1.0984, dev_acc: 0.4138, time: 0.9
2025-08-08 06:33:51,702 - root - Epoch 18: train_loss: 1.0722, train_acc: 0.4185, dev_loss: 1.0865, dev_acc: 0.4598, time: 0.9
2025-08-08 06:33:52,636 - root - Epoch 19: train_loss: 1.0755, train_acc: 0.4141, dev_loss: 1.0854, dev_acc: 0.4138, time: 0.9
2025-08-08 06:33:53,566 - root - Epoch 20: train_loss: 1.0722, train_acc: 0.4040, dev_loss: 1.0872, dev_acc: 0.4138, time: 0.9
2025-08-08 06:33:54,503 - root - Epoch 21: train_loss: 1.0719, train_acc: 0.4358, dev_loss: 1.1087, dev_acc: 0.4138, time: 0.9
2025-08-08 06:33:55,437 - root - Epoch 22: train_loss: 1.0699, train_acc: 0.4141, dev_loss: 1.0794, dev_acc: 0.4368, time: 0.9
2025-08-08 06:33:56,381 - root - Epoch 23: train_loss: 1.0705, train_acc: 0.4286, dev_loss: 1.0799, dev_acc: 0.4483, time: 0.9
2025-08-08 06:33:57,310 - root - Epoch 24: train_loss: 1.0727, train_acc: 0.4242, dev_loss: 1.0789, dev_acc: 0.4310, time: 0.9
2025-08-08 06:33:58,245 - root - Epoch 25: train_loss: 1.0640, train_acc: 0.4228, dev_loss: 1.0890, dev_acc: 0.3966, time: 0.9
2025-08-08 06:33:59,172 - root - Epoch 26: train_loss: 1.0735, train_acc: 0.4387, dev_loss: 1.0799, dev_acc: 0.4138, time: 0.9
2025-08-08 06:34:00,103 - root - Epoch 27: train_loss: 1.0757, train_acc: 0.4300, dev_loss: 1.0867, dev_acc: 0.4138, time: 0.9
2025-08-08 06:34:01,028 - root - Epoch 28: train_loss: 1.0680, train_acc: 0.4214, dev_loss: 1.0818, dev_acc: 0.4023, time: 0.9
2025-08-08 06:34:01,955 - root - Epoch 29: train_loss: 1.0630, train_acc: 0.4401, dev_loss: 1.0837, dev_acc: 0.4425, time: 0.9
2025-08-08 06:34:02,873 - root - Epoch 30: train_loss: 1.0612, train_acc: 0.4416, dev_loss: 1.0874, dev_acc: 0.4310, time: 0.9
2025-08-08 06:34:03,801 - root - Epoch 31: train_loss: 1.0631, train_acc: 0.4286, dev_loss: 1.0778, dev_acc: 0.4483, time: 0.9
2025-08-08 06:34:04,721 - root - Epoch 32: train_loss: 1.0585, train_acc: 0.4257, dev_loss: 1.0853, dev_acc: 0.4253, time: 0.9
2025-08-08 06:34:05,650 - root - Epoch 33: train_loss: 1.0702, train_acc: 0.4228, dev_loss: 1.0785, dev_acc: 0.4253, time: 0.9
2025-08-08 06:34:06,572 - root - Epoch 34: train_loss: 1.0601, train_acc: 0.4372, dev_loss: 1.0792, dev_acc: 0.4483, time: 0.9
2025-08-08 06:34:07,498 - root - Epoch 35: train_loss: 1.0612, train_acc: 0.4214, dev_loss: 1.0805, dev_acc: 0.4023, time: 0.9
2025-08-08 06:34:08,419 - root - Epoch 36: train_loss: 1.0622, train_acc: 0.4358, dev_loss: 1.0812, dev_acc: 0.4310, time: 0.9
2025-08-08 06:34:09,347 - root - Epoch 37: train_loss: 1.0550, train_acc: 0.4358, dev_loss: 1.0778, dev_acc: 0.4253, time: 0.9
2025-08-08 06:34:10,280 - root - Epoch 38: train_loss: 1.0723, train_acc: 0.4141, dev_loss: 1.0776, dev_acc: 0.4253, time: 0.9
2025-08-08 06:34:11,203 - root - Epoch 39: train_loss: 1.0565, train_acc: 0.4444, dev_loss: 1.0753, dev_acc: 0.4425, time: 0.9
2025-08-08 06:34:12,139 - root - Epoch 40: train_loss: 1.0572, train_acc: 0.4214, dev_loss: 1.0754, dev_acc: 0.4253, time: 0.9
2025-08-08 06:34:13,065 - root - Epoch 41: train_loss: 1.0539, train_acc: 0.4343, dev_loss: 1.0804, dev_acc: 0.4310, time: 0.9
2025-08-08 06:34:13,988 - root - Epoch 42: train_loss: 1.0641, train_acc: 0.4242, dev_loss: 1.0781, dev_acc: 0.4310, time: 0.9
2025-08-08 06:34:14,912 - root - Epoch 43: train_loss: 1.0634, train_acc: 0.4372, dev_loss: 1.0819, dev_acc: 0.4310, time: 0.9
2025-08-08 06:34:15,837 - root - Epoch 44: train_loss: 1.0879, train_acc: 0.3838, dev_loss: 1.1309, dev_acc: 0.4138, time: 0.9
2025-08-08 06:34:16,761 - root - Epoch 45: train_loss: 1.0822, train_acc: 0.4199, dev_loss: 1.0800, dev_acc: 0.4253, time: 0.9
2025-08-08 06:34:17,682 - root - Epoch 46: train_loss: 1.0654, train_acc: 0.4199, dev_loss: 1.0790, dev_acc: 0.4080, time: 0.9
2025-08-08 06:34:18,623 - root - Epoch 47: train_loss: 1.0720, train_acc: 0.4156, dev_loss: 1.0918, dev_acc: 0.4368, time: 0.9
2025-08-08 06:34:19,581 - root - Epoch 48: train_loss: 1.0677, train_acc: 0.4502, dev_loss: 1.0904, dev_acc: 0.4138, time: 1.0
2025-08-08 06:34:20,539 - root - Epoch 49: train_loss: 1.0620, train_acc: 0.4185, dev_loss: 1.0799, dev_acc: 0.3966, time: 1.0
2025-08-08 06:34:21,477 - root - Epoch 50: train_loss: 1.0567, train_acc: 0.4444, dev_loss: 1.0850, dev_acc: 0.4253, time: 0.9
2025-08-08 06:34:22,409 - root - Epoch 51: train_loss: 1.0579, train_acc: 0.4329, dev_loss: 1.0787, dev_acc: 0.4195, time: 0.9
2025-08-08 06:34:23,336 - root - Epoch 52: train_loss: 1.0562, train_acc: 0.4329, dev_loss: 1.0803, dev_acc: 0.4310, time: 0.9
2025-08-08 06:34:24,255 - root - Epoch 53: train_loss: 1.0565, train_acc: 0.4473, dev_loss: 1.0878, dev_acc: 0.4023, time: 0.9
2025-08-08 06:34:25,174 - root - Epoch 54: train_loss: 1.0576, train_acc: 0.4488, dev_loss: 1.0793, dev_acc: 0.4195, time: 0.9
2025-08-08 06:34:26,094 - root - Epoch 55: train_loss: 1.0547, train_acc: 0.4372, dev_loss: 1.0827, dev_acc: 0.4310, time: 0.9
2025-08-08 06:34:27,017 - root - Epoch 56: train_loss: 1.0540, train_acc: 0.4401, dev_loss: 1.0792, dev_acc: 0.4195, time: 0.9
2025-08-08 06:34:27,936 - root - Epoch 57: train_loss: 1.0520, train_acc: 0.4343, dev_loss: 1.0860, dev_acc: 0.4138, time: 0.9
2025-08-08 06:34:28,858 - root - Epoch 58: train_loss: 1.0521, train_acc: 0.4430, dev_loss: 1.0825, dev_acc: 0.4310, time: 0.9
2025-08-08 06:34:29,778 - root - Epoch 59: train_loss: 1.0534, train_acc: 0.4488, dev_loss: 1.0808, dev_acc: 0.4253, time: 0.9
2025-08-08 06:34:30,700 - root - Epoch 60: train_loss: 1.0529, train_acc: 0.4517, dev_loss: 1.0845, dev_acc: 0.4368, time: 0.9
2025-08-08 06:34:31,623 - root - Epoch 61: train_loss: 1.0522, train_acc: 0.4416, dev_loss: 1.0857, dev_acc: 0.4310, time: 0.9
2025-08-08 06:34:32,545 - root - Epoch 62: train_loss: 1.0513, train_acc: 0.4444, dev_loss: 1.0808, dev_acc: 0.4138, time: 0.9
2025-08-08 06:34:33,463 - root - Epoch 63: train_loss: 1.0515, train_acc: 0.4502, dev_loss: 1.0832, dev_acc: 0.4425, time: 0.9
2025-08-08 06:34:34,391 - root - Epoch 64: train_loss: 1.0527, train_acc: 0.4459, dev_loss: 1.0812, dev_acc: 0.4080, time: 0.9
2025-08-08 06:34:35,338 - root - Epoch 65: train_loss: 1.0501, train_acc: 0.4401, dev_loss: 1.0862, dev_acc: 0.4310, time: 0.9
2025-08-08 06:34:36,276 - root - Epoch 66: train_loss: 1.0524, train_acc: 0.4430, dev_loss: 1.0838, dev_acc: 0.4310, time: 0.9
2025-08-08 06:34:37,211 - root - Epoch 67: train_loss: 1.0510, train_acc: 0.4502, dev_loss: 1.0822, dev_acc: 0.4253, time: 0.9
2025-08-08 06:34:38,137 - root - Epoch 68: train_loss: 1.0529, train_acc: 0.4387, dev_loss: 1.0809, dev_acc: 0.4138, time: 0.9
2025-08-08 06:34:38,138 - root - Early Stopped. best_epoch: 18. best_dev_acc: 0.45977011494252873

2025-08-08 06:34:38,384 - root - test_loss: 1.0830878019332886, test_acc: 0.42857142857142855, f1_weighted: 0.3352060365892423
2025-08-08 06:34:38,469 - root - Training on cuda
2025-08-08 06:34:39,393 - root - Epoch 1: train_loss: 1.0766, train_acc: 0.4242, dev_loss: 1.0817, dev_acc: 0.4138, time: 0.9
2025-08-08 06:34:40,323 - root - Epoch 2: train_loss: 1.0690, train_acc: 0.4127, dev_loss: 1.0833, dev_acc: 0.4138, time: 0.9
2025-08-08 06:34:41,243 - root - Epoch 3: train_loss: 1.0683, train_acc: 0.4127, dev_loss: 1.0814, dev_acc: 0.4138, time: 0.9
2025-08-08 06:34:42,167 - root - Epoch 4: train_loss: 1.0672, train_acc: 0.4127, dev_loss: 1.0818, dev_acc: 0.4138, time: 0.9
2025-08-08 06:34:43,093 - root - Epoch 5: train_loss: 1.0671, train_acc: 0.4141, dev_loss: 1.0811, dev_acc: 0.4138, time: 0.9
2025-08-08 06:34:44,017 - root - Epoch 6: train_loss: 1.0671, train_acc: 0.4141, dev_loss: 1.0816, dev_acc: 0.4138, time: 0.9
2025-08-08 06:34:44,960 - root - Epoch 7: train_loss: 1.0652, train_acc: 0.4141, dev_loss: 1.0806, dev_acc: 0.4080, time: 0.9
2025-08-08 06:34:45,886 - root - Epoch 8: train_loss: 1.0655, train_acc: 0.4242, dev_loss: 1.0822, dev_acc: 0.4138, time: 0.9
2025-08-08 06:34:46,810 - root - Epoch 9: train_loss: 1.0649, train_acc: 0.4199, dev_loss: 1.0811, dev_acc: 0.4080, time: 0.9
2025-08-08 06:34:47,741 - root - Epoch 10: train_loss: 1.0641, train_acc: 0.4214, dev_loss: 1.0813, dev_acc: 0.4080, time: 0.9
2025-08-08 06:34:48,688 - root - Epoch 11: train_loss: 1.0631, train_acc: 0.4257, dev_loss: 1.0812, dev_acc: 0.4023, time: 0.9
2025-08-08 06:34:49,616 - root - Epoch 12: train_loss: 1.0626, train_acc: 0.4242, dev_loss: 1.0810, dev_acc: 0.4023, time: 0.9
2025-08-08 06:34:50,562 - root - Epoch 13: train_loss: 1.0644, train_acc: 0.4228, dev_loss: 1.0820, dev_acc: 0.4023, time: 0.9
2025-08-08 06:34:51,486 - root - Epoch 14: train_loss: 1.0644, train_acc: 0.4286, dev_loss: 1.0811, dev_acc: 0.4080, time: 0.9
2025-08-08 06:34:52,417 - root - Epoch 15: train_loss: 1.0624, train_acc: 0.4315, dev_loss: 1.0809, dev_acc: 0.4253, time: 0.9
2025-08-08 06:34:53,343 - root - Epoch 16: train_loss: 1.0624, train_acc: 0.4315, dev_loss: 1.0812, dev_acc: 0.4080, time: 0.9
2025-08-08 06:34:54,264 - root - Epoch 17: train_loss: 1.0619, train_acc: 0.4315, dev_loss: 1.0815, dev_acc: 0.4080, time: 0.9
2025-08-08 06:34:55,192 - root - Epoch 18: train_loss: 1.0612, train_acc: 0.4329, dev_loss: 1.0813, dev_acc: 0.4195, time: 0.9
2025-08-08 06:34:56,121 - root - Epoch 19: train_loss: 1.0625, train_acc: 0.4329, dev_loss: 1.0813, dev_acc: 0.4253, time: 0.9
2025-08-08 06:34:57,050 - root - Epoch 20: train_loss: 1.0619, train_acc: 0.4315, dev_loss: 1.0817, dev_acc: 0.4138, time: 0.9
2025-08-08 06:34:57,983 - root - Epoch 21: train_loss: 1.0623, train_acc: 0.4358, dev_loss: 1.0814, dev_acc: 0.4253, time: 0.9
2025-08-08 06:34:58,930 - root - Epoch 22: train_loss: 1.0620, train_acc: 0.4343, dev_loss: 1.0815, dev_acc: 0.4253, time: 0.9
2025-08-08 06:34:59,877 - root - Epoch 23: train_loss: 1.0617, train_acc: 0.4343, dev_loss: 1.0816, dev_acc: 0.4253, time: 0.9
2025-08-08 06:35:00,801 - root - Epoch 24: train_loss: 1.0617, train_acc: 0.4329, dev_loss: 1.0815, dev_acc: 0.4253, time: 0.9
2025-08-08 06:35:01,746 - root - Epoch 25: train_loss: 1.0616, train_acc: 0.4329, dev_loss: 1.0816, dev_acc: 0.4253, time: 0.9
2025-08-08 06:35:02,670 - root - Epoch 26: train_loss: 1.0620, train_acc: 0.4329, dev_loss: 1.0814, dev_acc: 0.4195, time: 0.9
2025-08-08 06:35:03,613 - root - Epoch 27: train_loss: 1.0614, train_acc: 0.4329, dev_loss: 1.0815, dev_acc: 0.4253, time: 0.9
2025-08-08 06:35:04,546 - root - Epoch 28: train_loss: 1.0622, train_acc: 0.4329, dev_loss: 1.0816, dev_acc: 0.4253, time: 0.9
2025-08-08 06:35:05,469 - root - Epoch 29: train_loss: 1.0623, train_acc: 0.4329, dev_loss: 1.0815, dev_acc: 0.4253, time: 0.9
2025-08-08 06:35:06,393 - root - Epoch 30: train_loss: 1.0618, train_acc: 0.4329, dev_loss: 1.0816, dev_acc: 0.4253, time: 0.9
2025-08-08 06:35:07,326 - root - Epoch 31: train_loss: 1.0609, train_acc: 0.4329, dev_loss: 1.0816, dev_acc: 0.4195, time: 0.9
2025-08-08 06:35:08,255 - root - Epoch 32: train_loss: 1.0621, train_acc: 0.4329, dev_loss: 1.0816, dev_acc: 0.4253, time: 0.9
2025-08-08 06:35:09,199 - root - Epoch 33: train_loss: 1.0615, train_acc: 0.4343, dev_loss: 1.0815, dev_acc: 0.4253, time: 0.9
2025-08-08 06:35:10,121 - root - Epoch 34: train_loss: 1.0619, train_acc: 0.4329, dev_loss: 1.0815, dev_acc: 0.4253, time: 0.9
2025-08-08 06:35:11,059 - root - Epoch 35: train_loss: 1.0626, train_acc: 0.4329, dev_loss: 1.0815, dev_acc: 0.4253, time: 0.9
2025-08-08 06:35:11,998 - root - Epoch 36: train_loss: 1.0607, train_acc: 0.4329, dev_loss: 1.0815, dev_acc: 0.4253, time: 0.9
2025-08-08 06:35:12,929 - root - Epoch 37: train_loss: 1.0619, train_acc: 0.4329, dev_loss: 1.0815, dev_acc: 0.4253, time: 0.9
2025-08-08 06:35:13,862 - root - Epoch 38: train_loss: 1.0612, train_acc: 0.4329, dev_loss: 1.0815, dev_acc: 0.4253, time: 0.9
2025-08-08 06:35:14,791 - root - Epoch 39: train_loss: 1.0620, train_acc: 0.4329, dev_loss: 1.0815, dev_acc: 0.4253, time: 0.9
2025-08-08 06:35:15,723 - root - Epoch 40: train_loss: 1.0609, train_acc: 0.4329, dev_loss: 1.0815, dev_acc: 0.4253, time: 0.9
2025-08-08 06:35:16,649 - root - Epoch 41: train_loss: 1.0601, train_acc: 0.4329, dev_loss: 1.0815, dev_acc: 0.4253, time: 0.9
2025-08-08 06:35:17,580 - root - Epoch 42: train_loss: 1.0611, train_acc: 0.4329, dev_loss: 1.0815, dev_acc: 0.4253, time: 0.9
2025-08-08 06:35:18,545 - root - Epoch 43: train_loss: 1.0598, train_acc: 0.4329, dev_loss: 1.0815, dev_acc: 0.4253, time: 1.0
2025-08-08 06:35:19,509 - root - Epoch 44: train_loss: 1.0615, train_acc: 0.4329, dev_loss: 1.0815, dev_acc: 0.4253, time: 1.0
2025-08-08 06:35:20,441 - root - Epoch 45: train_loss: 1.0615, train_acc: 0.4329, dev_loss: 1.0815, dev_acc: 0.4253, time: 0.9
2025-08-08 06:35:21,379 - root - Epoch 46: train_loss: 1.0604, train_acc: 0.4329, dev_loss: 1.0815, dev_acc: 0.4253, time: 0.9
2025-08-08 06:35:22,323 - root - Epoch 47: train_loss: 1.0618, train_acc: 0.4329, dev_loss: 1.0815, dev_acc: 0.4253, time: 0.9
2025-08-08 06:35:23,252 - root - Epoch 48: train_loss: 1.0606, train_acc: 0.4329, dev_loss: 1.0815, dev_acc: 0.4253, time: 0.9
2025-08-08 06:35:24,182 - root - Epoch 49: train_loss: 1.0631, train_acc: 0.4329, dev_loss: 1.0816, dev_acc: 0.4253, time: 0.9
2025-08-08 06:35:25,114 - root - Epoch 50: train_loss: 1.0598, train_acc: 0.4329, dev_loss: 1.0815, dev_acc: 0.4253, time: 0.9
2025-08-08 06:35:26,050 - root - Epoch 51: train_loss: 1.0615, train_acc: 0.4329, dev_loss: 1.0816, dev_acc: 0.4253, time: 0.9
2025-08-08 06:35:26,977 - root - Epoch 52: train_loss: 1.0615, train_acc: 0.4329, dev_loss: 1.0816, dev_acc: 0.4253, time: 0.9
2025-08-08 06:35:27,915 - root - Epoch 53: train_loss: 1.0618, train_acc: 0.4329, dev_loss: 1.0816, dev_acc: 0.4253, time: 0.9
2025-08-08 06:35:28,856 - root - Epoch 54: train_loss: 1.0615, train_acc: 0.4329, dev_loss: 1.0816, dev_acc: 0.4253, time: 0.9
2025-08-08 06:35:29,790 - root - Epoch 55: train_loss: 1.0609, train_acc: 0.4329, dev_loss: 1.0816, dev_acc: 0.4253, time: 0.9
2025-08-08 06:35:30,731 - root - Epoch 56: train_loss: 1.0615, train_acc: 0.4329, dev_loss: 1.0816, dev_acc: 0.4253, time: 0.9
2025-08-08 06:35:31,664 - root - Epoch 57: train_loss: 1.0614, train_acc: 0.4329, dev_loss: 1.0816, dev_acc: 0.4253, time: 0.9
2025-08-08 06:35:32,608 - root - Epoch 58: train_loss: 1.0614, train_acc: 0.4329, dev_loss: 1.0816, dev_acc: 0.4253, time: 0.9
2025-08-08 06:35:33,530 - root - Epoch 59: train_loss: 1.0599, train_acc: 0.4329, dev_loss: 1.0816, dev_acc: 0.4253, time: 0.9
2025-08-08 06:35:34,457 - root - Epoch 60: train_loss: 1.0627, train_acc: 0.4329, dev_loss: 1.0816, dev_acc: 0.4253, time: 0.9
2025-08-08 06:35:35,401 - root - Epoch 61: train_loss: 1.0602, train_acc: 0.4329, dev_loss: 1.0816, dev_acc: 0.4253, time: 0.9
2025-08-08 06:35:36,342 - root - Epoch 62: train_loss: 1.0621, train_acc: 0.4329, dev_loss: 1.0816, dev_acc: 0.4253, time: 0.9
2025-08-08 06:35:37,274 - root - Epoch 63: train_loss: 1.0602, train_acc: 0.4329, dev_loss: 1.0816, dev_acc: 0.4253, time: 0.9
2025-08-08 06:35:38,218 - root - Epoch 64: train_loss: 1.0632, train_acc: 0.4329, dev_loss: 1.0816, dev_acc: 0.4253, time: 0.9
2025-08-08 06:35:39,152 - root - Epoch 65: train_loss: 1.0607, train_acc: 0.4329, dev_loss: 1.0816, dev_acc: 0.4253, time: 0.9
2025-08-08 06:35:39,152 - root - Early Stopped. best_epoch: 15. best_dev_acc: 0.42528735632183906

2025-08-08 06:35:39,403 - root - test_loss: 1.0635228157043457, test_acc: 0.4055299539170507, f1_weighted: 0.28265069598966336
2025-08-08 06:35:39,481 - root - Training on cuda
2025-08-08 06:35:40,400 - root - Epoch 1: train_loss: 1.0647, train_acc: 0.4228, dev_loss: 1.0829, dev_acc: 0.4080, time: 0.9
2025-08-08 06:35:41,332 - root - Epoch 2: train_loss: 1.0637, train_acc: 0.4228, dev_loss: 1.0829, dev_acc: 0.4080, time: 0.9
2025-08-08 06:35:42,261 - root - Epoch 3: train_loss: 1.0651, train_acc: 0.4228, dev_loss: 1.0829, dev_acc: 0.4138, time: 0.9
2025-08-08 06:35:43,187 - root - Epoch 4: train_loss: 1.0640, train_acc: 0.4228, dev_loss: 1.0829, dev_acc: 0.4080, time: 0.9
2025-08-08 06:35:44,122 - root - Epoch 5: train_loss: 1.0650, train_acc: 0.4228, dev_loss: 1.0829, dev_acc: 0.4080, time: 0.9
2025-08-08 06:35:45,053 - root - Epoch 6: train_loss: 1.0646, train_acc: 0.4228, dev_loss: 1.0829, dev_acc: 0.4138, time: 0.9
2025-08-08 06:35:45,997 - root - Epoch 7: train_loss: 1.0642, train_acc: 0.4228, dev_loss: 1.0829, dev_acc: 0.4138, time: 0.9
2025-08-08 06:35:46,936 - root - Epoch 8: train_loss: 1.0652, train_acc: 0.4228, dev_loss: 1.0829, dev_acc: 0.4138, time: 0.9
2025-08-08 06:35:47,866 - root - Epoch 9: train_loss: 1.0656, train_acc: 0.4228, dev_loss: 1.0829, dev_acc: 0.4138, time: 0.9
2025-08-08 06:35:48,793 - root - Epoch 10: train_loss: 1.0646, train_acc: 0.4228, dev_loss: 1.0829, dev_acc: 0.4138, time: 0.9
2025-08-08 06:35:49,726 - root - Epoch 11: train_loss: 1.0650, train_acc: 0.4228, dev_loss: 1.0829, dev_acc: 0.4138, time: 0.9
2025-08-08 06:35:50,659 - root - Epoch 12: train_loss: 1.0652, train_acc: 0.4228, dev_loss: 1.0829, dev_acc: 0.4138, time: 0.9
2025-08-08 06:35:51,591 - root - Epoch 13: train_loss: 1.0653, train_acc: 0.4228, dev_loss: 1.0829, dev_acc: 0.4138, time: 0.9
2025-08-08 06:35:52,525 - root - Epoch 14: train_loss: 1.0634, train_acc: 0.4228, dev_loss: 1.0829, dev_acc: 0.4138, time: 0.9
2025-08-08 06:35:53,453 - root - Epoch 15: train_loss: 1.0638, train_acc: 0.4228, dev_loss: 1.0829, dev_acc: 0.4138, time: 0.9
2025-08-08 06:35:54,379 - root - Epoch 16: train_loss: 1.0651, train_acc: 0.4228, dev_loss: 1.0829, dev_acc: 0.4138, time: 0.9
2025-08-08 06:35:55,311 - root - Epoch 17: train_loss: 1.0647, train_acc: 0.4228, dev_loss: 1.0829, dev_acc: 0.4138, time: 0.9
2025-08-08 06:35:56,242 - root - Epoch 18: train_loss: 1.0658, train_acc: 0.4228, dev_loss: 1.0829, dev_acc: 0.4138, time: 0.9
2025-08-08 06:35:57,172 - root - Epoch 19: train_loss: 1.0651, train_acc: 0.4228, dev_loss: 1.0829, dev_acc: 0.4138, time: 0.9
2025-08-08 06:35:58,099 - root - Epoch 20: train_loss: 1.0651, train_acc: 0.4228, dev_loss: 1.0829, dev_acc: 0.4138, time: 0.9
2025-08-08 06:35:59,041 - root - Epoch 21: train_loss: 1.0640, train_acc: 0.4228, dev_loss: 1.0829, dev_acc: 0.4138, time: 0.9
2025-08-08 06:35:59,986 - root - Epoch 22: train_loss: 1.0667, train_acc: 0.4228, dev_loss: 1.0829, dev_acc: 0.4138, time: 0.9
2025-08-08 06:36:00,920 - root - Epoch 23: train_loss: 1.0639, train_acc: 0.4228, dev_loss: 1.0829, dev_acc: 0.4138, time: 0.9
2025-08-08 06:36:01,857 - root - Epoch 24: train_loss: 1.0647, train_acc: 0.4228, dev_loss: 1.0829, dev_acc: 0.4138, time: 0.9
2025-08-08 06:36:02,794 - root - Epoch 25: train_loss: 1.0651, train_acc: 0.4228, dev_loss: 1.0829, dev_acc: 0.4138, time: 0.9
2025-08-08 06:36:03,725 - root - Epoch 26: train_loss: 1.0635, train_acc: 0.4228, dev_loss: 1.0829, dev_acc: 0.4138, time: 0.9
2025-08-08 06:36:04,655 - root - Epoch 27: train_loss: 1.0635, train_acc: 0.4228, dev_loss: 1.0829, dev_acc: 0.4138, time: 0.9
2025-08-08 06:36:05,595 - root - Epoch 28: train_loss: 1.0651, train_acc: 0.4228, dev_loss: 1.0829, dev_acc: 0.4138, time: 0.9
2025-08-08 06:36:06,524 - root - Epoch 29: train_loss: 1.0653, train_acc: 0.4228, dev_loss: 1.0829, dev_acc: 0.4138, time: 0.9
2025-08-08 06:36:07,445 - root - Epoch 30: train_loss: 1.0641, train_acc: 0.4228, dev_loss: 1.0829, dev_acc: 0.4138, time: 0.9
2025-08-08 06:36:08,378 - root - Epoch 31: train_loss: 1.0646, train_acc: 0.4228, dev_loss: 1.0829, dev_acc: 0.4138, time: 0.9
2025-08-08 06:36:09,313 - root - Epoch 32: train_loss: 1.0648, train_acc: 0.4228, dev_loss: 1.0829, dev_acc: 0.4138, time: 0.9
2025-08-08 06:36:10,240 - root - Epoch 33: train_loss: 1.0665, train_acc: 0.4228, dev_loss: 1.0829, dev_acc: 0.4138, time: 0.9
2025-08-08 06:36:11,163 - root - Epoch 34: train_loss: 1.0637, train_acc: 0.4228, dev_loss: 1.0829, dev_acc: 0.4138, time: 0.9
2025-08-08 06:36:12,085 - root - Epoch 35: train_loss: 1.0654, train_acc: 0.4228, dev_loss: 1.0829, dev_acc: 0.4138, time: 0.9
2025-08-08 06:36:13,026 - root - Epoch 36: train_loss: 1.0638, train_acc: 0.4228, dev_loss: 1.0829, dev_acc: 0.4138, time: 0.9
2025-08-08 06:36:13,957 - root - Epoch 37: train_loss: 1.0644, train_acc: 0.4228, dev_loss: 1.0829, dev_acc: 0.4138, time: 0.9
2025-08-08 06:36:14,887 - root - Epoch 38: train_loss: 1.0653, train_acc: 0.4228, dev_loss: 1.0829, dev_acc: 0.4138, time: 0.9
2025-08-08 06:36:15,813 - root - Epoch 39: train_loss: 1.0643, train_acc: 0.4228, dev_loss: 1.0829, dev_acc: 0.4138, time: 0.9
2025-08-08 06:36:16,748 - root - Epoch 40: train_loss: 1.0644, train_acc: 0.4228, dev_loss: 1.0829, dev_acc: 0.4138, time: 0.9
2025-08-08 06:36:17,679 - root - Epoch 41: train_loss: 1.0628, train_acc: 0.4228, dev_loss: 1.0829, dev_acc: 0.4138, time: 0.9
2025-08-08 06:36:18,614 - root - Epoch 42: train_loss: 1.0642, train_acc: 0.4228, dev_loss: 1.0829, dev_acc: 0.4138, time: 0.9
2025-08-08 06:36:19,542 - root - Epoch 43: train_loss: 1.0653, train_acc: 0.4228, dev_loss: 1.0829, dev_acc: 0.4138, time: 0.9
2025-08-08 06:36:20,475 - root - Epoch 44: train_loss: 1.0648, train_acc: 0.4228, dev_loss: 1.0829, dev_acc: 0.4138, time: 0.9
2025-08-08 06:36:21,400 - root - Epoch 45: train_loss: 1.0649, train_acc: 0.4228, dev_loss: 1.0829, dev_acc: 0.4138, time: 0.9
2025-08-08 06:36:22,332 - root - Epoch 46: train_loss: 1.0660, train_acc: 0.4228, dev_loss: 1.0829, dev_acc: 0.4138, time: 0.9
2025-08-08 06:36:23,266 - root - Epoch 47: train_loss: 1.0647, train_acc: 0.4228, dev_loss: 1.0829, dev_acc: 0.4138, time: 0.9
2025-08-08 06:36:24,203 - root - Epoch 48: train_loss: 1.0648, train_acc: 0.4228, dev_loss: 1.0829, dev_acc: 0.4138, time: 0.9
2025-08-08 06:36:25,146 - root - Epoch 49: train_loss: 1.0639, train_acc: 0.4228, dev_loss: 1.0829, dev_acc: 0.4138, time: 0.9
2025-08-08 06:36:26,089 - root - Epoch 50: train_loss: 1.0658, train_acc: 0.4228, dev_loss: 1.0829, dev_acc: 0.4138, time: 0.9
2025-08-08 06:36:27,036 - root - Epoch 51: train_loss: 1.0646, train_acc: 0.4228, dev_loss: 1.0829, dev_acc: 0.4138, time: 0.9
2025-08-08 06:36:27,980 - root - Epoch 52: train_loss: 1.0650, train_acc: 0.4228, dev_loss: 1.0829, dev_acc: 0.4138, time: 0.9
2025-08-08 06:36:28,906 - root - Epoch 53: train_loss: 1.0648, train_acc: 0.4228, dev_loss: 1.0829, dev_acc: 0.4138, time: 0.9
2025-08-08 06:36:28,906 - root - Early Stopped. best_epoch: 3. best_dev_acc: 0.41379310344827586

2025-08-08 06:36:29,155 - root - test_loss: 1.05659818649292, test_acc: 0.4470046082949309, f1_weighted: 0.33439371632092385
2025-08-08 06:36:29,236 - root - Training on cuda
2025-08-08 06:36:30,175 - root - Epoch 1: train_loss: 1.0627, train_acc: 0.4271, dev_loss: 1.0738, dev_acc: 0.4195, time: 0.9
2025-08-08 06:36:31,117 - root - Epoch 2: train_loss: 1.0624, train_acc: 0.4271, dev_loss: 1.0738, dev_acc: 0.4138, time: 0.9
2025-08-08 06:36:32,059 - root - Epoch 3: train_loss: 1.0635, train_acc: 0.4271, dev_loss: 1.0738, dev_acc: 0.4138, time: 0.9
2025-08-08 06:36:33,004 - root - Epoch 4: train_loss: 1.0626, train_acc: 0.4271, dev_loss: 1.0738, dev_acc: 0.4138, time: 0.9
2025-08-08 06:36:33,980 - root - Epoch 5: train_loss: 1.0624, train_acc: 0.4271, dev_loss: 1.0738, dev_acc: 0.4195, time: 1.0
2025-08-08 06:36:34,918 - root - Epoch 6: train_loss: 1.0618, train_acc: 0.4271, dev_loss: 1.0738, dev_acc: 0.4138, time: 0.9
2025-08-08 06:36:35,856 - root - Epoch 7: train_loss: 1.0622, train_acc: 0.4271, dev_loss: 1.0738, dev_acc: 0.4195, time: 0.9
2025-08-08 06:36:36,788 - root - Epoch 8: train_loss: 1.0630, train_acc: 0.4271, dev_loss: 1.0738, dev_acc: 0.4195, time: 0.9
2025-08-08 06:36:37,736 - root - Epoch 9: train_loss: 1.0648, train_acc: 0.4271, dev_loss: 1.0738, dev_acc: 0.4195, time: 0.9
2025-08-08 06:36:38,670 - root - Epoch 10: train_loss: 1.0631, train_acc: 0.4271, dev_loss: 1.0738, dev_acc: 0.4138, time: 0.9
2025-08-08 06:36:39,607 - root - Epoch 11: train_loss: 1.0629, train_acc: 0.4271, dev_loss: 1.0738, dev_acc: 0.4138, time: 0.9
2025-08-08 06:36:40,529 - root - Epoch 12: train_loss: 1.0632, train_acc: 0.4271, dev_loss: 1.0738, dev_acc: 0.4138, time: 0.9
2025-08-08 06:36:41,448 - root - Epoch 13: train_loss: 1.0641, train_acc: 0.4271, dev_loss: 1.0738, dev_acc: 0.4138, time: 0.9
2025-08-08 06:36:42,371 - root - Epoch 14: train_loss: 1.0645, train_acc: 0.4271, dev_loss: 1.0738, dev_acc: 0.4138, time: 0.9
2025-08-08 06:36:43,298 - root - Epoch 15: train_loss: 1.0626, train_acc: 0.4271, dev_loss: 1.0738, dev_acc: 0.4138, time: 0.9
2025-08-08 06:36:44,245 - root - Epoch 16: train_loss: 1.0627, train_acc: 0.4271, dev_loss: 1.0738, dev_acc: 0.4138, time: 0.9
2025-08-08 06:36:45,186 - root - Epoch 17: train_loss: 1.0627, train_acc: 0.4271, dev_loss: 1.0738, dev_acc: 0.4138, time: 0.9
2025-08-08 06:36:46,120 - root - Epoch 18: train_loss: 1.0644, train_acc: 0.4271, dev_loss: 1.0738, dev_acc: 0.4138, time: 0.9
2025-08-08 06:36:47,056 - root - Epoch 19: train_loss: 1.0617, train_acc: 0.4271, dev_loss: 1.0738, dev_acc: 0.4138, time: 0.9
2025-08-08 06:36:47,999 - root - Epoch 20: train_loss: 1.0623, train_acc: 0.4271, dev_loss: 1.0738, dev_acc: 0.4138, time: 0.9
2025-08-08 06:36:48,950 - root - Epoch 21: train_loss: 1.0622, train_acc: 0.4271, dev_loss: 1.0738, dev_acc: 0.4138, time: 1.0
2025-08-08 06:36:49,884 - root - Epoch 22: train_loss: 1.0634, train_acc: 0.4271, dev_loss: 1.0738, dev_acc: 0.4138, time: 0.9
2025-08-08 06:36:50,822 - root - Epoch 23: train_loss: 1.0624, train_acc: 0.4271, dev_loss: 1.0738, dev_acc: 0.4138, time: 0.9
2025-08-08 06:36:51,759 - root - Epoch 24: train_loss: 1.0614, train_acc: 0.4271, dev_loss: 1.0738, dev_acc: 0.4138, time: 0.9
2025-08-08 06:36:52,700 - root - Epoch 25: train_loss: 1.0626, train_acc: 0.4271, dev_loss: 1.0738, dev_acc: 0.4138, time: 0.9
2025-08-08 06:36:53,639 - root - Epoch 26: train_loss: 1.0628, train_acc: 0.4271, dev_loss: 1.0738, dev_acc: 0.4138, time: 0.9
2025-08-08 06:36:54,586 - root - Epoch 27: train_loss: 1.0617, train_acc: 0.4271, dev_loss: 1.0738, dev_acc: 0.4138, time: 0.9
2025-08-08 06:36:55,530 - root - Epoch 28: train_loss: 1.0628, train_acc: 0.4271, dev_loss: 1.0738, dev_acc: 0.4138, time: 0.9
2025-08-08 06:36:56,452 - root - Epoch 29: train_loss: 1.0631, train_acc: 0.4271, dev_loss: 1.0738, dev_acc: 0.4138, time: 0.9
2025-08-08 06:36:57,418 - root - Epoch 30: train_loss: 1.0634, train_acc: 0.4271, dev_loss: 1.0738, dev_acc: 0.4138, time: 1.0
2025-08-08 06:36:58,357 - root - Epoch 31: train_loss: 1.0622, train_acc: 0.4271, dev_loss: 1.0738, dev_acc: 0.4138, time: 0.9
2025-08-08 06:36:59,295 - root - Epoch 32: train_loss: 1.0614, train_acc: 0.4271, dev_loss: 1.0738, dev_acc: 0.4138, time: 0.9
2025-08-08 06:37:00,227 - root - Epoch 33: train_loss: 1.0624, train_acc: 0.4271, dev_loss: 1.0738, dev_acc: 0.4138, time: 0.9
2025-08-08 06:37:01,170 - root - Epoch 34: train_loss: 1.0628, train_acc: 0.4271, dev_loss: 1.0738, dev_acc: 0.4138, time: 0.9
2025-08-08 06:37:02,108 - root - Epoch 35: train_loss: 1.0622, train_acc: 0.4271, dev_loss: 1.0738, dev_acc: 0.4138, time: 0.9
2025-08-08 06:37:03,044 - root - Epoch 36: train_loss: 1.0629, train_acc: 0.4271, dev_loss: 1.0738, dev_acc: 0.4138, time: 0.9
2025-08-08 06:37:03,978 - root - Epoch 37: train_loss: 1.0621, train_acc: 0.4271, dev_loss: 1.0738, dev_acc: 0.4138, time: 0.9
2025-08-08 06:37:04,909 - root - Epoch 38: train_loss: 1.0623, train_acc: 0.4271, dev_loss: 1.0738, dev_acc: 0.4138, time: 0.9
2025-08-08 06:37:05,839 - root - Epoch 39: train_loss: 1.0622, train_acc: 0.4271, dev_loss: 1.0738, dev_acc: 0.4138, time: 0.9
2025-08-08 06:37:06,783 - root - Epoch 40: train_loss: 1.0624, train_acc: 0.4271, dev_loss: 1.0738, dev_acc: 0.4138, time: 0.9
2025-08-08 06:37:07,714 - root - Epoch 41: train_loss: 1.0623, train_acc: 0.4271, dev_loss: 1.0738, dev_acc: 0.4138, time: 0.9
2025-08-08 06:37:08,644 - root - Epoch 42: train_loss: 1.0614, train_acc: 0.4271, dev_loss: 1.0738, dev_acc: 0.4138, time: 0.9
2025-08-08 06:37:09,575 - root - Epoch 43: train_loss: 1.0624, train_acc: 0.4271, dev_loss: 1.0738, dev_acc: 0.4138, time: 0.9
2025-08-08 06:37:10,506 - root - Epoch 44: train_loss: 1.0626, train_acc: 0.4271, dev_loss: 1.0738, dev_acc: 0.4138, time: 0.9
2025-08-08 06:37:11,435 - root - Epoch 45: train_loss: 1.0635, train_acc: 0.4271, dev_loss: 1.0738, dev_acc: 0.4138, time: 0.9
2025-08-08 06:37:12,381 - root - Epoch 46: train_loss: 1.0637, train_acc: 0.4271, dev_loss: 1.0738, dev_acc: 0.4138, time: 0.9
2025-08-08 06:37:13,309 - root - Epoch 47: train_loss: 1.0634, train_acc: 0.4271, dev_loss: 1.0738, dev_acc: 0.4138, time: 0.9
2025-08-08 06:37:14,234 - root - Epoch 48: train_loss: 1.0630, train_acc: 0.4271, dev_loss: 1.0738, dev_acc: 0.4138, time: 0.9
2025-08-08 06:37:15,167 - root - Epoch 49: train_loss: 1.0628, train_acc: 0.4271, dev_loss: 1.0738, dev_acc: 0.4138, time: 0.9
2025-08-08 06:37:16,087 - root - Epoch 50: train_loss: 1.0634, train_acc: 0.4271, dev_loss: 1.0738, dev_acc: 0.4138, time: 0.9
2025-08-08 06:37:17,011 - root - Epoch 51: train_loss: 1.0622, train_acc: 0.4271, dev_loss: 1.0738, dev_acc: 0.4138, time: 0.9
2025-08-08 06:37:17,011 - root - Early Stopped. best_epoch: 1. best_dev_acc: 0.41954022988505746

2025-08-08 06:37:17,258 - root - test_loss: 1.06954824924469, test_acc: 0.42857142857142855, f1_weighted: 0.3231590874874209
2025-08-08 06:37:17,336 - root - Training on cuda
2025-08-08 06:37:18,297 - root - Epoch 1: train_loss: 1.0639, train_acc: 0.4323, dev_loss: 1.0626, dev_acc: 0.4195, time: 1.0
2025-08-08 06:37:19,241 - root - Epoch 2: train_loss: 1.0652, train_acc: 0.4323, dev_loss: 1.0626, dev_acc: 0.4195, time: 0.9
2025-08-08 06:37:20,171 - root - Epoch 3: train_loss: 1.0645, train_acc: 0.4323, dev_loss: 1.0626, dev_acc: 0.4195, time: 0.9
2025-08-08 06:37:21,122 - root - Epoch 4: train_loss: 1.0641, train_acc: 0.4323, dev_loss: 1.0626, dev_acc: 0.4195, time: 1.0
2025-08-08 06:37:22,093 - root - Epoch 5: train_loss: 1.0639, train_acc: 0.4323, dev_loss: 1.0626, dev_acc: 0.4195, time: 1.0
2025-08-08 06:37:23,051 - root - Epoch 6: train_loss: 1.0624, train_acc: 0.4323, dev_loss: 1.0626, dev_acc: 0.4195, time: 1.0
2025-08-08 06:37:24,001 - root - Epoch 7: train_loss: 1.0649, train_acc: 0.4323, dev_loss: 1.0626, dev_acc: 0.4195, time: 0.9
2025-08-08 06:37:24,958 - root - Epoch 8: train_loss: 1.0643, train_acc: 0.4323, dev_loss: 1.0626, dev_acc: 0.4195, time: 1.0
2025-08-08 06:37:25,913 - root - Epoch 9: train_loss: 1.0646, train_acc: 0.4323, dev_loss: 1.0626, dev_acc: 0.4195, time: 1.0
2025-08-08 06:37:26,848 - root - Epoch 10: train_loss: 1.0646, train_acc: 0.4323, dev_loss: 1.0626, dev_acc: 0.4195, time: 0.9
2025-08-08 06:37:27,795 - root - Epoch 11: train_loss: 1.0630, train_acc: 0.4323, dev_loss: 1.0626, dev_acc: 0.4195, time: 0.9
2025-08-08 06:37:28,740 - root - Epoch 12: train_loss: 1.0639, train_acc: 0.4323, dev_loss: 1.0626, dev_acc: 0.4195, time: 0.9
2025-08-08 06:37:29,705 - root - Epoch 13: train_loss: 1.0639, train_acc: 0.4323, dev_loss: 1.0626, dev_acc: 0.4195, time: 1.0
2025-08-08 06:37:30,658 - root - Epoch 14: train_loss: 1.0633, train_acc: 0.4323, dev_loss: 1.0626, dev_acc: 0.4195, time: 1.0
2025-08-08 06:37:31,634 - root - Epoch 15: train_loss: 1.0644, train_acc: 0.4323, dev_loss: 1.0626, dev_acc: 0.4195, time: 1.0
2025-08-08 06:37:32,616 - root - Epoch 16: train_loss: 1.0641, train_acc: 0.4323, dev_loss: 1.0626, dev_acc: 0.4195, time: 1.0
2025-08-08 06:37:33,608 - root - Epoch 17: train_loss: 1.0627, train_acc: 0.4323, dev_loss: 1.0626, dev_acc: 0.4195, time: 1.0
2025-08-08 06:37:34,601 - root - Epoch 18: train_loss: 1.0642, train_acc: 0.4323, dev_loss: 1.0626, dev_acc: 0.4195, time: 1.0
2025-08-08 06:37:35,551 - root - Epoch 19: train_loss: 1.0647, train_acc: 0.4323, dev_loss: 1.0626, dev_acc: 0.4195, time: 0.9
2025-08-08 06:37:36,488 - root - Epoch 20: train_loss: 1.0643, train_acc: 0.4323, dev_loss: 1.0626, dev_acc: 0.4195, time: 0.9
2025-08-08 06:37:37,439 - root - Epoch 21: train_loss: 1.0636, train_acc: 0.4323, dev_loss: 1.0626, dev_acc: 0.4195, time: 1.0
2025-08-08 06:37:38,423 - root - Epoch 22: train_loss: 1.0640, train_acc: 0.4323, dev_loss: 1.0626, dev_acc: 0.4195, time: 1.0
2025-08-08 06:37:39,387 - root - Epoch 23: train_loss: 1.0637, train_acc: 0.4323, dev_loss: 1.0626, dev_acc: 0.4195, time: 1.0
2025-08-08 06:37:40,354 - root - Epoch 24: train_loss: 1.0647, train_acc: 0.4323, dev_loss: 1.0626, dev_acc: 0.4195, time: 1.0
2025-08-08 06:37:41,320 - root - Epoch 25: train_loss: 1.0636, train_acc: 0.4323, dev_loss: 1.0626, dev_acc: 0.4195, time: 1.0
2025-08-08 06:37:42,266 - root - Epoch 26: train_loss: 1.0641, train_acc: 0.4323, dev_loss: 1.0626, dev_acc: 0.4195, time: 0.9
2025-08-08 06:37:43,216 - root - Epoch 27: train_loss: 1.0643, train_acc: 0.4323, dev_loss: 1.0626, dev_acc: 0.4195, time: 0.9
2025-08-08 06:37:44,157 - root - Epoch 28: train_loss: 1.0638, train_acc: 0.4323, dev_loss: 1.0626, dev_acc: 0.4195, time: 0.9
2025-08-08 06:37:45,139 - root - Epoch 29: train_loss: 1.0639, train_acc: 0.4323, dev_loss: 1.0626, dev_acc: 0.4195, time: 1.0
2025-08-08 06:37:46,083 - root - Epoch 30: train_loss: 1.0640, train_acc: 0.4323, dev_loss: 1.0626, dev_acc: 0.4195, time: 0.9
2025-08-08 06:37:47,023 - root - Epoch 31: train_loss: 1.0654, train_acc: 0.4323, dev_loss: 1.0626, dev_acc: 0.4195, time: 0.9
2025-08-08 06:37:47,983 - root - Epoch 32: train_loss: 1.0654, train_acc: 0.4323, dev_loss: 1.0626, dev_acc: 0.4195, time: 1.0
2025-08-08 06:37:48,923 - root - Epoch 33: train_loss: 1.0636, train_acc: 0.4323, dev_loss: 1.0626, dev_acc: 0.4195, time: 0.9
2025-08-08 06:37:49,876 - root - Epoch 34: train_loss: 1.0641, train_acc: 0.4323, dev_loss: 1.0626, dev_acc: 0.4195, time: 1.0
2025-08-08 06:37:50,831 - root - Epoch 35: train_loss: 1.0642, train_acc: 0.4323, dev_loss: 1.0626, dev_acc: 0.4195, time: 1.0
2025-08-08 06:37:51,792 - root - Epoch 36: train_loss: 1.0645, train_acc: 0.4323, dev_loss: 1.0626, dev_acc: 0.4195, time: 1.0
2025-08-08 06:37:52,757 - root - Epoch 37: train_loss: 1.0649, train_acc: 0.4323, dev_loss: 1.0626, dev_acc: 0.4195, time: 1.0
2025-08-08 06:37:53,718 - root - Epoch 38: train_loss: 1.0636, train_acc: 0.4323, dev_loss: 1.0626, dev_acc: 0.4195, time: 1.0
2025-08-08 06:37:54,662 - root - Epoch 39: train_loss: 1.0650, train_acc: 0.4323, dev_loss: 1.0626, dev_acc: 0.4195, time: 0.9
2025-08-08 06:37:55,605 - root - Epoch 40: train_loss: 1.0636, train_acc: 0.4323, dev_loss: 1.0626, dev_acc: 0.4195, time: 0.9
2025-08-08 06:37:56,524 - root - Epoch 41: train_loss: 1.0632, train_acc: 0.4323, dev_loss: 1.0626, dev_acc: 0.4195, time: 0.9
2025-08-08 06:37:57,456 - root - Epoch 42: train_loss: 1.0648, train_acc: 0.4323, dev_loss: 1.0626, dev_acc: 0.4195, time: 0.9
2025-08-08 06:37:58,398 - root - Epoch 43: train_loss: 1.0628, train_acc: 0.4323, dev_loss: 1.0626, dev_acc: 0.4195, time: 0.9
2025-08-08 06:37:59,323 - root - Epoch 44: train_loss: 1.0634, train_acc: 0.4323, dev_loss: 1.0626, dev_acc: 0.4195, time: 0.9
2025-08-08 06:38:00,275 - root - Epoch 45: train_loss: 1.0647, train_acc: 0.4323, dev_loss: 1.0626, dev_acc: 0.4195, time: 1.0
2025-08-08 06:38:01,215 - root - Epoch 46: train_loss: 1.0640, train_acc: 0.4323, dev_loss: 1.0626, dev_acc: 0.4195, time: 0.9
2025-08-08 06:38:02,178 - root - Epoch 47: train_loss: 1.0635, train_acc: 0.4323, dev_loss: 1.0626, dev_acc: 0.4195, time: 1.0
2025-08-08 06:38:03,123 - root - Epoch 48: train_loss: 1.0645, train_acc: 0.4323, dev_loss: 1.0626, dev_acc: 0.4195, time: 0.9
2025-08-08 06:38:04,087 - root - Epoch 49: train_loss: 1.0641, train_acc: 0.4323, dev_loss: 1.0626, dev_acc: 0.4195, time: 1.0
2025-08-08 06:38:05,020 - root - Epoch 50: train_loss: 1.0635, train_acc: 0.4323, dev_loss: 1.0626, dev_acc: 0.4195, time: 0.9
2025-08-08 06:38:05,967 - root - Epoch 51: train_loss: 1.0645, train_acc: 0.4323, dev_loss: 1.0626, dev_acc: 0.4195, time: 0.9
2025-08-08 06:38:05,967 - root - Early Stopped. best_epoch: 1. best_dev_acc: 0.41954022988505746

2025-08-08 06:38:06,211 - root - test_loss: 1.0730937719345093, test_acc: 0.41203703703703703, f1_weighted: 0.28823548726030995
